bank_name,atm_cd,atm_lat,atm_long,stname,dtname,atm_city,atm_pin_cd
Canara Bank,0878E003,17.37691,78.498143,TELANGANA,Hyderabad, , 
Canara Bank,8787305,17.39685,78.478586,TELANGANA,Hyderabad, , 
Punjab National Bank,H36R109301,17.388844,78.473866,TELANGANA,Hyderabad, , 
Canara Bank,0878W016,17.396879,78.484547,TELANGANA,Hyderabad, , 
Canara Bank,A3095001,17.426709,78.458246,TELANGANA,Hyderabad, , 
Canara Bank,B3039001,17.440943,78.441623,TELANGANA,Hyderabad, , 
State Bank Of India,T1NW020189002,15.879015,78.132723,TELANGANA,Jogulamba Gadwal,Alampur, 
Union Bank Of India,W2087001,15.8793,78.1324,TELANGANA,Jogulamba Gadwal,ALLAMPUR,509152
HDFC Bank Ltd,S1ANHE73,15.8794,78.1318,TELANGANA,Jogulamba Gadwal,Alampur,NULL
Canara Bank,41775829,15.8874,78.1217,TELANGANA,Jogulamba Gadwal,GADWAL,509125
Union Bank Of India,W0930001,15.8906,77.8187,TELANGANA,Jogulamba Gadwal,RAJOLI,509126
Union Bank Of India,Y0930101,15.890599,77.8187,TELANGANA,Jogulamba Gadwal,MAHABOOBNAGAR, 
ICICI Bank Ltd,SACWG741,15.891927,77.823408,TELANGANA,Jogulamba Gadwal,Rajoli, 
Canara Bank,13646820,15.928466,78.090023,TELANGANA,Jogulamba Gadwal, , 
State Bank Of India,S1BB003746003,15.936775,77.841738,TELANGANA,Jogulamba Gadwal,WADDEPALLE, 
State Bank Of India,T1NS020148173,15.939154,77.831975,TELANGANA,Jogulamba Gadwal,WADDEPALLI, 
State Bank Of India,S1BW006974001,15.94107,78.03849,TELANGANA,Jogulamba Gadwal,MAHBUBNAGAR,509153
Union Bank Of India,H2252101,15.9482,77.8525,TELANGANA,Jogulamba Gadwal,SHANTHINAGAR,509144
State Bank Of India,S1BW006111001,15.96463,77.93999,TELANGANA,Jogulamba Gadwal,MAHBUBNAGAR,509208
Union Bank Of India,W0891001,15.990059,77.552526,TELANGANA,Jogulamba Gadwal, , 
State Bank Of India,S1BW004693002,16.00886,77.66922,TELANGANA,Jogulamba Gadwal,MAHBUBNAGAR,509127
State Bank Of India,S5NL004693622,16.010651,77.653758,TELANGANA,Jogulamba Gadwal,IEEJ, 
Kotak Mahindra Bank Limited,LJBD2484,16.0141,77.66972,TELANGANA,Jogulamba Gadwal,Ieeja, 
State Bank Of India,S5NE004693621,16.019815,77.667931,TELANGANA,Jogulamba Gadwal,MAHBUBNAGAR,509127
Union Bank Of India,H0417101,16.0727,78.2577,TELANGANA,Nagarkurnool,MAHABUBNAGAR,509105
Central Bank Of India,D11D205811,16.08709,77.854512,TELANGANA,Jogulamba Gadwal, , 
Indian Overseas Bank,IOB6152,16.089604,78.224829,TELANGANA,Wanaparthy,VEEPANGANDLA,0
State Bank Of India,S1BG020195001,16.098834,78.302109,TELANGANA,Nagarkurnool,KOLLAPUR, 
State Bank Of India,S1BW006821001,16.10733,78.318,TELANGANA,Nagarkurnool,MAHBUBNAGAR,509102
State Bank Of India,S1BW020371001,16.107966,78.896893,TELANGANA,Nagarkurnool,DOMALAPENTA, 
State Bank Of India,S1BW006646001,16.1196,77.57096,TELANGANA,Jogulamba Gadwal,MAHBUBNAGAR,509173
Union Bank Of India,NHYD05301111111,16.12361,77.69604,TELANGANA,Jogulamba Gadwal,Mehbubnagar,509132
Union Bank Of India,H2015101,16.124,78.3269,TELANGANA,Nagarkurnool,KOLLAPUR,509102
Union Bank Of India,W2849001,16.124,78.3269,TELANGANA,Nagarkurnool,IEEJA,509127
State Bank Of India,T1NW020195003,16.12492,78.29084,TELANGANA,Nagarkurnool,KOLLAPUR, 
HDFC Bank Ltd,S1ACMN88,16.1491,77.9084,TELANGANA,Jogulamba Gadwal,Gadwal,NULL
Central Bank Of India,D11D208311,16.184056,78.340931,TELANGANA,Nagarkurnool, , 
State Bank Of India,S1BJ018585001,16.19106,78.1413,TELANGANA,Wanaparthy,MAHBUBNAGAR,509206
State Bank Of India,T1BS020094012,16.191149,78.160779,TELANGANA,Wanaparthy,Vicarabad, 
State Bank Of India,S1BW020187007,16.192057,78.051886,TELANGANA,Wanaparthy,WANAPARTHY, 
State Bank Of India,S5NE020983621,16.20285,77.995868,TELANGANA,Wanaparthy,PEBBAIR, 
State Bank Of India,S1BW020983002,16.202864,77.995858,TELANGANA,Wanaparthy,PEBBAIR, 
State Bank Of India,S1BG020983001,16.206526,77.994351,TELANGANA,Wanaparthy,PEBBAIR, 
State Bank Of India,S1BW021866001,16.21632,78.01811,TELANGANA,Wanaparthy,SRIRANGAPUR, 
State Bank Of India,T1NH020180007,16.226209,77.805326,TELANGANA,Jogulamba Gadwal,MELLACHERUVU, 
State Bank Of India,S1BW021577001,16.226271,77.805626,TELANGANA,Jogulamba Gadwal,MELLACHERUVU, 
State Bank Of India,S1BW005407002,16.23314,77.81754,TELANGANA,Jogulamba Gadwal,MAHBUBNAGAR,509125
Axis Bank Ltd,DPRH288501,16.233166,77.801876,TELANGANA,Jogulamba Gadwal,MAHBUBNAGAR, 
Canara Bank,A3422001,16.2337,77.8081,TELANGANA,Jogulamba Gadwal,GADWAL,509125
Axis Bank Ltd,BPCN100104,16.23467,77.80205,TELANGANA,Jogulamba Gadwal,0,0
State Bank Of India,S5NE020185621,16.234727,77.800332,TELANGANA,Jogulamba Gadwal,GADWAL, 
State Bank Of India,S5NL005407621,16.234729,77.800356,TELANGANA,Jogulamba Gadwal,GADWAL, 
HDFC Bank Ltd,S1ANAP86,16.235,77.801,TELANGANA,Jogulamba Gadwal,Gadwal,NULL
HDFC Bank Ltd,S1ACGD15,16.235,77.8012,TELANGANA,Jogulamba Gadwal,Gadwal,NULL
State Bank Of India,T1NW020185004,16.235092,77.803412,TELANGANA,Jogulamba Gadwal,RAJEEV MARG GADWAL, 
Axis Bank Ltd,BPCN288502,16.2364567,77.8052417,TELANGANA,Jogulamba Gadwal,0,509125
Union Bank Of India,CBTW171901,16.23676,77.80548,TELANGANA,Jogulamba Gadwal,MAHABUBNAGAR,509125
Union Bank Of India,W0156002,16.2368,77.7981,TELANGANA,Jogulamba Gadwal,GADWAL,509125
State Bank Of India,T1NS020185007,16.236868,77.810163,TELANGANA,Jogulamba Gadwal,Gadwal, 
State Bank Of India,S1BW020185002,16.237173,77.802755,TELANGANA,Jogulamba Gadwal,GADWAL, 
ICICI Bank Ltd,S1CWK631,16.237583,77.805938,TELANGANA,Jogulamba Gadwal, , 
ICICI Bank Ltd,S1CW4717,16.237584,77.805936,TELANGANA,Jogulamba Gadwal,Gadwal, 
Axis Bank Ltd,BPCN288504,16.237809,77.803909,TELANGANA,Jogulamba Gadwal,MAHBUBNAGAR, 
Axis Bank Ltd,BPCN288503,16.238767,77.7926,TELANGANA,Jogulamba Gadwal,0,509125
State Bank Of India,S5NL021521621,16.243762,77.850946,TELANGANA,Jogulamba Gadwal,KOTHAGUDEM, 
Union Bank Of India,H2607101,16.2561,77.8348,TELANGANA,Jogulamba Gadwal,GADWAL,509125
Union Bank Of India,W0777001,16.2644,78.0656,TELANGANA,Wanaparthy,CHINNA CHINTAKUNTA,509111
State Bank Of India,S1BW006522001,16.26949,78.51636,TELANGANA,Nagarkurnool,MAHBUBNAGAR,509401
State Bank Of India,T1NS020175064,16.269634,78.136397,TELANGANA,Wanaparthy,NALGONDA, 
State Bank Of India,T1NW020187020,16.283236,77.956059,TELANGANA,Wanaparthy,Pebbair, 
State Bank Of India,S5NE005875621,16.29118,78.18299,TELANGANA,Nagarkurnool,MAHBUBNAGAR,509209
Punjab National Bank,N1281500,16.29797,78.35918,TELANGANA,Nagarkurnool,MAHABOOBNAGAR,509412
State Bank Of India,T1NW020187017,16.312936,77.754116,TELANGANA,Jogulamba Gadwal,Mahbubnagar, 
State Bank Of India,S5NE003884621,16.31447,78.13124,TELANGANA,Wanaparthy,MAHBUBNAGAR,509203
Union Bank Of India,N2088001,16.3276,78.5615,TELANGANA,Nagarkurnool,BALMOOR,509401
Axis Bank Ltd,DECN355101,16.328514,77.947253,TELANGANA,Wanaparthy, , 
State Bank Of India,S5NE007081621,16.33638,77.804626,TELANGANA,Wanaparthy,ATMAKUR, 
State Bank Of India,S1BW007081002,16.336386,77.804571,TELANGANA,Wanaparthy,ATMAKUR, 
State Bank Of India,T1NW020184026,16.344143,78.043891,TELANGANA,Wanaparthy,WANAPARTHY, 
State Bank Of India,S5NC020187621,16.348847,78.055879,TELANGANA,Wanaparthy,WANAPARTHY, 
State Bank Of India,T1NS020187014,16.350526,78.055769,TELANGANA,Wanaparthy,WANAPARTHY, 
HDFC Bank Ltd,P3DCWN03,16.3535,78.0586,TELANGANA,Wanaparthy,Wanaparthy,NULL
Indian Overseas Bank,IOB4429,16.354563,78.057926,TELANGANA,Wanaparthy,KOTHALABAD,509371
Indian Overseas Bank,IOB7115,16.354563,78.057926,TELANGANA,Wanaparthy,WANAPARTHY,0
HDFC Bank Ltd,S1ACAP58,16.3575,78.061,TELANGANA,Wanaparthy,Wanaparthy,NULL
HDFC Bank Ltd,S1ACAP57,16.3575,78.061,TELANGANA,Wanaparthy,Wanaparthy,NULL
State Bank Of India,S1BB018907001,16.358984,78.06615,TELANGANA,Wanaparthy, Wanaparthy,509103
Uco Bank,VA074501,16.360508,78.062516,TELANGANA,Wanaparthy, , 
Bank Of Baroda,1VD413201,16.360637,78.062379,TELANGANA,Wanaparthy,WANAPARTHY,509103
State Bank Of India,T1NS020187015,16.360911,78.065534,TELANGANA,Wanaparthy,Wanaparthy, 
State Bank Of India,S1BG020187002,16.361231,78.06211,TELANGANA,Wanaparthy, Wanaparthy, 
Union Bank Of India,H0632101,16.3618,78.0635,TELANGANA,Wanaparthy,WANAPARTHY,509103
Union Bank Of India,N0632002,16.3618,78.0635,TELANGANA,Wanaparthy,WANAPARTHY,509103
ICICI Bank Ltd,S1CNQ351,16.362131,78.062202,TELANGANA,Wanaparthy, , 
State Bank Of India,T1BY020187023,16.362299,78.062199,TELANGANA,Wanaparthy,Wanaparthy, 
Bank Of Baroda,1VW419101,16.362884,78.373888,TELANGANA,Nagarkurnool,PEDDAMUDNUR,509412
State Bank Of India,T1NY020187022,16.363171,78.064026,TELANGANA,Wanaparthy,WANAPARTHY, 
State Bank Of India,T1NW020187009,16.364199,78.060915,TELANGANA,Wanaparthy,"GANDHI CHOWK, WANAPARTHY", 
Union Bank Of India,N0950001,16.3653,78.0597,TELANGANA,Wanaparthy,SRIRANGAPURAM,509104
State Bank Of India,T1NW020187008,16.365517,78.067782,TELANGANA,Wanaparthy,"GANDHI CHOWK, WANAPARTHY", 
ICICI Bank Ltd,SCVDL351,16.366628,78.066673,TELANGANA,Wanaparthy, , 
State Bank Of India,T1NW020187011,16.366633,78.054354,TELANGANA,Wanaparthy, KOTHAKOTA ROAD WANAPA, 
State Bank Of India,T1NW020187019,16.366993,78.069593,TELANGANA,Wanaparthy,WANAPARTHY, 
State Bank Of India,S1BW015884001,16.36925,77.94337,TELANGANA,Wanaparthy,MAHBUBNAGAR,509381
State Bank Of India,T1NW020189001,16.369728,78.069346,TELANGANA,Wanaparthy,GANDHI CHOWK ALAMPUR, 
State Bank Of India,S1BW005915001,16.37219,78.75941,TELANGANA,Nagarkurnool,MAHBUBNAGAR,509128
Union Bank Of India,H2672101,16.3722,78.0693,TELANGANA,Wanaparthy,WANAPARTHY,509103
ICICI Bank Ltd,SACWH366,16.373968,77.77301,TELANGANA,Wanaparthy, , 
Union Bank Of India,N0936002,16.3754,78.2605,TELANGANA,Wanaparthy,REVALLY,509235
State Bank Of India,S1BW005647001,16.37574,78.83148,TELANGANA,Nagarkurnool,MAHBUBNAGAR,509201
State Bank Of India,S5NE015884621,16.37944,77.93221,TELANGANA,Wanaparthy,MAHBUBNAGAR,509381
Union Bank Of India,H0334101,16.3799,77.9415,TELANGANA,Wanaparthy,KOTHAKOTA,509381
HDFC Bank Ltd,P3ENHD54,16.3805,77.9411,TELANGANA,Wanaparthy,Wanaparthy,NULL
State Bank Of India,S1BW020188002,16.381561,78.923559,TELANGANA,Nagarkurnool,ACHAMPET, 
State Bank Of India,T1NW020187013,16.383465,77.929233,TELANGANA,Wanaparthy,KOTHAKOTHA, 
Central Bank Of India,D11D211101,16.38414,78.11083,TELANGANA,Wanaparthy, ,509130
State Bank Of India,S1BW020201001,16.384716,77.890851,TELANGANA,Wanaparthy,MADANAPURAM, 
State Bank Of India,T1NW020187010,16.393099,77.957042,TELANGANA,Wanaparthy,KOTHAKOTA ROAD WANAPARTHY, 
Union Bank Of India,L0156003,16.3953,77.7863,TELANGANA,Wanaparthy,GADWAL,509125
Union Bank Of India,H0712101,16.3953,77.7863,TELANGANA,Wanaparthy,AMARACHINTA,509130
Union Bank Of India,H0156102,16.3953,77.7981,TELANGANA,Wanaparthy,GADWAL,509125
Union Bank Of India,H1788101,16.399,78.637,TELANGANA,Nagarkurnool,MAHABUBNAGAR,509375
State Bank Of India,S1BW006648002,16.3992,78.62297,TELANGANA,Nagarkurnool,MAHBUBNAGAR,509375
State Bank Of India,S5NL006648621,16.399235,78.635404,TELANGANA,Nagarkurnool,ACHAMPETA, 
Union Bank Of India,COBD010701,16.4102,77.3287,TELANGANA,Narayanpet,MAHBOOB NAGAR,509352
IDBI Bank Ltd,ID134511,16.44367,77.84294,TELANGANA,Mahabubnagar,Mahbubnagar,509216
Bank Of Baroda,1VW405201,16.445268,78.458174,TELANGANA,Nagarkurnool,TELKAPALLE,509385
State Bank Of India,S1NG022046001,16.446465,78.45362,TELANGANA,Nagarkurnool,TELKAPALLY, 
State Bank Of India,S1NG021996001,16.448037,78.160004,TELANGANA,Wanaparthy,GOPALPETA, 
State Bank Of India,T1BS020198003,16.484977,78.313658,TELANGANA,Nagarkurnool,NAGARKURNOOL, 
State Bank Of India,T1BW020184040,16.484977,78.313658,TELANGANA,Nagarkurnool,Nagarkurnool, 
State Bank Of India,S1NG021969001,16.486745,78.312898,TELANGANA,Nagarkurnool,NAGARKURNOOL, 
State Bank Of India,S1BB020198002,16.48675,78.312879,TELANGANA,Nagarkurnool,NAGARKURNOOL, 
Axis Bank Ltd,TPCN100110,16.486798,78.312654,TELANGANA,Nagarkurnool,0,509209
Axis Bank Ltd,DPRH100106,16.4868,78.31265,TELANGANA,Nagarkurnool,NAGARKURNOOL, 
Axis Bank Ltd,TPCN100102,16.486803,78.312655,TELANGANA,Nagarkurnool,0,509209
State Bank Of India,S5NE020198622,16.48689,78.312939,TELANGANA,Nagarkurnool,NAGARKURNOOL, 
Axis Bank Ltd,DECN366001,16.48929,78.30853,TELANGANA,Nagarkurnool,NAGARKURNOOL, 
Union Bank Of India,L2013002,16.491275,78.298573,TELANGANA,Nagarkurnool,NAGERKURNOOL, 
ICICI Bank Ltd,SACWH586,16.491405,78.304115,TELANGANA,Nagarkurnool, , 
Union Bank Of India,H2013101,16.4931,78.3101,TELANGANA,Nagarkurnool,NAGERKURNOOL,509209
State Bank Of India,S1BW005874001,16.5019,77.51257,TELANGANA,Narayanpet,MAHBUBNAGAR,509241
State Bank Of India,S1BW020197003,16.505026,77.517105,TELANGANA,Narayanpet,MAKTHAL, 
State Bank Of India,S5NC020197621,16.505027,77.517071,TELANGANA,Narayanpet,MAKTHAL, 
Union Bank Of India,H0870101,16.5058,77.5113,TELANGANA,Narayanpet,NARAYANPETA,509210
Union Bank Of India,W1289001,16.5058,77.5113,TELANGANA,Narayanpet,MAKTHAL,509208
State Bank Of India,S1BW007219001,16.50902,77.93367,TELANGANA,Mahabubnagar,MAHBUBNAGAR,509382
State Bank Of India,S5NL020442621,16.510083,77.931191,TELANGANA,Mahabubnagar,BALANAGAR, 
Union Bank Of India,NHYD05101111111,16.52446,78.23418,TELANGANA,Nagarkurnool,Mehbubnagar,509215
State Bank Of India,S1BW003884002,16.53353,78.20652,TELANGANA,Nagarkurnool,MAHBUBNAGAR,509203
Union Bank Of India,K0988101,16.5494,78.6868,TELANGANA,Nalgonda,DINDI,508258
Rural Cooperative Bank,93542009,16.552196,78.689012,TELANGANA,Nalgonda,Dindi, 
IDBI Bank Ltd,ID028012,16.55273,77.85118,TELANGANA,Mahabubnagar,Rangareddi,500072
Union Bank Of India,H0169101,16.5733,78.0481,TELANGANA,Wanaparthy,GHANPUR,509380
Union Bank Of India,W2163002,16.5733,78.0481,TELANGANA,Wanaparthy,KOTHUR,509217
Union Bank Of India,W0970001,16.5749,77.7987,TELANGANA,Mahabubnagar,LALKOTA,509204
State Bank Of India,S1BJ005875001,16.577425,78.303067,TELANGANA,Nagarkurnool,NAGAR KURNOOL,509209
State Bank Of India,S1BW020676001,16.582564,77.668218,TELANGANA,Narayanpet,JAKLAIR, 
Axis Bank Ltd,APCN86711,16.59106,78.30059,TELANGANA,Nagarkurnool,0,0
State Bank Of India,S1BW008809001,16.60212,78.75871,TELANGANA,Nalgonda,NALGONDA,508258
State Bank Of India,S5NL021043621,16.602746,77.727015,TELANGANA,Narayanpet,MARIKAL, 
State Bank Of India,S1BW020520001,16.602755,77.727049,TELANGANA,Narayanpet,MARIKAL, 
Indian Overseas Bank,IOB4428,16.606378,78.620122,TELANGANA,Nagarkurnool,VANGOOR,0
State Bank Of India,S1BW008801001,16.61413,78.34597,TELANGANA,Nagarkurnool,MAHBUBNAGAR,509209
Union Bank Of India,H0399101,16.6228,79.2943,TELANGANA,Nalgonda,NAGARJUNASAGAR,508202
State Bank Of India,S5NL017311621,16.62295,77.840847,TELANGANA,Mahabubnagar,DEVARKADRA, 
ICICI Bank Ltd,SACWG795,16.635813,77.658001,TELANGANA,Narayanpet,DHANWADA, 
Union Bank Of India,W0116001,16.6396,77.657,TELANGANA,Narayanpet,DHANWADA,509205
South Indian Bank Ltd,06940002,16.64128,77.510704,TELANGANA,Narayanpet,Palmakole,509325
State Bank Of India,S1BW020200001,16.648876,77.510424,TELANGANA,Narayanpet,SHABAD, 
Union Bank Of India,W1943001,16.662956,78.489753,TELANGANA,Nagarkurnool,KALWAKURTHY,509324
Union Bank Of India,WHYD06001111111,16.6678,78.19324,TELANGANA,Nagarkurnool,Mehbubnagar,509406
HDFC Bank Ltd,S1AWMR03,16.6692,78.49,TELANGANA,Nagarkurnool,Kalwakurthy,NULL
Union Bank Of India,H1943101,16.6701,78.4889,TELANGANA,Nagarkurnool,KALWAKURTHY,509324
State Bank Of India,S5NC020194621,16.671737,78.488437,TELANGANA,Nagarkurnool,KALWAKURTHY, 
State Bank Of India,S5NL006222621,16.671752,78.488432,TELANGANA,Nagarkurnool,KALWAKURTHY, 
Union Bank Of India,B0931102,16.672399,78.488499,TELANGANA,Nagarkurnool,MAHABOOBNAGAR, 
State Bank Of India,S1BB020194002,16.676012,78.483735,TELANGANA,Nagarkurnool,Kalwakurthy, 
Union Bank Of India,K0779101,16.6911,78.707,TELANGANA,Nagarkurnool,CHARKONDA,509324
State Bank Of India,S5NE021102621,16.69153,77.927059,TELANGANA,Mahabubnagar,MAHBUBNAGAR, 
Union Bank Of India,L0113002,16.6919,78.919,TELANGANA,Nalgonda,DEVARAKONDA,508240
Union Bank Of India,H0113101,16.6919,78.919,TELANGANA,Nalgonda,DEVARAKONDA,508240
State Bank Of India,S1BB020179001,16.691927,78.919116,TELANGANA,Nalgonda,DEVARAKONDA, 
Punjab National Bank,N1285500,16.69194,78.91798,TELANGANA,Nalgonda,NALGONDA,508248
State Bank Of India,S1BW020179002,16.691968,78.919084,TELANGANA,Nalgonda,DEVARAKONDA, 
IDBI Bank Ltd,ID164001,16.69219,79.51538,TELANGANA,Nalgonda,Nalgonda,508207
Karnataka Bank Ltd,KBL19070,16.6922,79.5154,TELANGANA,Nalgonda,Miryalaguda,508207
Karnataka Bank Ltd,KBL19015,16.6922,79.5154,TELANGANA,Nalgonda,Miryalguda,508207
State Bank Of India,T1NY020179003,16.692472,78.918609,TELANGANA,Nalgonda,DEVARAKONDA, 
State Bank Of India,S5NL020179621,16.692513,78.91906,TELANGANA,Nalgonda,DEVARAKONDA, 
Bank Of India,AHY8056,16.693,78.92034,TELANGANA,Nalgonda,NALGONDA,508248
State Bank Of India,S5NL021628621,16.695823,78.904971,TELANGANA,Nalgonda,MUDIGONDA, 
State Bank Of India,S5NL003513622,16.699703,78.051086,TELANGANA,Mahabubnagar,BHOOTHPUR, 
State Bank Of India,S5NL003513621,16.699816,78.051194,TELANGANA,Mahabubnagar,BHOOTHPUR, 
State Bank Of India,S5NC020856621,16.7002,78.049664,TELANGANA,Mahabubnagar,Mahbubnagar, 
Axis Bank Ltd,BPCN100114,16.700479,78.04873,TELANGANA,Mahabubnagar,MAHBUBNAGAR, 
Union Bank Of India,N2980001,16.7085,78.0367,TELANGANA,Mahabubnagar,MAHBOOBNAGAR,509382
Central Bank Of India,SCRH13331S,16.713928,78.979415,TELANGANA,Nalgonda, , 
Union Bank Of India,W2141001,16.7147,78.9945,TELANGANA,Nalgonda,KONDA MALLEPALLY,508243
Union Bank Of India,H2141101,16.7147,78.9945,TELANGANA,Nalgonda,KONDA MALLEPALLY,508243
State Bank Of India,S1BW021658001,16.71509,79.299522,TELANGANA,Nalgonda,THUNGATHURTHY, 
State Bank Of India,S1NW021379001,16.715184,78.977175,TELANGANA,Nalgonda,KONDAMALLEPALLY, 
State Bank Of India,S1NW020184001,16.717607,77.974109,TELANGANA,Mahabubnagar,MAHABUBNAGAR, 
Union Bank Of India,W2016001,16.720713,79.415016,TELANGANA,Nalgonda,"RAJAVARAM,ANUMULA", 
State Bank Of India,S1BW021754001,16.725011,77.54274,TELANGANA,Narayanpet,Narayanpet, 
Union Bank Of India,W2333001,16.727,79.6351,TELANGANA,Nalgonda,DAMERCHERLA,508355
Union Bank Of India,H1946101,16.7271,79.204,TELANGANA,Nalgonda,PEDDAVOORA,508266
State Bank Of India,T1BS020174018,16.727134,79.637139,TELANGANA,Nalgonda,NALGONDA, 
Lakshmi Vilas Bank Ltd,003DM461,16.728369,0.0,TELANGANA,Nalgonda, , 
State Bank Of India,T1BY020184039,16.729882,78.009139,TELANGANA,Mahabubnagar,CHRISTIANPALLY, 
Bank Of India,IHY8019,16.73066,77.99987,TELANGANA,Mahabubnagar, ,509001
Union Bank Of India,W2331001,16.7326,77.9973,TELANGANA,Mahabubnagar,MAHABUBNAGAR,509001
Axis Bank Ltd,DWCW100113,16.733379,77.985739,TELANGANA,Mahabubnagar,MAHBUBNAGAR, 
Axis Bank Ltd,DWRO100108,16.733379,77.985739,TELANGANA,Mahabubnagar,MAHBUBNAGAR, 
State Bank Of India,S1BW020184007,16.733503,78.000827,TELANGANA,Mahabubnagar,MAHABUBNAGAR, 
State Bank Of India,S1BW020426001,16.736039,79.6315,TELANGANA,Nalgonda,Dameracherla, 
State Bank Of India,T1BY003026264,16.737508,78.008124,TELANGANA,Mahabubnagar,SBI KADTHAL (TOM ONSITE), 
Union Bank Of India,N2331002,16.7377,77.9909,TELANGANA,Mahabubnagar,MAHABUBNAGAR,509001
State Bank Of India,S5NE020186621,16.741238,77.499748,TELANGANA,Narayanpet,MAHBUBNAGAR, 
State Bank Of India,S5NC003484621,16.74143,78.05099,TELANGANA,Mahabubnagar,MAHBUBNAGAR,509001
Bank Of Maharashtra,DA1707T1,16.7417,77.995494,TELANGANA,Mahabubnagar,"MAHBOOBNAGAR
",509001
State Bank Of India,T1NF020184031,16.741878,77.988233,TELANGANA,Mahabubnagar,MAHABUBNAGAR, 
State Bank Of India,S1BW006109001,16.74227,78.54187,TELANGANA,Nagarkurnool,MAHBUBNAGAR,509360
Axis Bank Ltd,BPCN100109,16.742443,77.988751,TELANGANA,Mahabubnagar,0,509001
Union Bank Of India,N1216002,16.742879,78.012299,TELANGANA,Mahabubnagar,MAHABUBNAGAR, 
State Bank Of India,S1NW022020001,16.743815,78.010171,TELANGANA,Mahabubnagar,BHOOTHPUR, 
State Bank Of India,S5NL021201621,16.744175,78.326685,TELANGANA,Mahabubnagar,MIDJIL, 
State Bank Of India,T1BF020184046,16.744449,78.004614,TELANGANA,Mahabubnagar,MAHABUBNAGAR, 
HDFC Bank Ltd,S1ANBL58,16.7445,77.496,TELANGANA,Narayanpet,Narayanpet,NULL
HDFC Bank Ltd,S1ANWB30,16.7446,77.9905,TELANGANA,Mahabubnagar,Mahabubnagar,NULL
ICICI Bank Ltd,S1CN5082,16.744789,77.990394,TELANGANA,Mahabubnagar, , 
State Bank Of India,S1BW020184015,16.744822,77.993442,TELANGANA,Mahabubnagar,Mahaboobnagar, 
State Bank Of India,S1NW020184002,16.745397,77.994901,TELANGANA,Mahabubnagar,Mahabubnagar, 
State Bank Of India,S5NC020184621,16.745889,77.987921,TELANGANA,Mahabubnagar,MAHBUBNAGAR, 
State Bank Of India,S1BW020184008,16.745905,77.989196,TELANGANA,Mahabubnagar,MAHABUBNAGAR, 
State Bank Of India,S1BG020184014,16.745938,77.988114,TELANGANA,Mahabubnagar,MAHBUBNAGAR, 
State Bank Of India,S1BG020184013,16.74595,77.987921,TELANGANA,Mahabubnagar,MAHBUBNAGAR, 
Union Bank Of India,N0350006,16.746,77.9888,TELANGANA,Mahabubnagar,MAHABUBNAGAR,509001
State Bank Of India,T1NS020186003,16.746887,77.490318,TELANGANA,Narayanpet,NARAYANPET, 
State Bank Of India,T1NS020184028,16.747212,78.007214,TELANGANA,Mahabubnagar,Mahbubnagar, 
State Bank Of India,S5NL003751622,16.747571,77.495847,TELANGANA,Narayanpet,NARAYANPET, 
Axis Bank Ltd,BPCN100111,16.747575,78.0064617,TELANGANA,Mahabubnagar,0,509001
Axis Bank Ltd,DPRH100103,16.74758,78.00646,TELANGANA,Mahabubnagar,MAHBUBNAGAR, 
State Bank Of India,S1BG020186002,16.747608,77.495859,TELANGANA,Narayanpet,NARAYANPET, 
State Bank Of India,T1NW020184020,16.747673,77.998005,TELANGANA,Mahabubnagar,GANESH NAGAR, 
Canara Bank,14085651,16.747853,77.9998,TELANGANA,Mahabubnagar, , 
ICICI Bank Ltd,S1CW4509,16.747858,78.000564,TELANGANA,Mahabubnagar, , 
ICICI Bank Ltd,S1CNE499,16.747858,78.000564,TELANGANA,Mahabubnagar, , 
Lakshmi Vilas Bank Ltd,09620974,16.747999,0.0,TELANGANA,Mahabubnagar, , 
IDBI Bank Ltd,ID168101,16.74801,78.0017,TELANGANA,Mahabubnagar,Mahbubnagar,509001
Axis Bank Ltd,BECN100115,16.748009,78.001699,TELANGANA,Mahabubnagar,HYDERABAD, 
State Bank Of India,S5NL020856622,16.748336,78.016687,TELANGANA,Mahabubnagar,MAHABUBNAGAR, 
State Bank Of India,T1BF020184048,16.748391,78.002917,TELANGANA,Mahabubnagar,MAHABUBNAGAR, 
State Bank Of India,T1NW020184033,16.748399,78.021,TELANGANA,Mahabubnagar,Mahbubnagar, 
Punjab National Bank,AP1D089U,16.7484,78.021,TELANGANA,Mahabubnagar,Mahboobnagar, 
Karur Vysya Bank Ltd,S1AC0481402,16.74844013,78.00166804,TELANGANA,Mahabubnagar,MAHABUBNAGAR,509001
State Bank Of India,S5NL021102622,16.748482,77.98802,TELANGANA,Mahabubnagar,MAHABUBNAGAR, 
State Bank Of India,T1NW020184022,16.748577,77.998778,TELANGANA,Mahabubnagar,MAHABUBNAGAR, 
ICICI Bank Ltd,SECNG153,16.748618,78.00054,TELANGANA,Mahabubnagar,Mahbubnagar, 
Punjab National Bank,D1485500,16.74887,77.99475,TELANGANA,Mahabubnagar,MAHABOOBNAGAR,509412
Union Bank Of India,H0350103,16.7489,77.9938,TELANGANA,Mahabubnagar,MAHABUBNAGAR,509001
Union Bank Of India,H0350102,16.7489,77.9938,TELANGANA,Mahabubnagar,MAHABUBNAGAR,509001
Union Bank Of India,N0350005,16.7489,77.9938,TELANGANA,Mahabubnagar,MAHABUBNAGAR,509001
HDFC Bank Ltd,P3ENMB01,16.748903,78.002092,TELANGANA,Mahabubnagar,MAHABUBNAGAR, 
State Bank Of India,S1NG003484001,16.748931,77.996176,TELANGANA,Mahabubnagar,MAHBUBNAGAR, 
State Bank Of India,S1NG016375002,16.748977,77.994676,TELANGANA,Mahabubnagar,MAHBUBNAGAR, 
State Bank Of India,S1NG003484002,16.749009,77.995767,TELANGANA,Mahabubnagar,MAHBUBNAGAR, 
State Bank Of India,S5NC020333621,16.74901,77.996259,TELANGANA,Mahabubnagar,MAHBUBNAGAR, 
Karur Vysya Bank Ltd,S1AC0481403,16.7491,78.001582,TELANGANA,Mahabubnagar,MAHABUBNAGAR,509001
State Bank Of India,S5NL011990621,16.749126,78.001653,TELANGANA,Mahabubnagar,MAHABUBNAGAR, 
State Bank Of India,S1BW020184012,16.749291,77.996439,TELANGANA,Mahabubnagar,MAHABUBNAGAR, 
State Bank Of India,S1BG020184018,16.749404,77.996101,TELANGANA,Mahabubnagar,MAHBUBNAGAR, 
City Union Bank Ltd,CUB01931,16.750032,78.021449,TELANGANA,Mahabubnagar,MAHABUBNAGAR,509001
Bank Of Baroda,1FDMBB02,16.750365,77.993427,TELANGANA,Mahabubnagar, ,509001
Bank Of Baroda,1CRHTSTE02,16.75037,77.99343,TELANGANA,Mahabubnagar,MAHBUBNAGAR,509001
HDFC Bank Ltd,S1ACMH01,16.7505,78.0057,TELANGANA,Mahabubnagar,Mahabubnagar,NULL
HDFC Bank Ltd,S1ANHD77,16.7506,78.005,TELANGANA,Mahabubnagar,Mehbubnagar,NULL
HDFC Bank Ltd,S1AWBL35,16.7506,78.0058,TELANGANA,Mahabubnagar,Mahabubnagar,NULL
HDFC Bank Ltd,S1ANAP59,16.7507,78.0056,TELANGANA,Mahabubnagar,Mahabubnagar,NULL
Punjab National Bank,WC158301,16.750965,77.994506,TELANGANA,Mahabubnagar, , 
State Bank Of India,S1BW020920001,16.751693,78.007379,TELANGANA,Mahabubnagar,METTUGADDA, 
Bank Of Baroda,1VD407301,16.751886,78.007288,TELANGANA,Mahabubnagar,MAHBUBNAGAR,509001
State Bank Of India,S5NL020267621,16.752393,77.994187,TELANGANA,Mahabubnagar,Mahabubnagar, 
State Bank Of India,S1BW020184016,16.752488,78.001678,TELANGANA,Mahabubnagar,MAHABUBNAGAR, 
State Bank Of India,T1NF020184032,16.752667,77.996485,TELANGANA,Mahabubnagar,Mahbubnagar, 
Union Bank Of India,H1216101,16.7529,78.0143,TELANGANA,Mahabubnagar,MAHABUBNAGAR,509002
Union Bank Of India,WHYD04201111111,16.75303,78.01408,TELANGANA,Mahabubnagar,Mehbubnagar,509215
State Bank Of India,S1BB020184017,16.753101,78.011644,TELANGANA,Mahabubnagar,Mahabubnagar, 
Karur Vysya Bank Ltd,S1AC0481401,16.75315833,78.02637833,TELANGANA,Mahabubnagar,MAHABUBNAGAR,509001
State Bank Of India,T1BS020184041,16.753229,78.01609,TELANGANA,Mahabubnagar,Jadcherla, 
State Bank Of India,T1BF020184047,16.753298,78.014948,TELANGANA,Mahabubnagar,MAHABUBNAGAR, 
State Bank Of India,S1NG032651001,16.75343,77.99563,TELANGANA,Mahabubnagar,MAHABOOBNAGAR, 
Uco Bank,WT201901,16.753474,78.017644,TELANGANA,Mahabubnagar, , 
Bank Of India,CHY9027,16.753681,78.019733,TELANGANA,Mahabubnagar,MAHBOOB NAGAR, 
State Bank Of India,T1NW020184023,16.753897,78.139372,TELANGANA,Mahabubnagar,BADEPALLY, 
Union Bank Of India,W1431001,16.7547,77.9997,TELANGANA,Mahabubnagar,MAHBOOBNAGAR,509001
Union Bank Of India,H1431101,16.7547,77.9997,TELANGANA,Mahabubnagar,MAHBOOBNAGAR,509001
Union Bank Of India,N1431002,16.7547,77.9997,TELANGANA,Mahabubnagar,MAHBOOBNAGAR,509001
Axis Bank Ltd,BPCN100112,16.7554183,77.9997267,TELANGANA,Mahabubnagar,0,509001
Union Bank Of India,COBW341101,16.75551,78.14508,TELANGANA,Mahabubnagar,MAHBUBNAGAR,509301
Union Bank Of India,W1524001,16.7556,78.0435,TELANGANA,Mahabubnagar,MAHBOOBNAGAR,509002
ICICI Bank Ltd,SACWG883,16.756044,78.015617,TELANGANA,Mahabubnagar, , 
State Bank Of India,S1BG020184019,16.756954,77.998925,TELANGANA,Mahabubnagar,MAHBUBNAGAR, 
State Bank Of India,S5NL014787621,16.757282,78.038492,TELANGANA,Mahabubnagar,MAHBUBNAGAR, 
State Bank Of India,T1NW020184034,16.75732,78.004609,TELANGANA,Mahabubnagar,Mahbubnagar, 
Union Bank Of India,H0262101,16.7579,78.1458,TELANGANA,Mahabubnagar,JADCHERLA,500301
State Bank Of India,T1NW020184024,16.759551,78.145379,TELANGANA,Mahabubnagar,JADCHARLA, 
State Bank Of India,T1NS021610001,16.76,78.997448,TELANGANA,Nalgonda,NAMPALLE, 
HDFC Bank Ltd,S1ANJC67,16.7601,78.1453,TELANGANA,Mahabubnagar,Jadcherla,NULL
State Bank Of India,S1NG012715002,16.760644,78.144608,TELANGANA,Mahabubnagar,JADCHERLA, 
Karnataka Bank Ltd,KBL09050,16.7607,78.0081,TELANGANA,Mahabubnagar,Mebhubnagar,509001
Karur Vysya Bank Ltd,S1AC0486701,16.761482,78.144564,TELANGANA,Mahabubnagar,MAHABOOBNAGAR,509301
State Bank Of India,S5NE012715621,16.76178,78.14425,TELANGANA,Mahabubnagar,MAHBUBNAGAR,509301
State Bank Of India,S1BW020443001,16.762083,77.791126,TELANGANA,Mahabubnagar,MAHABUBNAGAR, 
Punjab National Bank,WC222801,16.762088,78.140586,TELANGANA,Mahabubnagar, , 
Union Bank Of India,NHYD04701111111,16.76251,78.14497,TELANGANA,Mahabubnagar,Mehbubnagar,509301
Canara Bank,A3421001,16.762559,78.139339,TELANGANA,Mahabubnagar, , 
State Bank Of India,S1BW020387001,16.762749,77.69491,TELANGANA,Mahabubnagar,KOTAKONDA, 
Punjab National Bank,N1928500,16.763235,78.143001,TELANGANA,Mahabubnagar, , 
State Bank Of India,S1BW008499001,16.76429,79.07787,TELANGANA,Nalgonda,NALGONDA,508257
State Bank Of India,T1NW020184025,16.767159,78.140623,TELANGANA,Mahabubnagar,"SRINIVASA NAGAR, JADCHERL", 
Lakshmi Vilas Bank Ltd,03440666,16.767229,0.0,TELANGANA,Mahabubnagar, , 
State Bank Of India,T1NW020184035,16.769382,77.990564,TELANGANA,Mahabubnagar,MAHABUBNAGAR, 
Axis Bank Ltd,CWCW34413,16.780219,79.3236,TELANGANA,Nalgonda, , 
Axis Bank Ltd,DERH476401,16.770713,78.139193,TELANGANA,Mahabubnagar,JADCHERLA, 
Indian Overseas Bank,IOB7406,16.773845,77.990839,TELANGANA,Mahabubnagar,MAHBUBNAGAR,509371
Indian Overseas Bank,IOB7404,16.773849,77.99085,TELANGANA,Mahabubnagar,MAHABUBNAGAAR,509380
Indian Overseas Bank,IOB9378,16.77385,77.99086,TELANGANA,Mahabubnagar,MAHBUB NAGAR,0
ICICI Bank Ltd,SACWE893,16.773971,78.134429,TELANGANA,Mahabubnagar,Mahbubnagar, 
HDFC Bank Ltd,S1ACTA01,16.7742,78.1323,TELANGANA,Mahabubnagar,Jadcherla,NULL
Axis Bank Ltd,TPCN10012,16.774215,78.1319,TELANGANA,Mahabubnagar,0,509301
ICICI Bank Ltd,S1VD7203,16.774387,78.130216,TELANGANA,Mahabubnagar,Mahbubnagar, 
State Bank Of India,S1NG012715001,16.774933,78.135351,TELANGANA,Mahabubnagar,JADCHERLA, 
State Bank Of India,S5NE020921621,16.775033,78.135256,TELANGANA,Mahabubnagar,MAHBUBNAGAR, 
State Bank Of India,S5NL020193621,16.775816,78.127181,TELANGANA,Mahabubnagar,JADCHERLA, 
Union Bank Of India,H0977101,16.7772,79.3237,TELANGANA,Nalgonda,HALIYA,508202
State Bank Of India,T1NH020184030,16.777237,78.030694,TELANGANA,Mahabubnagar,MAHABUBNAGAR, 
Union Bank Of India,H0286101,16.7806,79.4067,TELANGANA,Nalgonda,THUMMADAM,508278
Union Bank Of India,W2810001,16.7806,79.4067,TELANGANA,Nalgonda,NALGONDA,508278
Axis Bank Ltd,CWDW34404,16.78078,79.32356,TELANGANA,Nalgonda,0,0
Union Bank Of India,COBD297101,16.78229,79.32461,TELANGANA,Nalgonda,HALIA,508377
Union Bank Of India,H0846101,16.7827,79.8711,TELANGANA,Suryapet,MATTAMPALLI,508225
State Bank Of India,T1NS020184027,16.782719,78.121345,TELANGANA,Mahabubnagar,JADCHERLA, 
ICICI Bank Ltd,SACWC513,16.786397,79.331386,TELANGANA,Nalgonda,Nalgonda, 
State Bank Of India,T1NW020184036,16.790667,77.997775,TELANGANA,Mahabubnagar,Mahbubnagar, 
Union Bank Of India,N2606001,16.7917,78.14,TELANGANA,Mahabubnagar,JEDCHERLA,509301
State Bank Of India,S5NL061806621,16.794552,78.138168,TELANGANA,Mahabubnagar,JADCHERLA, 
HDFC Bank Ltd,S1ACST08,16.80978,79.915071,TELANGANA,Suryapet, , 
State Bank Of India,T1NW020184038,16.809952,77.912958,TELANGANA,Mahabubnagar,Mahbubnagar, 
State Bank Of India,S1BW020398001,16.819019,79.930209,TELANGANA,Suryapet,MELLA CHERUVU, 
State Bank Of India,S1BW006523001,16.8195,77.50466,TELANGANA,Narayanpet,MAHBUBNAGAR,509407
Canara Bank,64700834,16.819809,79.992849,TELANGANA,Suryapet, , 
Axis Bank Ltd,BPCN261602,16.82043,79.93411,TELANGANA,Suryapet,0,0
Union Bank Of India,W0654001,16.821651,80.469897,TELANGANA,Khammam,YERUPALEM,506345
Union Bank Of India,H1945101,16.8227,79.9315,TELANGANA,Suryapet,MELLACHERUVU,508246
State Bank Of India,S5NC020172621,16.824405,79.370378,TELANGANA,Nalgonda,NIDAMANUR, 
State Bank Of India,S5NL021245622,16.824483,79.37013,TELANGANA,Nalgonda,NIDAMANUR, 
State Bank Of India,S5NL021245621,16.824518,79.370169,TELANGANA,Nalgonda,NIDAMANUR, 
State Bank Of India,S1BG020172007,16.824519,79.370591,TELANGANA,Nalgonda,NIDAMANUR, 
Canara Bank,A3443001,16.82461,79.74419,TELANGANA,Suryapet,KALMALCHERUVU,508201
State Bank Of India,S1BB022026001,16.824683,79.369806,TELANGANA,Nalgonda,NIDAMANUR, 
State Bank Of India,S1BW005687001,16.82497,78.36344,TELANGANA,Ranga Reddy,MAHBUBNAGAR,509357
State Bank Of India,T1NH020174011,16.825924,79.473938,TELANGANA,Nalgonda,THRIPURARAM, 
State Bank Of India,T1NW020161031,16.828336,80.460418,TELANGANA,Khammam,YERRUPALEM, 
ICICI Bank Ltd,SPCNG412,16.828491,78.137194,TELANGANA,Mahabubnagar,Jadcherla, 
Union Bank Of India,N0280002,16.8317,80.5207,TELANGANA,Khammam,YERUPALEM,507201
Union Bank Of India,N1453001,16.849,78.5329,TELANGANA,Ranga Reddy,MAHABUBNAGAR,509321
State Bank Of India,S1BW020190003,16.849435,78.529455,TELANGANA,Ranga Reddy,AMANGAL, 
State Bank Of India,S1BJ020190004,16.849784,78.529444,TELANGANA,Ranga Reddy,AMANGAL, 
State Bank Of India,S1BW012218001,16.85567,78.69098,TELANGANA,Ranga Reddy,MAHBUBNAGAR,509327
State Bank Of India,T1NF020174012,16.857914,79.551169,TELANGANA,Nalgonda,MIRYALGUDA, 
State Bank Of India,S1BW021868001,16.85965,77.611652,TELANGANA,Narayanpet,RENIVETLA, 
Bank Of Baroda,1FDNAL02,16.86,79.55,TELANGANA,Nalgonda,MIRYALAGUDA,508207
State Bank Of India,S1BW004694001,16.860347,77.615888,TELANGANA,Narayanpet,MADDUR, 
State Bank Of India,S1BW020174009,16.86117,79.552679,TELANGANA,Nalgonda,MIRYALAGUDA, 
State Bank Of India,T1NY020174013,16.861856,79.546877,TELANGANA,Nalgonda,MIRYALAGUDA, 
State Bank Of India,T1NS020174015,16.861856,79.550139,TELANGANA,Nalgonda,MIRYALAGUDA, 
Bank Of Baroda,1VD411401,16.862958,79.554941,TELANGANA,Nalgonda,MIRYALAGUDA,508207
State Bank Of India,S1NG022025001,16.863126,79.572642,TELANGANA,Nalgonda,CHINTHA PALLE, 
State Bank Of India,S1BW008290001,16.86347,80.47856,TELANGANA,Khammam,KHAMMAM,507202
ICICI Bank Ltd,SPCNF376,16.863736,79.577321,TELANGANA,Nalgonda,Nalgonda, 
HDFC Bank Ltd,S1AWMG09,16.8644,79.5567,TELANGANA,Nalgonda,Miryalguda,NULL
Indian Overseas Bank,IOB6265,16.864529,79.559538,TELANGANA,Nalgonda,MIRYALGUDA,0
Indian Bank,S1NM3051,16.86453,79.55954,TELANGANA,Nalgonda,NALGONDA,508207
State Bank Of India,T1NS020175049,16.864649,79.547049,TELANGANA,Nalgonda,MIRYALAGUDA, 
State Bank Of India,S5NC020181621,16.864992,79.556931,TELANGANA,Nalgonda,Kodad, 
Karur Vysya Bank Ltd,S1AC0149101,16.86534866,79.55742765,TELANGANA,Nalgonda,MIRYALAGUDA,508207
Punjab National Bank,D1658800,16.8654,79.55728,TELANGANA,Nalgonda,NALGONDA,508207
Karur Vysya Bank Ltd,S1AC0149102,16.865688,79.574256,TELANGANA,Nalgonda,MIRYALAGUDA,508207
State Bank Of India,T1BF020175029,16.865766,79.108421,TELANGANA,Nalgonda,GURAM PODE, 
Lakshmi Vilas Bank Ltd,001DM150,16.865959,0.0,TELANGANA,Nalgonda, , 
Central Bank Of India,D11D481511,16.865973,79.564052,TELANGANA,Nalgonda,"SAGAR ROAD, MIRYALAGUDA",508207
Axis Bank Ltd,CPRH34402,16.865989,79.57323,TELANGANA,Nalgonda,MIRYALGUDA, 
Union Bank Of India,CBTD123801,16.86609,79.55378,TELANGANA,Nalgonda,NALGONDA,508207
State Bank Of India,T1BS020174020,16.866229,79.573566,TELANGANA,Nalgonda,MIRYALAGUDA, 
ICICI Bank Ltd,S1CWC276,16.866429,79.558267,TELANGANA,Nalgonda,Miryalguda, 
State Bank Of India,S5NG020174621,16.867113,79.567734,TELANGANA,Nalgonda,Miryalaguda, 
State Bank Of India,T1NW020174016,16.867229,79.557634,TELANGANA,Nalgonda,MIRYALAGUDA, 
IndusInd Bank,MN020701,16.86723,79.55996,TELANGANA,Nalgonda,Miryalaguda,508207
Union Bank Of India,DNLG00101111111,16.86748,79.55897,TELANGANA,Nalgonda,Nalgonda,500003
State Bank Of India,S1BB021657001,16.867689,79.11393,TELANGANA,Nalgonda,Gurrampode, 
Union Bank Of India,H1787101,16.8679,79.5588,TELANGANA,Nalgonda,MIRYALGUDA,508207
Union Bank Of India,N1787001,16.8679,79.5588,TELANGANA,Nalgonda,MIRYALGUDA,508207
Kotak Mahindra Bank Limited,MYBD2441,16.868719,79.573489,TELANGANA,Nalgonda,Miryalaguda, 
State Bank Of India,T1NW020175070,16.869109,78.952844,TELANGANA,Nalgonda,Nalgonda, 
Central Bank Of India,D11D332401,17.08438,79.36759,TELANGANA,Nalgonda,"PRAKASAM BAZAR, NALGONDA",508001
State Bank Of India,S1NG006317005,16.869884,79.568009,TELANGANA,Nalgonda,MIRYALAGUDA, 
State Bank Of India,S1NG006317004,16.86989,79.567983,TELANGANA,Nalgonda,MIRYALAGUDA, 
State Bank Of India,T1NS020175043,16.870657,79.550628,TELANGANA,Nalgonda,MIRAYALAGUDA, 
Lakshmi Vilas Bank Ltd,002DM552,16.871369,0.0,TELANGANA,Nalgonda, , 
Axis Bank Ltd,LWCW34415,16.871559,79.56692,TELANGANA,Nalgonda,MIRYALGUDA, 
Canara Bank,A3446001,16.87163,79.65091,TELANGANA,Suryapet,CHILLEPALLI,508218
State Bank Of India,S1BW006317003,16.8726,79.56436,TELANGANA,Nalgonda,NALGONDA,508207
State Bank Of India,T1BS020174021,16.872903,79.560177,TELANGANA,Nalgonda,NALGONDA, 
Union Bank Of India,K0357103,16.87307,79.565129,TELANGANA,Nalgonda, , 
Union Bank Of India,H0357101,16.8731,79.5651,TELANGANA,Nalgonda,NALGONDA,508207
State Bank Of India,S5BE006317621,16.87332,79.56616,TELANGANA,Nalgonda,NALGONDA,508207
HDFC Bank Ltd,S1AWMG08,16.8737,79.5653,TELANGANA,Nalgonda,Miryalguda,NULL
State Bank Of India,T1BS020174019,16.873782,79.561888,TELANGANA,Nalgonda,NALGONDA, 
State Bank Of India,S1BB020174002,16.873927,79.566089,TELANGANA,Nalgonda,MIRYALAGUDA, 
State Bank Of India,S1BW020381001,16.876283,78.024618,TELANGANA,Mahabubnagar,MAHABUBNAGAR, 
Union Bank Of India,H2290101,16.8818,79.6957,TELANGANA,Suryapet,NEREDCHERLA NALGONDA DIST.,508218
Canara Bank,A3440002,16.88294,79.55698,TELANGANA,Nalgonda,MIRYALAGUDA,508207
State Bank Of India,S5NL020323621,16.88313,79.689072,TELANGANA,Suryapet,NEREDCHERLA, 
State Bank Of India,S1BW020323003,16.88563,79.692186,TELANGANA,Suryapet,NEREDCHERLA, 
Union Bank Of India,N2291001,16.8863,78.4229,TELANGANA,Ranga Reddy, ,509321
Axis Bank Ltd,APCN34407,16.88701,79.69344,TELANGANA,Suryapet,0,0
State Bank Of India,T1NS020180008,16.88846,79.715892,TELANGANA,Suryapet,HUZUR NAGAR, 
State Bank Of India,S1BW008802001,16.88899,77.47066,TELANGANA,Narayanpet,MAHBUBNAGAR,509470
State Bank Of India,S1BG020180006,16.891554,79.854645,TELANGANA,Suryapet,HUZURNAGAR, 
State Bank Of India,T1BS020174022,16.891677,79.73732,TELANGANA,Suryapet,SURYAPET, 
State Bank Of India,S5NL021140621,16.891967,79.057866,TELANGANA,Nalgonda,POCHAMPALLE, 
State Bank Of India,T1BS020180010,16.894297,79.868843,TELANGANA,Suryapet,HUZURNAGAR, 
Union Bank Of India,H0209101,16.8968,79.8725,TELANGANA,Suryapet,NALGONDA,508204
ICICI Bank Ltd,SACWJ539,16.898113,79.873397,TELANGANA,Suryapet, , 
HDFC Bank Ltd,S1AWKM01,16.9006,79.8744,TELANGANA,Suryapet,Huzurnagar,NULL
State Bank Of India,S5NC020180621,16.900935,79.874595,TELANGANA,Suryapet,HUZURNAGAR, 
State Bank Of India,T1NS021349001,16.901026,78.174157,TELANGANA,Mahabubnagar,SHADNAGAR, 
State Bank Of India,S1BW020180005,16.90115,79.874681,TELANGANA,Suryapet,HUZURNAGAR, 
State Bank Of India,T1BS020180011,16.902164,79.871868,TELANGANA,Suryapet,NALGONDA, 
State Bank Of India,T1NW020199007,16.90349,78.174415,TELANGANA,Mahabubnagar,SHADNAGAR, 
State Bank Of India,T1BS020180009,16.91131,79.856739,TELANGANA,Suryapet,Suryapet, 
Central Bank Of India,SCDH48091S,16.920023,80.362692,TELANGANA,Khammam,Madhira, 
State Bank Of India,S1BW021043002,16.921276,77.98804,TELANGANA,Vikarabad,MARIKAL, 
State Bank Of India,S5NE020164621,16.921727,80.363723,TELANGANA,Khammam,MADHIRA, 
State Bank Of India,S1BW020590001,16.922017,77.804433,TELANGANA,Mahabubnagar,GANDED, 
HDFC Bank Ltd,S1AWHY53,16.922566,80.364189,TELANGANA,Khammam, , 
HDFC Bank Ltd,S1ANHY79,16.922566,80.364189,TELANGANA,Khammam, , 
State Bank Of India,S1BB020164002,16.924033,80.364161,TELANGANA,Khammam,MADHIRA, 
Axis Bank Ltd,DPRH406801,16.92413,80.36858,TELANGANA,Khammam,MADHIRA, 
Union Bank Of India,H1055101,16.9242,80.3623,TELANGANA,Khammam,MADHIRA,507203
Union Bank Of India,N1055002,16.9242,80.3623,TELANGANA,Khammam,MADHIRA,507203
Union Bank Of India,WHYD10901111111,16.93343,79.59352,TELANGANA,Nalgonda,Nalgonda,508207
Union Bank Of India,LHYD00301111111,16.93578,79.05469,TELANGANA,Nalgonda,Nalgonda,508213
Central Bank Of India,W11F126101,16.941554,78.859299,TELANGANA,Nalgonda, , 
State Bank Of India,S1BW020442002,16.948119,78.184546,TELANGANA,Mahabubnagar,BALANAGR, 
State Bank Of India,S1NB018906001,16.948137,78.184443,TELANGANA,Mahabubnagar,BALANAGAR, 
Union Bank Of India,N2560001,16.9557,79.9702,TELANGANA,Suryapet,GUDIBANDA,508238
State Bank Of India,S1BW020469001,16.961677,77.768777,TELANGANA,Mahabubnagar,VENNACHED, 
State Bank Of India,S5NL020178621,16.980756,79.054584,TELANGANA,Nalgonda,CHANDUR, 
Union Bank Of India,W0372001,16.9757,78.7289,TELANGANA,Ranga Reddy,HYDERABAD,501509
Union Bank Of India,H0372101,16.9757,78.7289,TELANGANA,Ranga Reddy,HYDERABAD,501509
State Bank Of India,S5NE010309622,17.327158,78.496198,TELANGANA,Hyderabad,HYDERABAD, 
State Bank Of India,S1NG021970001,16.977453,78.504604,TELANGANA,Ranga Reddy,AMANGAL, 
Union Bank Of India,H2473101,16.9791,79.059,TELANGANA,Nalgonda,CHANDUR,508255
Canara Bank,37385828,16.979482,78.314359,TELANGANA,Ranga Reddy, , 
Union Bank Of India,W1454001,16.9826,78.498,TELANGANA,Ranga Reddy,KADTHAL,509358
State Bank Of India,S1BW008502001,16.9848,79.58401,TELANGANA,Nalgonda,NALGONDA,508217
State Bank Of India,T1NS020174014,16.98555,79.021877,TELANGANA,Nalgonda,MIRYALAGUDA, 
State Bank Of India,S1BJ006315005,16.98556,80.00139,TELANGANA,Suryapet,NALGONDA,508206
Canara Bank,8787326,16.986326,78.501668,TELANGANA,Ranga Reddy, , 
State Bank Of India,S1BW020468001,16.986398,77.711951,TELANGANA,Narayanpet,Kosgi, 
Union Bank Of India,W1947001,16.9867,79.8678,TELANGANA,Suryapet,KODAD,508206
Union Bank Of India,H1947101,16.9867,79.8678,TELANGANA,Suryapet,KODAD,508206
State Bank Of India,S1NG020196003,16.986775,77.711669,TELANGANA,Narayanpet,KOSGI, 
State Bank Of India,S1BW020196002,16.986788,77.711651,TELANGANA,Narayanpet,KOSGI, 
Bank Of Baroda,1FDNAL05,16.9902406,79.9855332,TELANGANA,Suryapet,KODAD,508206
State Bank Of India,S5NE017568621,16.9932,79.97287,TELANGANA,Suryapet,NALGONDA,508206
Indian Overseas Bank,IOB4795,16.99512,79.972034,TELANGANA,Suryapet,KODAD,0
Bank Of India,AHY9049,16.995271,79.97325,TELANGANA,Suryapet,HYDERABAD, 
ICICI Bank Ltd,SACWF999,16.995393,79.97396,TELANGANA,Suryapet, , 
ICICI Bank Ltd,SACWL816,16.995784,79.971435,TELANGANA,Suryapet, , 
State Bank Of India,S1BB020181002,16.995953,79.965734,TELANGANA,Suryapet,KODAD, 
Canara Bank,60592935,16.99597,79.95588,TELANGANA,Suryapet,KODADA,508206
State Bank Of India,T1NS020176021,16.995995,79.970636,TELANGANA,Suryapet,SURYAPET, 
Canara Bank,A3445001,16.9961,79.970655,TELANGANA,Suryapet, , 
Axis Bank Ltd,BPRH261601,16.996339,79.96989,TELANGANA,Suryapet,KODAD, 
Central Bank Of India,W11F50151S,16.99638,79.96262,TELANGANA,Suryapet,KODAD, 
Bank Of Maharashtra,PA141901,16.996385,78.367155,TELANGANA,Ranga Reddy, , 
State Bank Of India,S1BW017568002,16.99696,79.97635,TELANGANA,Suryapet,NALGONDA,508206
State Bank Of India,T1BS020181004,16.997355,79.973264,TELANGANA,Suryapet,KODAD, 
State Bank Of India,S5NE006315621,16.99824,79.95867,TELANGANA,Suryapet,NALGONDA,580206
State Bank Of India,S1BW006315001,16.99826,79.958363,TELANGANA,Suryapet, KODAD, 
State Bank Of India,T1BS020181003,16.9994,79.957899,TELANGANA,Suryapet,KODADA, 
HDFC Bank Ltd,S1AWPB40,16.9996,79.9595,TELANGANA,Suryapet,Kodad,NULL
HDFC Bank Ltd,S1ANKD01,16.9997,79.9596,TELANGANA,Suryapet,Kodad,NULL
IndusInd Bank,MN018301,16.99974,79.96001,TELANGANA,Suryapet,Kodad,508206
Union Bank Of India,L0329004,16.9998,79.9598,TELANGANA,Suryapet,KODAD,508206
Union Bank Of India,H0329101,16.9998,79.9598,TELANGANA,Suryapet,KODAD,508206
State Bank Of India,S1N6000847489,17.327295,78.544906,TELANGANA,Ranga Reddy,HYDERABAD, 
State Bank Of India,S1NW006315003,17.000305,79.961921,TELANGANA,Suryapet,Kodad, 
Indian Overseas Bank,IOBD4795,17.0004,79.95976,TELANGANA,Suryapet, , 
Union Bank Of India,D2534001,17.0004,79.9609,TELANGANA,Suryapet,KODAD,508206
Canara Bank,0878E001,17.328981,78.592997,TELANGANA,Ranga Reddy, , 
State Bank Of India,S1BW017568001,17.0008,79.96087,TELANGANA,Suryapet,NALGONDA,508206
Karur Vysya Bank Ltd,S1AC0146901,17.00101586,79.95993992,TELANGANA,Suryapet,KODADA,508206
Bank Of Baroda,1FDNAL03,17.00142,79.95915,TELANGANA,Suryapet,KODAD,508206
Karur Vysya Bank Ltd,S1AC0146903,17.001566,79.96003,TELANGANA,Suryapet,KODADA,508206
Union Bank Of India,CBTW173101,17.002608,79.958133,TELANGANA,Suryapet, , 
State Bank Of India,S5NE008497621,17.00405,79.54114,TELANGANA,Nalgonda,NALGONDA,508233
Union Bank Of India,NHYD05501111111,17.00453,78.88539,TELANGANA,Nalgonda,Nalgonda,508245
Punjab National Bank,WC223201,17.07473,79.259134,TELANGANA,Nalgonda, , 
State Bank Of India,S1BW008497001,17.01114,79.90318,TELANGANA,Suryapet,NALGONDA,508233
Indian Overseas Bank,IOB5892,17.01216,80.116337,TELANGANA,Khammam,VALLABHI,0
State Bank Of India,S1BW020383002,17.016132,77.873458,TELANGANA,Vikarabad,KULAKCHERLA, 
HDFC Bank Ltd,S1ANHE25,17.02169,79.36684,TELANGANA,Nalgonda,NALGONDA, 
State Bank Of India,S1BW009501001,17.02513,79.77942,TELANGANA,Suryapet,NALGONDA,508233
State Bank Of India,S1BW013323001,17.02811,80.26647,TELANGANA,Khammam,KHAMMAM,507204
State Bank Of India,T1NS020175068,17.029208,79.245878,TELANGANA,Nalgonda,NALGONDA, 
IDBI Bank Ltd,ID134512,17.0295,78.2362,TELANGANA,Ranga Reddy,Mahbubnagar,509216
Axis Bank Ltd,LWCW34414,17.03089,79.248339,TELANGANA,Nalgonda,MIRYALGUDA, 
Axis Bank Ltd,CWRO34404,17.03089,79.248339,TELANGANA,Nalgonda,MIRYALGUDA, 
State Bank Of India,S5NL021189621,17.033484,80.258008,TELANGANA,Khammam,Bonakalu, 
State Bank Of India,T1NF003026248,17.036994,78.549352,TELANGANA,Ranga Reddy,SAROORNAGAR, 
State Bank Of India,T1NS020175066,17.038019,79.308974,TELANGANA,Nalgonda,NALGONDA, 
State Bank Of India,T1BS020175082,17.038248,79.251898,TELANGANA,Nalgonda,NALGONDA, 
State Bank Of India,S1BW020563002,17.03901,79.852179,TELANGANA,Suryapet,BETHAVOLE, 
IDBI Bank Ltd,TC112811,17.04296,79.26605,TELANGANA,Nalgonda,Nalgonda,508001
State Bank Of India,S5NL020382621,17.043204,78.663933,TELANGANA,Ranga Reddy,YACHARAM, 
State Bank Of India,S1NW020175041,17.043477,79.28618,TELANGANA,Nalgonda,NALGONDA, 
ICICI Bank Ltd,SACWC507,17.044197,79.267216,TELANGANA,Nalgonda,Nalgonda, 
ICICI Bank Ltd,S1CW5562,17.044243,79.267302,TELANGANA,Nalgonda,Nalgonda, 
IDBI Bank Ltd,ID112813,17.04465,79.29303,TELANGANA,Nalgonda,Nalgonda,508001
State Bank Of India,T1NY020175069,17.044711,78.634133,TELANGANA,Ranga Reddy,Nalgonda, 
State Bank Of India,S1BW020175039,17.045398,79.289369,TELANGANA,Nalgonda,NALGONDA, 
Canara Bank,A3077001,17.0466,78.4944,TELANGANA,Ranga Reddy,NEDUNOOR,509359
State Bank Of India,S5NL021198621,17.047974,80.023549,TELANGANA,Suryapet,KODAD, 
State Bank Of India,S1NW006316003,17.048206,79.693919,TELANGANA,Suryapet,SURYAPET, 
State Bank Of India,S1BW018148001,17.049015,79.266923,TELANGANA,Nalgonda,NALGONDA, 
State Bank Of India,T1NY005324058,17.050469,79.204491,TELANGANA,Nalgonda,KHUDAVANPUR, 
Axis Bank Ltd,APRH80102,17.05052,79.26664,TELANGANA,Nalgonda, , 
State Bank Of India,T1NF020175057,17.050746,79.268435,TELANGANA,Nalgonda,MIRYALAGUDA, 
Indian Overseas Bank,IOB4393,17.051623,79.26661,TELANGANA,Nalgonda,SURYAPET,508213
Indian Overseas Bank,IOB9534,17.051623,79.26661,TELANGANA,Nalgonda,NALGONDA,0
ICICI Bank Ltd,SACWC505,17.052531,79.26866,TELANGANA,Nalgonda,Nalgonda, 
Union Bank Of India,W1384001,17.053077,79.833077,TELANGANA,Suryapet,MUNAGALA,508233
Punjab National Bank,N2772300,17.0531,79.2717,TELANGANA,Nalgonda,NALGONDA, 
Union Bank Of India,W0389003,17.0534,79.2682,TELANGANA,Nalgonda,NALGONDA,508001
Union Bank Of India,H0389101,17.0534,79.2682,TELANGANA,Nalgonda,NALGONDA,508001
State Bank Of India,T1BS020165022,17.05357,79.276439,TELANGANA,Nalgonda,Palwancha, 
State Bank Of India,T1NS020175048,17.053683,79.265261,TELANGANA,Nalgonda,PRAKASAM BAZAR NALGONDA, 
HDFC Bank Ltd,P1ENNL02,17.0538,79.2681,TELANGANA,Nalgonda,Nalgonda,NULL
State Bank Of India,T1BS020175079,17.053939,79.285829,TELANGANA,Nalgonda,NALGONDA, 
Canara Bank,0776EP03,17.054212,79.266107,TELANGANA,Nalgonda, , 
Canara Bank,0776EP01,17.054212,79.266107,TELANGANA,Nalgonda, , 
State Bank Of India,T1BS020098014,17.05433,79.281129,TELANGANA,Nalgonda,MEDAK, 
Bank Of Baroda,1FDNAL01,17.0544225,79.2677133,TELANGANA,Nalgonda,NALGONDA,508001
Bank Of Baroda,1CRHTSTE01,17.054423,79.267713,TELANGANA,Nalgonda,NALGONDA,508001
State Bank Of India,T1NW020175072,17.054554,79.255464,TELANGANA,Nalgonda, NALGONDA, 
Canara Bank,A3441001,17.054803,79.268591,TELANGANA,Nalgonda, , 
Axis Bank Ltd,APCN80106,17.055,79.277729,TELANGANA,Nalgonda,NALGONDA, 
State Bank Of India,S1BW020175013,17.055176,79.275919,TELANGANA,Nalgonda,Nalgonda, 
State Bank Of India,T1NS020175046,17.055401,79.266849,TELANGANA,Nalgonda,NALGONDA, 
Union Bank Of India,COBW125840,17.055605,79.268955,TELANGANA,Nalgonda, , 
ICICI Bank Ltd,SACWM025,17.056266,79.267616,TELANGANA,Nalgonda, , 
State Bank Of India,S1BW020175007,17.056408,79.268169,TELANGANA,Nalgonda,NALGONDA, 
Union Bank Of India,COBN125801,17.05641,79.26801,TELANGANA,Nalgonda,NALGONDA,508001
State Bank Of India,T1BY020174017,17.05662,79.268333,TELANGANA,Nalgonda,Nalgonda, 
State Bank Of India,S5NL020952622,17.056868,79.26852,TELANGANA,Nalgonda,NALGONDA, 
Union Bank Of India,DNLG00201111111,17.05694,79.26826,TELANGANA,Nalgonda,Nalgonda,508001
Indian Bank,IAPTN00901W1,17.0570431,79.2657523,TELANGANA,Nalgonda,NALGONDA,508001
Union Bank Of India,W2665001,17.0571,80.123,TELANGANA,Khammam,BHANAPURAM,507169
IDBI Bank Ltd,ID112801,17.05721,79.272,TELANGANA,Nalgonda,Nalgonda,508001
State Bank Of India,S5NL012971621,17.057222,79.2683,TELANGANA,Nalgonda,NALGONDA, 
State Bank Of India,T1NS020175060,17.057256,79.272637,TELANGANA,Nalgonda,BOYAWADA NALGONDA, 
State Bank Of India,S1BW020175014,17.05737,79.265475,TELANGANA,Nalgonda,NALGONDA, 
HDFC Bank Ltd,P3ENNG26,17.05757,79.262029,TELANGANA,Nalgonda, , 
Indian Bank,S1C005241,17.05757,79.262028,TELANGANA,Nalgonda, , 
State Bank Of India,T1NF020175051,17.0576,79.266403,TELANGANA,Nalgonda,"TULASI NAGAR, NALGONDA TO", 
State Bank Of India,S1BG020175015,17.057786,79.268026,TELANGANA,Nalgonda,NALGONDA, 
State Bank Of India,S1BG020175003,17.058074,79.267983,TELANGANA,Nalgonda,NALGONDA, 
State Bank Of India,S1NG020175004,17.058079,79.26838,TELANGANA,Nalgonda,NALGONDA, 
State Bank Of India,S1NG020175001,17.058345,79.268262,TELANGANA,Nalgonda,NALGONDA, 
Rural Cooperative Bank,93542001,17.058399,79.267949,TELANGANA,Nalgonda,NALGONDA, 
State Bank Of India,T1NF020175056,17.05852,79.269035,TELANGANA,Nalgonda,NALGONDA, 
State Bank Of India,S1NG020175002,17.05852,79.268225,TELANGANA,Nalgonda,NALGONDA, 
State Bank Of India,S1BG020175037,17.058566,79.26772,TELANGANA,Nalgonda,NALGONDA, 
State Bank Of India,S1BG020819001,17.058853,79.268037,TELANGANA,Nalgonda,NALGONDA, 
State Bank Of India,S5NL020819621,17.059115,79.267973,TELANGANA,Nalgonda,NALGONDA, 
State Bank Of India,S5NC016349621,17.06001,79.27127,TELANGANA,Nalgonda,NALGONDA,508001
ICICI Bank Ltd,S1CNP836,17.060817,79.266723,TELANGANA,Nalgonda, , 
Bank Of India,ANL9001,17.060819,0.0,TELANGANA,Nalgonda, , 
Axis Bank Ltd,CPRH80104,17.06114,79.27339,TELANGANA,Nalgonda,NALGONDA, 
Axis Bank Ltd,SPCN8016,17.061324,79.273823,TELANGANA,Nalgonda,0,508001
State Bank Of India,T1BS021349002,17.061845,78.211004,TELANGANA,Ranga Reddy,SHADNAGAR, 
State Bank Of India,S1BW015352002,17.06209,79.26682,TELANGANA,Nalgonda,NALGONDA,518211
IDBI Bank Ltd,ID112812,17.06264,79.27437,TELANGANA,Nalgonda,Nalgonda,508001
Indian Overseas Bank,IOB5739,17.062644,79.274366,TELANGANA,Nalgonda,NALGONDA,0
State Bank Of India,S1BW020175005,17.063019,79.273393,TELANGANA,Nalgonda,NALGONDA, 
State Bank Of India,T1NS020175047,17.063032,79.268366,TELANGANA,Nalgonda,SHIVAJI NAGAR NALGONDA TO, 
Indusind Bank,MN187401,17.063333,79.266589,TELANGANA,Nalgonda,Nalgonda, 
Canara Bank,A3093001,17.0637,78.4887,TELANGANA,Ranga Reddy,GUMMADAVELLY,501506
State Bank Of India,T1NS020175065,17.064372,79.278721,TELANGANA,Nalgonda,NALGONDA, 
State Bank Of India,S1BG020199006,17.064443,78.205287,TELANGANA,Ranga Reddy,FAROOQNAGAR, 
Bank Of India,AHY8042,17.0647,78.2128,TELANGANA,Ranga Reddy, ,509216
ICICI Bank Ltd,SACWK721,17.064714,78.488235,TELANGANA,Ranga Reddy, , 
State Bank Of India,S5NL006973622,17.064895,78.211663,TELANGANA,Ranga Reddy,SHADNAGAR, 
City Union Bank Ltd,CUB01592,17.06494,79.268977,TELANGANA,Nalgonda,NALGONDA,508001
Karur Vysya Bank Ltd,S1AC0481901,17.065321,79.265206,TELANGANA,Nalgonda,NALGONDA,508002
Axis Bank Ltd,CPRH86702,17.06534,78.20521,TELANGANA,Ranga Reddy,MAHBUBNAGAR, 
Axis Bank Ltd,APCN86704,17.06538222,78.20524988,TELANGANA,Ranga Reddy,0,509216
Uco Bank,WT246401,17.065937,79.265094,TELANGANA,Nalgonda, , 
HDFC Bank Ltd,S1ACNG22,17.0661,79.2651,TELANGANA,Nalgonda,Nalgonda,NULL
HDFC Bank Ltd,S1ANVW03,17.0661,79.2651,TELANGANA,Nalgonda,Nalgonda,NULL
Axis Bank Ltd,BPCN126606,17.066169,78.210639,TELANGANA,Ranga Reddy,MAHBUBNAGAR, 
HDFC Bank Ltd,P3FNHY62,17.06632,79.265159,TELANGANA,Nalgonda,NALGOMDA, 
State Bank Of India,T1NF020175053,17.06656,79.259296,TELANGANA,Nalgonda,HYDERABAD, 
State Bank Of India,S1BW020628001,17.066588,79.066262,TELANGANA,Nalgonda,M.DOMALAPALLI, 
Canara Bank,8436918,17.06661,78.210038,TELANGANA,Ranga Reddy, , 
IDBI Bank Ltd,ID112811,17.06676,79.26021,TELANGANA,Nalgonda,Nalgonda,508001
Lakshmi Vilas Bank Ltd,04810683,17.067469,0.0,TELANGANA,Nalgonda, , 
HDFC Bank Ltd,S1AWMR02,17.0675,78.2063,TELANGANA,Ranga Reddy,Shadnagar,NULL
Union Bank Of India,H1383101,17.0679,79.2641,TELANGANA,Nalgonda,NALGONDA,508001
State Bank Of India,T1NF020175055,17.068037,79.271655,TELANGANA,Nalgonda,"BALAJI COLONY, NALGONDA", 
Axis Bank Ltd,APCN80109,17.068279,79.281889,TELANGANA,Nalgonda,NALGONDA, 
Andhra Pradesh Grameena Vikas Bank,APGV620201,17.068318,79.281522,TELANGANA,Nalgonda,Nalgonda, 
Bank Of Baroda,1RDNHYD19,17.06834,78.20516,TELANGANA,Ranga Reddy,SHADNAGAR,509216
Bank Of Baroda,1FNMBB01,17.06834,78.20516,TELANGANA,Ranga Reddy, ,509216
Axis Bank Ltd,APCN86703,17.06839113,78.20303867,TELANGANA,Ranga Reddy,0,509216
Axis Bank Ltd,CPRH86703,17.068409,78.205539,TELANGANA,Ranga Reddy,SHADNAGAR, 
Axis Bank Ltd,SPCN8674,17.068412,78.205537,TELANGANA,Ranga Reddy,0,509216
State Bank Of India,S1NW020175040,17.068529,79.29749,TELANGANA,Nalgonda,Nalgonda, 
State Bank Of India,T1NF020175054,17.068857,79.278178,TELANGANA,Nalgonda,NALGONDA, 
Union Bank Of India,H1097101,17.0695,78.2057,TELANGANA,Ranga Reddy,SHADNAGAR,509216
Union Bank Of India,W1097002,17.0695,78.2057,TELANGANA,Ranga Reddy,SHADNAGAR,509216
State Bank Of India,T1BS020175081,17.069822,79.26487,TELANGANA,Nalgonda,NALGONDA, 
Axis Bank Ltd,BPCN126605,17.06985,78.214501,TELANGANA,Ranga Reddy,0,509216
State Bank Of India,S1BW006973003,17.06991,78.19107,TELANGANA,Ranga Reddy,MAHBUBNAGAR,509216
State Bank Of India,T1NW020175071,17.07014,79.263363,TELANGANA,Nalgonda,NALGONDA, 
Axis Bank Ltd,BPCN126604,17.0703466,78.2116566,TELANGANA,Ranga Reddy,0,509216
Axis Bank Ltd,SPCN8672,17.0705582,78.2055761,TELANGANA,Ranga Reddy,0,509216
HDFC Bank Ltd,S1AWHD39,17.0712,78.2049,TELANGANA,Ranga Reddy,Shadnagar,NULL
Bank Of India,CHY8045,17.07134,0.0,TELANGANA,Ranga Reddy, , 
Axis Bank Ltd,CPRH80105,17.071509,79.26253,TELANGANA,Nalgonda,NALGONDA, 
Axis Bank Ltd,APCN80101,17.07151,79.26253,TELANGANA,Nalgonda,0,0
Axis Bank Ltd,BPCN149803,17.0727194,78.4740012,TELANGANA,Ranga Reddy,0,501359
State Bank Of India,S1BW020175042,17.073168,79.259685,TELANGANA,Nalgonda,NALGONDA, 
IDBI Bank Ltd,TC134501,17.0733,78.19064,TELANGANA,Ranga Reddy,Mahbubnagar,509216
Canara Bank,0776EP02,17.073902,79.261733,TELANGANA,Nalgonda, , 
Bank Of Maharashtra,NA150901,17.0743,79.622576,TELANGANA,Suryapet,SURYAPETH BRANCH,508213
Central Bank Of India,D11D293811,17.074474,79.462747,TELANGANA,Nalgonda, , 
State Bank Of India,S5NE006973621,17.07473,78.20628,TELANGANA,Ranga Reddy,MAHBUBNAGAR,509216
State Bank Of India,S1BW015381001,17.0749,78.20758,TELANGANA,Ranga Reddy,MAHBUBNAGAR,509216
State Bank Of India,S5NL020463621,17.077966,78.474304,TELANGANA,Ranga Reddy,KANDUKUR, 
Rural Cooperative Bank,93542008,17.079269,79.07385,TELANGANA,Nalgonda,NALGONDA, 
Union Bank Of India,H0962101,17.0803,80.8414,TELANGANA,Khammam,KANDUKUR,507164
State Bank Of India,S1BW021740001,17.083187,79.140425,TELANGANA,Nalgonda,SOLIPUR, 
Bank Of India,IHY8003,17.08438,79.36759,TELANGANA,Nalgonda, , 
State Bank Of India,S1BW020428001,17.086143,77.835723,TELANGANA,Vikarabad,DOMA, 
Union Bank Of India,CBTD150701,17.08637,78.11634,TELANGANA,Ranga Reddy,MAHBUBNAGAR,509410
State Bank Of India,T1NY020094008,17.088303,77.83559,TELANGANA,Vikarabad,DOMA, 
State Bank Of India,S1BW008501001,17.09201,79.93725,TELANGANA,Suryapet,NALGONDA,508234
Union Bank Of India,L0262002,17.0933,78.011,TELANGANA,Ranga Reddy,JADCHERLA,500301
Union Bank Of India,H0822101,17.0933,78.011,TELANGANA,Ranga Reddy,KONDURG,509207
State Bank Of India,S1NG021948001,17.094679,78.037086,TELANGANA,Ranga Reddy,KONDURG, 
Axis Bank Ltd,CECN00863,17.09487,78.2449,TELANGANA,Ranga Reddy,HYDERABAD, 
State Bank Of India,S1BW020283001,17.095926,79.866275,TELANGANA,Suryapet,NADIGUDEM, 
Union Bank Of India,K1737101,17.0997,80.0494,TELANGANA,Khammam,KHAMMAM,507160
Union Bank Of India,W1737001,17.099817,80.052738,TELANGANA,Khammam,KHAMMAM,507160
Rural Cooperative Bank,93553004,17.101124,80.050821,TELANGANA,Khammam,NELAKONDAPALLY, 
State Bank Of India,S5NC020247621,17.101327,80.051085,TELANGANA,Khammam,NELAKONDAPALL, 
State Bank Of India,S1BW020247002,17.101346,80.051086,TELANGANA,Khammam,NELAKONDAPALL, 
State Bank Of India,T1BF020175030,17.104193,79.242094,TELANGANA,Nalgonda,NALGONDA, 
Axis Bank Ltd,CPRH80103,17.107309,79.221249,TELANGANA,Nalgonda,NALGONDA, 
State Bank Of India,S1BB020192001,17.107669,77.626126,TELANGANA,Vikarabad,KODANGAL, 
Union Bank Of India,W0819001,17.108,77.6253,TELANGANA,Vikarabad,KODANGAL,509238
State Bank Of India,S1BW020192002,17.108729,77.624647,TELANGANA,Vikarabad,KODANGAL, 
State Bank Of India,S5NE020192621,17.108754,77.624601,TELANGANA,Vikarabad,MAHBUBNAGAR, 
Punjab National Bank,N1785600,17.10909,78.32276,TELANGANA,Ranga Reddy,MAHABOOBNAGAR,509228
State Bank Of India,S1BG020248001,17.110432,79.702383,TELANGANA,Suryapet,Suryapet, 
State Bank Of India,S1BJ018895001,17.112769,80.79854,TELANGANA,Khammam,KHAMMAM URBAN, 
State Bank Of India,S1NW020175038,17.112994,79.293051,TELANGANA,Nalgonda,NALGONDA, 
Punjab National Bank,AP1D086U,17.11351,79.23517,TELANGANA,Nalgonda,nalgonda, 
Canara Bank,A3076001,17.1151,78.5363,TELANGANA,Ranga Reddy,RACHLOOR,509359
Canara Bank,A3092001,17.1158,78.4724,TELANGANA,Ranga Reddy,TUMMALURU,501359
Punjab National Bank,N1271500,17.12005,78.25343,TELANGANA,Ranga Reddy,MAHABOOBNAGAR,509228
State Bank Of India,S5NC020495621,17.122989,77.669114,TELANGANA,Vikarabad,VICARABAD, 
State Bank Of India,S1BW020092003,17.123073,77.669284,TELANGANA,Vikarabad,NARAYANKHED, 
State Bank Of India,S5NL020495622,17.12311,77.669162,TELANGANA,Vikarabad,VICARABAD, 
State Bank Of India,S1BW008804001,17.12723,79.9045,TELANGANA,Suryapet,NALGONDA,508234
Union Bank Of India,W0619001,17.127831,80.79011,TELANGANA,Khammam,VEMSUR,507164
State Bank Of India,T1BW020161062,17.128376,80.071111,TELANGANA,Khammam,KHAMMAM, 
State Bank Of India,T1NW020199008,17.130304,78.286991,TELANGANA,Ranga Reddy,KOTHURU, 
State Bank Of India,S1BJ008500001,17.13111,79.54306,TELANGANA,Nalgonda,NALGONDA,508001
Axis Bank Ltd,DERH477501,17.131617,79.631271,TELANGANA,Suryapet,NAKREKAL, 
State Bank Of India,T1BS003026308,17.132468,78.433477,TELANGANA,Ranga Reddy,MAHESWARAM, 
Bank Of Baroda,1FDRGR04,17.13304,78.423008,TELANGANA,Ranga Reddy, ,501359
State Bank Of India,T1BS020176031,17.133365,79.619918,TELANGANA,Suryapet,NALGONDA, 
State Bank Of India,T1BS020176030,17.133669,79.630104,TELANGANA,Suryapet,SURYAPET, 
State Bank Of India,T1BS020176028,17.134105,79.616646,TELANGANA,Suryapet,Suryapet, 
State Bank Of India,S5NL020449621,17.134154,78.433281,TELANGANA,Ranga Reddy,MAHESWARAM, 
State Bank Of India,S5NL020449622,17.134155,78.433308,TELANGANA,Ranga Reddy,MAHESWARAM, 
State Bank Of India,S1BW020372001,17.134732,78.75826,TELANGANA,Ranga Reddy,ARUTLA, 
DCB bank Ltd,DCB02715,17.135025,78.415167,TELANGANA,Ranga Reddy, , 
State Bank Of India,S5NC017569621,17.13528,79.63333,TELANGANA,Suryapet,NALGONDA,508213
State Bank Of India,T1BS020176029,17.136048,79.619688,TELANGANA,Suryapet,NALGONDA, 
Canara Bank,A3070001,17.1379,78.5157,TELANGANA,Ranga Reddy,LEMOOR,501359
Union Bank Of India,W1394002,17.1381,78.4378,TELANGANA,Ranga Reddy,MAHESHWARAM,501359
State Bank Of India,T1NW020176023,17.138111,79.618548,TELANGANA,Suryapet,SURYAPET, 
State Bank Of India,S5NG020176621,17.138209,79.618575,TELANGANA,Suryapet,SURYAPET, 
State Bank Of India,S1NG021270002,17.138268,79.225046,TELANGANA,Nalgonda,NALGONDA, 
State Bank Of India,S1BW017569001,17.13839,79.62072,TELANGANA,Suryapet,NALGONDA,508213
Union Bank Of India,H0518101,17.1385,79.6176,TELANGANA,Suryapet,NALGONDA,508213
Union Bank Of India,H1813101,17.1387,79.6178,TELANGANA,Suryapet,SURYAPET,508213
Bank Of Baroda,1FWRAN03,17.138821,78.474569,TELANGANA,Ranga Reddy,0,501359
Bank Of Baroda,1FDRGR08,17.138821,78.503807,TELANGANA,Ranga Reddy,RANGAREDDY,500010
State Bank Of India,S1BW020176007,17.139346,79.615481,TELANGANA,Suryapet,SURYAPET, 
Bank Of Baroda,1VD411301,17.140385,79.622083,TELANGANA,Suryapet,SURYAPET,505213
State Bank Of India,S1NG006316004,17.140878,79.623413,TELANGANA,Suryapet,Suryapet, 
HDFC Bank Ltd,P1ENKU04,17.1412,79.6214,TELANGANA,Suryapet,Suryapet,NULL
Axis Bank Ltd,BPCN211008,17.14123,79.62136,TELANGANA,Suryapet,0,0
Bank Of India,CHY9018,17.141521,79.621462,TELANGANA,Suryapet,SURYAPET, 
Axis Bank Ltd,TPCN211002,17.14181,79.62035,TELANGANA,Suryapet,0,0
State Bank Of India,S1BW020248002,17.141888,79.622554,TELANGANA,Suryapet,Suryapet, 
State Bank Of India,T1NS020176020,17.141944,79.628891,TELANGANA,Suryapet,SURYAPET, 
State Bank Of India,T1BS020176027,17.142089,79.61016,TELANGANA,Suryapet,SURYAPET, 
Canara Bank,0692WS01,17.142243,79.620556,TELANGANA,Suryapet, , 
Canara Bank,A3447001,17.142799,79.621485,TELANGANA,Suryapet, , 
Axis Bank Ltd,BPRH211001,17.14324,79.62549,TELANGANA,Suryapet,SURYAPET, 
Indian Bank,S1GK3071,17.143399,79.631099,TELANGANA,Suryapet, , 
Indian Bank,S1C030511,17.143399,79.631099,TELANGANA,Suryapet, , 
State Bank Of India,S5NC006316621,17.143668,79.634355,TELANGANA,Suryapet,SURYAPET, 
State Bank Of India,T1BY020176025,17.143908,79.623923,TELANGANA,Suryapet,NADIGUDEM, 
Canara Bank,61433837,17.14393,79.62148,TELANGANA,Suryapet,WARANGAL,508213
Canara Bank,7762346,17.14411,79.62147,TELANGANA,Suryapet,"M G ROAD, NALGONDA",508001
State Bank Of India,T1NS020176012,17.144117,79.620458,TELANGANA,Suryapet,RYAPET, 
State Bank Of India,T1NW020161033,17.1454,79.995343,TELANGANA,Khammam,KHAMMAM, 
Union Bank Of India,N0518003,17.1455,79.6221,TELANGANA,Suryapet,NALGONDA,508213
Punjab National Bank,WC155201,17.146066,79.622187,TELANGANA,Suryapet, , 
Bank Of Baroda,1CRTSNA01,17.146233,79.622177,TELANGANA,Suryapet,0,508213
Bank Of Baroda,1FNHYD83,17.146233,79.622177,TELANGANA,Suryapet,0,508213
Lakshmi Vilas Bank Ltd,001DM102,17.146899,0.0,TELANGANA,Suryapet, , 
State Bank Of India,S1BW006316006,17.14758,79.6224,TELANGANA,Suryapet,NALGONDA,508213
South Indian Bank Ltd,01870003,17.1478,78.2879,TELANGANA,Ranga Reddy,Kothur,509228
HDFC Bank Ltd,P1ENSY01,17.1482,79.6226,TELANGANA,Suryapet,Suryapet,NULL
HDFC Bank Ltd,P3ENHD08,17.1482,79.6227,TELANGANA,Suryapet,Suryapet,NULL
Union Bank Of India,W1231002,17.148664,78.289158,TELANGANA,Ranga Reddy,KOTHUR,509228
HDFC Bank Ltd,S1ANSU04,17.1487,79.6227,TELANGANA,Suryapet,Suryapet,NULL
HDFC Bank Ltd,S1ANNG20,17.1487,79.6227,TELANGANA,Suryapet,Suryapet,NULL
State Bank Of India,T1NH020176014,17.151909,79.619737,TELANGANA,Suryapet,SURYAPET, 
State Bank Of India,S1BW003026296,17.152879,78.26216,TELANGANA,Ranga Reddy,HYDERABAD, 
State Bank Of India,S5NE016088621,17.15292,80.09362,TELANGANA,Khammam,KHAMMAM,507002
State Bank Of India,S1BW020525001,17.15335,78.59987,TELANGANA,Ranga Reddy,IBRAHIMPATNAM, 
State Bank Of India,S1NG006316005,17.153452,79.687875,TELANGANA,Suryapet,SURYAPET, 
Axis Bank Ltd,LWCW86715,17.153799,78.230999,TELANGANA,Ranga Reddy,SHAMSHABAD, 
Yes Bank Ltd,SSUPB445,17.15394,79.6238,TELANGANA,Suryapet,Nalgonda, 
Union Bank Of India,K2515101,17.154162,79.624296,TELANGANA,Suryapet,MAHABOOBNAGAR, 
State Bank Of India,T1NS020176022,17.1556,79.621454,TELANGANA,Suryapet,SURYAPET, 
State Bank Of India,S5NL020653621,17.155939,79.213795,TELANGANA,Nalgonda,NARKETPALLE, 
State Bank Of India,T1NH020176011,17.156666,79.622398,TELANGANA,Suryapet,SURYAPET, 
State Bank Of India,T1NS020176015,17.156666,79.624458,TELANGANA,Suryapet,SURYAPET, 
State Bank Of India,T1NH020176009,17.156707,79.62802,TELANGANA,Suryapet,"JJ NAGAR, SURYAPET TOM", 
State Bank Of India,T1NH020176008,17.157158,79.622312,TELANGANA,Suryapet,SURYAPET, 
State Bank Of India,S1BW020462001,17.157254,78.337013,TELANGANA,Ranga Reddy,MAHESWARAM, 
Union Bank Of India,W0277001,17.1582,77.5932,TELANGANA,Vikarabad,JUNTUPALLI,501144
State Bank Of India,T1NS020176018,17.158224,79.626776,TELANGANA,Suryapet,SURYAPET, 
South Indian Bank Ltd,01870002,17.1583,78.2939,TELANGANA,Ranga Reddy,Kothur,509228
South Indian Bank Ltd,01870001,17.1583,78.2939,TELANGANA,Ranga Reddy,Kothur,509228
ICICI Bank Ltd,S1CWA766,17.158998,79.62579,TELANGANA,Suryapet,Suryapet, 
Union Bank Of India,N2014001,17.1594,77.4929,TELANGANA,Vikarabad,"RUDRARAM,MAHABUBNAGAR",509338
Rural Cooperative Bank,93542006,17.160367,79.309771,TELANGANA,Nalgonda,NALGONDA, 
State Bank Of India,S1BW020093001,17.161432,78.133748,TELANGANA,Ranga Reddy,Shabad, 
State Bank Of India,S1BW021989001,17.161445,78.133716,TELANGANA,Ranga Reddy,SHASHABAD, 
State Bank Of India,T1BS020176032,17.161445,79.627347,TELANGANA,Suryapet,SURYAPET, 
State Bank Of India,T1BS020175080,17.162079,78.881648,TELANGANA,Yadadri Bhuvanagiri,SAMSTHAN NARAYANPUR, 
State Bank Of India,S1BW020405001,17.163591,77.740265,TELANGANA,Vikarabad,BOMRASPET, 
ICICI Bank Ltd,SACWG815,17.164369,79.427114,TELANGANA,Nalgonda,Nalgonda, 
Axis Bank Ltd,BPCN211004,17.16482,79.42702,TELANGANA,Nalgonda,0,0
HDFC Bank Ltd,S1ANRT38,17.1649,79.4271,TELANGANA,Nalgonda,Nakerakal,NULL
State Bank Of India,S1BW007220002,17.16507,78.29647,TELANGANA,Ranga Reddy,MAHBUBNAGAR,509325
State Bank Of India,S5NC007220621,17.16572,78.2951,TELANGANA,Ranga Reddy,MAHBUBNAGAR,509325
Union Bank Of India,H1266101,17.1659,79.422,TELANGANA,Nalgonda,NALGONDA,508211
State Bank Of India,S1BG020653001,17.166139,79.421866,TELANGANA,Nalgonda,NARKETPALLE, 
State Bank Of India,S5NL015352621,17.166151,79.421819,TELANGANA,Nalgonda,NAKREKAL, 
State Bank Of India,S5NC020182621,17.16625,79.422,TELANGANA,Nalgonda,NAKREKAL, 
State Bank Of India,S5NL020182622,17.16626,79.42194,TELANGANA,Nalgonda,NAKREKAL, 
State Bank Of India,T1BS020176033,17.16871,79.428772,TELANGANA,Nalgonda,NAKREKAL, 
Indian Bank,AAA3624A,17.169999,78.219999,TELANGANA,Ranga Reddy,Nandigama, 
Union Bank Of India,W2410001,17.1703,78.6505,TELANGANA,Ranga Reddy,KHANAPUR,501506
Union Bank Of India,H2410101,17.1703,78.6505,TELANGANA,Ranga Reddy,KHANAPUR,501506
State Bank Of India,T1NS020175067,17.170633,79.416598,TELANGANA,Nalgonda,NAKREKAL, 
State Bank Of India,S1BB020092001,17.171186,77.878656,TELANGANA,Vikarabad,PARGI, 
State Bank Of India,S1BW008807001,17.17121,79.35944,TELANGANA,Nalgonda,NALGONDA,508205
Union Bank Of India,WVIJ05201111111,17.17326,80.06794,TELANGANA,Khammam,Khammam,507158
State Bank Of India,T1NW020176024,17.173537,79.169917,TELANGANA,Nalgonda,Nakrekal, 
State Bank Of India,S5NE020092621,17.174395,77.879602,TELANGANA,Vikarabad,RANGAREDDY, 
State Bank Of India,T1NH003026190,17.178497,78.643638,TELANGANA,Ranga Reddy,HYDERABAD, 
State Bank Of India,T1BS020094016,17.178581,77.875901,TELANGANA,Vikarabad,RANGAREDDY, 
Union Bank Of India,N1735002,17.1786,77.8868,TELANGANA,Vikarabad,HYDERABAD,501501
Union Bank Of India,H1735101,17.1786,77.8868,TELANGANA,Vikarabad,HYDERABAD,501501
State Bank Of India,T1NW020161034,17.180822,80.095459,TELANGANA,Khammam,KHAMMAM, 
South Indian Bank Ltd,06890001,17.1837,78.3153,TELANGANA,Ranga Reddy,Greater Hyderabad,500058
ICICI Bank Ltd,SACWM018,17.184547,78.592132,TELANGANA,Ranga Reddy, , 
State Bank Of India,T1NW020199009,17.185553,78.082717,TELANGANA,Ranga Reddy,HYDERABAD, 
South Indian Bank Ltd,06940001,17.1858,78.3067,TELANGANA,Ranga Reddy,Palmakole,509325
ICICI Bank Ltd,SACWG740,17.186714,78.655471,TELANGANA,Ranga Reddy, , 
State Bank Of India,S5NL021281621,17.187845,78.643981,TELANGANA,Ranga Reddy,MALL, 
State Bank Of India,S1NZ020161006,17.188423,80.364233,TELANGANA,Khammam,KHAMMAM, 
State Bank Of India,S5NE020090621,17.18857,78.648622,TELANGANA,Ranga Reddy,IBRAHIMPATNAM, 
Union Bank Of India,N1121007,17.19,78.33,TELANGANA,Ranga Reddy,HYDERABAD,500070
Union Bank Of India,N1121006,17.19,78.33,TELANGANA,Ranga Reddy,HYDERABAD,500070
State Bank Of India,S1BB020090002,17.19008,78.647583,TELANGANA,Ranga Reddy, Ibrahimpatnam, 
Union Bank Of India,W1389002,17.1901,78.6472,TELANGANA,Ranga Reddy,IBRAHIMPATNAM,501506
Union Bank Of India,H1389101,17.1901,78.6472,TELANGANA,Ranga Reddy,IBRAHIMPATNAM,501506
Axis Bank Ltd,BPCN113402,17.1905595,78.648078,TELANGANA,Ranga Reddy,0,501506
Axis Bank Ltd,BPCN113422,17.190559,78.64808,TELANGANA,Ranga Reddy,HYDERABAD, 
State Bank Of India,T1BF003026311,17.191288,78.65235,TELANGANA,Ranga Reddy,IBRAHIMPATNAM, 
State Bank Of India,T1NY003026223,17.191746,78.649978,TELANGANA,Ranga Reddy,Ibrahimpatnam, 
State Bank Of India,S1NZ000847109,17.192084,78.646966,TELANGANA,Ranga Reddy,HYDERABAD,500047
South Indian Bank Ltd,06810001,17.1922,78.6485,TELANGANA,Ranga Reddy,Ibrahimpatnam (Bagath),501506
State Bank Of India,S1NG021952001,17.199604,80.896839,TELANGANA,Khammam,SATHUPALLEY (, 
HDFC Bank Ltd,P1ENHD31,17.1928,78.6468,TELANGANA,Ranga Reddy,Hyderabad,NULL
State Bank Of India,S5NC020167621,17.194604,80.359625,TELANGANA,Khammam,WYRA, 
State Bank Of India,S5NL020167622,17.194979,80.358791,TELANGANA,Khammam,WYRA, 
Axis Bank Ltd,BPCN273812,17.19506,78.647809,TELANGANA,Ranga Reddy,HYDERABAD, 
Union Bank Of India,H0636101,17.1957,80.3566,TELANGANA,Khammam,WYRA,517165
Union Bank Of India,W0636001,17.1957,80.3566,TELANGANA,Khammam,WYRA,517165
HDFC Bank Ltd,S1ANKH04,17.195899,80.355899,TELANGANA,Khammam, , 
Canara Bank,60813197,17.19598,78.6502,TELANGANA,Ranga Reddy,IBRAHIMPATNAM,521456
State Bank Of India,T1BW000916279,17.196425,78.647476,TELANGANA,Ranga Reddy,"OPP MRO OFFICE, IBRAHIMPATNAM", 
State Bank Of India,S1BW008504001,17.196647,79.888802,TELANGANA,Khammam,NAYAKANGUDEM, 
Axis Bank Ltd,TPCN11942,17.19688,80.89971,TELANGANA,Khammam,0,0
Union Bank Of India,H0800101,17.2,80.5469,TELANGANA,Khammam,KALLUR,507209
State Bank Of India,S5NL005817622,17.200138,80.549945,TELANGANA,Khammam,KHAMMAM, 
State Bank Of India,S1BW020989001,17.200206,80.545164,TELANGANA,Khammam,KALLUR, 
State Bank Of India,S1BW021281002,17.200248,78.663647,TELANGANA,Ranga Reddy,Ranga reddy, 
State Bank Of India,S1BW020370002,17.200293,80.901445,TELANGANA,Khammam,SATHUPALLY, 
Canara Bank,64860851,17.200421,80.562118,TELANGANA,Khammam, , 
Canara Bank,41785568,17.200428,80.562099,TELANGANA,Khammam, , 
State Bank Of India,T1BY020094011,17.200499,78.179199,TELANGANA,Ranga Reddy,Shabad, 
Union Bank Of India,N0800002,17.2007,80.5425,TELANGANA,Khammam,KALLUR,507209
State Bank Of India,S1NG021915001,17.200816,80.542831,TELANGANA,Khammam, Kallur, 
Canara Bank,A3075001,17.201399,78.468099,TELANGANA,Ranga Reddy, , 
Union Bank Of India,COBN119201,17.20221,79.20111,TELANGANA,Nalgonda,NALGONDA,508254
Union Bank Of India,COBW119240,17.203255,79.20096,TELANGANA,Nalgonda, , 
Bank Of Baroda,1FDNAL04,17.204268,79.196603,TELANGANA,Nalgonda, ,508254
Indian Overseas Bank,IOB6710,17.205465,80.837779,TELANGANA,Khammam,SATHUPALLE,0
State Bank Of India,T1NW020293014,17.206698,80.657372,TELANGANA,Khammam,Penuballi, 
HDFC Bank Ltd,S1ACCU63,17.2073,80.8411,TELANGANA,Khammam, , 
Axis Bank Ltd,SPCN8673,17.2081843,78.4766596,TELANGANA,Ranga Reddy,0,501359
Axis Bank Ltd,SPCN86719,17.208184,78.476659,TELANGANA,Ranga Reddy,RANGAREDDY, 
Union Bank Of India,W1410004,17.208235,78.328399,TELANGANA,Ranga Reddy,HYDERABAD,501218
ICICI Bank Ltd,SACWF838,17.208677,78.476547,TELANGANA,Ranga Reddy, , 
Union Bank Of India,W1098001,17.2088,80.4155,TELANGANA,Khammam,KHAMMAM,507167
Union Bank Of India,H1098101,17.2088,80.4155,TELANGANA,Khammam,KHAMMAM,507167
State Bank Of India,S1BW020465001,17.209232,77.64347,TELANGANA,Vikarabad,YALAL, 
Union Bank Of India,W1456001,17.2093,78.4764,TELANGANA,Ranga Reddy,TUKKUGUDA,501359
Axis Bank Ltd,DWCW306103,17.20947,78.620097,TELANGANA,Ranga Reddy, , 
Union Bank Of India,N1328002,17.2095,80.8362,TELANGANA,Khammam,KHAMMAM,507303
Union Bank Of India,Y2097102,17.2105,78.3291,TELANGANA,Ranga Reddy,HYDERABAD,509325
Karnataka Bank Ltd,KBL19089,17.211,78.331399,TELANGANA,Ranga Reddy,L B Nagar, 
State Bank Of India,S5NE020293621,17.211,80.833484,TELANGANA,Khammam,SATHUPALLE, 
State Bank Of India,S1BG020293009,17.211047,80.83278,TELANGANA,Khammam,SATHUPALLY, 
Yes Bank Ltd,SHYPO170,17.21112,78.36712,TELANGANA,Ranga Reddy,Hyderabad, 
Bank Of Baroda,1DBA16311,17.211147,77.583695,TELANGANA,Vikarabad,AGNOOR,501144
State Bank Of India,S1BW020293001,17.211175,80.83325,TELANGANA,Khammam,SATHUPALLE, 
Axis Bank Ltd,BPRH119401,17.211205,80.831666,TELANGANA,Khammam, , 
Union Bank Of India,DVIJ03301111111,17.21135,80.83185,TELANGANA,Khammam,Khammam,507303
State Bank Of India,T1BW020293015,17.211426,80.830698,TELANGANA,Khammam,Sathupalle, 
Canara Bank,A3028001,17.211476,80.832286,TELANGANA,Khammam, , 
Axis Bank Ltd,BPCN130530,17.21188,78.607099,TELANGANA,Ranga Reddy,HYDERABAD, 
Axis Bank Ltd,BPCN130502,17.2118828,78.6071015,TELANGANA,Ranga Reddy,0,500079
Axis Bank Ltd,DPRH119402,17.212119,80.83046,TELANGANA,Khammam,SATHUPALLI, 
Canara Bank,A3321001,17.21229,80.832476,TELANGANA,Khammam, , 
Union Bank Of India,H0290101,17.212499,80.960799,TELANGANA,Bhadradri Kothagudem, , 
Union Bank Of India,W1246003,17.212813,78.611527,TELANGANA,Ranga Reddy,HYDERABAD,501510
IDBI Bank Ltd,ID163901,17.21283,79.22256,TELANGANA,Nalgonda,Nalgonda,508254
Dhanlaxmi Bank,DHY12288,17.213846,78.577144,TELANGANA,Ranga Reddy, , 
State Bank Of India,S1BW021115002,17.215718,78.47711,TELANGANA,Ranga Reddy,THUKKUGUDA, 
State Bank Of India,S5NE018549621,17.21574,78.31579,TELANGANA,Ranga Reddy,RANGAREDDY,501505
State Bank Of India,T1BS003026305,17.217094,78.474924,TELANGANA,Ranga Reddy,HYDERABAD, 
State Bank Of India,S1BW020796001,17.217505,80.425841,TELANGANA,Khammam,TALLADA, 
State Bank Of India,T1NW020161032,17.218138,79.985186,TELANGANA,Khammam,KHAMMAM, 
Canara Bank,A3429001,17.21911,78.33515,TELANGANA,Ranga Reddy,PEDDASHAPUR,501128
State Bank Of India,T1NW020161027,17.219153,80.423226,TELANGANA,Khammam,THALLADA, 
Union Bank Of India,H2679101,17.2196,79.9137,TELANGANA,Khammam,PALAIR,507157
Bank Of India,AHY8033,17.2211,78.2842,TELANGANA,Ranga Reddy, , 
Karnataka Bank Ltd,KBNA3310,17.2211,78.3217,TELANGANA,Ranga Reddy,Hyderabad, 
State Bank Of India,S1NW021512001,17.221625,80.289735,TELANGANA,Khammam,KONIJERLA, 
State Bank Of India,T1NW020161026,17.222073,79.996516,TELANGANA,Khammam,KHAMMAM, 
IDBI Bank Ltd,ID088801,17.22345,77.90886,TELANGANA,Vikarabad,Rangareddi,500055
Canara Bank,66540925,17.223937,79.958196,TELANGANA,Khammam, , 
State Bank Of India,T1BY003026259,17.224299,78.5888,TELANGANA,Ranga Reddy,IBRAHIMPATNAM, 
State Bank Of India,T1BS020161065,17.227099,80.142069,TELANGANA,Khammam,Khammam (Urban), 
State Bank Of India,T1BW020176026,17.22833,80.04864,TELANGANA,Khammam,SURYAPET, 
State Bank Of India,S1NG021729001,17.228665,80.150208,TELANGANA,Khammam,KHAMMAM URBAN, 
Bank Of India,AHY8029,17.230099,78.290199,TELANGANA,Ranga Reddy, , 
Canara Bank,6657364,17.230199,79.1302,TELANGANA,Nalgonda, , 
Bank Of India,AHY8036,17.2306,78.2912,TELANGANA,Ranga Reddy, , 
IDBI Bank Ltd,ID037412,17.23075,80.13728,TELANGANA,Khammam,Khammam,507001
State Bank Of India,T1NY020161058,17.230799,80.137299,TELANGANA,Khammam,Khammam (Urban), 
Karnataka Bank Ltd,KBL19084,17.2308,80.1373,TELANGANA,Khammam,Khammam,507001
Bank Of Maharashtra,WA1572T2,17.2308,80.155958,TELANGANA,Khammam,KHAMMAM - VDO COLONY,507001
ICICI Bank Ltd,SPCNL128,17.231273,78.563408,TELANGANA,Ranga Reddy,Hyderabad, 
HDFC Bank Ltd,S1ANTH90,17.2313,78.5632,TELANGANA,Ranga Reddy,Hyderabad,NULL
Union Bank Of India,H1322101,17.2315,79.1271,TELANGANA,Nalgonda,CHITYAL,508114
State Bank Of India,T1NW020161057,17.231835,80.16337,TELANGANA,Khammam,Nelakondapalle, 
Union Bank Of India,W2352001,17.2324,78.5429,TELANGANA,Ranga Reddy,IBRAHIMPATNAM,501510
Axis Bank Ltd,BWCW306106,17.23272,78.58855,TELANGANA,Ranga Reddy,BONGLOOR, 
State Bank Of India,S1BJ008498001,17.23278,79.12222,TELANGANA,Nalgonda,NALGONDA,508114
State Bank Of India,S5NL020370621,17.232873,80.254101,TELANGANA,Khammam,Sathupally, 
State Bank Of India,S1BW003026097,17.233289,78.544532,TELANGANA,Ranga Reddy,HYDERABAD,501510
Canara Bank,A3310001,17.23353,78.542549,TELANGANA,Ranga Reddy, , 
State Bank Of India,T1BY020161061,17.233839,80.058439,TELANGANA,Khammam,EDULAPURAM, 
HDFC Bank Ltd,P3FNHY57,17.233875,78.563022,TELANGANA,Ranga Reddy,HYDERABAD, 
State Bank Of India,T1BS020161064,17.23402,80.155599,TELANGANA,Khammam,KHAMMAM, 
State Bank Of India,S1BB003026310,17.235203,78.430151,TELANGANA,Ranga Reddy,HYDERABAD, 
State Bank Of India,T1NW020161046,17.23556,80.14277,TELANGANA,Khammam,KHAMMAM, 
Kotak Mahindra Bank Limited,HYDON791,17.235668,78.429728,TELANGANA,Ranga Reddy,Hyderabad,500409
State Bank Of India,S1BJ000847508,17.235683,78.264561,TELANGANA,Ranga Reddy,MAHBUBNAGAR,500029
Kotak Mahindra Bank Limited,HYDON792,17.235705,78.43005,TELANGANA,Ranga Reddy,Hyderabad, 
State Bank Of India,S5BG020915621,17.23573,78.420384,TELANGANA,Ranga Reddy,HYDERABAD, 
State Bank Of India,S1BW007538001,17.235799,78.541304,TELANGANA,Ranga Reddy,ADIBATLA, 
IDBI Bank Ltd,ID037411,17.23617,80.15821,TELANGANA,Khammam,Khammam,507002
State Bank Of India,S1BG003026295,17.23618,78.429506,TELANGANA,Ranga Reddy,SHAMSHABAD, 
State Bank Of India,S1BW003026298,17.23618,78.429506,TELANGANA,Ranga Reddy,HYDERABAD, 
Kotak Mahindra Bank Limited,HYDON317,17.236296,78.446437,TELANGANA,Ranga Reddy,Hyderabad, 
Union Bank Of India,H1410102,17.2364,78.4293,TELANGANA,Ranga Reddy,HYDERABAD,501218
Canara Bank,0878WS08,17.236495,78.429617,TELANGANA,Ranga Reddy, , 
State Bank Of India,S1BW003026300,17.236505,78.430342,TELANGANA,Ranga Reddy,Shamshabad, 
Rural Cooperative Bank,93552008,17.237042,80.140224,TELANGANA,Khammam,KHAMMAM, 
Axis Bank Ltd,CECN86717,17.23711,78.439239,TELANGANA,Ranga Reddy,HYDERABAD, 
Union Bank Of India,W0565003,17.2372,77.5921,TELANGANA,Vikarabad,HYDERABAD,501141
State Bank Of India,T1BS003026273,17.3329,78.44835,TELANGANA,Hyderabad,HYDERABAD, 
Union Bank Of India,H0565101,17.2372,77.5921,TELANGANA,Vikarabad,HYDERABAD,501141
State Bank Of India,S5BC018898621,17.23746,80.163331,TELANGANA,Khammam,KHAMMAM,507002
Union Bank Of India,W2612001,17.2381,80.2586,TELANGANA,Khammam,TANIKELLA,507305
IndusInd Bank,MN000420,17.238993,78.426301,TELANGANA,Ranga Reddy,Hyderabad,500409
State Bank Of India,T1NY020174010,17.239303,80.130053,TELANGANA,Khammam,VEMULAPALLI NALGONDA, 
Canara Bank,0775EP02,17.240131,80.143566,TELANGANA,Khammam, , 
Canara Bank,7751976,17.240131,80.143566,TELANGANA,Khammam, , 
Union Bank Of India,N0311004,17.240143,80.143083,TELANGANA,Khammam,KHAMMAM, 
Bank Of Baroda,1RDNHYD34,17.240263,78.429385,TELANGANA,Ranga Reddy,HYDERABAD,500036
Bank Of Baroda,1CRTSHY09,17.240263,78.429385,TELANGANA,Ranga Reddy,0,500036
State Bank Of India,S5NE020947621,17.240304,80.14752,TELANGANA,Khammam,Khammam, 
State Bank Of India,T1NW020293013,17.240871,81.125358,TELANGANA,Bhadradri Kothagudem, ASWARAOPETA, 
State Bank Of India,S1BW006315002,17.241174,80.102767,TELANGANA,Khammam,Kodada, 
State Bank Of India,T1NW020293012,17.241198,81.125186,TELANGANA,Bhadradri Kothagudem,ASWARAOPET, 
Union Bank Of India,W0589001,17.241883,81.129879,TELANGANA,Bhadradri Kothagudem, , 
HDFC Bank Ltd,S1ANDA19,17.241917,78.42937,TELANGANA,Ranga Reddy, , 
Union Bank Of India,W1410003,17.242256,78.422336,TELANGANA,Ranga Reddy,HYDERABAD,501218
State Bank Of India,S1BB002714095,17.242331,78.353539,TELANGANA,Ranga Reddy,UPPAL,500062
Union Bank Of India,W1417002,17.2426,80.143,TELANGANA,Khammam,KHAMMAM,507002
Union Bank Of India,H1417101,17.2426,80.143,TELANGANA,Khammam,KHAMMAM,507002
State Bank Of India,S5NL020953622,17.242625,81.129113,TELANGANA,Bhadradri Kothagudem,ASWARAOPETA, 
State Bank Of India,S5NL020586622,17.243004,80.151072,TELANGANA,Khammam,KOTHAGUDEM, 
Karur Vysya Bank Ltd,S1AC0143301,17.24348036,80.13922535,TELANGANA,Khammam,KHAMMAM,507003
State Bank Of India,T1BS020107028,17.24374,80.13865,TELANGANA,Khammam,SADASHIVPET, 
Central Bank Of India,SCDH48081S,17.243759,80.108726,TELANGANA,Khammam,EDULAPURAM, 
State Bank Of India,S5NL012906621,17.243989,80.173989,TELANGANA,Khammam,KHAMMAM (URBA, 
ICICI Bank Ltd,SACWN818,17.24444,80.138298,TELANGANA,Khammam, , 
ICICI Bank Ltd,SACWN825,17.24444,80.138298,TELANGANA,Khammam, , 
State Bank Of India,T1BY020161063,17.244649,80.140534,TELANGANA,Khammam,KHAMMAM, 
Union Bank Of India,W0016001,17.244773,81.131919,TELANGANA,Bhadradri Kothagudem, , 
HDFC Bank Ltd,P1ENKH03,17.2448,80.150699,TELANGANA,Khammam, , 
Union Bank Of India,H0016101,17.2448,81.1319,TELANGANA,Bhadradri Kothagudem, , 
Union Bank Of India,B0311101,17.2449,80.1382,TELANGANA,Khammam,KHAMMAM,507001
Union Bank Of India,W0311003,17.2449,80.1382,TELANGANA,Khammam,KHAMMAM,507001
State Bank Of India,S5NL020866622,17.245081,80.17404,TELANGANA,Khammam,Khammam, 
Canara Bank,B3094001,17.245081,78.384283,TELANGANA,Ranga Reddy,HYDERABAD RURAL, 
Uco Bank,WT245701,17.245318,80.139151,TELANGANA,Khammam, , 
South Indian Bank Ltd,07780001,17.2457,78.3721,TELANGANA,Ranga Reddy,Tondpalle,509325
Axis Bank Ltd,APCN27308,17.24575,80.15127,TELANGANA,Khammam,0,0
Bank Of Baroda,1VD402901,17.245797,80.137881,TELANGANA,Khammam,KHAMMAM,507003
HDFC Bank Ltd,P1ENKH02,17.2459,80.140299,TELANGANA,Khammam, , 
Lakshmi Vilas Bank Ltd,001DM044,17.24596,0.0,TELANGANA,Khammam, , 
Bank Of Baroda,1CRTSKH01,17.246132,80.1381674,TELANGANA,Khammam, ,507003
IDBI Bank Ltd,ID163701,17.24618,80.83224,TELANGANA,Khammam,Khammam,507303
State Bank Of India,S5BC018894621,17.246297,80.153314,TELANGANA,Khammam,KHAMMAM,507003
Union Bank Of India,H1381101,17.2463,80.138,TELANGANA,Khammam,KHAMMAM,508001
Union Bank Of India,D1381001,17.2463,80.138,TELANGANA,Khammam,KHAMMAM,508001
State Bank Of India,S5NE020324621,17.246306,80.13787,TELANGANA,Khammam,KHAMMAM, 
Axis Bank Ltd,BPRH287601,17.246439,80.13842,TELANGANA,Khammam,KHAMMAM, 
State Bank Of India,S1BG020324003,17.246483,80.137861,TELANGANA,Khammam,KHAMMAM (URBA, 
HDFC Bank Ltd,S1ACME55,17.2466,80.138299,TELANGANA,Khammam, , 
State Bank Of India,S1BW015383001,17.24665,78.95816,TELANGANA,Yadadri Bhuvanagiri,NALGONDA,508252
ICICI Bank Ltd,S1CNQ163,17.246683,80.138175,TELANGANA,Khammam, , 
State Bank Of India,S5NE005817621,17.246867,80.155412,TELANGANA,Khammam,KHAMMAM,507002
Union Bank Of India,H1550101,17.247,80.1689,TELANGANA,Khammam,KHAMMAM,517002
Union Bank Of India,N1550002,17.247,80.1689,TELANGANA,Khammam,KHAMMAM,517002
State Bank Of India,S1BJ013329001,17.24722,80.15139,TELANGANA,Khammam,KHAMMAM,507001
State Bank Of India,T1BS020161066,17.24725,80.151439,TELANGANA,Khammam,KHAMMAM, 
State Bank Of India,T1BS020161067,17.24725,80.151439,TELANGANA,Khammam,Khammam (Urban), 
State Bank Of India,T1NY020161044,17.24725,80.151439,TELANGANA,Khammam,JUBLEEPURA KHAMMAM, 
Kotak Mahindra Bank Limited,TLBN9505,17.24725,80.15144,TELANGANA,Khammam,Khammam,507003
Kotak Mahindra Bank Limited,KMBD2465,17.24725,80.151439,TELANGANA,Khammam,Khammam, 
Kotak Mahindra Bank Limited,TLON9196,17.247253,80.151445,TELANGANA,Khammam,Khammam,507001
Punjab National Bank,DA135901,17.247708,80.168027,TELANGANA,Khammam,KHAMMAM-ANDHRA PRADESH,507001
State Bank Of India,S5NE021604621,17.247717,78.486441,TELANGANA,Ranga Reddy,RANGAREDDY, 
ICICI Bank Ltd,SACWH972,17.247887,80.172569,TELANGANA,Khammam,Khammam, 
Kotak Mahindra Bank Limited,TLBN9253,17.24809,78.3956,TELANGANA,Ranga Reddy,Shamshabad,501218
HDFC Bank Ltd,P3DCKH02,17.2481,80.1475,TELANGANA,Khammam, , 
HDFC Bank Ltd,S1ACHD94,17.248138,80.147473,TELANGANA,Khammam,KHAMMAM, 
Union Bank Of India,W0750002,17.248275,80.144132,TELANGANA,Khammam,KHAMMAM,507002
Axis Bank Ltd,LWCW27312,17.248289,80.14783,TELANGANA,Khammam,KHAMMAM, 
Axis Bank Ltd,CWRO27304,17.248289,80.14783,TELANGANA,Khammam,KHAMMAM, 
Axis Bank Ltd,CWRO27302,17.248289,80.14783,TELANGANA,Khammam,KHAMMAM, 
State Bank Of India,S5NG020094622,17.248291,77.744311,TELANGANA,Vikarabad,RANGAREDDY, 
Axis Bank Ltd,DPRH440001,17.248598,80.147919,TELANGANA,Khammam,KHAMMAM, 
Union Bank Of India,LVIJ00101111111,17.24871,80.14653,TELANGANA,Khammam,Khammam,507001
ICICI Bank Ltd,SACWN826,17.248752,80.142616,TELANGANA,Khammam, , 
Union Bank Of India,COBW068510,17.24876,80.14712,TELANGANA,Khammam,KHAMMAM,507117
IndusInd Bank,MC049601,17.2488,78.90633,TELANGANA,Yadadri Bhuvanagiri,Choutuppal,508252
Lakshmi Vilas Bank Ltd,03790776,17.24894,0.0,TELANGANA,Khammam, , 
State Bank Of India,T1NH020175058,17.249761,78.895981,TELANGANA,Yadadri Bhuvanagiri,CHOUTUPPAL, 
State Bank Of India,S1BG005817018,17.249888,80.130088,TELANGANA,Khammam,KHAMMAM, 
Canara Bank,A3099001,17.2503,78.586,TELANGANA,Ranga Reddy,RANGAREDDY DIST,501101
State Bank Of India,S1NZ020161005,17.250391,80.158192,TELANGANA,Khammam,KHAMMAM, 
Indian Bank,IAPTH00801W1,17.2504371,78.8977037,TELANGANA,Yadadri Bhuvanagiri,NALGONDA,508252
ICICI Bank Ltd,S1CNP880,17.25052,80.155197,TELANGANA,Khammam, , 
ICICI Bank Ltd,S1CW4767,17.250529,80.155211,TELANGANA,Khammam,Khammam, 
City Union Bank Ltd,CUBFI284,17.250684,80.136261,TELANGANA,Khammam,KHAMMAM,507003
State Bank Of India,S1NW020161001,17.250751,80.135955,TELANGANA,Khammam,Khammam, 
State Bank Of India,T1NW020175074,17.250798,78.89958,TELANGANA,Yadadri Bhuvanagiri,HYDERABAD, 
Union Bank Of India,CBTD138610,17.2508,78.8972,TELANGANA,Yadadri Bhuvanagiri,NALGONDA,508252
City Union Bank Ltd,CUB01302,17.250808,80.136431,TELANGANA,Khammam,Khammam,507003
State Bank Of India,S5NE002705621,17.25083,78.89722,TELANGANA,Yadadri Bhuvanagiri,NALGONDA,508252
Indian Bank,S1AC1271,17.250833,78.897222,TELANGANA,Yadadri Bhuvanagiri,NALGONDA,508252
State Bank Of India,S5NG020161622,17.250868,80.157364,TELANGANA,Khammam,KHAMMAM, 
State Bank Of India,S5NE020780621,17.25088,80.157477,TELANGANA,Khammam,KHAMMAM, 
Central Bank Of India,SCDH082001,17.25099,80.11093,TELANGANA,Khammam,KHAMMAM, 
Union Bank Of India,W2146001,17.251,80.1656,TELANGANA,Khammam,KHAMMAM,507002
Union Bank Of India,H2146101,17.251,80.1656,TELANGANA,Khammam,KHAMMAM,507002
Bank Of India,CHY8023,17.25108,80.14054,TELANGANA,Khammam,KHAMMAM, 
Indian Bank,S1AS1691,17.25116,78.437735,TELANGANA,Ranga Reddy,RENGAREDDY,501218
Indian Bank,S1H018461,17.25116,78.437735,TELANGANA,Ranga Reddy,RANGAREDDY,501218
Canara Bank,A3320001,17.25129,80.13398,TELANGANA,Khammam,KHAMMAM,507001
ICICI Bank Ltd,S1CNQ740,17.251399,80.1427,TELANGANA,Khammam, , 
Indusind Bank,MN170501,17.251415,80.143815,TELANGANA,Khammam,Khammam, 
ICICI Bank Ltd,S1VD7344,17.25143,80.14272,TELANGANA,Khammam,Khammam, 
State Bank Of India,S1NZ020161007,17.251434,80.159983,TELANGANA,Khammam,KHAMMAM, 
State Bank Of India,S5NC020161621,17.25146,80.13506,TELANGANA,Khammam,KHAMMAM (URBA, 
State Bank Of India,S5NL020161624,17.251463,80.135078,TELANGANA,Khammam,KHAMMAM (URBA, 
State Bank Of India,S5NL020161623,17.251464,80.135099,TELANGANA,Khammam,KHAMMAM (URBA, 
Union Bank Of India,W0750004,17.2515,80.144,TELANGANA,Khammam,KHAMMAM,507002
Union Bank Of India,H0750101,17.2515,80.144,TELANGANA,Khammam,KHAMMAM,507002
State Bank Of India,T1BW020165026,17.25154,80.154459,TELANGANA,Khammam,KHAMMAM, 
Axis Bank Ltd,APCN80108,17.25157,78.898519,TELANGANA,Yadadri Bhuvanagiri,CHOUTUPPAL, 
State Bank Of India,S1NG020161022,17.251729,80.139222,TELANGANA,Khammam,KHAMMAM (URBA, 
Karnataka Bank Ltd,KBNA4310,17.252099,80.140899,TELANGANA,Khammam,Khammam, 
Axis Bank Ltd,BPCN273805,17.2521967,78.58575,TELANGANA,Ranga Reddy,0,501101
Union Bank Of India,W0750003,17.25221,80.140849,TELANGANA,Khammam,KHAMMAM,507002
State Bank Of India,S5NL020094623,17.252236,77.746382,TELANGANA,Vikarabad,Vikarabad, 
Karnataka Bank Ltd,KBL09091,17.252281,80.134759,TELANGANA,Khammam, , 
State Bank Of India,S1BW021183002,17.252447,78.896841,TELANGANA,Yadadri Bhuvanagiri,CHOUTUPPAL, 
State Bank Of India,T1NW020161055,17.252459,80.13958,TELANGANA,Khammam,Khammam, 
State Bank Of India,S1NW002705005,17.252477,78.896779,TELANGANA,Yadadri Bhuvanagiri,CHOUTUPPAL, 
State Bank Of India,S5NE013329621,17.25248,80.13948,TELANGANA,Khammam,KHAMMAM,507001
State Bank Of India,S5NL002705622,17.252511,78.896721,TELANGANA,Yadadri Bhuvanagiri,CHOUTUPPAL, 
HDFC Bank Ltd,S1AWND02,17.2526,78.8986,TELANGANA,Yadadri Bhuvanagiri,Choutuppal,NULL
HDFC Bank Ltd,S1ACHE10,17.252609,78.898599,TELANGANA,Yadadri Bhuvanagiri, , 
State Bank Of India,S1BW020836002,17.252766,79.215594,TELANGANA,Nalgonda,THIRUMALAGIRI, 
State Bank Of India,T1NW020175073,17.252849,78.895196,TELANGANA,Yadadri Bhuvanagiri,Choutuppal, 
State Bank Of India,T1BS020175077,17.252849,78.895196,TELANGANA,Yadadri Bhuvanagiri,Choutuppal, 
State Bank Of India,S5NC020866621,17.253647,80.16786,TELANGANA,Khammam,Khammam, 
ICICI Bank Ltd,SACWF822,17.253879,77.585517,TELANGANA,Vikarabad, , 
ICICI Bank Ltd,SACWG882,17.253884,77.585517,TELANGANA,Vikarabad,Tandur, 
Bank Of Baroda,1VD415801,17.254082,77.585369,TELANGANA,Vikarabad,TANDUR,501141
Axis Bank Ltd,BPCN317302,17.254173,78.893182,TELANGANA,Yadadri Bhuvanagiri,0,508252
Union Bank Of India,H1265101,17.2542,78.8931,TELANGANA,Yadadri Bhuvanagiri,CHOUTUPPAL,508252
State Bank Of India,T1NY020161045,17.254599,80.160359,TELANGANA,Khammam,KHAMMAM, 
State Bank Of India,T1NY020161056,17.25463,80.147082,TELANGANA,Khammam,KHAMMAM, 
State Bank Of India,T1NW020161047,17.25543,80.172571,TELANGANA,Khammam,"ROTARI NAGAR, KHAMMAM", 
State Bank Of India,T1NY020175059,17.255662,78.883965,TELANGANA,Yadadri Bhuvanagiri,CHOUTUPPAL, 
ICICI Bank Ltd,SACWH889,17.255664,80.153735,TELANGANA,Khammam,Khammam, 
HDFC Bank Ltd,P3ENHD61,17.2558,78.8874,TELANGANA,Yadadri Bhuvanagiri,Choutuppal,NULL
HDFC Bank Ltd,S1AWTN11,17.2561,77.588,TELANGANA,Vikarabad,Tandur,NULL
HDFC Bank Ltd,S1ANTN11,17.2561,77.5881,TELANGANA,Vikarabad,Tandur,NULL
HDFC Bank Ltd,S1ACAP34,17.2561,80.162899,TELANGANA,Khammam, , 
HDFC Bank Ltd,S1ANHY20,17.2562,77.5881,TELANGANA,Vikarabad,Tandur,NULL
Canara Bank,0775EP01,17.256217,80.13797,TELANGANA,Khammam, , 
Canara Bank,84846882,17.256217,80.13797,TELANGANA,Khammam, , 
Axis Bank Ltd,LWCW27313,17.256629,80.15987,TELANGANA,Khammam,KHAMMAM, 
Axis Bank Ltd,CWCW27307,17.25663,80.15987,TELANGANA,Khammam,0,0
State Bank Of India,T1NW020161037,17.256886,80.142674,TELANGANA,Khammam,"BURHANPURAM, KHAMMAM", 
State Bank Of India,S5NE020086621,17.256889,77.587781,TELANGANA,Vikarabad,RANGAREDDY, 
State Bank Of India,T1NW020161028,17.257295,80.159798,TELANGANA,Khammam,KHAMMAM, 
State Bank Of India,T1NW020161042,17.257308,80.138787,TELANGANA,Khammam,"SAMBHANI NAGAR, KHAMMA", 
HDFC Bank Ltd,P3FNHY12,17.257424,78.418189,TELANGANA,Ranga Reddy,HYDERABAD, 
Lakshmi Vilas Bank Ltd,002DM555,17.257449,0.0,TELANGANA,Khammam, , 
State Bank Of India,S1BW020519001,17.257591,78.02615,TELANGANA,Vikarabad,CHENGOMAL, 
Canara Bank,A3079001,17.2576,78.3344,TELANGANA,Ranga Reddy,NARKHODA,509218
State Bank Of India,S5NL021320621,17.257745,80.146291,TELANGANA,Khammam,KOTHAGUDEM, 
State Bank Of India,S1BW020417001,17.257759,77.587982,TELANGANA,Vikarabad,TANDUR, 
State Bank Of India,S1BG020086002,17.257793,77.588005,TELANGANA,Vikarabad,TANDUR, 
State Bank Of India,S1NG020086003,17.257834,77.588059,TELANGANA,Vikarabad,THANDUR, 
Bank Of India,IHY8004,17.25802,80.14255,TELANGANA,Khammam, ,507001
Canara Bank,0775WS01,17.258058,80.144495,TELANGANA,Khammam, , 
State Bank Of India,T1NW020161051,17.258454,80.140642,TELANGANA,Khammam,KHAMMAM, 
Bank Of Baroda,5DEN04543,17.258503,77.584064,TELANGANA,Vikarabad,TANDUR,501141
State Bank Of India,T1NS020176016,17.258699,79.575568,TELANGANA,Suryapet,SURYAPET, 
Union Bank Of India,WHYD10301111111,17.25908,78.67855,TELANGANA,Ranga Reddy, , 
ICICI Bank Ltd,SACWF650,17.259817,78.680366,TELANGANA,Ranga Reddy,ABDULLAHPUR, 
ICICI Bank Ltd,SACWJ482,17.260257,78.384658,TELANGANA,Ranga Reddy, , 
South Indian Bank Ltd,07780002,17.2604,78.3855,TELANGANA,Ranga Reddy,Tondpalle,501218
State Bank Of India,S1BW021710001,17.260667,80.153744,TELANGANA,Khammam,HYDERABAD, 
State Bank Of India,T1NW020161054,17.260669,80.166189,TELANGANA,Khammam,KHAMMAM, 
Axis Bank Ltd,CWCW86702,17.260752,78.386167,TELANGANA,Ranga Reddy,0,0
Axis Bank Ltd,S3RH86701,17.260751,78.386167,TELANGANA,Ranga Reddy, , 
State Bank Of India,T1NW020161029,17.260764,80.144144,TELANGANA,Khammam,KHAMMAM, 
Axis Bank Ltd,TPCN113410,17.2613692,78.5921616,TELANGANA,Ranga Reddy,0,501510
Axis Bank Ltd,DPRH113404,17.261369,78.592159,TELANGANA,Ranga Reddy,TURKAYAMJAL, 
HDFC Bank Ltd,P1DCHD51,17.2615,78.3862,TELANGANA,Ranga Reddy,Hyderabad,NULL
HDFC Bank Ltd,S1ANHB52,17.2615,78.3862,TELANGANA,Ranga Reddy,Hyderabad,NULL
Yes Bank Ltd,SSHPB437,17.26164,78.38816,TELANGANA,Ranga Reddy,Shamshabad, 
State Bank Of India,S5NE010386621,17.26167,78.49139,TELANGANA,Ranga Reddy,RANGAREDDY,500069
Bank Of India,AHY8025,17.261999,78.2653,TELANGANA,Ranga Reddy, , 
State Bank Of India,T1NW020161035,17.262076,80.158564,TELANGANA,Khammam,KHAMMAM, 
HDFC Bank Ltd,P1DCHY95,17.2621,78.3838,TELANGANA,Ranga Reddy,Hyderabad,NULL
Bank Of Baroda,1VW409401,17.262969,78.384082,TELANGANA,Ranga Reddy,SHAMSABAD,501218
Canara Bank,A3094001,17.262975,78.385629,TELANGANA,Ranga Reddy, , 
Canara Bank,A3094002,17.263051,78.385793,TELANGANA,Ranga Reddy, , 
Kotak Mahindra Bank Limited,EDBD2475,17.26333,80.101677,TELANGANA,Khammam,Edulapuram, 
State Bank Of India,T1NS020175045,17.263332,80.095742,TELANGANA,Khammam,GOLLAGUDEM NALGONDA TOM, 
Axis Bank Ltd,APCN86709,17.26373,78.38831,TELANGANA,Ranga Reddy,0,0
Punjab National Bank,WA131812,17.263859,78.386231,TELANGANA,Ranga Reddy,RANGA REDDY - ANDHRA PRADESH,501218
Punjab National Bank,DA131801,17.263859,78.38623,TELANGANA,Ranga Reddy, , 
State Bank Of India,S1BW020583001,17.264393,77.970323,TELANGANA,Vikarabad,PUDUR, 
Union Bank Of India,H1410101,17.2646,78.3706,TELANGANA,Ranga Reddy,HYDERABAD,501218
Union Bank Of India,N1410005,17.2646,78.3706,TELANGANA,Ranga Reddy,HYDERABAD,501218
IDBI Bank Ltd,ID163601,17.26463,78.10661,TELANGANA,Ranga Reddy,Rangareddi,501401
State Bank Of India,S5NC014676621,17.26486,78.22316,TELANGANA,Ranga Reddy,RANGAREDDY,500081
State Bank Of India,S5NE020802621,17.265173,78.391399,TELANGANA,Ranga Reddy,HYDERABAD, 
State Bank Of India,S5NE011077621,17.26528,78.39111,TELANGANA,Ranga Reddy,RANGAREDDY,501218
State Bank Of India,S1BG020802004,17.265295,78.391336,TELANGANA,Ranga Reddy,SHAMSHABAD, 
Union Bank Of India,CBTD138740,17.265377,78.392638,TELANGANA,Ranga Reddy, , 
State Bank Of India,S1NZ000847132,17.26547,78.39276,TELANGANA,Ranga Reddy,HYDERABAD,500008
State Bank Of India,T1NW020161043,17.266784,80.128065,TELANGANA,Khammam,KHAMMAM, 
ICICI Bank Ltd,S1CWK365,17.268705,78.685562,TELANGANA,Ranga Reddy, , 
State Bank Of India,S5NL020780622,17.269734,80.158278,TELANGANA,Khammam,ZILLA PARISHAD KHAMMAM, 
State Bank Of India,T1NW020293011,17.270208,81.00376,TELANGANA,Bhadradri Kothagudem,DAMMAPET, 
ICICI Bank Ltd,SCVDJ955,17.271623,78.669792,TELANGANA,Ranga Reddy, , 
State Bank Of India,S5NE020831621,17.271624,81.006784,TELANGANA,Bhadradri Kothagudem,Dammapeta, 
State Bank Of India,T1NW020161030,17.272357,80.163084,TELANGANA,Khammam,KHAMMAM, 
HDFC Bank Ltd,P3ECHY16,17.27286,78.58305,TELANGANA,Ranga Reddy, , 
State Bank Of India,T1BS003026302,17.273085,78.539204,TELANGANA,Ranga Reddy,HYDERABAD, 
State Bank Of India,T1BS003026281,17.273259,78.588689,TELANGANA,Ranga Reddy,Ibrahimpatnam, 
State Bank Of India,S1BB020597001,17.273266,78.816417,TELANGANA,Yadadri Bhuvanagiri,CHOUTUPPAL, 
State Bank Of India,T1NW000916164,17.273749,78.583528,TELANGANA,Ranga Reddy,Hyderabad, 
Bank Of Baroda,1FDRGR07,17.274183,78.588418,TELANGANA,Ranga Reddy, ,501510
State Bank Of India,S5NE020094621,17.274779,77.73208,TELANGANA,Vikarabad,Vikarabad, 
Union Bank Of India,H1246101,17.275,78.5901,TELANGANA,Ranga Reddy,HYDERABAD,501510
State Bank Of India,S5NC002714623,17.27509,78.34441,TELANGANA,Ranga Reddy,RANGAREDDY,500038
Union Bank Of India,DHYD09101111111,17.276296,78.103358,TELANGANA,Ranga Reddy,Ranga Reddy,500011
Bank Of Maharashtra,WA1266A1,17.2763,78.571763,TELANGANA,Ranga Reddy, ,500062
Bank Of Maharashtra,PA157701,17.27664,78.510358,TELANGANA,Ranga Reddy,BALAPUR,500005
Bank Of Baroda,1FDRGR14,17.28,78.63,TELANGANA,Ranga Reddy, ,501511
Union Bank Of India,N1876002,17.2803,80.1831,TELANGANA,Khammam,KHAMMAM,507002
Union Bank Of India,W1421002,17.2821,78.5376,TELANGANA,Ranga Reddy,HYDERABAD,501510
State Bank Of India,T1NH003026159,17.282522,78.503375,TELANGANA,Ranga Reddy,HYDERABAD, 
State Bank Of India,T1BS003026301,17.282556,78.411575,TELANGANA,Ranga Reddy,SHAMSHABAD, 
IDBI Bank Ltd,TC111411,17.2827,78.05168,TELANGANA,Ranga Reddy,Rangareddi,500050
Canara Bank,A3080001,17.282791,78.643203,TELANGANA,Ranga Reddy, , 
Bank Of India,AHY9044,17.28361,78.474722,TELANGANA,Ranga Reddy,HYDERABAD, 
IDBI Bank Ltd,ID172201,17.28383,77.93907,TELANGANA,Vikarabad,Rangareddi,500078
Union Bank Of India,W0885001,17.2859,80.8876,TELANGANA,Bhadradri Kothagudem, , 
State Bank Of India,T1NS020175044,17.286152,78.916581,TELANGANA,Yadadri Bhuvanagiri,GM COMPLEX CHOUTUPPAL, 
ICICI Bank Ltd,S1VDB892,17.287452,78.472935,TELANGANA,Ranga Reddy,Hyderabad, 
ICICI Bank Ltd,S1CNI180,17.287452,78.472935,TELANGANA,Ranga Reddy,Hyderabad, 
ICICI Bank Ltd,SPCNF383,17.289841,78.612371,TELANGANA,Ranga Reddy,Hyderabad, 
State Bank Of India,S5BE010098621,17.29001,78.23134,TELANGANA,Ranga Reddy,RANGAREDDY,500072
State Bank Of India,S1NB011080003,17.290643,78.394437,TELANGANA,Ranga Reddy,HAYATHNAGAR, 
State Bank Of India,T1NS020176019,17.290712,78.393884,TELANGANA,Ranga Reddy,HYDERABAD, 
State Bank Of India,S1NG020183001,17.290959,79.094204,TELANGANA,Yadadri Bhuvanagiri,RAMANNAPET, 
State Bank Of India,S5NC013152621,17.29113,78.36402,TELANGANA,Ranga Reddy,RANGAREDDY,500001
State Bank Of India,S1BW013152003,17.291132,78.364017,TELANGANA,Ranga Reddy,RANGAREDDY,500083
State Bank Of India,S5BE063947622,17.29163,78.18503,TELANGANA,Ranga Reddy,HYDERABAD, 
State Bank Of India,S1BW020183002,17.291814,79.089298,TELANGANA,Yadadri Bhuvanagiri,Ramannapeta, 
State Bank Of India,S5NC006314622,17.29192,78.186,TELANGANA,Ranga Reddy,RANGAREDDY,500050
State Bank Of India,S1BB018886001,17.292731,78.444162,TELANGANA,Ranga Reddy,RANGAREDDY, 
State Bank Of India,S5NC012739621,17.29282,78.34289,TELANGANA,Ranga Reddy,RANGAREDDY,500062
State Bank Of India,T1BF003026312,17.293988,78.56579,TELANGANA,Ranga Reddy,SHABAD, 
State Bank Of India,S5NE004275621,17.29413,78.23587,TELANGANA,Ranga Reddy,RANGAREDDY,500072
State Bank Of India,T1BS003026289,17.29436,78.44992,TELANGANA,Ranga Reddy,Charminar, 
Canara Bank,62920085,17.29457,78.440719,TELANGANA,Ranga Reddy, , 
South Indian Bank Ltd,06920001,17.2951,78.5036,TELANGANA,Ranga Reddy,Badangpet,500058
Axis Bank Ltd,BPCN149825,17.29514,78.477719,TELANGANA,Ranga Reddy,HYDERABAD, 
State Bank Of India,S5NC012946621,17.29532,78.30097,TELANGANA,Ranga Reddy,RANGAREDDY,500015
HDFC Bank Ltd,P3ENVK01,17.29564,78.48798,TELANGANA,Ranga Reddy, , 
Yes Bank Ltd,SHPO1068,17.29684,78.2905,TELANGANA,Ranga Reddy,Hyderabad, 
State Bank Of India,S1NB003026007,17.296886,78.480916,TELANGANA,Ranga Reddy,AMBERPET, 
State Bank Of India,T1NY020161059,17.296999,80.1763,TELANGANA,Khammam,KHAMMAM, 
Canara Bank,A3319001,17.29739,78.39276,TELANGANA,Ranga Reddy,MUNAGANOOR,501511
State Bank Of India,S1NZ020161008,17.297592,80.19681,TELANGANA,Khammam,KHAMMAM, 
State Bank Of India,S1BB020446001,17.297643,77.481538,TELANGANA,Vikarabad,TANDUR, 
Bank Of India,IHY8026,17.297739,0.0,TELANGANA,Ranga Reddy, , 
State Bank Of India,S1BW020763001,17.297875,79.388331,TELANGANA,Nalgonda,SHALIGOURARAM, 
State Bank Of India,S5NL021269621,17.298118,78.476621,TELANGANA,Ranga Reddy,Hyderabad, 
State Bank Of India,T1NH003026185,17.299533,78.534844,TELANGANA,Ranga Reddy,HYDERABAD, 
Bank Of Baroda,1VW418401,17.299552,78.568133,TELANGANA,Ranga Reddy,BADANGPET,501510
State Bank Of India,S1BW017236001,17.299831,78.464917,TELANGANA,Hyderabad,BANDLAGUDA, 
State Bank Of India,S5NL021357621,17.299846,78.464914,TELANGANA,Hyderabad,BANDLAGUDA, 
State Bank Of India,S1BW061232001,17.300311,78.633853,TELANGANA,Ranga Reddy,Ibrahimpatnam, 
Axis Bank Ltd,AWCW86718,17.301038,78.437037,TELANGANA,Ranga Reddy,HYDERABAD, 
State Bank Of India,T1NF003026239,17.301119,78.4377,TELANGANA,Ranga Reddy,HYDERABAD, 
Bank Of India,CHY9020,17.301221,78.585026,TELANGANA,Ranga Reddy,INJAPUR, 
State Bank Of India,S1BJ000916130,17.3018,78.32255,TELANGANA,Ranga Reddy,MAHBUBNAGAR,500061
Union Bank Of India,W2976001,17.3024,78.5239,TELANGANA,Ranga Reddy,BADANGPET,500058
State Bank Of India,S5NC014675621,17.30266,78.29534,TELANGANA,Ranga Reddy,RANGAREDDY,500010
ICICI Bank Ltd,S1CNP308,17.303863,78.525085,TELANGANA,Ranga Reddy, , 
Canara Bank,A3305001,17.304599,78.521539,TELANGANA,Ranga Reddy, , 
State Bank Of India,T1NS003026251,17.304712,78.52135,TELANGANA,Ranga Reddy,HYDERABAD, 
State Bank Of India,T1NF003026250,17.30474,78.466704,TELANGANA,Hyderabad,HYDERABAD, 
Axis Bank Ltd,BPCN149813,17.3054167,78.4747283,TELANGANA,Ranga Reddy,0,500005
Axis Bank Ltd,BPCN149818,17.305419,78.474729,TELANGANA,Ranga Reddy,HYDERABAD, 
Axis Bank Ltd,TPCN130529,17.305449,78.474349,TELANGANA,Ranga Reddy,RANGAREDDY, 
State Bank Of India,S1BB063996001,17.305883,78.688695,TELANGANA,Ranga Reddy,RANGAREDDY, 
State Bank Of India,T1BY003026257,17.306151,78.531472,TELANGANA,Ranga Reddy,Charminar, 
Axis Bank Ltd,DPRH113403,17.30643,78.428249,TELANGANA,Ranga Reddy,RAJENDRANAGAR, 
Axis Bank Ltd,BPCN113406,17.3064327,78.4282459,TELANGANA,Ranga Reddy,0,500077
Axis Bank Ltd,BPCN149810,17.3065633,78.428485,TELANGANA,Ranga Reddy,0,500077
Axis Bank Ltd,BWCW149821,17.306662,78.468612,TELANGANA,Hyderabad,HYDERABAD, 
State Bank Of India,S1BB061249001,17.307981,78.466848,TELANGANA,Hyderabad,CHARMINAR, 
Bank Of India,CHY8037,17.308409,78.1398,TELANGANA,Ranga Reddy,HYDERABAD, 
Canara Bank,62203904,17.30914,78.1424,TELANGANA,Ranga Reddy,CHEVELLA,501503
Axis Bank Ltd,APCN86707,17.3091997,78.5330313,TELANGANA,Ranga Reddy,0,501510
Union Bank Of India,N1121008,17.31,78.56,TELANGANA,Ranga Reddy,HYDERABAD,500070
Canara Bank,A3314001,17.310069,78.524234,TELANGANA,Ranga Reddy, , 
HDFC Bank Ltd,P3FNHY32,17.310251,78.522448,TELANGANA,Ranga Reddy,HYDERABAD, 
Axis Bank Ltd,BPRH126601,17.310719,78.14163,TELANGANA,Ranga Reddy, , 
Central Bank Of India,SCRH19281S,17.311019,78.682708,TELANGANA,Ranga Reddy, , 
Union Bank Of India,N0757001,17.3114,80.04,TELANGANA,Khammam,BEEROLE,507161
State Bank Of India,S5NL020074622,17.311843,78.393269,TELANGANA,Ranga Reddy,BANDLAGUDA, 
State Bank Of India,S1NW020074002,17.311869,78.389944,TELANGANA,Ranga Reddy,HYDERABAD, 
State Bank Of India,T1NS003026227,17.3119,78.553355,TELANGANA,Ranga Reddy,Saroornagar, 
Karnataka Bank Ltd,KBL09016,17.3119,78.393023,TELANGANA,Ranga Reddy,Rajendranagar,500048
Union Bank Of India,W2426001,17.3121,78.6828,TELANGANA,Ranga Reddy,ABDULLAPURMET,501505
Axis Bank Ltd,DPRH126602,17.31241,78.13987,TELANGANA,Ranga Reddy,CHEVELLA, 
State Bank Of India,T1NF003026247,17.312559,78.562655,TELANGANA,Ranga Reddy,SECUNDERABAD, 
ICICI Bank Ltd,SACWM277,17.312881,78.439826,TELANGANA,Ranga Reddy, , 
ICICI Bank Ltd,SACWC692,17.312881,78.439826,TELANGANA,Ranga Reddy, , 
HDFC Bank Ltd,P1DCHY93,17.31306,78.522833,TELANGANA,Ranga Reddy, , 
State Bank Of India,T1BS003026272,17.313109,78.48256,TELANGANA,Ranga Reddy,Charminar, 
State Bank Of India,S1BW010386001,17.313534,78.505962,TELANGANA,Ranga Reddy,HYDERABAD, 
State Bank Of India,S5NL020089621,17.313535,78.139467,TELANGANA,Ranga Reddy,CHEVELLA, 
State Bank Of India,S5NL020637621,17.313577,78.250734,TELANGANA,Ranga Reddy,MOINABAD, 
State Bank Of India,S1BW020637002,17.313579,78.250722,TELANGANA,Ranga Reddy,MOINNABAD, 
State Bank Of India,S1BW020089002,17.313582,78.139263,TELANGANA,Ranga Reddy,CHEVELLA, 
State Bank Of India,T1BS003026283,17.3137,78.51075,TELANGANA,Ranga Reddy,Charminar, 
State Bank Of India,T1NW020184021,17.313713,78.393377,TELANGANA,Ranga Reddy,RAJENDHRANAGAR, 
State Bank Of India,S1NB061700001,17.31386,78.411951,TELANGANA,Ranga Reddy,BANDLAGUDA, 
State Bank Of India,S1BW020965001,17.31397,78.40255,TELANGANA,Ranga Reddy,Rajendranagar, 
State Bank Of India,T1NF003026197,17.314003,78.445539,TELANGANA,Ranga Reddy,HYDERABAD, 
Union Bank Of India,W2064001,17.3145,78.4452,TELANGANA,Ranga Reddy,MYLARAM,500005
Union Bank Of India,H2064101,17.3145,78.4452,TELANGANA,Ranga Reddy,MYLARAM,500005
ICICI Bank Ltd,SECNH489,17.314593,78.446749,TELANGANA,Ranga Reddy,Hyderabad, 
Axis Bank Ltd,BWCW306105,17.3146,78.56225,TELANGANA,Ranga Reddy,HYDERABAD, 
Axis Bank Ltd,DWRO453501,17.31494,78.446894,TELANGANA,Ranga Reddy,KATTEDAN, 
State Bank Of India,T1NH000916180,17.315032,78.606155,TELANGANA,Ranga Reddy,HYDERABAD, 
State Bank Of India,S1NZ000847160,17.315108,78.458362,TELANGANA,Hyderabad,HYDERABAD,500072
State Bank Of India,S5NL020378621,17.315374,78.403082,TELANGANA,Ranga Reddy,BAHADURPURA, 
Axis Bank Ltd,DPRH149807,17.31571,78.441977,TELANGANA,Ranga Reddy,HYDERABAD, 
State Bank Of India,T1BS003026303,17.315739,78.522837,TELANGANA,Ranga Reddy,HYDERABAD, 
HDFC Bank Ltd,P1ENHY17,17.3158,78.4661,TELANGANA,Hyderabad,Hyderabad,NULL
State Bank Of India,T1NY003026175,17.315852,78.604653,TELANGANA,Ranga Reddy,HYDERABAD, 
ICICI Bank Ltd,SACWF758,17.315977,78.479016,TELANGANA,Ranga Reddy, , 
State Bank Of India,S1BG020356002,17.316029,78.481147,TELANGANA,Ranga Reddy,CHARMINAR, 
Karnataka Bank Ltd,KBNA9780,17.3164,78.563,TELANGANA,Ranga Reddy,b n reddy nagar, 
State Bank Of India,S1BB011077001,17.316427,78.449512,TELANGANA,Ranga Reddy,SHAMSHABAD, 
State Bank Of India,S1BW021425001,17.316433,79.137089,TELANGANA,Yadadri Bhuvanagiri,RAMANNAPET, 
State Bank Of India,T1NH003026161,17.316601,78.465789,TELANGANA,Hyderabad,HYDERABAD, 
State Bank Of India,T1NY003026201,17.316712,78.606541,TELANGANA,Ranga Reddy,HYDERABAD, 
Bank Of Maharashtra,WA1138T1,17.31712,78.552791,TELANGANA,Ranga Reddy,BUCHAIAH GOUD- HYDERABAD,500059
HDFC Bank Ltd,P3ENHY86,17.317198,78.558987,TELANGANA,Ranga Reddy, , 
State Bank Of India,S1NB003026002,17.317265,78.537196,TELANGANA,Ranga Reddy,AMBERPET, 
State Bank Of India,T1NS020100022,17.317371,79.127497,TELANGANA,Yadadri Bhuvanagiri,DUBBAKA, 
Union Bank Of India,N1785002,17.317404,78.552022,TELANGANA,Ranga Reddy,HYDERABAD, 
Canara Bank,8787796,17.317529,78.518411,TELANGANA,Ranga Reddy, , 
State Bank Of India,S1BB003184006,17.317624,78.517927,TELANGANA,Ranga Reddy,SAROORNAGAR, 
Axis Bank Ltd,DPRH259203,17.31763,78.43442,TELANGANA,Ranga Reddy,MEDCHAL, 
State Bank Of India,S1BB003026129,17.317856,78.469814,TELANGANA,Hyderabad,HYDERABAD,500058
State Bank Of India,T1NS003026253,17.318471,78.566371,TELANGANA,Ranga Reddy,Saroornagar, 
State Bank Of India,S1BW021463002,17.31887,78.558541,TELANGANA,Ranga Reddy,HYDERABAD, 
Axis Bank Ltd,BPCN149812,17.3190183,78.43436,TELANGANA,Ranga Reddy,0,500077
Union Bank Of India,H1415101,17.3193,78.1384,TELANGANA,Ranga Reddy,CHEVELLA,501503
State Bank Of India,S1NG022073001,17.319344,78.520181,TELANGANA,Ranga Reddy,Hyderabad, 
State Bank Of India,T1NY003026228,17.31937,78.51902,TELANGANA,Ranga Reddy,HYDERABAD, 
State Bank Of India,T1NW000916166,17.319457,78.571908,TELANGANA,Ranga Reddy,HYDERABAD, 
ICICI Bank Ltd,SACWM019,17.319488,78.519233,TELANGANA,Ranga Reddy, , 
ICICI Bank Ltd,SACWM060,17.319488,78.519233,TELANGANA,Ranga Reddy, , 
Bank Of Baroda,1FDRGR17,17.319528,78.448196,TELANGANA,Ranga Reddy, ,500075
Canara Bank,A3098001,17.3196,78.647,TELANGANA,Ranga Reddy,PEDDA AMBERPET,501505
Union Bank Of India,W1045005,17.31963,78.51893,TELANGANA,Ranga Reddy,HYDERABAD,500058
Union Bank Of India,L1045004,17.319658,78.518913,TELANGANA,Ranga Reddy,HYDERABAD,500058
Karur Vysya Bank Ltd,S1AC0148102,17.319696,78.518814,TELANGANA,Ranga Reddy,HYDERABAD,500097
State Bank Of India,T1BW000916253,17.319732,78.491627,TELANGANA,Hyderabad,Charminar, 
Axis Bank Ltd,BWCW306204,17.31974,78.54321,TELANGANA,Ranga Reddy,HYDERABAD, 
Punjab National Bank,DA110058,17.319967,78.607242,TELANGANA,Ranga Reddy, , 
HDFC Bank Ltd,P1DCHY41,17.319986,78.518425,TELANGANA,Ranga Reddy, , 
Axis Bank Ltd,BPCN273804,17.320273,78.639969,TELANGANA,Ranga Reddy,0,501505
Axis Bank Ltd,CECN86713,17.3203,78.4018,TELANGANA,Ranga Reddy, , 
Axis Bank Ltd,BWCW273807,17.320351,78.571339,TELANGANA,Ranga Reddy, , 
State Bank Of India,S1BW003026033,17.320415,78.493557,TELANGANA,Hyderabad,SAIDABAD, 
State Bank Of India,S1NB003026001,17.320418,78.493547,TELANGANA,Hyderabad,GOLCONDA, 
State Bank Of India,S5NE003026621,17.320419,78.493566,TELANGANA,Hyderabad,AMEERPET, 
State Bank Of India,T1NY003026165,17.320531,78.527685,TELANGANA,Ranga Reddy,HYDERABAD, 
Indian Overseas Bank,IOB6955,17.320533,78.624364,TELANGANA,Ranga Reddy,HAYAT NAGAR,0
City Union Bank Ltd,CUB01684,17.320582,78.529125,TELANGANA,Ranga Reddy,Nalkonda,508001
City Union Bank Ltd,CUB01667,17.320582,78.529125,TELANGANA,Ranga Reddy,HYDERABAD,500097
ICICI Bank Ltd,SECNL250,17.320738,78.563894,TELANGANA,Ranga Reddy,Hyderabad, 
State Bank Of India,S1BG020335002,17.320826,78.432947,TELANGANA,Ranga Reddy,RAJENDRANAGAR, 
Axis Bank Ltd,DPRH130503,17.320885,78.561675,TELANGANA,Ranga Reddy,HYDERABAD, 
Axis Bank Ltd,TPCN130513,17.320885,78.561675,TELANGANA,Ranga Reddy,0,500079
Union Bank Of India,H1121101,17.3209,78.5616,TELANGANA,Ranga Reddy,HYDERABAD,500070
Union Bank Of India,W1121005,17.3209,78.5616,TELANGANA,Ranga Reddy,HYDERABAD,500070
ICICI Bank Ltd,SACWH900,17.320985,78.53704,TELANGANA,Ranga Reddy, , 
HDFC Bank Ltd,P1DCHY24,17.321,78.5633,TELANGANA,Ranga Reddy,Hyderabad,NULL
HDFC Bank Ltd,E1ACHD03,17.321,78.5633,TELANGANA,Ranga Reddy,Hyderabad,NULL
Union Bank Of India,H0976101,17.321,79.1549,TELANGANA,Yadadri Bhuvanagiri,MUNIPAMPULA,508113
State Bank Of India,S1BG020335005,17.321108,78.433108,TELANGANA,Ranga Reddy,RAJENDRANAGAR, 
State Bank Of India,T1NH003026170,17.321127,78.489418,TELANGANA,Hyderabad,HYDERABAD, 
State Bank Of India,T1NS003026210,17.321127,78.492465,TELANGANA,Hyderabad,HYDERABAD, 
Union Bank Of India,W1255004,17.321171,78.398522,TELANGANA,Ranga Reddy,HYDERABAD,500030
State Bank Of India,T1BY003026258,17.321175,78.440174,TELANGANA,Ranga Reddy,HYDERABAD, 
State Bank Of India,S5NE003026622,17.322127,78.493479,TELANGANA,Hyderabad,HYDERABAD, 
Union Bank Of India,N1255006,17.3213,78.3987,TELANGANA,Ranga Reddy,HYDERABAD,500030
Union Bank Of India,H1255101,17.3215,78.3829,TELANGANA,Ranga Reddy,HYDERABAD,500030
Union Bank Of India,N1255007,17.3215,78.3829,TELANGANA,Ranga Reddy,HYDERABAD,500030
State Bank Of India,S1N6000847233,17.321572,78.53462,TELANGANA,Ranga Reddy,HYDERABAD, 
Karnataka Bank Ltd,KBL19066,17.3217,78.4319,TELANGANA,Ranga Reddy,Hyderabad,500052
HDFC Bank Ltd,P3ENHE51,17.321699,78.53929,TELANGANA,Ranga Reddy, , 
State Bank Of India,S1BW020335004,17.321869,78.427802,TELANGANA,Ranga Reddy,RAJENDRANAGAR, 
HDFC Bank Ltd,S1ANHD46,17.3219,78.5729,TELANGANA,Ranga Reddy,Hyderabad,NULL
Union Bank Of India,D1341001,17.321934,78.5276,TELANGANA,Ranga Reddy,HYDERABAD,500079
ICICI Bank Ltd,SACWG567,17.321958,78.402584,TELANGANA,Ranga Reddy,Hyderabad, 
Karur Vysya Bank Ltd,S1AC0148105,17.322032,78.52812,TELANGANA,Ranga Reddy,HYDERABAD,500079
Karur Vysya Bank Ltd,S1AC0148101,17.322067,78.528162,TELANGANA,Ranga Reddy,HYDERABAD,500079
State Bank Of India,S1BB005916116,17.322157,78.528224,TELANGANA,Ranga Reddy,RANGAREDDY,500028
Axis Bank Ltd,APCN42609,17.3222427,78.4027173,TELANGANA,Ranga Reddy,0,500030
Canara Bank,11784482,17.322247,78.402595,TELANGANA,Ranga Reddy, , 
Canara Bank,8787880,17.322249,78.402595,TELANGANA,Ranga Reddy, , 
State Bank Of India,S5NE020074621,17.322265,78.402356,TELANGANA,Ranga Reddy,HYDERABAD, 
Bank Of Baroda,1VW406101,17.322296,80.692401,TELANGANA,Bhadradri Kothagudem,YERRAGUNTA,507316
State Bank Of India,S1BW017895001,17.322298,78.532624,TELANGANA,Ranga Reddy,HYDERABAD, 
Union Bank Of India,W1341002,17.322356,78.527905,TELANGANA,Ranga Reddy,HYDERABAD,500079
State Bank Of India,T1NF003026246,17.322466,78.489334,TELANGANA,Hyderabad,Saroornagar, 
Central Bank Of India,D11D325211,17.322467,78.402948,TELANGANA,Ranga Reddy, , 
State Bank Of India,S1N6000847018,17.322556,78.529909,TELANGANA,Ranga Reddy,SECUNDERABAD, 
State Bank Of India,S1BW003026083,17.322612,78.536118,TELANGANA,Ranga Reddy,HYDERABAD,500011
State Bank Of India,T1NH003026178,17.322643,78.491864,TELANGANA,Hyderabad,HYDERABAD, 
State Bank Of India,S1BB003026294,17.322679,78.4175,TELANGANA,Ranga Reddy,HYDERABAD, 
Bank Of Baroda,1FNRAN02,17.322798,78.528002,TELANGANA,Ranga Reddy, ,500097
State Bank Of India,T1BY000916272,17.32283,78.488994,TELANGANA,Hyderabad,Charminar, 
Karur Vysya Bank Ltd,S1AC0149803,17.322832,78.480374,TELANGANA,Hyderabad,HYDERABAD,500005
HDFC Bank Ltd,P1DCHY01,17.323,78.528,TELANGANA,Ranga Reddy,Hyderabad,NULL
Union Bank Of India,N2064002,17.3231,78.4695,TELANGANA,Hyderabad,MYLARAM,500005
Axis Bank Ltd,BPCN149811,17.3232667,78.4698183,TELANGANA,Hyderabad,0,500010
Axis Bank Ltd,DPRH149803,17.32327,78.469819,TELANGANA,Hyderabad,HYDERABAD, 
IndusInd Bank,MC000422,17.323465,78.564748,TELANGANA,Ranga Reddy,HYDERABAD,500070
Axis Bank Ltd,BWCW273811,17.323509,78.56323,TELANGANA,Ranga Reddy,HYDERABAD, 
Union Bank Of India,W1341003,17.3237,78.5284,TELANGANA,Ranga Reddy,HYDERABAD,500079
Union Bank Of India,H1341101,17.3237,78.5284,TELANGANA,Ranga Reddy,HYDERABAD,500079
ICICI Bank Ltd,SACWJ222,17.323984,78.479874,TELANGANA,Hyderabad,Hyderabad, 
ICICI Bank Ltd,SACWM055,17.323984,78.479873,TELANGANA,Hyderabad, , 
ICICI Bank Ltd,SACWE966,17.323984,78.479873,TELANGANA,Hyderabad, , 
Axis Bank Ltd,BPCN130523,17.32407,78.52722,TELANGANA,Ranga Reddy,0,500097
Central Bank Of India,SCDD35381S,17.324549,78.37213,TELANGANA,Ranga Reddy,SHAMSHABAD, 
Central Bank Of India,SCDH353801,17.324549,78.37213,TELANGANA,Ranga Reddy,VARDHAMAN COLLEGE, 
State Bank Of India,S5NL020929621,17.324671,78.498581,TELANGANA,Hyderabad,Hyderabad, 
State Bank Of India,S1NB003026010,17.324728,78.551508,TELANGANA,Ranga Reddy,SAIDABAD, 
State Bank Of India,T1NS003026207,17.324831,78.532446,TELANGANA,Ranga Reddy,HYDERABAD, 
IDBI Bank Ltd,ID028001,17.32494,78.01048,TELANGANA,Ranga Reddy,Rangareddi,500072
State Bank Of India,S5NL016434621,17.325143,78.57193,TELANGANA,Ranga Reddy,Hyderabad, 
ICICI Bank Ltd,SACWM017,17.325168,78.565597,TELANGANA,Ranga Reddy, , 
ICICI Bank Ltd,SACWE843,17.325168,78.565597,TELANGANA,Ranga Reddy, , 
State Bank Of India,T1NY003026194,17.325248,78.534435,TELANGANA,Ranga Reddy,HYDERABAD, 
Kotak Mahindra Bank Limited,HYBW9114,17.32538,78.5746,TELANGANA,Ranga Reddy,Hyderabad,500070
State Bank Of India,S1BB004347002,17.325514,78.580544,TELANGANA,Ranga Reddy,Hyderabad, 
State Bank Of India,S5NG021227621,17.325694,78.557199,TELANGANA,Ranga Reddy,HYDERABAD, 
HDFC Bank Ltd,P3ENHE65,17.325696,78.455745,TELANGANA,Hyderabad,HYDERABAD, 
State Bank Of India,T1BW000916271,17.325894,78.46866,TELANGANA,Hyderabad,Charminar, 
State Bank Of India,T1NH003026176,17.325945,78.575716,TELANGANA,Ranga Reddy,HYDERABAD, 
ICICI Bank Ltd,SACWH735,17.325981,78.426665,TELANGANA,Ranga Reddy,Hyderabad, 
State Bank Of India,T1BS003026268,17.32599,78.46029,TELANGANA,Hyderabad,HYDERABAD, 
State Bank Of India,T1BS003026284,17.326,78.554689,TELANGANA,Ranga Reddy,Hayathnagar, 
Axis Bank Ltd,BPCN113409,17.3261084,78.5651979,TELANGANA,Ranga Reddy,0,500070
HDFC Bank Ltd,P3FNHY50,17.32621,78.556515,TELANGANA,Ranga Reddy,HYDERABAD, 
HDFC Bank Ltd,S1ANHY58,17.326217,78.556505,TELANGANA,Ranga Reddy, , 
ICICI Bank Ltd,S1VDK537,17.326326,78.569648,TELANGANA,Ranga Reddy, , 
ICICI Bank Ltd,S1VDK537,17.326326,78.569648,TELANGANA,Ranga Reddy, , 
State Bank Of India,T1BY020094010,17.3264,77.950999,TELANGANA,Vikarabad,MAHABUBNAGAR, 
State Bank Of India,T1NH003026193,17.326601,78.542297,TELANGANA,Ranga Reddy,HYDERABAD, 
State Bank Of India,T1BS003026274,17.326679,78.47638,TELANGANA,Hyderabad,HYDERABAD, 
HDFC Bank Ltd,P1ENHD05,17.3268,78.4774,TELANGANA,Hyderabad,Hyderabad,NULL
Axis Bank Ltd,BPCN130503,17.3268379,78.5420322,TELANGANA,Ranga Reddy,0,500059
Axis Bank Ltd,TPCN130510,17.3268379,78.5420322,TELANGANA,Ranga Reddy,0,500024
State Bank Of India,T1NY003026249,17.32687,78.491294,TELANGANA,Hyderabad,HYDERABAD, 
Axis Bank Ltd,BPCN149824,17.32691,78.427849,TELANGANA,Ranga Reddy,RANGAREDDY, 
ICICI Bank Ltd,SACWF652,17.326946,78.575546,TELANGANA,Ranga Reddy, , 
ICICI Bank Ltd,SACWN871,17.326946,78.575546,TELANGANA,Ranga Reddy, , 
Union Bank Of India,W2063002,17.32696,78.587444,TELANGANA,Ranga Reddy,HYDERABAD,500070
Union Bank Of India,W2063001,17.327,78.5874,TELANGANA,Ranga Reddy,HYDERABAD,500070
Union Bank Of India,H2063101,17.327,78.5874,TELANGANA,Ranga Reddy,HYDERABAD,500070
Axis Bank Ltd,BWCW330604,17.327109,78.42245,TELANGANA,Ranga Reddy,HYDERABAD, 
Indian Overseas Bank,IOB7092,17.327114,78.591241,TELANGANA,Ranga Reddy,HAYAT NAGAR,0
State Bank Of India,S1BW003026089,17.327296,78.583548,TELANGANA,Ranga Reddy,Hyderabad, 
Union Bank Of India,W1121004,17.327348,78.555576,TELANGANA,Ranga Reddy,HYDERABAD,500070
Indian Bank,IAPTF00401D0,17.327352,78.47008,TELANGANA,Hyderabad,HYDERABAD,500253
State Bank Of India,T1NY003026217,17.327383,78.555788,TELANGANA,Ranga Reddy,Saroornagar, 
Canara Bank,A3083001,17.3275,78.275,TELANGANA,Ranga Reddy,MOINABAD,500075
Bank Of India,IHY8011,17.32762,78.271719,TELANGANA,Ranga Reddy, , 
Canara Bank,8787653,17.327701,78.555899,TELANGANA,Ranga Reddy, , 
Canara Bank,63340297,17.327701,78.555899,TELANGANA,Ranga Reddy, , 
HDFC Bank Ltd,P3ENHY77,17.327935,78.428044,TELANGANA,Ranga Reddy, , 
State Bank Of India,S1N6000847029,17.328095,78.549698,TELANGANA,Ranga Reddy,SECUNDERABAD, 
State Bank Of India,S1BW020094004,17.328127,77.882186,TELANGANA,Vikarabad,VIKARABAD, 
Axis Bank Ltd,APCN73305,17.32827,78.27267,TELANGANA,Ranga Reddy,0,0
Axis Bank Ltd,BPRH149802,17.32831,78.4804,TELANGANA,Hyderabad,HYDERABAD, 
State Bank Of India,T1BS003026304,17.32836,78.549141,TELANGANA,Ranga Reddy,RANGAREDDY, 
Axis Bank Ltd,T3RH149801,17.328364,78.480508,TELANGANA,Hyderabad,0,500005
Bank Of Maharashtra,WA1586T1,17.32845,78.568978,TELANGANA,Ranga Reddy,VANSTHALIPURAM,500070
Canara Bank,A3306001,17.328511,78.519599,TELANGANA,Ranga Reddy, , 
Axis Bank Ltd,DECN273806,17.3286,78.575299,TELANGANA,Ranga Reddy, , 
Central Bank Of India,SCRD33571S,17.32864,78.575299,TELANGANA,Ranga Reddy,HYDERABAD, 
Canara Bank,0878E030,17.328981,78.592997,TELANGANA,Ranga Reddy, , 
Axis Bank Ltd,DECN273810,17.32901,78.57538,TELANGANA,Ranga Reddy,HYDERABAD, 
State Bank Of India,T1NF003026252,17.329115,78.594092,TELANGANA,Ranga Reddy,Hayathnagar, 
State Bank Of India,T1NS003026204,17.32916,78.599689,TELANGANA,Ranga Reddy,HYDERABAD, 
Canara Bank,10902082,17.32917,78.595708,TELANGANA,Ranga Reddy, , 
Karur Vysya Bank Ltd,S1AC0483401,17.32918833,78.59586333,TELANGANA,Ranga Reddy,HYDERABAD,501505
Canara Bank,0878E029,17.329194,78.595728,TELANGANA,Ranga Reddy, , 
State Bank Of India,S1BG020564005,17.329315,78.581082,TELANGANA,Ranga Reddy,HAYATHNAGAR, 
State Bank Of India,T1BS003026309,17.329398,78.555365,TELANGANA,Ranga Reddy,HASTINAPURAM, 
State Bank Of India,S1NB061772001,17.32951,78.596026,TELANGANA,Ranga Reddy,Hyderabad, 
Axis Bank Ltd,TPCN113411,17.3295745,78.6006113,TELANGANA,Ranga Reddy,0,501505
Axis Bank Ltd,BPCN149823,17.32968,78.45912,TELANGANA,Hyderabad,HYDERABAD, 
Union Bank Of India,W1294004,17.3297,78.569,TELANGANA,Ranga Reddy,HYDERABAD,500070
Union Bank Of India,H1294101,17.3297,78.569,TELANGANA,Ranga Reddy,HYDERABAD,500070
State Bank Of India,T1BS003026271,17.329759,78.45976,TELANGANA,Hyderabad,HYDERABAD, 
State Bank Of India,T1BS003026282,17.329759,78.45976,TELANGANA,Hyderabad,HYDERABAD, 
State Bank Of India,T1BS003026276,17.3298,78.577699,TELANGANA,Ranga Reddy,RAYTHU BAZAR VANASATHALIPURAM, 
Union Bank Of India,W1772001,17.3299,78.5689,TELANGANA,Ranga Reddy,HYDERABAD,500070
Union Bank Of India,H1772101,17.3299,78.5689,TELANGANA,Ranga Reddy,HYDERABAD,500070
State Bank Of India,S5NL021458621,17.340695,78.527356,TELANGANA,Ranga Reddy,L b nagar, 
Axis Bank Ltd,TPCN12662,17.3299299,78.275466,TELANGANA,Ranga Reddy,0,501504
Union Bank Of India,D1294003,17.32996,78.582327,TELANGANA,Ranga Reddy,HYDERABAD,500070
Bank Of India,CHY8029,17.32997,0.0,TELANGANA,Ranga Reddy, , 
Union Bank Of India,W2446001,17.33,78.5955,TELANGANA,Ranga Reddy,HAYATNAGAR MANDAL,501505
Union Bank Of India,W1245002,17.33,78.5955,TELANGANA,Ranga Reddy,HYDERABAD,501505
Union Bank Of India,H1245101,17.33,78.5955,TELANGANA,Ranga Reddy,HYDERABAD,501505
State Bank Of India,T1BS003026292,17.330049,78.606949,TELANGANA,Ranga Reddy,Hayathnagar, 
HDFC Bank Ltd,S1ANHD61,17.3302,78.5691,TELANGANA,Ranga Reddy,Hyderabad,NULL
Indusind Bank,MN168001,17.330221,78.552753,TELANGANA,Ranga Reddy,Hyderabad, 
Axis Bank Ltd,SPCN02722,17.330299,78.56581,TELANGANA,Ranga Reddy,HYDERABAD, 
HDFC Bank Ltd,S1AWHY31,17.3304,78.5942,TELANGANA,Ranga Reddy,Hyderabad,NULL
HDFC Bank Ltd,S1AWHY32,17.3304,78.5942,TELANGANA,Ranga Reddy,Hyderabad,NULL
State Bank Of India,S5NL021990621,17.33044,79.695079,TELANGANA,Suryapet,NUTHANKAL, 
State Bank Of India,T1NW020161053,17.330507,78.809015,TELANGANA,Yadadri Bhuvanagiri,Khammam, 
State Bank Of India,S1BW020616001,17.330538,77.918668,TELANGANA,Vikarabad,ANANTHAGIRI, 
Punjab National Bank,TS1A136U,17.330751,78.574047,TELANGANA,Ranga Reddy,VANASTHALIPURAM, 
State Bank Of India,S1BG020074014,17.330858,78.409205,TELANGANA,Ranga Reddy,BANDLAGUDA, 
Canara Bank,0878W007,17.330889,78.569521,TELANGANA,Ranga Reddy, , 
Axis Bank Ltd,BWCW149820,17.330989,78.483769,TELANGANA,Hyderabad,HYDERABAD, 
State Bank Of India,T1BW000916269,17.331055,78.441819,TELANGANA,Ranga Reddy,Rajendranagar, 
Central Bank Of India,SCDH38661S,17.331087,78.728782,TELANGANA,Yadadri Bhuvanagiri, , 
Union Bank Of India,W0922001,17.3311,79.6952,TELANGANA,Suryapet,NOONTHANKAL,508221
Punjab National Bank,DA110045,17.331111,78.569176,TELANGANA,Ranga Reddy, , 
State Bank Of India,S1BG003026006,17.331168,78.588556,TELANGANA,Ranga Reddy,HAYATHNAGAR, 
State Bank Of India,S1NZ000847111,17.331196,78.406466,TELANGANA,Ranga Reddy,HYDERABAD,500068
State Bank Of India,S5NE020564621,17.331219,78.573188,TELANGANA,Ranga Reddy,RANGAREDDY, 
Axis Bank Ltd,BWCW330603,17.331229,78.405029,TELANGANA,Ranga Reddy,HYDERABAD, 
State Bank Of India,S1NZ000847162,17.33123,78.52605,TELANGANA,Ranga Reddy,HYDERABAD,500066
State Bank Of India,S5NL021463621,17.331255,78.566474,TELANGANA,Ranga Reddy,Hyderabad, 
Karur Vysya Bank Ltd,S1AC0148903,17.331334,78.573388,TELANGANA,Ranga Reddy,HYDERABAD,500070
State Bank Of India,S1NB003026013,17.331405,78.563352,TELANGANA,Ranga Reddy,Hyderabad, 
State Bank Of India,T1NW020161048,17.331529,78.76241,TELANGANA,Yadadri Bhuvanagiri,Khammam (Urban), 
Axis Bank Ltd,BPCN149817,17.331629,78.490639,TELANGANA,Hyderabad,HYDERABAD, 
Axis Bank Ltd,BPCN149804,17.331632,78.4906445,TELANGANA,Hyderabad,0,500005
Axis Bank Ltd,TPCN11345,17.3318011,78.5882628,TELANGANA,Ranga Reddy,0,500070
Axis Bank Ltd,BPCN149808,17.331868,78.447249,TELANGANA,Hyderabad,0,500052
State Bank Of India,T1NY003026235,17.33187,78.460878,TELANGANA,Hyderabad,Charminar, 
State Bank Of India,S1NZ000847116,17.331918,78.535135,TELANGANA,Ranga Reddy,HYDERABAD, 
Kotak Mahindra Bank Limited,HYOD9401,17.331974,78.409151,TELANGANA,Ranga Reddy,Hyderabad, 
State Bank Of India,S1NW004347001,17.332028,78.569382,TELANGANA,Ranga Reddy,KOTHAPET (CT), 
ICICI Bank Ltd,S1CNI251,17.332036,78.569436,TELANGANA,Ranga Reddy,Hyderabad, 
ICICI Bank Ltd,S1CNE501,17.332036,78.569436,TELANGANA,Ranga Reddy,Hyderabad, 
Lakshmi Vilas Bank Ltd,08200972,17.332039,78.569769,TELANGANA,Ranga Reddy,MEDCHAL-MALKAJGIRI, 
State Bank Of India,T1NW000916174,17.332075,78.590084,TELANGANA,Ranga Reddy,HYDERABAD, 
Bank Of Baroda,1FDRGR18,17.332109,78.58877,TELANGANA,Ranga Reddy, ,500070
State Bank Of India,S5NE004347621,17.332127,78.569235,TELANGANA,Ranga Reddy,SAIDABAD, 
ICICI Bank Ltd,SACWH583,17.332161,78.593537,TELANGANA,Ranga Reddy,Hyderabad, 
Uco Bank,WT247301,17.33221,78.27532,TELANGANA,Ranga Reddy,MOINABAD,501504
Lakshmi Vilas Bank Ltd,09710998,17.332407,78.561312,TELANGANA,Ranga Reddy,Ranga Reddy, 
State Bank Of India,S1BJ000916134,17.33248,78.31288,TELANGANA,Ranga Reddy,MAHBUBNAGAR,500061
ICICI Bank Ltd,SACWM321,17.332538,78.588958,TELANGANA,Ranga Reddy, , 
ICICI Bank Ltd,SACWF769,17.332538,78.588958,TELANGANA,Ranga Reddy, , 
Indian Overseas Bank,IOBD6327,17.33259,78.573559,TELANGANA,Ranga Reddy, , 
HDFC Bank Ltd,P1DCHY27,17.3326,78.589,TELANGANA,Ranga Reddy,Hyderabad,NULL
HDFC Bank Ltd,S1ACHD57,17.3326,78.5891,TELANGANA,Ranga Reddy,Hyderabad,NULL
Indian Overseas Bank,IOB6327,17.332732,78.57196,TELANGANA,Ranga Reddy,VANASTHALIPURAM,0
HDFC Bank Ltd,P1DCHY77,17.3329,78.5729,TELANGANA,Ranga Reddy,Hyderabad,NULL
ICICI Bank Ltd,SACWF625,17.332995,78.574989,TELANGANA,Ranga Reddy,Hyderabad, 
Axis Bank Ltd,DPRH324001,17.3331,78.530099,TELANGANA,Ranga Reddy,HYDERABAD, 
Union Bank Of India,NHYD14411111111,17.33318,78.586309,TELANGANA,Ranga Reddy, , 
Axis Bank Ltd,BPCN113427,17.333219,78.55814,TELANGANA,Ranga Reddy,RANGAREDDY, 
Axis Bank Ltd,BWCW273815,17.33326,78.56566,TELANGANA,Ranga Reddy,HYDERABAD, 
Union Bank Of India,NHYD10911111111,17.33327,78.575319,TELANGANA,Ranga Reddy,Hyderabad,500070
ICICI Bank Ltd,S1CNI874,17.333291,78.569542,TELANGANA,Ranga Reddy,Hyderabad, 
ICICI Bank Ltd,S1CWA803,17.333291,78.569542,TELANGANA,Ranga Reddy,Hyderabad, 
ICICI Bank Ltd,SACWH981,17.333402,78.526181,TELANGANA,Ranga Reddy,Hyderabad, 
Canara Bank,A3012001,17.3335,80.382398,TELANGANA,Khammam, , 
Canara Bank,A3073001,17.333503,78.569589,TELANGANA,Ranga Reddy, , 
Axis Bank Ltd,CWCW19233,17.333561,78.484902,TELANGANA,Hyderabad,HYDERABAD, 
Axis Bank Ltd,DWCW130534,17.333561,78.484902,TELANGANA,Hyderabad,HYDERABAD, 
Axis Bank Ltd,DWCW149827,17.333562,78.484902,TELANGANA,Hyderabad,HYDERABAD, 
Union Bank Of India,W1045006,17.3336,78.5088,TELANGANA,Ranga Reddy,HYDERABAD,500058
Union Bank Of India,H1045101,17.3336,78.5088,TELANGANA,Ranga Reddy,HYDERABAD,500058
Union Bank Of India,N1045007,17.3336,78.5088,TELANGANA,Ranga Reddy,HYDERABAD,500058
State Bank Of India,T1BS003026277,17.33368,78.52705,TELANGANA,Ranga Reddy,Bahadurpura, 
State Bank Of India,S1N6000847186,17.33378,78.528437,TELANGANA,Ranga Reddy,SECUNDERABAD, 
State Bank Of India,S1N6000847161,17.333954,78.528501,TELANGANA,Ranga Reddy,SECUNDERABAD, 
Karur Vysya Bank Ltd,S1AC0148901,17.333997,78.569393,TELANGANA,Ranga Reddy,"VANASTHALIPURAM,HYDERABAD",500070
State Bank Of India,S5NE018182621,17.334079,78.527821,TELANGANA,Ranga Reddy,HYDERABAD,500068
Axis Bank Ltd,BWCW330605,17.334219,78.392259,TELANGANA,Ranga Reddy,HYDERABAD, 
Bank Of Baroda,1FDRGR05,17.334333,78.406207,TELANGANA,Ranga Reddy, ,501323
City Union Bank Ltd,CUB01601,17.334378,78.573625,TELANGANA,Ranga Reddy,RENGAREDDY,500060
State Bank Of India,S5NL018898622,17.334437,80.215951,TELANGANA,Khammam,KHAMMAM URBAN, 
Axis Bank Ltd,DPRH317301,17.33476,78.58557,TELANGANA,Ranga Reddy,HYDERABAD, 
ICICI Bank Ltd,SACWF992,17.334946,78.464805,TELANGANA,Hyderabad, , 
Axis Bank Ltd,BPCN130531,17.335,78.537169,TELANGANA,Ranga Reddy,HYDERABAD, 
State Bank Of India,T1BS003026269,17.335039,78.480819,TELANGANA,Hyderabad,Saidabad, 
ICICI Bank Ltd,SACWJ086,17.33562,77.902961,TELANGANA,Vikarabad, , 
Canara Bank,0878W003,17.335828,78.54124,TELANGANA,Ranga Reddy, , 
Kotak Mahindra Bank Limited,HYON2571,17.335899,78.52648,TELANGANA,Ranga Reddy,Hyderabad, 
Kotak Mahindra Bank Limited,HYON2714,17.335899,78.52648,TELANGANA,Ranga Reddy,Hyderabad, 
State Bank Of India,S1BW017896001,17.335949,78.563166,TELANGANA,Ranga Reddy,MANSOORABAD, 
State Bank Of India,S1NG020094007,17.336081,77.903547,TELANGANA,Vikarabad,VICARABAD, 
State Bank Of India,S1BW021096001,17.336337,78.579469,TELANGANA,Ranga Reddy,HYDERABAD, 
City Union Bank Ltd,CUB01409,17.336354,78.573865,TELANGANA,Ranga Reddy,RENGA REDDY,500070
City Union Bank Ltd,CUB01602,17.336357,78.57395,TELANGANA,Ranga Reddy,RENGA REDDY,500070
State Bank Of India,T1NS003026202,17.33642,78.573807,TELANGANA,Ranga Reddy,HYDERABAD, 
State Bank Of India,S1BW000847545,17.336473,78.534402,TELANGANA,Ranga Reddy,Hyderabad, 
Punjab National Bank,N2393400,17.3365,78.50207,TELANGANA,Hyderabad,HYDERABAD,500028
Union Bank Of India,W1785001,17.336505,78.551322,TELANGANA,Ranga Reddy,HYDERABAD,500074
HDFC Bank Ltd,P3ENHY71,17.336549,78.383989,TELANGANA,Ranga Reddy, , 
Indian Overseas Bank,IOB4455,17.336667,78.57381,TELANGANA,Ranga Reddy,VANASTHALIPURAM,0
State Bank Of India,S5NL021227622,17.336684,78.553417,TELANGANA,Ranga Reddy,Hyderabad, 
Union Bank Of India,W0613002,17.3367,77.9071,TELANGANA,Vikarabad,VIKARABAD,501101
Union Bank Of India,H0613101,17.3367,77.9071,TELANGANA,Vikarabad,VIKARABAD,501101
Lakshmi Vilas Bank Ltd,08231032,17.336896,77.90621,TELANGANA,Vikarabad,Vicarabad, 
State Bank Of India,S1BW018182001,17.336958,78.533196,TELANGANA,Ranga Reddy,HYDERABAD, 
BANDHAN BANK LIMITED,BN187501,17.337057,78.56991,TELANGANA,Ranga Reddy, ,500070
State Bank Of India,T1NY003026213,17.337059,78.563713,TELANGANA,Ranga Reddy,HYDERABAD, 
State Bank Of India,T1NY003026211,17.337096,78.574011,TELANGANA,Ranga Reddy,HYDERABAD, 
State Bank Of India,T1NY003026230,17.337199,78.53318,TELANGANA,Ranga Reddy,HYDERABAD, 
State Bank Of India,T1NS003026206,17.337321,78.404346,TELANGANA,Ranga Reddy,HYDERABAD, 
ICICI Bank Ltd,SECNG220,17.337366,78.545431,TELANGANA,Ranga Reddy,HYDERABAD, 
Union Bank Of India,DHYD09501111111,17.337419,78.530749,TELANGANA,Ranga Reddy, , 
Bank Of India,IHY8027,17.337459,0.0,TELANGANA,Ranga Reddy, , 
Canara Bank,54891202,17.337475,78.53046,TELANGANA,Ranga Reddy, , 
Union Bank Of India,W1722003,17.3375,78.5342,TELANGANA,Ranga Reddy,HYDERABAD,500079
Union Bank Of India,H1722101,17.3375,78.5342,TELANGANA,Ranga Reddy,HYDERABAD,500079
Union Bank Of India,W1722004,17.3375,78.5342,TELANGANA,Ranga Reddy,HYDERABAD,500079
State Bank Of India,S1BG020094002,17.337551,77.905768,TELANGANA,Vikarabad,VICARABAD, 
Axis Bank Ltd,BPCN138003,17.3375687,78.443645,TELANGANA,Hyderabad,0,500052
Axis Bank Ltd,BWCW113424,17.33758,78.6121,TELANGANA,Ranga Reddy,HYDERABAD, 
Indian Bank,IAPTH00804D1,17.337664,78.531964,TELANGANA,Ranga Reddy,HYDERABAD,500079
Bank Of Baroda,1VW404301,17.33771,78.573143,TELANGANA,Ranga Reddy,HYDERABAD,500070
Axis Bank Ltd,CWAW53813,17.3377177,78.5495374,TELANGANA,Ranga Reddy,0,500074
State Bank Of India,S1BW003026036,17.337954,78.549181,TELANGANA,Ranga Reddy,Hyderabad, 
Axis Bank Ltd,BPRH273801,17.33802,78.56908,TELANGANA,Ranga Reddy,HYDERABAD, 
ICICI Bank Ltd,SACWF802,17.338071,78.570279,TELANGANA,Ranga Reddy, , 
Axis Bank Ltd,BPCN149819,17.33808,78.466539,TELANGANA,Hyderabad,HYDERABAD, 
Union Bank Of India,W0911001,17.3381,78.2588,TELANGANA,Ranga Reddy,PEDDAMANGALARAM,501504
Union Bank Of India,H0911101,17.3381,78.2588,TELANGANA,Ranga Reddy,PEDDAMANGALARAM,501504
State Bank Of India,T1NF003026244,17.338113,78.466605,TELANGANA,Hyderabad,HYDERABD, 
Canara Bank,30632347,17.33827,78.31217,TELANGANA,Ranga Reddy,HIMAYATNAGAR,500075
Union Bank Of India,W0090007,17.3384,78.4677,TELANGANA,Hyderabad,HYDERABAD,500002
Axis Bank Ltd,DPRH149804,17.338599,78.49878,TELANGANA,Hyderabad,HYDERABAD, 
Union Bank Of India,W1771001,17.3386,78.5293,TELANGANA,Ranga Reddy,HYDERABAD,500079
Canara Bank,A3058001,17.3387,78.4637,TELANGANA,Hyderabad,HYDERABAD,500053
ICICI Bank Ltd,SECNF835,17.338949,78.543479,TELANGANA,Ranga Reddy, , 
ICICI Bank Ltd,SACWF682,17.338959,78.543483,TELANGANA,Ranga Reddy, , 
HDFC Bank Ltd,P3ENHE25,17.339209,78.41281,TELANGANA,Ranga Reddy, , 
Bank Of Maharashtra,PA113801,17.33921,78.54852,TELANGANA,Ranga Reddy,CHAMPAPET,500660
HDFC Bank Ltd,P3ENHY67,17.339219,78.571789,TELANGANA,Ranga Reddy, , 
ICICI Bank Ltd,SCVDJ944,17.339382,78.480232,TELANGANA,Hyderabad, , 
State Bank Of India,S1BG020074015,17.339429,78.412879,TELANGANA,Ranga Reddy,HYDERABAD, 
Bank Of India,IHY8008,17.339429,78.514819,TELANGANA,Ranga Reddy, , 
Union Bank Of India,W0530004,17.339493,78.468429,TELANGANA,Hyderabad,HYDERABAD,500053
Union Bank Of India,Y0530101,17.3395,78.4684,TELANGANA,Hyderabad,HYDERABAD,500053
State Bank Of India,S1BW003026030,17.339643,78.500869,TELANGANA,Hyderabad,Hyderabad, 
State Bank Of India,S1BW003026027,17.339731,78.50061,TELANGANA,Hyderabad,Hyderabad, 
State Bank Of India,S1BB003184004,17.339849,78.524323,TELANGANA,Ranga Reddy,Hyderabad, 
Axis Bank Ltd,BWCW324003,17.339977,78.543361,TELANGANA,Ranga Reddy,HYDERABAD, 
Union Bank Of India,N1510004,17.34,78.53,TELANGANA,Ranga Reddy,HYDERABAD,500079
State Bank Of India,T1NH003026186,17.340027,78.571042,TELANGANA,Ranga Reddy,HYDERABAD, 
ICICI Bank Ltd,SACWM084,17.348899,78.475898,TELANGANA,Hyderabad, , 
Bank Of Baroda,1FDRGR13,17.340328,77.905613,TELANGANA,Vikarabad, ,501101
HDFC Bank Ltd,S1ANHE06,17.34037,77.906206,TELANGANA,Vikarabad, , 
State Bank Of India,S1N6000847499,17.340373,78.479478,TELANGANA,Hyderabad,CHARMINAR, 
State Bank Of India,S1N6000847500,17.340396,78.479462,TELANGANA,Hyderabad,CHARMINAR, 
HDFC Bank Ltd,S1AWHD22,17.3404,77.9062,TELANGANA,Vikarabad,Vikarabad,NULL
State Bank Of India,S1BB003026130,17.34047,78.474449,TELANGANA,Hyderabad,HYDERABAD,500058
Punjab National Bank,N1993000,17.3405,78.5466,TELANGANA,Ranga Reddy,HYDERABAD,500070
State Bank Of India,S1BG003026150,17.34051,78.544043,TELANGANA,Ranga Reddy,Hyderabad, 
Axis Bank Ltd,BPCN149815,17.3405917,78.4575217,TELANGANA,Hyderabad,0,500053
Paytm Payments Bank Ltd.,PAYTM008,17.340613,78.521735,TELANGANA,Ranga Reddy,RANGAREDDI, 
Canara Bank,A3114001,17.340659,78.4588,TELANGANA,Hyderabad, , 
State Bank Of India,S1NB013148002,17.340671,78.531356,TELANGANA,Ranga Reddy,HYDERABAD, 
State Bank Of India,S1NW003026070,17.340686,78.532866,TELANGANA,Ranga Reddy,HYDERABAD, 
South Indian Bank Ltd,06950001,17.3407,78.562,TELANGANA,Ranga Reddy,Greater Hyderabad,500024
Canara Bank,1091WS01,17.340719,77.904997,TELANGANA,Vikarabad, , 
HDFC Bank Ltd,P3ECHY12,17.34078,78.6772,TELANGANA,Ranga Reddy, , 
Axis Bank Ltd,BPCN130520,17.3408483,78.53699,TELANGANA,Ranga Reddy,0,500074
State Bank Of India,T1NY003026225,17.340886,78.460294,TELANGANA,Hyderabad,HYDERABAD, 
State Bank Of India,S1BW003026044,17.340942,78.532952,TELANGANA,Ranga Reddy,HYDERABAD, 
Indian Bank,S1NK2501,17.340959,78.535664,TELANGANA,Ranga Reddy,KARMANGHAT,500079
ICICI Bank Ltd,SACWF643,17.340974,78.506406,TELANGANA,Hyderabad,Hyderabad, 
Bank Of Baroda,5DEN04102,17.341,78.5357,TELANGANA,Ranga Reddy,HYDERABAD,500079
State Bank Of India,S1NG003026019,17.34119,78.503443,TELANGANA,Hyderabad,Hyderabad, 
HDFC Bank Ltd,P3ENHE26,17.341279,78.46506,TELANGANA,Hyderabad, , 
Axis Bank Ltd,BPCN149822,17.341359,78.46421,TELANGANA,Hyderabad,HYDERABAD, 
State Bank Of India,T1BY020173004,17.341399,78.804299,TELANGANA,Yadadri Bhuvanagiri,Pochampalle, 
Canara Bank,A3072001,17.3415,78.6265,TELANGANA,Ranga Reddy, , 
Axis Bank Ltd,TPCN1458,17.3415396,78.480526,TELANGANA,Hyderabad,0,500012
Canara Bank,A3308001,17.341542,78.626604,TELANGANA,Ranga Reddy, , 
Axis Bank Ltd,APCN19204,17.3415505,78.480524,TELANGANA,Hyderabad,0,500002
Axis Bank Ltd,APCN19205,17.3415704,78.4809113,TELANGANA,Hyderabad,0,500053
HDFC Bank Ltd,S1ANHD90,17.3416,78.5591,TELANGANA,Ranga Reddy,Hyderabad,NULL
Axis Bank Ltd,BPCN130407,17.3416616,78.4878981,TELANGANA,Hyderabad,0,500053
State Bank Of India,T1BY003026260,17.341675,78.518693,TELANGANA,Ranga Reddy,Saroornagar, 
HDFC Bank Ltd,P3DCHB07,17.3417,78.546599,TELANGANA,Ranga Reddy, , 
Axis Bank Ltd,BPCN113428,17.3418,78.552569,TELANGANA,Ranga Reddy,HYDERABAD, 
State Bank Of India,S1BW021458002,17.342253,78.5214,TELANGANA,Ranga Reddy,HYDERABAD, 
Axis Bank Ltd,BPCN149816,17.3422567,78.4847583,TELANGANA,Hyderabad,0,500053
Axis Bank Ltd,DWCW324004,17.342306,78.528308,TELANGANA,Ranga Reddy,HYDERABAD, 
State Bank Of India,T1NW020094009,17.342378,77.90292,TELANGANA,Vikarabad,Vicarabad, 
HDFC Bank Ltd,P3ENHE16,17.3424,78.577499,TELANGANA,Ranga Reddy, , 
State Bank Of India,T1BS003026278,17.34241,78.48175,TELANGANA,Hyderabad,Charminar, 
State Bank Of India,S5NE013148621,17.342433,78.535541,TELANGANA,Ranga Reddy,Hyderabad, 
State Bank Of India,T1NY003026255,17.342599,78.452616,TELANGANA,Hyderabad,HYDERABAD, 
Axis Bank Ltd,BPCN288902,17.34272,77.90491,TELANGANA,Vikarabad,0,0
State Bank Of India,S1BW011984001,17.342742,78.511131,TELANGANA,Ranga Reddy,HYDERABAD, 
State Bank Of India,S1NZ000847135,17.342752,78.511262,TELANGANA,Ranga Reddy,HYDERABAD, 
Bank Of Baroda,1VD410901,17.342767,78.541391,TELANGANA,Ranga Reddy,HYDERABAD,500079
State Bank Of India,S5NL013148622,17.342781,78.536056,TELANGANA,Ranga Reddy,Hyderabad, 
Axis Bank Ltd,DWCW149826,17.342793,78.49641,TELANGANA,Hyderabad,HYDERABAD, 
Axis Bank Ltd,BPCN149805,17.34286,78.47891,TELANGANA,Hyderabad,0,0
Axis Bank Ltd,BPCN130517,17.3429365,78.5162118,TELANGANA,Ranga Reddy,0,500059
Axis Bank Ltd,DPRH145804,17.34306,78.469299,TELANGANA,Hyderabad,SHAMSHER GUNJ, 
State Bank Of India,S1BW003026093,17.343214,78.537151,TELANGANA,Ranga Reddy,HYDERABAD,500058
Lakshmi Vilas Bank Ltd,03260951,17.343219,78.537659,TELANGANA,Ranga Reddy,Ranga Reddy, 
IDBI Bank Ltd,TC044611,17.3433,77.75505,TELANGANA,Vikarabad,Rangareddi,500007
ICICI Bank Ltd,SACWJ217,17.348899,78.475898,TELANGANA,Hyderabad, , 
State Bank Of India,S1BW021830001,17.343444,77.905037,TELANGANA,Vikarabad,Vikarabad, 
Axis Bank Ltd,DPRH288901,17.343468,77.905478,TELANGANA,Vikarabad,VICARABAD, 
HDFC Bank Ltd,P3ECHY09,17.343649,78.478119,TELANGANA,Hyderabad, , 
Axis Bank Ltd,BPCN162807,17.343666,78.324236,TELANGANA,Ranga Reddy, , 
Canara Bank,A3309001,17.3437,78.3629,TELANGANA,Ranga Reddy,BANDLAGUDA-HYD,500068
State Bank Of India,S1BW003026045,17.343759,78.536648,TELANGANA,Ranga Reddy,Hyderabad, 
State Bank Of India,T1BS003026286,17.343849,78.5548,TELANGANA,Ranga Reddy,Saroornagar, 
Axis Bank Ltd,APCN19219,17.34408667,78.45958667,TELANGANA,Hyderabad,0,500053
Canara Bank,A3031001,17.3441,78.4661,TELANGANA,Hyderabad,HYDERABAD,500265
Union Bank Of India,N1592003,17.344257,78.507397,TELANGANA,Ranga Reddy,HYDERABAD,500059
Canara Bank,0878E022,17.344428,78.570296,TELANGANA,Ranga Reddy, , 
State Bank Of India,S5NL011080621,17.344467,78.580137,TELANGANA,Ranga Reddy,HAYATHNAGAR, 
Union Bank Of India,WHYD12501111111,18.49967,79.151079,TELANGANA,Ranga Reddy, , 
Union Bank Of India,W1510003,17.3446,78.5291,TELANGANA,Ranga Reddy,HYDERABAD,500079
Union Bank Of India,H1510101,17.3446,78.5291,TELANGANA,Ranga Reddy,HYDERABAD,500079
Union Bank Of India,N1510005,17.3446,78.5322,TELANGANA,Ranga Reddy,HYDERABAD, 
ICICI Bank Ltd,SECNH545,17.344667,78.524355,TELANGANA,Hyderabad,Hyderabad, 
IndusInd Bank,MW083901,17.344865,78.552667,TELANGANA,Ranga Reddy,Hyderabad,500074
Axis Bank Ltd,BPCN130522,17.3450767,78.52808,TELANGANA,Ranga Reddy,0,500079
Canara Bank,18491849,17.345111,78.507743,TELANGANA,Ranga Reddy, , 
Axis Bank Ltd,TERO423001,17.345369,78.527198,TELANGANA,Hyderabad,HYDERABAD, 
State Bank Of India,T1NW000916231,17.345391,78.523346,TELANGANA,Hyderabad,Saroornagar, 
State Bank Of India,S1BB005916167,17.345405,78.4133,TELANGANA,Ranga Reddy,HYDERABAD, 
Canara Bank,0878EP14,17.345579,78.3236,TELANGANA,Ranga Reddy, , 
Axis Bank Ltd,BWCW113425,17.345579,78.554499,TELANGANA,Ranga Reddy,HYDERABAD, 
Punjab National Bank,N1159700,17.3456,78.47639,TELANGANA,Hyderabad,HYDERABAD,500065
IndusInd Bank,MN029302,17.345651,77.907385,TELANGANA,Vikarabad,Hyderabad,501101
Axis Bank Ltd,DPRH113405,17.345651,78.566786,TELANGANA,Ranga Reddy,TURKAYAMJAL, 
IndusInd Bank,MC029301,17.345656,77.907485,TELANGANA,Vikarabad,Hyderabad,501101
Indian Overseas Bank,IOBD7085,17.345669,78.522829,TELANGANA,Hyderabad, , 
Union Bank Of India,H1592101,17.3457,78.5022,TELANGANA,Hyderabad,HYDERABAD,500059
Axis Bank Ltd,DECN306102,17.345699,78.5522,TELANGANA,Ranga Reddy, , 
HDFC Bank Ltd,P3ENHY61,17.34572,78.55223,TELANGANA,Ranga Reddy, , 
Canara Bank,18656180,17.345824,78.817431,TELANGANA,Yadadri Bhuvanagiri, , 
Axis Bank Ltd,BPCN149814,17.3462433,78.4863517,TELANGANA,Hyderabad,0,500055
State Bank Of India,T1NH003026157,17.346247,78.551003,TELANGANA,Ranga Reddy,HYDERABAD, 
State Bank Of India,T1NS003026234,17.346253,78.465595,TELANGANA,Hyderabad,HYDERABAD, 
ICICI Bank Ltd,SCVDQ972,17.346269,78.508316,TELANGANA,Ranga Reddy, , 
State Bank Of India,T1NH003026189,17.34627,78.553974,TELANGANA,Ranga Reddy,HYDERABAD, 
HDFC Bank Ltd,P3ENHY92,17.346277,78.489046,TELANGANA,Hyderabad, , 
ICICI Bank Ltd,SACWH973,17.346454,78.551631,TELANGANA,Ranga Reddy,Hyderabad, 
HDFC Bank Ltd,P1DCHY10,17.3465,78.5203,TELANGANA,Hyderabad,Hyderabad,NULL
Indian Overseas Bank,IOB6140,17.346515,78.551006,TELANGANA,Ranga Reddy,HYDERABAD,0
HDFC Bank Ltd,P3DCHB13,17.346529,78.526147,TELANGANA,Hyderabad,HYDERABAD, 
HDFC Bank Ltd,P3DCHB21,17.346529,78.526147,TELANGANA,Hyderabad,HYDERABAD, 
HDFC Bank Ltd,P3ENHE79,17.346529,78.526147,TELANGANA,Hyderabad,HYDERABAD, 
HDFC Bank Ltd,P3ENHD67,17.346537,78.526147,TELANGANA,Hyderabad,HYDERABAD, 
State Bank Of India,T1BS003026285,17.346689,78.51824,TELANGANA,Ranga Reddy,Saroornagar, 
Bank Of Baroda,1FNHYD44,17.346732,78.5202611,TELANGANA,Hyderabad,HYDERABAD,500079
Bank Of Baroda,1CRTSRA03,17.346732,78.5202611,TELANGANA,Hyderabad, ,500079
Union Bank Of India,DHYD08701111111,17.34676,78.47514,TELANGANA,Hyderabad,Hyderabad,500005
State Bank Of India,S5NL061785621,17.34679,78.454897,TELANGANA,Hyderabad,HYDERABAD, 
HDFC Bank Ltd,P1DCHY07,17.3468,78.4751,TELANGANA,Hyderabad,Hyderabad,NULL
Axis Bank Ltd,APCN19230,17.346819,78.475359,TELANGANA,Hyderabad,HYDERABAD, 
State Bank Of India,T1BS020137010,17.34699,78.506189,TELANGANA,Ranga Reddy,Metpalle, 
HDFC Bank Ltd,P3ENHE21,17.34702,78.50762,TELANGANA,Ranga Reddy, , 
State Bank Of India,T1BS003026290,17.347049,78.456149,TELANGANA,Hyderabad,Secunderabad, 
Union Bank Of India,NHYD12711111111,17.34705,78.47037,TELANGANA,Hyderabad,Hyderabad,500065
State Bank Of India,T1NS003026205,17.347094,78.579195,TELANGANA,Ranga Reddy,HYDERABAD, 
State Bank Of India,T1BS020148212,17.347179,78.54481,TELANGANA,Ranga Reddy,Jammikunta, 
State Bank Of India,T1BS020134091,17.34719,78.544819,TELANGANA,Ranga Reddy,HUSNABAD, 
Axis Bank Ltd,DWCW113418,17.3472868,78.5498036,TELANGANA,Ranga Reddy,0,500074
Canara Bank,0878W021,17.347347,78.525909,TELANGANA,Hyderabad, , 
State Bank Of India,S1BB003026107,17.34744,78.550197,TELANGANA,Ranga Reddy,HYDERABAD,500097
ICICI Bank Ltd,SACWF798,17.347525,78.534817,TELANGANA,Ranga Reddy,Hyderabad, 
Lakshmi Vilas Bank Ltd,002DM255,17.34753,0.0,TELANGANA,Ranga Reddy, , 
HDFC Bank Ltd,S1AWHY03,17.3476,78.5501,TELANGANA,Ranga Reddy,Hyderabad,NULL
State Bank Of India,S1BB003026101,17.347603,78.55017,TELANGANA,Ranga Reddy,HYDERABAD,500070
Indian Overseas Bank,IOBD6140,17.34766,78.547979,TELANGANA,Ranga Reddy, , 
Kotak Mahindra Bank Limited,HYBN9596,17.347807,78.516719,TELANGANA,Ranga Reddy,Hyderabad,500079
Kotak Mahindra Bank Limited,HYOD9406,17.347941,78.552479,TELANGANA,Ranga Reddy,Hyderabad,500074
Axis Bank Ltd,BPCN130521,17.3479783,78.4938583,TELANGANA,Hyderabad,0,500023
State Bank Of India,T1BS020094015,17.348077,77.905054,TELANGANA,Vikarabad,RANGAREDDY, 
ICICI Bank Ltd,SACWN983,17.348308,78.51509,TELANGANA,Ranga Reddy, , 
ICICI Bank Ltd,SACWN780,17.348308,78.51509,TELANGANA,Ranga Reddy, , 
Canara Bank,38835645,17.34833,79.27471,TELANGANA,Nalgonda,WATTIMARTHY,508254
HDFC Bank Ltd,S1ANHB24,17.3484,78.4715,TELANGANA,Hyderabad,Hyderabad,NULL
ICICI Bank Ltd,S1CW4719,17.348413,78.339538,TELANGANA,Ranga Reddy, , 
ICICI Bank Ltd,S1CNP780,17.34843,78.552864,TELANGANA,Ranga Reddy, , 
ICICI Bank Ltd,S1CNP829,17.34843,78.552864,TELANGANA,Ranga Reddy, , 
Axis Bank Ltd,SPCN02732,17.3485589,78.5791003,TELANGANA,Ranga Reddy,0,500070
State Bank Of India,S1BW003026079,17.34856,78.565661,TELANGANA,Ranga Reddy,HYDERABAD,500068
State Bank Of India,T1NH003026166,17.348586,78.522691,TELANGANA,Hyderabad,HYDERABAD, 
Punjab National Bank,N2463000,17.3486,78.5083,TELANGANA,Ranga Reddy,Hyderabad,500010
Punjab National Bank,N1499500,17.3486,78.5492,TELANGANA,Ranga Reddy,HYDERABAD,500013
Punjab National Bank,C36R527201,17.348669,78.508323,TELANGANA,Ranga Reddy, , 
Axis Bank Ltd,BWCW113421,17.348789,78.55455,TELANGANA,Ranga Reddy, , 
State Bank Of India,S5NE020601621,17.348956,78.547869,TELANGANA,Ranga Reddy,RANGAREDDY, 
State Bank Of India,S1NW003026065,17.3492,78.5147,TELANGANA,Ranga Reddy,HYDERABAD, 
IndusInd Bank,MN000410,17.34924,78.544586,TELANGANA,Ranga Reddy,Hyderabad,500032
Union Bank Of India,W0548006,17.349322,78.514643,TELANGANA,Ranga Reddy,HYDERABAD,500059
Axis Bank Ltd,SPCN23513,17.3494215,78.5078066,TELANGANA,Hyderabad,0,500060
Canara Bank,54881741,17.349633,78.513358,TELANGANA,Ranga Reddy, , 
State Bank Of India,S1BG003026261,17.3497,78.547999,TELANGANA,Ranga Reddy,HYDERABAD, 
State Bank Of India,S1NG003026153,17.349726,78.5309,TELANGANA,Hyderabad,SAROORNAGAR, 
State Bank Of India,T1NH003026183,17.349751,78.553564,TELANGANA,Ranga Reddy,HYDERABAD, 
State Bank Of India,S1BW003026029,17.349835,78.527283,TELANGANA,Hyderabad,HYDERABAD, 
Canara Bank,0878W030,17.349949,78.492775,TELANGANA,Hyderabad, , 
Bank Of India,CHY9026,17.349999,78.049999,TELANGANA,Ranga Reddy,SANGAREDDY, 
ICICI Bank Ltd,S1CNP659,17.350137,78.56137,TELANGANA,Ranga Reddy, , 
ICICI Bank Ltd,SACWH134,17.350175,78.514822,TELANGANA,Ranga Reddy,Hyderabad, 
ICICI Bank Ltd,SACWF640,17.350175,78.514823,TELANGANA,Ranga Reddy, , 
HDFC Bank Ltd,P3ENHE67,17.350221,78.492888,TELANGANA,Hyderabad,HYDERABAD, 
Union Bank Of India,W1418001,17.3503,78.5542,TELANGANA,Ranga Reddy,HYDERABAD,500074
Union Bank Of India,H1418101,17.3503,78.5542,TELANGANA,Ranga Reddy,HYDERABAD,500074
Union Bank Of India,N2130002,17.3504,78.3822,TELANGANA,Ranga Reddy,HYDERABAD,500068
Axis Bank Ltd,BPCN130528,17.350474,78.525684,TELANGANA,Hyderabad, , 
HDFC Bank Ltd,S1ANSC58,17.3505,78.5029,TELANGANA,Hyderabad,Hyderabad,NULL
Axis Bank Ltd,BPCN292202,17.3506116,78.45216,TELANGANA,Hyderabad,0,500064
Indian Bank,AAW1473A,17.350632,78.50744,TELANGANA,Hyderabad, , 
State Bank Of India,S1BG003026009,17.350685,78.546021,TELANGANA,Ranga Reddy,SAROORNAGAR, 
ICICI Bank Ltd,SACWN883,17.35069,78.472358,TELANGANA,Hyderabad, , 
Axis Bank Ltd,BPRH130502,17.350719,78.51018,TELANGANA,Hyderabad,HYDERABAD, 
Axis Bank Ltd,DPRH130505,17.350719,78.51018,TELANGANA,Hyderabad,HYDERABAD, 
HDFC Bank Ltd,P3AWHY75,17.350875,78.553886,TELANGANA,Ranga Reddy, , 
Axis Bank Ltd,BPRH113402,17.35109,78.544309,TELANGANA,Ranga Reddy,HYDERABAD, 
State Bank Of India,T1NH003026179,17.351166,78.524665,TELANGANA,Hyderabad,HYDERABAD, 
Axis Bank Ltd,DPRH126603,17.351189,78.41122,TELANGANA,Ranga Reddy,CHEVELLA, 
HDFC Bank Ltd,P3DCHB24,17.351189,78.41122,TELANGANA,Ranga Reddy,HYDERABAD, 
HDFC Bank Ltd,P3DCHB12,17.351199,78.50709,TELANGANA,Hyderabad,HYDERABAD, 
HDFC Bank Ltd,S1ACHD96,17.3512,78.5071,TELANGANA,Hyderabad,Hyderabad,NULL
State Bank Of India,T1BY000916286,17.351369,78.56541,TELANGANA,Ranga Reddy,HYDERABAD, 
State Bank Of India,T1BY003026288,17.351371,78.565406,TELANGANA,Ranga Reddy,Amangal, 
State Bank Of India,S5NE008026621,17.35145,78.50703,TELANGANA,Hyderabad,HYDERABAD,500095
Union Bank Of India,W0530003,17.351628,78.474258,TELANGANA,Hyderabad,HYDERABAD,500053
IndusInd Bank,MN000413,17.35168,78.50729,TELANGANA,Hyderabad,Hyderabad,500059
Canara Bank,A3045001,17.3517,78.5041,TELANGANA,Hyderabad,HYDERABAD,500007
HDFC Bank Ltd,P3FNHY56,17.351759,78.555321,TELANGANA,Ranga Reddy,HYDERABAD, 
Karur Vysya Bank Ltd,S1AC0148104,17.351934,78.537323,TELANGANA,Ranga Reddy,HYDERABAD,500079
Axis Bank Ltd,BWCW330602,17.35195,78.38064,TELANGANA,Ranga Reddy,HYDERABAD, 
Axis Bank Ltd,TPCN11346,17.3519845,78.5473651,TELANGANA,Ranga Reddy,0,500074
State Bank Of India,S1BB003026137,17.351993,78.524192,TELANGANA,Hyderabad,SAROORNAGAR,500058
IndusInd Bank,MN000444,17.352244,78.493005,TELANGANA,Hyderabad,Hyderabad,500023
Canara Bank,0878W037,17.352281,78.498905,TELANGANA,Hyderabad, , 
IDBI Bank Ltd,TC127412,17.35233,78.50653,TELANGANA,Hyderabad,Hyderabad,500060
ICICI Bank Ltd,SACWN879,17.35247,78.472869,TELANGANA,Hyderabad, , 
ICICI Bank Ltd,SACWM050,17.352474,78.552619,TELANGANA,Ranga Reddy, , 
ICICI Bank Ltd,SACWE941,17.352474,78.552619,TELANGANA,Ranga Reddy, , 
Union Bank Of India,W1468005,17.3525,78.5561,TELANGANA,Ranga Reddy,HYDERABAD,500068
Union Bank Of India,H1468102,17.3525,78.5561,TELANGANA,Ranga Reddy,HYDERABAD,500068
Union Bank Of India,B1468101,17.3525,78.5561,TELANGANA,Ranga Reddy,HYDERABAD,500068
Bank Of India,AHY8039,17.35257,78.561179,TELANGANA,Ranga Reddy, , 
Union Bank Of India,COBD313801,17.3526,78.5341,TELANGANA,Ranga Reddy,RANGAREDDY,500035
Bank Of India,IHY8012,17.352749,78.56091,TELANGANA,Ranga Reddy, , 
State Bank Of India,S1BW003026094,17.35278,78.4475,TELANGANA,Hyderabad,HYDERABAD,500264
State Bank Of India,T1NH003026181,17.352818,78.511913,TELANGANA,Hyderabad,HYDERABAD, 
State Bank Of India,S1BW000916102,17.352877,78.534352,TELANGANA,Ranga Reddy,HYDERABAD,500024
Axis Bank Ltd,BPCN130527,17.35308,78.506895,TELANGANA,Hyderabad, , 
Central Bank Of India,D11D347911,17.35314,78.50681,TELANGANA,Hyderabad, ,500059
State Bank Of India,T1NS005916229,17.353144,78.388426,TELANGANA,Ranga Reddy,HYDERABAD, 
HDFC Bank Ltd,P1ENHY23,17.353147,78.554401,TELANGANA,Ranga Reddy, , 
Union Bank Of India,WHYD10601111111,17.35333,78.55729,TELANGANA,Ranga Reddy,Hyderabad,500082
Axis Bank Ltd,TERH406701,17.35342,78.534919,TELANGANA,Ranga Reddy,HYDERABAD, 
State Bank Of India,S1NB003026004,17.353472,78.613311,TELANGANA,Ranga Reddy,Hyderabad, 
Axis Bank Ltd,CPRH42606,17.353481,78.379765,TELANGANA,Ranga Reddy,HYDERABAD, 
Axis Bank Ltd,CPRH42608,17.353481,78.379765,TELANGANA,Ranga Reddy,HYDERABAD, 
Bank Of Baroda,5DEN04103,17.353493,78.53559,TELANGANA,Ranga Reddy,HYDERABAD,500035
ICICI Bank Ltd,SFCNM447,17.353565,78.514404,TELANGANA,Hyderabad, , 
BANDHAN BANK LIMITED,BD179601,17.353669,78.533557,TELANGANA,Ranga Reddy, ,500035
State Bank Of India,S1BW020568001,17.353754,77.723649,TELANGANA,Vikarabad,NAGASAMUNDER, 
State Bank Of India,S1NW003026066,17.353762,78.472835,TELANGANA,Hyderabad,CHARMINAR, 
Kotak Mahindra Bank Limited,HYOD9405,17.353851,78.531578,TELANGANA,Ranga Reddy,Hyderabad, 
Union Bank Of India,COBW123640,17.353905,78.498915,TELANGANA,Hyderabad, , 
State Bank Of India,S1BW021100001,17.353927,78.547631,TELANGANA,Ranga Reddy,AMBERPET, 
Bank Of Baroda,1FDHYD61,17.353938,78.508223,TELANGANA,Hyderabad,HYDERABAD,500059
ICICI Bank Ltd,SACWF883,17.353953,78.499166,TELANGANA,Hyderabad,Hyderabad, 
HDFC Bank Ltd,P1ENHY03,17.354,78.4729,TELANGANA,Hyderabad,Hyderabad,NULL
IndusInd Bank,MN000445,17.354126,78.511453,TELANGANA,Hyderabad,Hyderabad,500059
State Bank Of India,S1NZ000847113,17.354131,78.54739,TELANGANA,Ranga Reddy,HYDERABAD, 
ICICI Bank Ltd,SACWM067,17.3542,78.535682,TELANGANA,Ranga Reddy, , 
ICICI Bank Ltd,SACWM085,17.3542,78.535682,TELANGANA,Ranga Reddy, , 
State Bank Of India,S5NL021487621,17.354213,78.564282,TELANGANA,Ranga Reddy,HAYATHNAGAR, 
ICICI Bank Ltd,S1CNQ461,17.354217,78.556365,TELANGANA,Ranga Reddy, , 
HDFC Bank Ltd,P3FNHY33,17.354236,78.491168,TELANGANA,Hyderabad,HYDERABAD, 
State Bank Of India,T1NH003026169,17.354276,78.464687,TELANGANA,Hyderabad,HYDERABAD, 
State Bank Of India,S1BW003026028,17.354356,78.541936,TELANGANA,Ranga Reddy,Secunderabad, 
State Bank Of India,S5NC020596621,17.354359,78.47044,TELANGANA,Hyderabad,CHARMINAR, 
State Bank Of India,S5NL020596622,17.354372,78.470304,TELANGANA,Hyderabad,CHARMINAR, 
Canara Bank,B3031001,17.354516,78.472252,TELANGANA,Hyderabad, , 
State Bank Of India,S1BB003026133,17.354533,78.52299,TELANGANA,Hyderabad,SAROORNAGAR,500095
State Bank Of India,S1NG003026155,17.354693,78.532325,TELANGANA,Ranga Reddy,SAROORNAGAR, 
IndusInd Bank,MN000442,17.354712,78.532093,TELANGANA,Ranga Reddy,Hyderabad,500035
HDFC Bank Ltd,P1DCHY16,17.3548,78.5366,TELANGANA,Ranga Reddy,Hyderabad,NULL
State Bank Of India,T1BS003026280,17.35489,78.498519,TELANGANA,Hyderabad,HYDERABAD, 
Karur Vysya Bank Ltd,S1AC0149802,17.3549176,78.51134889,TELANGANA,Hyderabad,HYDERABAD,500059
Canara Bank,0878W017,17.354996,78.460382,TELANGANA,Hyderabad, , 
Canara Bank,A3087001,17.355035,78.547634,TELANGANA,Ranga Reddy, , 
State Bank Of India,S1NG003256001,17.355094,78.454355,TELANGANA,Hyderabad,CHARMINAR, 
Axis Bank Ltd,BPCN130519,17.3551233,78.52172,TELANGANA,Hyderabad,0,500059
HDFC Bank Ltd,P3FNHY17,17.355277,78.53769,TELANGANA,Ranga Reddy,HYDERABAD, 
State Bank Of India,S1BW003026087,17.35528,78.45333,TELANGANA,Hyderabad,HYDERABAD,500064
HDFC Bank Ltd,P1DCHD52,17.3554,78.4433,TELANGANA,Hyderabad,Hyderabad,NULL
Union Bank Of India,N1338001,17.355441,78.521779,TELANGANA,Hyderabad,HYDERABAD,500059
Axis Bank Ltd,DWCW130533,17.355474,78.498944,TELANGANA,Hyderabad,SAIDABAD, 
State Bank Of India,T1NH003026200,17.355492,78.539391,TELANGANA,Ranga Reddy,HYDERABAD, 
ICICI Bank Ltd,SACWM315,17.355741,78.565467,TELANGANA,Ranga Reddy, , 
ICICI Bank Ltd,SACWJ541,17.355806,78.381614,TELANGANA,Ranga Reddy, , 
ICICI Bank Ltd,SACWF622,17.355806,78.381614,TELANGANA,Ranga Reddy, , 
ICICI Bank Ltd,SACWF958,17.355806,78.381614,TELANGANA,Ranga Reddy, , 
Bank Of India,CHY8040,17.355989,78.53432,TELANGANA,Ranga Reddy,HYDERABAD, 
Union Bank Of India,N1154005,17.355995,78.53596,TELANGANA,Ranga Reddy,HYDERABAD,500035
Union Bank Of India,H1154101,17.356,78.536,TELANGANA,Ranga Reddy,HYDERABAD,500035
Union Bank Of India,W1154003,17.356,78.536,TELANGANA,Ranga Reddy,HYDERABAD,500035
State Bank Of India,T1NY003026232,17.356099,78.436047,TELANGANA,Hyderabad,Golconda, 
Kotak Mahindra Bank Limited,HYBD2460,17.356099,78.533299,TELANGANA,Ranga Reddy,Hyderabad, 
State Bank Of India,S1NG000847534,17.356232,78.477852,TELANGANA,Hyderabad,CHARMINAR, 
Canara Bank,A3041001,17.356361,78.453685,TELANGANA,Hyderabad, , 
State Bank Of India,S5NF015760621,17.356378,78.505176,TELANGANA,Hyderabad,SAIDABAD, 
State Bank Of India,T1BS003026267,17.356519,78.505439,TELANGANA,Hyderabad,HYDERABAD, 
State Bank Of India,T1NY003026168,17.356792,78.464019,TELANGANA,Hyderabad,HYDERABAD, 
Central Bank Of India,D41D48361S,17.356999,78.493598,TELANGANA,Hyderabad,BHOULI, 
Union Bank Of India,W1555002,17.357,78.4545,TELANGANA,Hyderabad,HYDERABAD,500064
Union Bank Of India,H1555101,17.357,78.4545,TELANGANA,Hyderabad,HYDERABAD,500064
Axis Bank Ltd,APCN19231,17.357019,78.451189,TELANGANA,Hyderabad,HYDERABAD, 
Axis Bank Ltd,SPCN2359,17.3571148,78.5474521,TELANGANA,Ranga Reddy,0,500035
IDBI Bank Ltd,ID059411,17.35717,78.51158,TELANGANA,Hyderabad,Hyderabad,500059
State Bank Of India,S5NL020790622,17.35717,78.516066,TELANGANA,Hyderabad,Hyderabad, 
ICICI Bank Ltd,SACWM275,17.357215,78.450828,TELANGANA,Hyderabad, , 
ICICI Bank Ltd,SACWM049,17.357215,78.450828,TELANGANA,Hyderabad, , 
ICICI Bank Ltd,SACWM275,17.357215,78.450828,TELANGANA,Hyderabad, , 
State Bank Of India,S1BW003026088,17.35722,78.45028,TELANGANA,Hyderabad,HYDERABAD,500064
State Bank Of India,T1NW000916160,17.357262,78.564907,TELANGANA,Ranga Reddy,Hyderabad, 
State Bank Of India,S1NZ000847159,17.35728,78.45043,TELANGANA,Hyderabad,HYDERABAD,500064
Canara Bank,0878W034,17.357281,78.481404,TELANGANA,Hyderabad, , 
State Bank Of India,S1NZ000847155,17.35729,78.4504,TELANGANA,Hyderabad,HYDERABAD,500064
State Bank Of India,S1BB030488001,17.357306,78.513793,TELANGANA,Hyderabad,HYDERABAD, 
State Bank Of India,T1NF003026242,17.357307,78.54684,TELANGANA,Ranga Reddy,Saroornagar, 
Axis Bank Ltd,DPRH215703,17.357374,78.548146,TELANGANA,Ranga Reddy,RAJENDRANAGAR, 
HDFC Bank Ltd,P1DCHY52,17.357377,78.449844,TELANGANA,Hyderabad, , 
Canara Bank,8787652,17.357507,78.449806,TELANGANA,Hyderabad, , 
Canara Bank,0878E012,17.357507,78.449806,TELANGANA,Hyderabad, , 
HDFC Bank Ltd,P1DCHY60,17.3576,78.4498,TELANGANA,Hyderabad,Hyderabad,NULL
Axis Bank Ltd,BPCN215707,17.3576333,78.5288,TELANGANA,Hyderabad,0,500060
State Bank Of India,T1NY003026237,17.357677,78.463475,TELANGANA,Hyderabad,HYDERABAD, 
State Bank Of India,S1BJ000916113,17.357696,78.548554,TELANGANA,Ranga Reddy,MAHBUBNAGAR,500061
ICICI Bank Ltd,SCVDL864,17.357696,78.540893,TELANGANA,Ranga Reddy, , 
State Bank Of India,T1NF003026240,17.357814,78.554559,TELANGANA,Ranga Reddy,Saroornagar, 
ICICI Bank Ltd,SECNF009,17.357879,78.513922,TELANGANA,Hyderabad,Hyderabad, 
Punjab National Bank,H36B049301,17.357894,78.582025,TELANGANA,Ranga Reddy,HYDERABAD,500070
Karur Vysya Bank Ltd,S1AC0482501,17.35797579,78.55751237,TELANGANA,Ranga Reddy,HYDERABAD,500074
State Bank Of India,S1NZ000847105,17.358,78.51307,TELANGANA,Hyderabad,HYDERABAD,500059
State Bank Of India,S1NZ000847104,17.35803,78.51303,TELANGANA,Hyderabad,HYDERABAD,500059
ICICI Bank Ltd,SACWK723,17.358053,78.383407,TELANGANA,Ranga Reddy, , 
State Bank Of India,S1NG020068003,17.358072,78.464204,TELANGANA,Hyderabad,CHARMINAR, 
ICICI Bank Ltd,SACWF839,17.358182,78.504117,TELANGANA,Hyderabad, , 
Canara Bank,28182359,17.358246,78.519923,TELANGANA,Hyderabad, , 
ICICI Bank Ltd,SECNM785,17.358266,78.479408,TELANGANA,Hyderabad, , 
Union Bank Of India,W0590001,17.3584,79.1283,TELANGANA,Yadadri Bhuvanagiri,VEMULAKONDA,508112
Union Bank Of India,H0521101,17.3585,78.5186,TELANGANA,Hyderabad,HYDERABAD,500059
State Bank Of India,S1BB011667004,17.35854,78.549051,TELANGANA,Ranga Reddy,Hyderabad, 
State Bank Of India,T1NY000916240,17.35862,78.509299,TELANGANA,Hyderabad,Secunderabad, 
Axis Bank Ltd,DWRO430601,17.358636,78.455349,TELANGANA,Hyderabad,HYDERABAD, 
State Bank Of India,S5NL011666622,17.358655,78.525532,TELANGANA,Hyderabad,saidabad, 
State Bank Of India,S5NG021462621,17.358666,78.524445,TELANGANA,Hyderabad,HYDERABAD, 
State Bank Of India,S1NG003026154,17.358777,78.525177,TELANGANA,Hyderabad,SAROORNAGAR, 
State Bank Of India,S5NL021461621,17.358795,78.519428,TELANGANA,Hyderabad,SAIDABAD, 
State Bank Of India,S1BW003026144,17.358854,78.475105,TELANGANA,Hyderabad,HYDERABAD, 
State Bank Of India,T1NY003026224,17.358914,78.44504,TELANGANA,Hyderabad,HYDERABAD, 
Canara Bank,A3061001,17.359,78.5135,TELANGANA,Hyderabad,HYDERABAD,500059
IDBI Bank Ltd,ID087201,17.35903,78.47191,TELANGANA,Hyderabad,Hyderabad,500033
State Bank Of India,T1NS003026222,17.359059,78.502196,TELANGANA,Hyderabad,MADANNAPET, 
Axis Bank Ltd,BWCW215709,17.359169,78.528399,TELANGANA,Hyderabad, , 
State Bank Of India,S1BB003026138,17.359179,78.51659,TELANGANA,Hyderabad,SAIDABAD,500058
State Bank Of India,S1BB011667003,17.359215,78.549694,TELANGANA,Ranga Reddy,Hyderabad, 
IndusInd Bank,MC000427,17.35929,78.47427,TELANGANA,Hyderabad,HYDERABAD,500002
IDBI Bank Ltd,ID002811,17.35939,78.49113,TELANGANA,Hyderabad,Hyderabad,500081
ICICI Bank Ltd,SACWM054,17.359441,78.517356,TELANGANA,Hyderabad, , 
ICICI Bank Ltd,SACWJ264,17.359441,78.517356,TELANGANA,Hyderabad, , 
State Bank Of India,T1BS005916292,17.35959,78.44241,TELANGANA,Hyderabad,HYDERABAD, 
Axis Bank Ltd,DWCW130524,17.35985,78.502439,TELANGANA,Hyderabad,HYDERABAD, 
Punjab National Bank,B1109500,17.359879,78.474555,TELANGANA,Hyderabad, , 
HDFC Bank Ltd,P1DCHD08,17.3599,78.5169,TELANGANA,Hyderabad,Hyderabad,NULL
Union Bank Of India,N2130003,17.36,78.57,TELANGANA,Ranga Reddy,HYDERABAD,500068
State Bank Of India,S1NW003026073,17.360268,78.52593,TELANGANA,Hyderabad,HYDERABAD, 
HDFC Bank Ltd,S1ANHE20,17.360269,78.525989,TELANGANA,Hyderabad,HYDERABAD, 
State Bank Of India,S1BW020930002,17.360272,78.470215,TELANGANA,Hyderabad,CHARMINAR, 
Canara Bank,8787881,17.360299,78.525969,TELANGANA,Hyderabad, , 
Central Bank Of India,SCDH14751S,17.360508,78.492758,TELANGANA,Hyderabad,HYDERABAD, 
State Bank Of India,T1BS000916288,17.360509,78.53492,TELANGANA,Ranga Reddy,HYDERABAD, 
Uco Bank,NA291901,17.360558,78.537632,TELANGANA,Ranga Reddy, , 
IDBI Bank Ltd,ID132711,17.36056,78.47804,TELANGANA,Hyderabad,Hyderabad,500002
State Bank Of India,T1NY003026236,17.360675,78.470172,TELANGANA,Hyderabad,HYDERBAD, 
Canara Bank,0878W031,17.360771,78.479405,TELANGANA,Hyderabad, , 
Canara Bank,0878E014,17.360771,78.479405,TELANGANA,Hyderabad, , 
Bank Of Baroda,1VD410501,17.360777,78.388781,TELANGANA,Ranga Reddy,HYDERABAD,500008
HDFC Bank Ltd,P1ENHY42,17.360799,78.442599,TELANGANA,Hyderabad, , 
HDFC Bank Ltd,P1ENHY24,17.360799,78.442599,TELANGANA,Hyderabad, , 
ICICI Bank Ltd,SACWM323,17.361158,78.488334,TELANGANA,Hyderabad, , 
HDFC Bank Ltd,P1DCHY89,17.3612,78.4745,TELANGANA,Hyderabad,Hyderabad,NULL
State Bank Of India,T1BS005916287,17.361229,78.549029,TELANGANA,Ranga Reddy,Ramachandrapuram, 
State Bank Of India,S1N6000847424,17.361252,78.531746,TELANGANA,Hyderabad,Hyderabad, 
Axis Bank Ltd,APCN19226,17.36127,78.488385,TELANGANA,Hyderabad,0,500023
State Bank Of India,T1NH003026216,17.361329,78.488261,TELANGANA,Hyderabad,Charminar, 
State Bank Of India,S1BB001879002,17.361414,78.472079,TELANGANA,Hyderabad,CHARMINAR, 
State Bank Of India,T1NY003026162,17.361475,78.467496,TELANGANA,Hyderabad,HYDERABAD, 
State Bank Of India,T1NH003026177,17.361479,78.524534,TELANGANA,Hyderabad,HYDERABAD, 
HDFC Bank Ltd,P3ENHE43,17.361509,78.494229,TELANGANA,Hyderabad, , 
DCB bank Ltd,DCB02706,17.361521,78.494788,TELANGANA,Hyderabad, , 
HDFC Bank Ltd,P3ECHY07,17.361522,78.47422,TELANGANA,Hyderabad, , 
Punjab National Bank,D2109500,17.36156,78.47428,TELANGANA,Hyderabad,HYDERABAD,500002
IDBI Bank Ltd,ID105701,17.36165,78.44444,TELANGANA,Hyderabad,Hyderabad,500074
State Bank Of India,S1BB003026145,17.361748,78.474772,TELANGANA,Hyderabad,CHARMINAR,500058
Axis Bank Ltd,TPCN13056,17.3617672,78.4831861,TELANGANA,Hyderabad,0,500059
Axis Bank Ltd,CWAW23503,17.3617785,78.5061366,TELANGANA,Hyderabad,0,500059
State Bank Of India,S1BG000916038,17.361799,78.43696,TELANGANA,Hyderabad,Hyderabad, 
IndusInd Bank,MW023101,17.361814,78.522327,TELANGANA,Hyderabad,Hyderabad,500060
State Bank Of India,S1BB003026148,17.361902,78.474611,TELANGANA,Hyderabad,CHARMINAR,500058
State Bank Of India,S1NZ000847124,17.36191,78.52619,TELANGANA,Hyderabad,HYDERABAD,500060
ICICI Bank Ltd,SACWG776,17.361932,78.535107,TELANGANA,Ranga Reddy,Hyderabad, 
HDFC Bank Ltd,P3ENHE05,17.36198,78.50768,TELANGANA,Hyderabad, , 
HDFC Bank Ltd,S1AWHY73,17.362,78.3928,TELANGANA,Ranga Reddy,Hyderabad,NULL
ICICI Bank Ltd,SACWM021,17.362129,78.470138,TELANGANA,Hyderabad, , 
Union Bank Of India,NHYD13911111111,17.36215,78.47109,TELANGANA,Hyderabad,Hyderabad,500002
Indusind Bank,MN190901,17.362201,78.429045,TELANGANA,Hyderabad,Rangareddy, 
ICICI Bank Ltd,SACWF949,17.362255,78.532925,TELANGANA,Hyderabad,Hyderabad, 
State Bank Of India,T1NH003026163,17.362288,78.483263,TELANGANA,Hyderabad,HYDERABAD, 
State Bank Of India,S5NC061242621,17.362309,78.563308,TELANGANA,Medchal Malkajgiri,Hyderabad, 
State Bank Of India,S1BG021364001,17.362363,78.532096,TELANGANA,Hyderabad,Hyderabad, 
State Bank Of India,S5NL021009621,17.362367,78.54103,TELANGANA,Ranga Reddy,Hyderabad, 
State Bank Of India,S1BW020864002,17.362378,78.528313,TELANGANA,Hyderabad,Hyderabad, 
HDFC Bank Ltd,P1DCHY30,17.3625,78.5271,TELANGANA,Hyderabad,Secunderabad,NULL
Indian Overseas Bank,IOBD5983,17.362519,78.427399,TELANGANA,Hyderabad, , 
State Bank Of India,T1NH003026172,17.362564,78.470869,TELANGANA,Hyderabad,HYDERABAD, 
City Union Bank Ltd,CUB01934,17.362576,78.503858,TELANGANA,Hyderabad,Hyderabad,500034
Bank Of Baroda,1VW418301,17.362584,78.434011,TELANGANA,Hyderabad,HYDERABAD,500048
Bank Of India,AHY8043,17.362589,78.52554,TELANGANA,Hyderabad,HYDERABAD, 
State Bank Of India,S1BB003026297,17.362642,78.479908,TELANGANA,Hyderabad,HYDERABAD, 
HDFC Bank Ltd,P1DCHD55,17.3627,78.4277,TELANGANA,Hyderabad,Hyderabad,NULL
Union Bank Of India,W0090008,17.362771,78.475103,TELANGANA,Hyderabad,HYDERABAD,500002
State Bank Of India,T1BW000916274,17.36293,78.484799,TELANGANA,Hyderabad,Charminar, 
State Bank Of India,S1BW022007001,17.362939,78.517355,TELANGANA,Hyderabad,Hyderabad, 
ICICI Bank Ltd,S1CNP727,17.362989,78.430961,TELANGANA,Hyderabad, , 
Canara Bank,A3002001,17.363019,78.477319,TELANGANA,Hyderabad, , 
Union Bank Of India,N0521004,17.3631,78.5029,TELANGANA,Hyderabad,HYDERABAD,500059
IDFC Bank,IN802011,17.36324,78.52236,TELANGANA,Hyderabad,SRI KRISHNA NAGAR, 
HDFC Bank Ltd,P1DCHY76,17.3633,78.5868,TELANGANA,Ranga Reddy,Hyderabad,NULL
Yes Bank Ltd,SKONC875,17.36339,78.54403,TELANGANA,Ranga Reddy,Hyderabad, 
Axis Bank Ltd,CPRH19203,17.363419,78.48034,TELANGANA,Hyderabad,HYDERABAD, 
State Bank Of India,T1NY003026160,17.363426,78.50448,TELANGANA,Hyderabad,HYDERABAD, 
Axis Bank Ltd,CWRO19206,17.363439,78.47546,TELANGANA,Hyderabad,HYDERABAD, 
Axis Bank Ltd,CWRO19207,17.363442,78.475457,TELANGANA,Hyderabad,HYDERABAD, 
Union Bank Of India,W0521003,17.363519,78.501076,TELANGANA,Hyderabad,HYDERABAD,500059
Axis Bank Ltd,APCN19227,17.363593,78.4803556,TELANGANA,Hyderabad,0,500002
Canara Bank,67475256,17.363609,78.428535,TELANGANA,Hyderabad, , 
State Bank Of India,T1BY003026263,17.363702,78.526645,TELANGANA,Hyderabad,Saroornagar, 
Axis Bank Ltd,CPRH19205,17.36372,78.49171,TELANGANA,Hyderabad,HYDERABAD, 
Punjab National Bank,TS1R203U,17.363734,78.428928,TELANGANA,Hyderabad,HYDERABAD, 
Union Bank Of India,W0122013,17.363783,78.526432,TELANGANA,Hyderabad,Hyderabad, 
Union Bank Of India,NHYD13811111111,17.36383,78.47523,TELANGANA,Hyderabad,Hyderabad,500037
Canara Bank,8787883,17.363852,78.459563,TELANGANA,Hyderabad, , 
Axis Bank Ltd,APCN42623,17.3638905,78.4245951,TELANGANA,Ranga Reddy,0,500048
HDFC Bank Ltd,P1DCHY36,17.3639,78.3947,TELANGANA,Ranga Reddy,Hyderabad,NULL
ICICI Bank Ltd,SACWF674,17.364423,78.428695,TELANGANA,Hyderabad, , 
HDFC Bank Ltd,P1DCHD45,17.3639,78.3948,TELANGANA,Ranga Reddy,Hyderabad,NULL
Rural Cooperative Bank,M0201800,17.363919,78.428809,TELANGANA,Hyderabad,HYDERABAD, 
Rural Cooperative Bank,MICRO ATM,17.363919,78.428809,TELANGANA,Hyderabad,HYDERABAD, 
State Bank Of India,S1BG061242001,17.364097,78.580849,TELANGANA,Medchal Malkajgiri,HYDERABAD, 
State Bank Of India,T1NF003026238,17.364103,78.459003,TELANGANA,Hyderabad,Charminar, 
Axis Bank Ltd,BPCN215712,17.36412,78.54846,TELANGANA,Ranga Reddy,HYDERABAD, 
State Bank Of India,S5NE003184621,17.364142,78.521404,TELANGANA,Hyderabad,Hyderabad, 
Axis Bank Ltd,SPRH42602,17.364249,78.394819,TELANGANA,Ranga Reddy,0,500086
Axis Bank Ltd,SPCN42607,17.364249,78.394819,TELANGANA,Ranga Reddy,0,500086
IDBI Bank Ltd,ID000216,17.36427,78.45818,TELANGANA,Hyderabad,Hyderabad,501218
IDBI Bank Ltd,ID043212,17.36427,78.46092,TELANGANA,Hyderabad,Hyderabad,500032
IDBI Bank Ltd,ID195101,17.36427,78.46092,TELANGANA,Hyderabad,Hyderabad,500084
IDBI Bank Ltd,TC104812,17.36427,78.49388,TELANGANA,Hyderabad,Hyderabad,500048
HDFC Bank Ltd,P1ENHD06,17.3643,78.4667,TELANGANA,Hyderabad,Hyderabad,NULL
HDFC Bank Ltd,P1DCHY99,17.3643,78.508,TELANGANA,Hyderabad,Hyderabad,NULL
State Bank Of India,S1NG011746003,17.364355,78.510418,TELANGANA,Hyderabad,SAIDABAD, 
South Indian Bank Ltd,05460002,17.3644,78.5395,TELANGANA,Ranga Reddy,Greater Hyderabad,500035
State Bank Of India,S1N6000847439,17.364471,78.52198,TELANGANA,Hyderabad,Hyderabad, 
Union Bank Of India,W1621002,17.3645,78.3948,TELANGANA,Ranga Reddy,HYDERABAD,500008
Union Bank Of India,H1621101,17.3645,78.3948,TELANGANA,Ranga Reddy,HYDERABAD,500008
Union Bank Of India,W1621003,17.364521,78.394779,TELANGANA,Ranga Reddy,HYDERABAD,500008
Karur Vysya Bank Ltd,S1AC0145602,17.36455297,78.5267004,TELANGANA,Hyderabad,HYDERABAD,500060
ICICI Bank Ltd,SACWM320,17.364603,78.569824,TELANGANA,Medchal Malkajgiri, , 
ICICI Bank Ltd,SACWH372,17.364717,78.537517,TELANGANA,Ranga Reddy,Hyderabad, 
State Bank Of India,T1NW005916204,17.364718,78.415317,TELANGANA,Ranga Reddy,HYDERABAD, 
State Bank Of India,T1NY003026180,17.364737,78.50654,TELANGANA,Hyderabad,HYDERABAD, 
Axis Bank Ltd,DWCW317203,17.364838,78.516353,TELANGANA,Hyderabad, , 
State Bank Of India,T1BW000916268,17.364859,78.459701,TELANGANA,Hyderabad,Charminar, 
Axis Bank Ltd,AWCW42630,17.365,78.41925,TELANGANA,Ranga Reddy,HYDERABAD, 
State Bank Of India,S5NL021364621,17.365174,78.526104,TELANGANA,Hyderabad,saidabad, 
ICICI Bank Ltd,SACWN909,17.365186,78.556564,TELANGANA,Ranga Reddy, , 
ICICI Bank Ltd,SACWN959,17.365186,78.556564,TELANGANA,Ranga Reddy, , 
ICICI Bank Ltd,SACWN959,17.365186,78.556564,TELANGANA,Ranga Reddy, , 
ICICI Bank Ltd,SACWN959,17.365186,78.556564,TELANGANA,Ranga Reddy, , 
State Bank Of India,T1NH003026187,17.365188,78.506548,TELANGANA,Hyderabad,HYDERABAD, 
Axis Bank Ltd,DPRH330601,17.365259,78.39612,TELANGANA,Ranga Reddy,RANGAREDDY, 
Bank Of Baroda,1RDWHYD40,17.365342,78.42799,TELANGANA,Hyderabad,HYDERABAD,500004
ICICI Bank Ltd,S1CNP657,17.365362,78.526954,TELANGANA,Hyderabad, , 
State Bank Of India,S1NG015760001,17.365372,78.513857,TELANGANA,Hyderabad,Hyderabad, 
ICICI Bank Ltd,SACWG798,17.365396,78.552924,TELANGANA,Ranga Reddy,Hyderabad, 
HDFC Bank Ltd,P1ENHY31,17.365499,78.539192,TELANGANA,Ranga Reddy, , 
Canara Bank,A3057001,17.3655,78.4725,TELANGANA,Hyderabad,HYDERABAD,500008
Canara Bank,0878E010,17.36554,78.521433,TELANGANA,Hyderabad, , 
Canara Bank,0878W010,17.36554,78.521435,TELANGANA,Hyderabad, , 
Canara Bank,0878E034,17.36554,78.521435,TELANGANA,Hyderabad, , 
Punjab National Bank,N3109500,17.3656,78.4752,TELANGANA,Hyderabad,RANGA REDDY, 
ICICI Bank Ltd,SACWN830,17.365652,78.523895,TELANGANA,Hyderabad, , 
HDFC Bank Ltd,S1ACHY04,17.3657,78.5423,TELANGANA,Ranga Reddy,Hyderabad,NULL
State Bank Of India,T1NH003026188,17.36574,78.529399,TELANGANA,Hyderabad,HYDERABAD, 
Canara Bank,A3043001,17.36579,78.533,TELANGANA,Hyderabad,HYDERABAD,500060
HDFC Bank Ltd,P3DCHB17,17.365799,78.427199,TELANGANA,Ranga Reddy,HYDERABAD, 
HDFC Bank Ltd,P3FNHY46,17.365799,78.427199,TELANGANA,Ranga Reddy,HYDERABAD, 
HDFC Bank Ltd,P1DCHD54,17.365835,78.535304,TELANGANA,Hyderabad, , 
Bank Of India,AHY8016,17.365849,78.53984,TELANGANA,Ranga Reddy, , 
HDFC Bank Ltd,P3ENHE54,17.365897,78.427202,TELANGANA,Ranga Reddy,HYDERABAD, 
HDFC Bank Ltd,P1DCHY68,17.3659,78.4272,TELANGANA,Ranga Reddy,Hyderabad,NULL
HDFC Bank Ltd,S1ANHD63,17.3659,78.4272,TELANGANA,Ranga Reddy,Hyderabad,NULL
HDFC Bank Ltd,S1ANHD45,17.3659,78.4272,TELANGANA,Ranga Reddy,Hyderabad,NULL
State Bank Of India,S1BW020790005,17.365973,78.543203,TELANGANA,Ranga Reddy,HYDERABAD, 
Bank Of India,AHY8037,17.36598,78.5399,TELANGANA,Ranga Reddy,HYDERABAD, 
Axis Bank Ltd,APCN19225,17.365985,78.487325,TELANGANA,Hyderabad,0,500024
HDFC Bank Ltd,P3ECSB03,17.365999,78.475997,TELANGANA,Hyderabad, , 
Indian Overseas Bank,IOB9538,17.366025,78.528283,TELANGANA,Hyderabad,HYDERABAD,0
State Bank Of India,S1NZ000847151,17.36618,78.45902,TELANGANA,Hyderabad,HYDERABAD,500064
HDFC Bank Ltd,P1DCHY81,17.3662,78.4844,TELANGANA,Hyderabad,Hyderabad,NULL
State Bank Of India,S1NZ000847150,17.36621,78.45904,TELANGANA,Hyderabad,HYDERABAD,500064
Axis Bank Ltd,BPCN215706,17.3662466,78.5440433,TELANGANA,Ranga Reddy,0,500035
State Bank Of India,S5NE020335621,17.366292,78.42884,TELANGANA,Hyderabad,HYDERABAD, 
Bank Of India,AHY8005,17.368,78.521109,TELANGANA,Hyderabad, , 
HDFC Bank Ltd,P1ENWA02,17.3663,78.5256,TELANGANA,Hyderabad,Hyderabad,NULL
HDFC Bank Ltd,P1EWHY18,17.3663,78.5256,TELANGANA,Hyderabad,Hyderabad,NULL
Axis Bank Ltd,APCN23509,17.3663064,78.534862,TELANGANA,Hyderabad,0,500060
State Bank Of India,T1NW005916208,17.366315,78.417119,TELANGANA,Ranga Reddy,HYDERABAD, 
State Bank Of India,S5NE020413621,17.366341,78.487354,TELANGANA,Hyderabad,HYDERABAD, 
State Bank Of India,S1BG011666003,17.366342,78.548085,TELANGANA,Ranga Reddy,Hyderabad, 
ICICI Bank Ltd,SACWN902,17.366374,78.542259,TELANGANA,Ranga Reddy, , 
HDFC Bank Ltd,P1DCHY63,17.3664,78.5305,TELANGANA,Hyderabad,Hyderabad,NULL
Axis Bank Ltd,DWCW406701,17.366516,78.539327,TELANGANA,Ranga Reddy,HYDERABAD, 
State Bank Of India,S5NL021222621,17.366519,80.425273,TELANGANA,Khammam,ENKURU, 
Axis Bank Ltd,CWCW42620,17.3667007,78.426476,TELANGANA,Ranga Reddy,0,500048
ICICI Bank Ltd,SACWN895,17.366718,78.510528,TELANGANA,Hyderabad, , 
Union Bank Of India,N1295002,17.36678,78.428439,TELANGANA,Hyderabad,HYDERABAD,500048
Union Bank Of India,H1295101,17.3668,78.4284,TELANGANA,Hyderabad,HYDERABAD,500048
ICICI Bank Ltd,SACWN897,17.366819,78.539916,TELANGANA,Ranga Reddy, , 
ICICI Bank Ltd,SACWE865,17.366819,78.539916,TELANGANA,Ranga Reddy, , 
State Bank Of India,T1NY003026256,17.366859,78.44933,TELANGANA,Hyderabad,Charminar, 
State Bank Of India,T1BW000916284,17.366859,78.44933,TELANGANA,Hyderabad,HYDERABAD, 
Kotak Mahindra Bank Limited,HYBN9337,17.36687,78.5242,TELANGANA,Hyderabad,Hyderabad,500060
ICICI Bank Ltd,SACWG470,17.366871,78.427745,TELANGANA,Ranga Reddy,Hyderabad, 
IDBI Bank Ltd,ID116901,17.36689,78.47191,TELANGANA,Hyderabad,Hyderabad,500062
State Bank Of India,T1NH003026167,17.366971,78.487441,TELANGANA,Hyderabad,HYDERABAD, 
HDFC Bank Ltd,P3ENHY83,17.366973,78.389464,TELANGANA,Ranga Reddy, , 
Axis Bank Ltd,BPCN113413,17.3670304,78.5403085,TELANGANA,Ranga Reddy,0,501512
State Bank Of India,S5NG020790621,17.367043,78.551928,TELANGANA,Ranga Reddy,HYDERABAD, 
Axis Bank Ltd,CPRH23511,17.367142,78.515242,TELANGANA,Hyderabad,HYDERABAD, 
HDFC Bank Ltd,P1ENHY22,17.3672,78.5274,TELANGANA,Hyderabad,Hyderabad,NULL
ICICI Bank Ltd,SACWE845,17.367204,78.521924,TELANGANA,Hyderabad, , 
ICICI Bank Ltd,SACWC598,17.367208,78.524972,TELANGANA,Hyderabad,Hyderabad, 
ICICI Bank Ltd,SACWJ227,17.367208,78.524972,TELANGANA,Hyderabad,Hyderabad, 
Union Bank Of India,COBW130740,17.367233,78.538311,TELANGANA,Ranga Reddy, , 
State Bank Of India,S5BL001879621,17.367259,78.476395,TELANGANA,Hyderabad,HYDERABAD, 
Canara Bank,0878W018,17.367261,78.476185,TELANGANA,Hyderabad, , 
Union Bank Of India,W0090006,17.367296,78.481245,TELANGANA,Hyderabad,HYDERABAD,500002
State Bank Of India,S1BJ002687007,17.36736,78.54886,TELANGANA,Ranga Reddy,MEDAK,500043
State Bank Of India,T1NH003026174,17.367366,78.524707,TELANGANA,Hyderabad,HYDERABAD, 
ICICI Bank Ltd,SACWF886,17.367474,78.523194,TELANGANA,Hyderabad,Hyderabad, 
Axis Bank Ltd,LWCW23531,17.367489,78.50569,TELANGANA,Hyderabad,HYDERABAD, 
City Union Bank Ltd,CUB01600,17.367516,78.52318,TELANGANA,Hyderabad,TIRUCHIRAPALLI,621315
Lakshmi Vilas Bank Ltd,001DM104,17.36767,0.0,TELANGANA,Ranga Reddy, , 
Axis Bank Ltd,CPRH00806,17.367689,78.50711,TELANGANA,Hyderabad,HYDERABAD, 
ICICI Bank Ltd,SPCNF315,17.367726,78.431608,TELANGANA,Hyderabad,Hyderabad, 
Bank Of Maharashtra,WA1148T1,17.367746,78.52855,TELANGANA,Hyderabad,HYDERABAD DILSUKHNAGAR,500060
Union Bank Of India,H0192101,17.3678,78.5384,TELANGANA,Ranga Reddy,HYDERABAD,500035
Union Bank Of India,N0192005,17.3678,78.5384,TELANGANA,Ranga Reddy,HYDERABAD,500035
State Bank Of India,S1BB003026112,17.3678,78.54006,TELANGANA,Ranga Reddy,HYDERABAD,500060
Lakshmi Vilas Bank Ltd,004DM499,17.36789,0.0,TELANGANA,Hyderabad, , 
HDFC Bank Ltd,P1DCHD20,17.3679,78.5288,TELANGANA,Hyderabad,Hyderabad,NULL
Canara Bank,11790521,17.36792,78.52707,TELANGANA,Hyderabad, , 
ICICI Bank Ltd,SACWJ221,17.367921,78.504768,TELANGANA,Hyderabad, , 
ICICI Bank Ltd,SACWC501,17.367922,78.504772,TELANGANA,Hyderabad,Hyderabad, 
Canara Bank,0878W002,17.36796,78.527075,TELANGANA,Hyderabad, , 
Canara Bank,0878E032,17.36796,78.527075,TELANGANA,Hyderabad, , 
Bank Of Baroda,1FDHYD72,17.368012,78.430237,TELANGANA,Hyderabad, ,500048
Bank Of India,CHY9017,17.36801,78.43024,TELANGANA,Hyderabad, ,500048
State Bank Of India,T1NY003026214,17.368108,78.541206,TELANGANA,Ranga Reddy,HYDERABAD, 
DCB bank Ltd,DCB05805,17.368169,78.529352,TELANGANA,Hyderabad, , 
Union Bank Of India,W0122010,17.3682,78.5248,TELANGANA,Hyderabad,HYDERABAD,500060
Union Bank Of India,H0122101,17.3682,78.5248,TELANGANA,Hyderabad,HYDERABAD,500060
Union Bank Of India,N0122012,17.3682,78.5248,TELANGANA,Hyderabad,HYDERABAD,500060
State Bank Of India,T1NY003026231,17.36826,78.4758,TELANGANA,Hyderabad,HYDERABAD, 
State Bank Of India,S5NE020930621,17.368265,78.479749,TELANGANA,Hyderabad,HYDERABAD, 
Indian Overseas Bank,IOB9485,17.368315,78.477259,TELANGANA,Hyderabad,HYDERABAD,0
Lakshmi Vilas Bank Ltd,008DM339,17.36835,0.0,TELANGANA,Ranga Reddy, , 
ICICI Bank Ltd,SCVDL422,17.368354,78.484176,TELANGANA,Hyderabad, , 
HDFC Bank Ltd,P3DCHB14,17.368399,78.473219,TELANGANA,Hyderabad,HYDERABAD, 
HDFC Bank Ltd,P3ENHE83,17.368399,78.473219,TELANGANA,Hyderabad,HYDERABAD, 
HDFC Bank Ltd,P3ENHE90,17.368399,78.473219,TELANGANA,Hyderabad,HYDERABAD, 
HDFC Bank Ltd,P3FNHY47,17.368399,78.473219,TELANGANA,Hyderabad,HYDERABAD, 
HDFC Bank Ltd,P3FNHY48,17.368399,78.473219,TELANGANA,Hyderabad,HYDERABAD, 
State Bank Of India,T1NY002714135,17.368399,78.550169,TELANGANA,Ranga Reddy,HYDERABAD, 
ICICI Bank Ltd,SFCNM349,17.373054,78.512786,TELANGANA,Hyderabad, , 
Telangana Grameena Bank,DGBV015101,17.368455,78.530525,TELANGANA,Hyderabad,HYDERABAD, 
Union Bank Of India,DHYD08801111111,17.36847,78.47293,TELANGANA,Hyderabad,Hyderabad,500029
HDFC Bank Ltd,P3FNHY54,17.368486,78.473224,TELANGANA,Hyderabad,HYDERABAD, 
HDFC Bank Ltd,P3ENHE22,17.368486,78.473224,TELANGANA,Hyderabad,HYDERABAD, 
HDFC Bank Ltd,S1ANHD18,17.3685,78.4732,TELANGANA,Hyderabad,Hyderabad,NULL
HDFC Bank Ltd,S1ANHY63,17.3685,78.4732,TELANGANA,Hyderabad,Hyderabad,NULL
IndusInd Bank,MW000431,17.368549,78.530618,TELANGANA,Hyderabad,Dilsukhnagar,500060
State Bank Of India,S1BW003026011,17.368554,78.472334,TELANGANA,Hyderabad,CHARMINAR, 
Axis Bank Ltd,BPRH215702,17.3686,78.51927,TELANGANA,Hyderabad,HYDERABAD, 
HDFC Bank Ltd,P1ENHD13,17.3686,78.5283,TELANGANA,Hyderabad,Hyderabad,NULL
HDFC Bank Ltd,P1DCHY08,17.3686,78.5346,TELANGANA,Hyderabad,Hyderabad,NULL
Union Bank Of India,DHYD03401111111,17.579669,78.601589,TELANGANA,Hyderabad, , 
HDFC Bank Ltd,P1DCHY23,17.368672,78.533983,TELANGANA,Hyderabad, , 
Union Bank Of India,DHYD50601111111,17.368699,78.52713,TELANGANA,Hyderabad, , 
Union Bank Of India,DHYD08901111111,17.368699,78.5273,TELANGANA,Hyderabad, , 
State Bank Of India,S1NW003026218,17.368699,78.533,TELANGANA,Hyderabad,Saidabad, 
Union Bank Of India,N3028001,17.3687,78.5453,TELANGANA,Ranga Reddy,HYDERABAD,500070
State Bank Of India,S1NB003026003,17.368734,78.556707,TELANGANA,Medchal Malkajgiri,SECUNDERABAD, 
Union Bank Of India,W1312003,17.368752,78.549776,TELANGANA,Ranga Reddy,HYDERABAD,500035
Indian Bank,S1C014131,17.368783,78.52467,TELANGANA,Hyderabad, , 
Bank Of Baroda,1FNHYD79,17.368783,78.524671,TELANGANA,Hyderabad,0,500060
ICICI Bank Ltd,S1CWI159,17.368799,78.533113,TELANGANA,Hyderabad,Hyderabad, 
ICICI Bank Ltd,S1CWI211,17.368799,78.533113,TELANGANA,Hyderabad,Hyderabad, 
ICICI Bank Ltd,S1CPS027,17.368799,78.533195,TELANGANA,Hyderabad, , 
ICICI Bank Ltd,S1CWK607,17.368799,78.533195,TELANGANA,Hyderabad, , 
ICICI Bank Ltd,S1CWK608,17.368799,78.533195,TELANGANA,Hyderabad, , 
Union Bank Of India,W1312004,17.3688,78.5498,TELANGANA,Ranga Reddy,HYDERABAD,500035
Union Bank Of India,H1312101,17.3688,78.5498,TELANGANA,Ranga Reddy,HYDERABAD,500035
Punjab National Bank,C36B109101,17.368852,78.523773,TELANGANA,Hyderabad, , 
ICICI Bank Ltd,SACWC508,17.368903,78.524606,TELANGANA,Hyderabad,hyderabad, 
ICICI Bank Ltd,SACWN912,17.368909,78.524604,TELANGANA,Hyderabad, , 
State Bank Of India,S1NG011746004,17.368995,78.523222,TELANGANA,Hyderabad,Hyderabad, 
Axis Bank Ltd,DWCW330606,17.369,78.391449,TELANGANA,Ranga Reddy,HYDERABAD, 
IDBI Bank Ltd,ID002813,17.36904,78.49113,TELANGANA,Hyderabad,Hyderabad,500033
IndusInd Bank,MW000436,17.369045,78.539517,TELANGANA,Ranga Reddy,Hyderabad,500003
State Bank Of India,S1NB005916006,17.369055,78.424943,TELANGANA,Ranga Reddy,Hyderabad, 
Union Bank Of India,W0122011,17.369071,78.532666,TELANGANA,Hyderabad,HYDERABAD,500060
Union Bank Of India,NHYD12811111111,17.36909,78.52771,TELANGANA,Hyderabad,Hyderabad,500059
State Bank Of India,S1NW005916075,17.369096,78.425222,TELANGANA,Ranga Reddy,Hyderabad, 
Axis Bank Ltd,T3RH215701,17.369123,78.539282,TELANGANA,Ranga Reddy,0,500060
City Union Bank Ltd,CUBFI118,17.369212,78.520899,TELANGANA,Hyderabad,Hyderabad,500060
City Union Bank Ltd,CUBFI551,17.369212,78.520899,TELANGANA,Hyderabad,KADAPA,516003
Uco Bank,NA291101,17.369228,78.526374,TELANGANA,Hyderabad, , 
State Bank Of India,T1NH003026156,17.369231,78.506336,TELANGANA,Hyderabad,HYDERABAD, 
Central Bank Of India,SCRH38371S,17.369318,78.429618,TELANGANA,Hyderabad, , 
Indian Bank,S1NA1051,17.369359,78.523135,TELANGANA,Hyderabad,HYDERABAD,500660
Lakshmi Vilas Bank Ltd,005DM595,17.369389,0.0,TELANGANA,Hyderabad, , 
Axis Bank Ltd,LWCW23530,17.36941,78.5181,TELANGANA,Hyderabad,HYDERABAD, 
Axis Bank Ltd,CWRO23510,17.36941,78.5181,TELANGANA,Hyderabad,HYDERABAD, 
State Bank Of India,S5NL062233621,17.369425,78.573656,TELANGANA,Medchal Malkajgiri,HYDERABAD, 
Axis Bank Ltd,CPRH19204,17.369459,78.4586,TELANGANA,Hyderabad,HYDERABAD, 
State Bank Of India,T1NW000916170,17.369547,78.528773,TELANGANA,Hyderabad,Hyderabad, 
Axis Bank Ltd,BPCN180804,17.369641,78.5119934,TELANGANA,Hyderabad,0,500013
State Bank Of India,S5NG020269622,17.36965,78.514962,TELANGANA,Hyderabad,HYDERABAD, 
State Bank Of India,T1BW000916262,17.369826,78.492455,TELANGANA,Hyderabad,Saidabad, 
HDFC Bank Ltd,S1AWHA05,17.369879,78.550276,TELANGANA,Ranga Reddy, , 
HDFC Bank Ltd,P1ENHD21,17.3699,78.4496,TELANGANA,Hyderabad,Hyderabad,NULL
Kotak Mahindra Bank Limited,HYON1603,17.369944,78.520797,TELANGANA,Hyderabad,Hyderabad, 
State Bank Of India,S1BB000847524,17.36996,78.456004,TELANGANA,Hyderabad,HYDERABAD, 
State Bank Of India,T1NH003026173,17.369967,78.526724,TELANGANA,Hyderabad,HYDERABAD, 
State Bank Of India,S5NC017236621,17.370042,78.573105,TELANGANA,Medchal Malkajgiri,HYDERABAD,500003
ICICI Bank Ltd,SECNL287,17.370054,78.455895,TELANGANA,Hyderabad,Hyderabad, 
State Bank Of India,S5NL021460622,17.370074,78.512354,TELANGANA,Hyderabad,SAIDABAD, 
HDFC Bank Ltd,P1DCHY72,17.3701,78.4564,TELANGANA,Hyderabad,Hyderabad,NULL
Axis Bank Ltd,BPCN292203,17.3701383,78.4421733,TELANGANA,Hyderabad,0,500006
ICICI Bank Ltd,SACWM273,17.370231,78.430122,TELANGANA,Hyderabad, , 
ICICI Bank Ltd,SACWM274,17.370231,78.430122,TELANGANA,Hyderabad, , 
HDFC Bank Ltd,P3FNHY04,17.370287,78.46087,TELANGANA,Hyderabad,HYDERABAD, 
Axis Bank Ltd,DWCW113420,17.3705056,78.5721623,TELANGANA,Medchal Malkajgiri,0,500068
Federal Bank,FD133201,17.370609,78.513239,TELANGANA,Hyderabad, , 
ICICI Bank Ltd,S1VDK571,17.37066,78.477432,TELANGANA,Hyderabad, , 
ICICI Bank Ltd,S1VDK572,17.37066,78.477432,TELANGANA,Hyderabad, , 
ICICI Bank Ltd,S1CNI838,17.370664,78.477432,TELANGANA,Hyderabad,Hyderabad, 
Bank Of Baroda,1FDHYD53,17.3706647,78.4920071,TELANGANA,Hyderabad,HYDERABAD,500024
Bank Of Baroda,1RDNHYD08,17.3706777,78.4920059,TELANGANA,Hyderabad,HYDERABAD,500024
Bank Of Baroda,1CRTSHY01,17.3706777,78.4920059,TELANGANA,Hyderabad, ,500024
ICICI Bank Ltd,SACWM310,17.370851,78.527153,TELANGANA,Hyderabad, , 
Union Bank Of India,W2409002,17.3709,78.5275,TELANGANA,Hyderabad,HYDERABAD,500060
Union Bank Of India,H2409101,17.3709,78.5275,TELANGANA,Hyderabad,HYDERABAD,500060
Union Bank Of India,W1044005,17.3709,78.5276,TELANGANA,Hyderabad,HYDERABAD,500093
Union Bank Of India,H1044101,17.3709,78.5276,TELANGANA,Hyderabad,HYDERABAD,500093
Union Bank Of India,N1044006,17.370926,78.527557,TELANGANA,Hyderabad,HYDERABAD,500093
Uco Bank,NA162801,17.370967,78.508489,TELANGANA,Hyderabad, , 
HDFC Bank Ltd,S1ACHY11,17.371,78.5711,TELANGANA,Medchal Malkajgiri,Hyderabad,NULL
State Bank Of India,S1BG020876004,17.371072,78.533141,TELANGANA,Medchal Malkajgiri,Hyderabad, 
Axis Bank Ltd,BWCW317204,17.37108,78.50725,TELANGANA,Hyderabad,HYDERABAD, 
State Bank Of India,S5NL020876621,17.371154,78.534879,TELANGANA,Medchal Malkajgiri,Hyderabad, 
Canara Bank,0878E024,17.371217,78.532289,TELANGANA,Medchal Malkajgiri, , 
Indian Bank,S1AD0321,17.371372,78.482254,TELANGANA,Hyderabad,HYDERABAD,500024
HDFC Bank Ltd,S1ACHY55,17.3714,78.5333,TELANGANA,Medchal Malkajgiri,Hyderabad,NULL
State Bank Of India,S1BW005916039,17.371437,78.430644,TELANGANA,Hyderabad,HYDERABAD, 
State Bank Of India,T1NH003026171,17.371472,78.480311,TELANGANA,Hyderabad,HYDERABAD, 
Punjab National Bank,AP0F185U,17.3715,78.5072,TELANGANA,Hyderabad,Hyderabad, 
Canara Bank,A3036001,17.371518,78.508016,TELANGANA,Hyderabad, , 
IDBI Bank Ltd,it132601,17.371563,78.514835,TELANGANA,Hyderabad, , 
ICICI Bank Ltd,SECNL247,17.371583,78.570518,TELANGANA,Medchal Malkajgiri, , 
South Indian Bank Ltd,05460001,17.3716,78.5419,TELANGANA,Ranga Reddy,Greater Hyderabad,500047
IDBI Bank Ltd,ID127501,17.3717,78.5147,TELANGANA,Hyderabad,Hyderabad,500011
Axis Bank Ltd,CWCW88111,17.37172,78.487959,TELANGANA,Hyderabad,HYDERABAD, 
Axis Bank Ltd,APCN23529,17.371776,78.505973,TELANGANA,Hyderabad, , 
State Bank Of India,S1N6000847445,17.371782,78.525502,TELANGANA,Hyderabad,HYDERABAD, 
Canara Bank,8787875,17.371791,78.604758,TELANGANA,Ranga Reddy, , 
State Bank Of India,S1NZ000847118,17.371814,78.5667,TELANGANA,Medchal Malkajgiri,HYDERABAD,500047
State Bank Of India,S1BB003026105,17.371814,78.5667,TELANGANA,Medchal Malkajgiri,HYDERABAD,500069
Paytm Payments Bank Ltd.,PAYTM007,17.371897,78.47173,TELANGANA,Hyderabad,HYDERABAD, 
State Bank Of India,S5NC060339621,17.37194,78.5125,TELANGANA,Hyderabad,HYDERABAD,500036
State Bank Of India,T1NW020165017,17.372045,80.219548,TELANGANA,Khammam,Kothagudem, 
HDFC Bank Ltd,S1ACHD11,17.3721,78.5437,TELANGANA,Ranga Reddy,Hyderabad,NULL
State Bank Of India,S1BW000847048,17.372123,78.480719,TELANGANA,Hyderabad,CHARMINAR, 
State Bank Of India,S1BB021056001,17.37227,78.563844,TELANGANA,Medchal Malkajgiri,Hyderabad, 
Union Bank Of India,W2447002,17.3723,78.5261,TELANGANA,Hyderabad,SAROORNAGAR-HYDERABAD,500060
State Bank Of India,S5NL021056621,17.372303,78.563678,TELANGANA,Medchal Malkajgiri,Hyderabad, 
ICICI Bank Ltd,SACWG449,17.372355,78.524083,TELANGANA,Hyderabad,Hyderabad, 
ICICI Bank Ltd,SACWF861,17.37248,78.509713,TELANGANA,Hyderabad, , 
HDFC Bank Ltd,S1ANHD34,17.3725,78.5098,TELANGANA,Hyderabad,Hyderabad,NULL
HDFC Bank Ltd,S1ACHB02,17.3725,78.5098,TELANGANA,Hyderabad,Hyderabad,NULL
State Bank Of India,S1NW005916084,17.372509,78.439059,TELANGANA,Hyderabad,Hyderabad, 
Yes Bank Ltd,SMANC565,17.37255,78.50951,TELANGANA,Hyderabad,Hyderabad, 
Punjab National Bank,N2068900,17.37256,78.51052,TELANGANA,Hyderabad,HYDERABAD,500036
Axis Bank Ltd,CWCW88104,17.3726,78.5186,TELANGANA,Hyderabad,0,0
Indian Overseas Bank,IOB8447,17.372614,78.52278,TELANGANA,Hyderabad,HYDERABAD,0
HDFC Bank Ltd,P3ENHY79,17.372639,78.443282,TELANGANA,Hyderabad, , 
HDFC Bank Ltd,S1ACHE18,17.372683,78.56909,TELANGANA,Medchal Malkajgiri,HYDERABAD, 
Indian Overseas Bank,IOB5753,17.372693,78.468894,TELANGANA,Hyderabad,HYDERABAD,0
HDFC Bank Ltd,P1DCHD10,17.3727,78.5429,TELANGANA,Medchal Malkajgiri,Hyderabad,NULL
Union Bank Of India,W2176001,17.3727,78.5458,TELANGANA,Ranga Reddy,HYDERABAD,500060
Union Bank Of India,H2176101,17.3727,78.5458,TELANGANA,Ranga Reddy,HYDERABAD,500060
Axis Bank Ltd,BPCN145801,17.37272,78.48279,TELANGANA,Hyderabad,0,0
Axis Bank Ltd,APCN23506,17.3727499,78.5655543,TELANGANA,Medchal Malkajgiri,0,500060
State Bank Of India,S1BW003026096,17.37278,78.465,TELANGANA,Hyderabad,HYDERABAD,500012
Canara Bank,8787740,17.372783,78.514998,TELANGANA,Hyderabad, , 
State Bank Of India,S5NL021220621,17.372815,78.440992,TELANGANA,Hyderabad,Hyderabad, 
Bank Of Maharashtra,WA1148T2,17.372972,78.516389,TELANGANA,Hyderabad,DILSUKHNAGAR,500036
Bank Of Baroda,1VW409601,17.372991,78.535142,TELANGANA,Medchal Malkajgiri,HYDERABAD,500060
Bank Of Baroda,1VW409602,17.372991,78.535142,TELANGANA,Medchal Malkajgiri,HYDERABAD,500060
Union Bank Of India,NHYD12611111111,17.373,78.48618,TELANGANA,Hyderabad,Hyderabad,500004
Axis Bank Ltd,DPRH162802,17.37301,78.410689,TELANGANA,Hyderabad,HYDERABAD, 
Bank Of India,AHY8041,17.373054,78.475554,TELANGANA,Hyderabad,HYDERABAD, 
Axis Bank Ltd,CPRH23505,17.373059,78.50134,TELANGANA,Hyderabad,HYDERABAD, 
State Bank Of India,S5BL063932621,17.373092,78.490036,TELANGANA,Hyderabad,HYDERABAD, 
Bank Of India,AHY9013,17.373135,78.492268,TELANGANA,Hyderabad,HYDERABAD, 
Bank Of India,CHY9023,17.373135,78.50135,TELANGANA,Hyderabad,HYDERABAD, 
State Bank Of India,S5NE061245621,17.373144,78.350931,TELANGANA,Ranga Reddy,CHILKOOR, 
Kotak Mahindra Bank Limited,HYBN1371,17.373161,78.506938,TELANGANA,Hyderabad,Hyderabad,500036
Kotak Mahindra Bank Limited,HYDBN432,17.373161,78.506938,TELANGANA,Hyderabad,Hyderabad,500036
Rural Cooperative Bank,M0201805,17.3732,78.41302,TELANGANA,Hyderabad,HYEDRABAD, 
Union Bank Of India,W1593002,17.3732,78.5205,TELANGANA,Hyderabad,HYDERABAD,500036
Union Bank Of India,H1593101,17.3732,78.5205,TELANGANA,Hyderabad,HYDERABAD,500036
State Bank Of India,S1NB061245002,17.373202,78.351075,TELANGANA,Ranga Reddy,RANGAREDDY, 
ICICI Bank Ltd,SACWK720,17.373212,78.493324,TELANGANA,Hyderabad, , 
State Bank Of India,S1NB061245001,17.373213,78.350981,TELANGANA,Ranga Reddy,RANGAREDDY, 
ICICI Bank Ltd,SECNF957,17.373275,78.413291,TELANGANA,Hyderabad, , 
Bank Of Baroda,1FDHYD55,17.3732825,78.5044135,TELANGANA,Hyderabad,HYDERABAD,500036
ICICI Bank Ltd,S1CWE575,17.373297,78.413836,TELANGANA,Hyderabad,Hyderabad, 
ICICI Bank Ltd,SACWL081,17.373297,78.413836,TELANGANA,Hyderabad,Hyderabad, 
HDFC Bank Ltd,P1DCHY11,17.3734,78.4868,TELANGANA,Hyderabad,Hyderabad,NULL
Axis Bank Ltd,CWCW23520,17.37342,78.50129,TELANGANA,Hyderabad,0,0
Axis Bank Ltd,S3RH23501,17.373419,78.501289,TELANGANA,Hyderabad, , 
Bank Of India,AHY8004,17.37344,78.501479,TELANGANA,Hyderabad, , 
Bank Of India,IHY8006,17.37346,78.51474,TELANGANA,Hyderabad, , 
Axis Bank Ltd,CWCW23535,17.37347,78.514839,TELANGANA,Hyderabad,HYDERABAD, 
Axis Bank Ltd,CWCW23532,17.37347,78.514839,TELANGANA,Hyderabad,HYDERABAD, 
Axis Bank Ltd,CWCW23534,17.37347,78.514839,TELANGANA,Hyderabad,HYDERABAD, 
State Bank Of India,S1NB003026008,17.373581,78.495885,TELANGANA,Hyderabad,Hyderabad, 
State Bank Of India,S5NL020069622,17.373599,78.503586,TELANGANA,Hyderabad,NAMPALLY, 
State Bank Of India,T1NY003026191,17.373681,78.515433,TELANGANA,Hyderabad,HYDERABAD, 
State Bank Of India,S5NL003609621,17.373734,78.416442,TELANGANA,Hyderabad,GOLCONDA, 
Union Bank Of India,NHYD15111111111,17.37375,78.51496,TELANGANA,Hyderabad,Hyderabad,500036
HDFC Bank Ltd,S1ACHY97,17.3738,78.4164,TELANGANA,Hyderabad,Hyderabad,NULL
Bank Of India,AHY8021,17.3738,78.537249,TELANGANA,Medchal Malkajgiri, , 
Canara Bank,0878W025,17.373861,78.53806,TELANGANA,Medchal Malkajgiri, , 
State Bank Of India,S1N6000847507,17.373892,78.528516,TELANGANA,Medchal Malkajgiri,Hyderabad, 
HDFC Bank Ltd,P1DCHY80,17.3739,78.4866,TELANGANA,Hyderabad,Hyderabad,NULL
Union Bank Of India,W0352008,17.3739,78.501,TELANGANA,Hyderabad,HYDERABAD,500036
Union Bank Of India,H0352101,17.3739,78.501,TELANGANA,Hyderabad,HYDERABAD,500036
Union Bank Of India,W1145002,17.3739,78.5574,TELANGANA,Medchal Malkajgiri,HYDERABAD,500035
Union Bank Of India,H1145101,17.3739,78.5574,TELANGANA,Medchal Malkajgiri,HYDERABAD,500035
Union Bank Of India,W1145003,17.373918,78.557391,TELANGANA,Medchal Malkajgiri,HYDERABAD,500035
State Bank Of India,S1BW020864003,17.374006,78.544834,TELANGANA,Medchal Malkajgiri,HYDERABAD, 
Punjab National Bank,N4068900,17.3741,78.5067,TELANGANA,Hyderabad,RANGA REDDY, 
State Bank Of India,S5NE020269621,17.374125,78.517366,TELANGANA,Hyderabad,Hyderabad, 
State Bank Of India,S1NW000847102,17.374154,78.459844,TELANGANA,Hyderabad,CHARMINAR, 
HDFC Bank Ltd,S1AWHE02,17.374165,78.52274,TELANGANA,Hyderabad,HYDERABAD, 
HDFC Bank Ltd,P3FNHY07,17.37419,78.445408,TELANGANA,Hyderabad,HYDERABAD, 
State Bank Of India,S1BB003026119,17.37423,78.55843,TELANGANA,Medchal Malkajgiri,HYDERABAD,500002
ICICI Bank Ltd,SECNL292,17.374235,78.550231,TELANGANA,Medchal Malkajgiri, , 
ICICI Bank Ltd,S1CNP956,17.374273,78.503402,TELANGANA,Hyderabad, , 
ICICI Bank Ltd,S1CNI866,17.374274,78.503406,TELANGANA,Hyderabad,Hyderabad, 
ICICI Bank Ltd,SACWN979,17.37428,78.533782,TELANGANA,Medchal Malkajgiri, , 
ICICI Bank Ltd,SACWN979,17.37428,78.533782,TELANGANA,Medchal Malkajgiri, , 
Karur Vysya Bank Ltd,S1AC0140406,17.37431255,78.46881186,TELANGANA,Hyderabad,HYDERABAD,500195
Kotak Mahindra Bank Limited,HYOW9124,17.37434,78.53379,TELANGANA,Medchal Malkajgiri,Hyderabad, 
Canara Bank,64880860,17.374366,78.561076,TELANGANA,Medchal Malkajgiri, , 
Karur Vysya Bank Ltd,S1AC0148005,17.374369,78.417484,TELANGANA,Hyderabad,HYDERABAD,500088
Karur Vysya Bank Ltd,S1AC0148002,17.374369,78.417484,TELANGANA,Hyderabad,HYDERABAD,500088
State Bank Of India,S1NW000847166,17.374369,78.477299,TELANGANA,Hyderabad,NAMPALLY, 
Axis Bank Ltd,DPRH113406,17.37437,78.56047,TELANGANA,Medchal Malkajgiri,HYDERABAD, 
Axis Bank Ltd,DPRH145805,17.37439,78.44838,TELANGANA,Hyderabad,HYDERABAD, 
State Bank Of India,S1NB003026151,17.374497,78.524168,TELANGANA,Hyderabad,Hyderabad, 
State Bank Of India,S1BB003026049,17.374506,78.496061,TELANGANA,Hyderabad,Hyderabad, 
Canara Bank,B3036001,17.374554,78.499462,TELANGANA,Hyderabad, , 
Bank Of Baroda,1CRHTSHY05,17.37458,78.505806,TELANGANA,Hyderabad,HYDERABAD,500036
Indian Bank,S1DJ0611,17.3746,78.490499,TELANGANA,Hyderabad, , 
ICICI Bank Ltd,S1VD7371,17.374603,78.553132,TELANGANA,Medchal Malkajgiri,Hyderabad, 
ICICI Bank Ltd,S1CNQ695,17.374603,78.553131,TELANGANA,Medchal Malkajgiri, , 
Central Bank Of India,SCDH08091S,17.374711,78.468772,TELANGANA,Hyderabad,HYDERABAD, 
ICICI Bank Ltd,SACWH577,17.374742,78.559585,TELANGANA,Medchal Malkajgiri, , 
HDFC Bank Ltd,P3FNHY74,17.375485,78.46908,TELANGANA,Hyderabad,HYDERABAD, 
IDBI Bank Ltd,ID104801,17.37476,78.48289,TELANGANA,Hyderabad,Hyderabad,500048
Punjab National Bank,N1878900,17.374769,78.520813,TELANGANA,Hyderabad,Hyderabad,500073
Punjab National Bank,WC516601,17.374881,78.498092,TELANGANA,Hyderabad, , 
ICICI Bank Ltd,SFCNM662,17.374889,78.435531,TELANGANA,Hyderabad, , 
ICICI Bank Ltd,SACWC486,17.375068,78.492002,TELANGANA,Hyderabad,Hyderabad, 
Axis Bank Ltd,BWCW215710,17.37508,78.54769,TELANGANA,Medchal Malkajgiri,HYDERABAD, 
HDFC Bank Ltd,S1AWHY43,17.3751,78.4646,TELANGANA,Hyderabad,Hyderabad,NULL
Axis Bank Ltd,SPCN42614,17.3751015,78.443399,TELANGANA,Hyderabad,0,500067
State Bank Of India,T1BS003026270,17.37512,78.39942,TELANGANA,Hyderabad,HYDERABAD, 
Canara Bank,B3012001,17.375337,78.476492,TELANGANA,Hyderabad, , 
Bank Of India,IHY8025,17.375359,0.0,TELANGANA,Hyderabad, , 
South Indian Bank Ltd,06180001,17.3754,78.2958,TELANGANA,Ranga Reddy,Medchal,501401
HDFC Bank Ltd,P3DCHB26,17.37548,78.46908,TELANGANA,Hyderabad,HYDERABAD, 
HDFC Bank Ltd,P3DCHB27,17.37548,78.46908,TELANGANA,Hyderabad,HYDERABAD, 
HDFC Bank Ltd,P3FNHY41,17.37548,78.46908,TELANGANA,Hyderabad,HYDERABAD, 
HDFC Bank Ltd,P3ENHE84,17.37548,78.46908,TELANGANA,Hyderabad,HYDERABAD, 
HDFC Bank Ltd,P3FNHY73,17.375485,78.46908,TELANGANA,Hyderabad,HYDERABAD, 
HDFC Bank Ltd,S1AWHY52,17.3755,78.4691,TELANGANA,Hyderabad,Hyderabad,NULL
HDFC Bank Ltd,P1ENHD12,17.3755,78.5548,TELANGANA,Medchal Malkajgiri,Hyderabad,NULL
State Bank Of India,S1BJ007640001,17.375726,78.450039,TELANGANA,Hyderabad,Hyderabad, 
State Bank Of India,S1BB020061002,17.375737,78.492216,TELANGANA,Hyderabad,SAIDABAD, 
Axis Bank Ltd,CPRH42607,17.375779,78.4197,TELANGANA,Hyderabad,HYDERABAD, 
State Bank Of India,T1NF003026241,17.375833,78.487294,TELANGANA,Hyderabad,HYDERABAD, 
Bank Of Baroda,1RDNHYD23,17.37587,78.46152,TELANGANA,Hyderabad,HYDERABAD,500038
Canara Bank,A3059001,17.3759,78.3931,TELANGANA,Hyderabad,HYDERABAD,500031
ICICI Bank Ltd,SACWM068,17.375963,78.53733,TELANGANA,Medchal Malkajgiri, , 
South Indian Bank Ltd,06900001,17.376,78.3543,TELANGANA,Ranga Reddy,Manchirevula,500089
City Union Bank Ltd,CUB01617,17.376069,78.474346,TELANGANA,Hyderabad,HYDERABAD,507003
State Bank Of India,S1BJ060339001,17.376101,78.512997,TELANGANA,Hyderabad,NAMPALLY, 
Axis Bank Ltd,SPCN42606,17.376107,78.420588,TELANGANA,Hyderabad,0,500008
Indian Bank,AAW2741A,17.376109,78.556011,TELANGANA,Medchal Malkajgiri, , 
IDBI Bank Ltd,ID002812,17.37612,78.50212,TELANGANA,Hyderabad,Hyderabad,500032
Bank Of India,IHY9013,17.376142,78.499818,TELANGANA,Hyderabad,HYDERABAD, 
State Bank Of India,S1BB005916284,17.376199,78.444349,TELANGANA,Hyderabad,Charminar, 
Union Bank Of India,W2890001,17.3762,78.5589,TELANGANA,Medchal Malkajgiri,QUTBULLAPUR MANDAL,500090
State Bank Of India,S1NW000847510,17.376201,78.470158,TELANGANA,Hyderabad,CHARMINAR, 
State Bank Of India,S1BG020061006,17.376212,78.492358,TELANGANA,Hyderabad,SAIDABAD, 
ICICI Bank Ltd,SFCNM413,17.376213,78.540924,TELANGANA,Medchal Malkajgiri, , 
HDFC Bank Ltd,P1DCHY25,17.3764,78.5412,TELANGANA,Medchal Malkajgiri,Hyderabad,NULL
Canara Bank,0878E028,17.376511,78.492105,TELANGANA,Hyderabad, , 
Karur Vysya Bank Ltd,S1AC0140405,17.37655117,78.47360908,TELANGANA,Hyderabad,HYDERABAD,500195
ICICI Bank Ltd,SCVDJ965,17.376579,78.486267,TELANGANA,Hyderabad, , 
Axis Bank Ltd,T3RH145801,17.376597,78.474838,TELANGANA,Hyderabad,0,500012
State Bank Of India,T1BS020124033,17.376646,78.473172,TELANGANA,Hyderabad,BELLAMPALLY, 
State Bank Of India,T1NY003026254,17.376742,78.504501,TELANGANA,Hyderabad,MALAKPET OLD RACE COURSE, 
Union Bank Of India,DHYD03601111111,17.37677,78.47495,TELANGANA,Hyderabad,Hyderabad,500004
Indian Overseas Bank,IOB6961,17.376819,78.482298,TELANGANA,Hyderabad,HYDERABAD,0
Indian Overseas Bank,IOB8726,17.376819,78.482298,TELANGANA,Hyderabad,HYDERABAD,0
ICICI Bank Ltd,S1CNP472,17.376821,78.385978,TELANGANA,Hyderabad, , 
State Bank Of India,S1BW020076003,17.376861,78.47375,TELANGANA,Hyderabad,Hyderabad, 
State Bank Of India,S1BB002724006,17.376973,78.474905,TELANGANA,Hyderabad,HYDERABAD,500095
State Bank Of India,S1BB002724005,17.376973,78.474905,TELANGANA,Hyderabad,HYDERABAD,500095
Axis Bank Ltd,DWCW273813,17.377029,78.55326,TELANGANA,Medchal Malkajgiri,HYDERABAD, 
State Bank Of India,S5NC020061622,17.377098,78.494048,TELANGANA,Hyderabad,CHARMINAR, 
HDFC Bank Ltd,P1DCHY37,17.377107,78.429147,TELANGANA,Hyderabad, , 
Axis Bank Ltd,APCN00847,17.3771467,78.5606883,TELANGANA,Medchal Malkajgiri,0,500068
Axis Bank Ltd,APCN00859,17.377149,78.56069,TELANGANA,Medchal Malkajgiri,HYDERABAD, 
Bank Of Baroda,1FDRGR12,17.377169,78.557071,TELANGANA,Medchal Malkajgiri, ,500068
Bank Of Baroda,1VD416001,17.37717,78.55707,TELANGANA,Medchal Malkajgiri,HYDERABAD,500076
State Bank Of India,T1BH003026266,17.377202,78.492987,TELANGANA,Hyderabad,HYDERABAD, 
Axis Bank Ltd,APCN23513,17.37724219,78.49810066,TELANGANA,Hyderabad,0,500036
Axis Bank Ltd,BPRH145802,17.37729,78.47428,TELANGANA,Hyderabad,HYDERABAD, 
Axis Bank Ltd,DPRH145803,17.37729,78.47428,TELANGANA,Hyderabad,HYDERABAD, 
ICICI Bank Ltd,S1CNP427,17.377317,78.569046,TELANGANA,Medchal Malkajgiri, , 
IDBI Bank Ltd,TC132701,17.37738,78.49663,TELANGANA,Hyderabad,Hyderabad,500002
Bank Of Baroda,1CRAPHY06,17.37744,78.557596,TELANGANA,Medchal Malkajgiri,0,576014
State Bank Of India,T1NW000916230,17.377463,78.479601,TELANGANA,Hyderabad,HYDERABAD, 
State Bank Of India,S5NL021459621,17.377567,78.548456,TELANGANA,Medchal Malkajgiri,SAIDABAD, 
ICICI Bank Ltd,S1VDK547,17.377593,78.491104,TELANGANA,Hyderabad, , 
City Union Bank Ltd,CUBFI285,17.377595,78.47492,TELANGANA,Hyderabad,Hyderabad,500012
City Union Bank Ltd,CUBFI768,17.377595,78.47492,TELANGANA,Hyderabad,CHENNAI,600088
HDFC Bank Ltd,P3ENHD51,17.3777,78.4728,TELANGANA,Hyderabad,Hyderabad,NULL
HDFC Bank Ltd,P1DCHD57,17.3777,78.4838,TELANGANA,Hyderabad,Hyderabad,NULL
ICICI Bank Ltd,S1CNQ731,17.377719,78.474784,TELANGANA,Hyderabad, , 
State Bank Of India,S1NB003026005,17.377755,78.548402,TELANGANA,Medchal Malkajgiri,OFFSITE, 
State Bank Of India,S1BG000847521,17.377836,78.48318,TELANGANA,Hyderabad,NAMPALLY, 
Union Bank Of India,Y3046101,17.3779,78.5154,TELANGANA,Hyderabad,HYDERABAD,500036
Union Bank Of India,N3046001,17.3779,78.5154,TELANGANA,Hyderabad,HYDERABAD,500036
Karur Vysya Bank Ltd,S1AC0140402,17.37790158,78.47832444,TELANGANA,Hyderabad,HYDERABAD,500195
State Bank Of India,T1NW005916222,17.377959,78.541476,TELANGANA,Medchal Malkajgiri,HYDERABAD, 
State Bank Of India,S1NB000847002,17.378005,78.481877,TELANGANA,Hyderabad,NAMPALLY, 
State Bank Of India,S1BW008806001,17.37818,79.0194,TELANGANA,Yadadri Bhuvanagiri,NALGONDA,508112
ICICI Bank Ltd,SACWF649,17.378185,78.420173,TELANGANA,Hyderabad, , 
HDFC Bank Ltd,S1ACHE16,17.3782,78.420758,TELANGANA,Hyderabad,Hyderabad, 
Canara Bank,A3009001,17.3782,78.4208,TELANGANA,Hyderabad,HYDERABAD,500008
Axis Bank Ltd,BWCW113426,17.37828,78.569429,TELANGANA,Medchal Malkajgiri,HYDERABAD, 
State Bank Of India,S1BW021766001,17.378308,79.019554,TELANGANA,Yadadri Bhuvanagiri,VALIGONDA, 
ICICI Bank Ltd,SACWC695,17.378475,78.478757,TELANGANA,Hyderabad,Hyderabad, 
ICICI Bank Ltd,SACWN924,17.378475,78.478759,TELANGANA,Hyderabad, , 
State Bank Of India,S1BG013426001,17.378566,78.393248,TELANGANA,Hyderabad,Hyderabad, 
State Bank Of India,S1BG020269006,17.378579,78.516081,TELANGANA,Hyderabad,AMBERPET, 
IDBI Bank Ltd,TC105715,17.37858,78.49388,TELANGANA,Hyderabad,Hyderabad,500074
State Bank Of India,S1NZ000847149,17.37878,78.5162,TELANGANA,Hyderabad,HYDERABAD,500036
State Bank Of India,S1NZ000847148,17.37879,78.51622,TELANGANA,Hyderabad,HYDERABAD,500036
Canara Bank,A3097001,17.3789,78.3444,TELANGANA,Ranga Reddy,MANCHIREVULA,500089
IndusInd Bank,MC000448,17.379004,78.516093,TELANGANA,Hyderabad,Hyderabad,500036
State Bank Of India,S1BW003026037,17.379073,78.562077,TELANGANA,Medchal Malkajgiri,HYDERABAD, 
State Bank Of India,T1BS005916301,17.379193,78.414405,TELANGANA,Hyderabad,HYDERABAD, 
ICICI Bank Ltd,SACWG763,17.379224,78.500396,TELANGANA,Hyderabad, , 
ICICI Bank Ltd,SACWC500,17.379225,78.500393,TELANGANA,Hyderabad,Hyderabad, 
State Bank Of India,S5NE040648621,17.379254,78.542887,TELANGANA,Medchal Malkajgiri,HYDERABAD, 
Indian Overseas Bank,IOB6563,17.379669,78.770112,TELANGANA,Yadadri Bhuvanagiri,NALGONDA,0
Indian Bank,S1AO0091,17.379702,78.47555,TELANGANA,Hyderabad,HYDERABAD,500003
Indian Bank,S1T007671,17.379702,78.47555,TELANGANA,Hyderabad,HYDERABAD,500195
ICICI Bank Ltd,SACWE844,17.379761,78.480944,TELANGANA,Hyderabad,Hyderabad, 
State Bank Of India,T1BS005916296,17.3798,78.41146,TELANGANA,Hyderabad,Golconda, 
State Bank Of India,T1NH003026192,17.379802,78.541004,TELANGANA,Medchal Malkajgiri,HYDERABAD, 
HDFC Bank Ltd,P1AWHY08,17.3799,78.4408,TELANGANA,Hyderabad,Hyderabad,NULL
IDBI Bank Ltd,ID105711,17.38,78.51036,TELANGANA,Hyderabad,Hyderabad,500070
Axis Bank Ltd,BPCN190705,17.3801918,78.4612975,TELANGANA,Hyderabad,0,500006
RBL Bank Ltd,RE330001,17.380309,78.512229,TELANGANA,Hyderabad,HYDERABAD, 
IDBI Bank Ltd,ID132701,17.38044,78.44719,TELANGANA,Hyderabad,Hyderabad,500002
State Bank Of India,T1BW000916263,17.380532,78.537644,TELANGANA,Medchal Malkajgiri,Saroornagar, 
Union Bank Of India,W1416001,17.3808,78.4213,TELANGANA,Hyderabad,HYDERABAD,500008
Union Bank Of India,H1416101,17.3808,78.4213,TELANGANA,Hyderabad,HYDERABAD,500008
State Bank Of India,T1BY003026262,17.38088,78.478437,TELANGANA,Hyderabad,HYDERABAD, 
State Bank Of India,S5NE020069621,17.380911,78.483476,TELANGANA,Hyderabad,Hyderabad, 
ICICI Bank Ltd,SACWC545,17.381044,78.463904,TELANGANA,Hyderabad,Hyderabad, 
ICICI Bank Ltd,SACWJ226,17.381044,78.463904,TELANGANA,Hyderabad,Hyderabad, 
State Bank Of India,S1BW021486001,17.381085,78.440039,TELANGANA,Hyderabad,HYDERABAD, 
Karur Vysya Bank Ltd,S1AC0140403,17.38142809,78.46783688,TELANGANA,Hyderabad,HYDERABAD,500195
HDFC Bank Ltd,S1ANHT01,17.3815,78.429,TELANGANA,Hyderabad,Hyderabad,NULL
Axis Bank Ltd,LWCW42627,17.38151,78.42993,TELANGANA,Hyderabad,HYDERABAD, 
Axis Bank Ltd,CWRO42609,17.38151,78.42993,TELANGANA,Hyderabad,HYDERABAD, 
State Bank Of India,S1NZ000847144,17.381633,78.564014,TELANGANA,Medchal Malkajgiri,Hyderabad, 
State Bank Of India,S1BW000847053,17.381778,78.47451,TELANGANA,Hyderabad,HYDERABAD, 
Axis Bank Ltd,APCN42625,17.381985,78.4108167,TELANGANA,Hyderabad,0,500008
Punjab National Bank,D1485700,17.38209,78.4671,TELANGANA,Hyderabad,HYDERABAD,500072
ICICI Bank Ltd,SACWJ005,17.382153,78.481143,TELANGANA,Hyderabad,Hyderabad, 
Karur Vysya Bank Ltd,S1AC0140401,17.3822607,78.47552527,TELANGANA,Hyderabad,HYDERABAD,500195
ICICI Bank Ltd,SACWG457,17.382307,78.481629,TELANGANA,Hyderabad, , 
Canara Bank,A3420001,17.3824,78.46367,TELANGANA,Hyderabad, , 
Canara Bank,A3011001,17.382438,78.463708,TELANGANA,Hyderabad, , 
Canara Bank,0878EP08,17.38246,78.43011,TELANGANA,Hyderabad, , 
Union Bank Of India,DHYD02301111111,17.38249,78.4819,TELANGANA,Hyderabad,Hyderabad,500095
ICICI Bank Ltd,SECNM749,17.382493,78.408866,TELANGANA,Hyderabad, , 
Punjab National Bank,WC156401,17.382504,78.453442,TELANGANA,Hyderabad,HYDERABAD,500028
State Bank Of India,S1NZ000847143,17.382513,78.570193,TELANGANA,Medchal Malkajgiri,Hyderabad, 
HDFC Bank Ltd,P1DCHY35,17.3826,78.406,TELANGANA,Hyderabad,Hyderabad,NULL
ICICI Bank Ltd,SACWN882,17.382604,78.481933,TELANGANA,Hyderabad, , 
IDBI Bank Ltd,ID087211,17.38262,78.46916,TELANGANA,Hyderabad,Hyderabad,580081
Canara Bank,0878E021,17.38273,78.429952,TELANGANA,Hyderabad, , 
Bank Of Maharashtra,PA100701,17.382734,78.480873,TELANGANA,Hyderabad,JAMBAGH,500195
State Bank Of India,S1BW000847010,17.382853,78.486844,TELANGANA,Hyderabad,HIMAYATHNAGAR, 
State Bank Of India,S1NW000847088,17.382884,78.465145,TELANGANA,Hyderabad,HYDERABAD, 
State Bank Of India,S1BW000847077,17.382895,78.488718,TELANGANA,Hyderabad,HIMAYATHNAGAR, 
Lakshmi Vilas Bank Ltd,04770708,17.38295,0.0,TELANGANA,Hyderabad, , 
State Bank Of India,S1NG000847036,17.382979,78.48691,TELANGANA,Hyderabad,HIMAYATHNAGAR, 
Axis Bank Ltd,BPCN162804,17.38304,78.40501,TELANGANA,Hyderabad,0,0
Canara Bank,0878E016,17.383057,78.491222,TELANGANA,Hyderabad, , 
Canara Bank,0878EP06,17.38312,78.40505,TELANGANA,Hyderabad,HYDERABAD,500008
Union Bank Of India,DHYD02701111111,17.38316,78.42916,TELANGANA,Hyderabad,Hyderabad,500004
State Bank Of India,T1NH003026195,17.383208,78.488325,TELANGANA,Hyderabad,HYDERABAD, 
State Bank Of India,T1BY005916278,17.383329,78.398864,TELANGANA,Hyderabad,Golconda, 
State Bank Of India,T1BW005916273,17.383329,78.398864,TELANGANA,Hyderabad,Golconda, 
State Bank Of India,T1BW005916274,17.383329,78.489684,TELANGANA,Hyderabad,HYDERABAD, 
Axis Bank Ltd,AWCW88108,17.383357,78.48315,TELANGANA,Hyderabad, , 
ICICI Bank Ltd,SFCNM449,17.383384,78.518653,TELANGANA,Hyderabad, , 
ICICI Bank Ltd,SFCNM448,17.383384,78.518653,TELANGANA,Hyderabad, , 
State Bank Of India,T1BW000916264,17.383389,78.456585,TELANGANA,Hyderabad,HYDERABAD, 
Indian Overseas Bank,IOB8541,17.383415,78.439313,TELANGANA,Hyderabad,HYDERABAD,0
Canara Bank,8787088,17.383425,78.43827,TELANGANA,Hyderabad, , 
HDFC Bank Ltd,P1DCHD41,17.3835,78.4383,TELANGANA,Hyderabad,Hyderabad,NULL
HDFC Bank Ltd,P1DCHY96,17.3835,78.4384,TELANGANA,Hyderabad,Hyderabad,NULL
Canara Bank,A3000001,17.38352,78.47528,TELANGANA,Hyderabad, , 
Canara Bank,A3311001,17.38352,78.47528,TELANGANA,Hyderabad, , 
Union Bank Of India,NHYD11311111111,17.38353,78.49109,TELANGANA,Hyderabad,Hyderabad,500027
Axis Bank Ltd,APCN37003,17.3835724,78.5264467,TELANGANA,Hyderabad,0,500029
Axis Bank Ltd,APCN89012,17.3836249,78.5264876,TELANGANA,Hyderabad,0,500039
HDFC Bank Ltd,P3ENHY93,17.383645,78.455188,TELANGANA,Hyderabad, , 
ICICI Bank Ltd,SACWM317,17.383731,78.438468,TELANGANA,Hyderabad, , 
Axis Bank Ltd,BPCN292204,17.3837383,78.4376317,TELANGANA,Hyderabad,0,500028
ICICI Bank Ltd,SACWM318,17.383739,78.438461,TELANGANA,Hyderabad, , 
Axis Bank Ltd,DPRH292202,17.38374,78.437629,TELANGANA,Hyderabad,HYDERABAD, 
State Bank Of India,T1BS003026291,17.383789,78.510099,TELANGANA,Hyderabad,HYDERABAD, 
HDFC Bank Ltd,P1DCHD43,17.3838,78.4034,TELANGANA,Hyderabad,Hyderabad,NULL
HDFC Bank Ltd,P1DCTE01,17.3839,78.4045,TELANGANA,Hyderabad,Hyderabad,NULL
Punjab National Bank,DA110056,17.384048,78.475183,TELANGANA,Hyderabad, , 
Canara Bank,10765502,17.38405,78.47569,TELANGANA,Hyderabad, , 
State Bank Of India,S5NG020454621,17.384227,78.557942,TELANGANA,Medchal Malkajgiri,SECUNDERABAD, 
State Bank Of India,S1BG020172008,17.384269,78.481849,TELANGANA,Hyderabad,NALGONDA, 
Union Bank Of India,NHYD10611111111,17.38452,78.43911,TELANGANA,Hyderabad,Hyderabad,500018
Punjab National Bank,N3196900,17.38456,78.48893,TELANGANA,Hyderabad,HYDERABAD,500027
State Bank Of India,S1BW005916092,17.384584,78.488998,TELANGANA,Hyderabad,RANGAREDDY,500046
Union Bank Of India,W0825001,17.3846,77.7454,TELANGANA,Vikarabad,KOTIPALLY,501106
Canara Bank,A3014001,17.38472,78.49373,TELANGANA,Hyderabad,HYDERABAD,500027
State Bank Of India,S1BW000847504,17.38472,78.51583,TELANGANA,Hyderabad,HYDERABAD,500013
State Bank Of India,S1BB000847050,17.38487,78.484624,TELANGANA,Hyderabad,NAMPALLY, 
Bank Of Baroda,1DBA01241,17.384902,78.484155,TELANGANA,Hyderabad,HYDERABAD,500095
Bank Of Baroda,1VW400301,17.384902,78.484155,TELANGANA,Hyderabad,HYDERABAD,500095
Indian Bank,S1AL0152,17.384972,78.4866126,TELANGANA,Hyderabad,HYDERABAD,500068
Yes Bank Ltd,SKAPO557,17.38498,78.49412,TELANGANA,Hyderabad,Hyderabad, 
State Bank Of India,S5BL000847629,17.384989,78.484429,TELANGANA,Hyderabad,HYDERABAD, 
Lakshmi Vilas Bank Ltd,002DM254,17.384999,0.0,TELANGANA,Hyderabad, , 
IndusInd Bank,MN000412,17.385012,78.486755,TELANGANA,Hyderabad,Hyderabad,500059
IndusInd Bank,MN000418,17.38502,78.48676,TELANGANA,Hyderabad,Hyderabad,500040
Uco Bank,DA011401,17.38502,78.48673,TELANGANA,Hyderabad,HYDERABAD,500095
IndusInd Bank,MN028902,17.38503,78.4867,TELANGANA,Hyderabad,Hyderabad,500052
Kotak Mahindra Bank Limited,HYBW9072,17.38504,78.48667,TELANGANA,Hyderabad,Hyderabad, 
Kotak Mahindra Bank Limited,HYON9191,17.38504,78.48667,TELANGANA,Hyderabad,Hyderabad, 
Axis Bank Ltd,DERO427201,17.385043,78.486671,TELANGANA,Hyderabad,HYDERABAD, 
HDFC Bank Ltd,P3ENHY97,17.385043,78.486671,TELANGANA,Hyderabad, , 
HDFC Bank Ltd,P3ENHY90,17.385043,78.486671,TELANGANA,Hyderabad, , 
Yes Bank Ltd,SAPO1320,17.385044,78.486671,TELANGANA,Hyderabad,Hyderabad, 
Kotak Mahindra Bank Limited,HYOD9485,17.385044,78.486671,TELANGANA,Hyderabad,Hyderabad,500067
Axis Bank Ltd,DERO438601,17.385043,78.486671,TELANGANA,Hyderabad,HYDERABAD, 
Axis Bank Ltd,BPCN162803,17.38505,78.35642,TELANGANA,Ranga Reddy,0,0
Karur Vysya Bank Ltd,S1AC0146102,17.38508956,78.35663295,TELANGANA,Ranga Reddy,HYDERABAD,500089
Union Bank Of India,N3103001,17.385099,79.8941,TELANGANA,Mahabubabad,MARIPEDA, 
State Bank Of India,S1BW000847073,17.38518,78.482399,TELANGANA,Hyderabad,HYDERABAD, 
Union Bank Of India,H0205101,17.3852,78.4851,TELANGANA,Hyderabad,HYDERABAD,500195
Union Bank Of India,N0205010,17.3852,78.4851,TELANGANA,Hyderabad,HYDERABAD,500195
Union Bank Of India,N0205009,17.3852,78.4851,TELANGANA,Hyderabad,HYDERABAD,500195
Union Bank Of India,W0205011,17.385223,78.48509,TELANGANA,Hyderabad,HYDERABAD,500195
Union Bank Of India,D0205008,17.385223,78.48509,TELANGANA,Hyderabad,HYDERABAD,500195
IDBI Bank Ltd,TC116913,17.38524,78.45543,TELANGANA,Hyderabad,Hyderabad,500062
IDBI Bank Ltd,ID000215,17.38524,78.50212,TELANGANA,Hyderabad,Hyderabad,500001
IDBI Bank Ltd,ID105712,17.38524,78.5186,TELANGANA,Hyderabad,Hyderabad,500035
State Bank Of India,S5NC000847622,17.38528,78.48139,TELANGANA,Hyderabad,HYDERABAD,500095
IDBI Bank Ltd,ID116913,17.38529,78.50212,TELANGANA,Hyderabad,Hyderabad,500047
Kotak Mahindra Bank Limited,HYOW1631,17.3853,78.48297,TELANGANA,Hyderabad,Hyderabad,500095
State Bank Of India,S1BW000847070,17.385329,78.4815,TELANGANA,Hyderabad,KHAIRATABAD, 
State Bank Of India,S1NB000847071,17.385358,78.481441,TELANGANA,Hyderabad,KHAIRATABAD, 
Punjab National Bank,TS1A210U,17.385362,78.483174,TELANGANA,Hyderabad,HYDERABAD, 
Central Bank Of India,SCRH08081S,17.385404,78.480565,TELANGANA,Hyderabad, , 
State Bank Of India,T1NS003026209,17.385421,78.572332,TELANGANA,Medchal Malkajgiri,HYDERABAD, 
State Bank Of India,S5NL000847627,17.385476,78.481594,TELANGANA,Hyderabad,NAMPALLY, 
State Bank Of India,S5NL000847624,17.385502,78.481601,TELANGANA,Hyderabad,CHARMINAR, 
State Bank Of India,S1NW000847097,17.385511,78.481313,TELANGANA,Hyderabad,Hyderabad, 
HDFC Bank Ltd,P3FNHY30,17.385523,78.479646,TELANGANA,Hyderabad,HYDERABAD, 
State Bank Of India,S1BW000847063,17.385525,78.481521,TELANGANA,Hyderabad,KHAIRATABAD, 
State Bank Of India,S5NC000847621,17.385528,78.481475,TELANGANA,Hyderabad,NAMPALLY, 
ICICI Bank Ltd,SACWM319,17.385591,78.35527,TELANGANA,Ranga Reddy, , 
ICICI Bank Ltd,SACWC693,17.385592,78.355269,TELANGANA,Ranga Reddy,Hyderabad, 
Lakshmi Vilas Bank Ltd,005DM498,17.385599,0.0,TELANGANA,Hyderabad, , 
State Bank Of India,S1BG005916175,17.385605,78.403589,TELANGANA,Hyderabad,GOLCONDA,500046
State Bank Of India,S5NL000847625,17.385643,78.480035,TELANGANA,Hyderabad,NAMPALLY, 
State Bank Of India,S1BW000847458,17.38571,78.48021,TELANGANA,Hyderabad,HYDERABAD,500095
State Bank Of India,S1BW000847459,17.38574,78.4801,TELANGANA,Hyderabad,HYDERABAD,500095
Indian Overseas Bank,IOB6952,17.385745,78.486701,TELANGANA,Hyderabad,HYDERABAD,0
HDFC Bank Ltd,P3ENHY72,17.38576,78.479499,TELANGANA,Hyderabad, , 
ICICI Bank Ltd,SACWC449,17.38579,78.524174,TELANGANA,Hyderabad,Hyderabad, 
State Bank Of India,S1BB020065001,17.385799,78.4705,TELANGANA,Hyderabad,HYDERABAD, 
State Bank Of India,S5NC020701621,17.385854,78.518473,TELANGANA,Hyderabad,MUSHEERABAD, 
State Bank Of India,S5NL000847628,17.385983,78.483326,TELANGANA,Hyderabad,CHARMINAR, 
HDFC Bank Ltd,S1ANHB22,17.386,78.4394,TELANGANA,Hyderabad,Hyderabad,NULL
State Bank Of India,S5NE004515621,17.38606,79.89368,TELANGANA,Mahabubabad,WARANGAL,506315
State Bank Of India,S1NG020401001,17.386106,78.467392,TELANGANA,Hyderabad,NAMPALLY, 
Axis Bank Ltd,BPCN180816,17.38625,78.527779,TELANGANA,Medchal Malkajgiri,HYDERABAD, 
State Bank Of India,S5NG020071621,17.386312,78.4878,TELANGANA,Hyderabad,Hyderabad, 
Canara Bank,A3025001,17.386399,78.358499,TELANGANA,Ranga Reddy, , 
Union Bank Of India,W0321003,17.38642,78.496842,TELANGANA,Hyderabad,HYDERABAD,500027
Axis Bank Ltd,CWCW88102,17.38643,78.485,TELANGANA,Hyderabad,0,0
Karur Vysya Bank Ltd,S1AC0148003,17.38654833,78.430465,TELANGANA,Hyderabad,HYDERABAD,500028
State Bank Of India,S5NL020071623,17.386578,78.486491,TELANGANA,Hyderabad,Hyderabad, 
Bank Of Maharashtra,WA0019A1,17.386587,78.480372,TELANGANA,Hyderabad,HYDERABAD-SULTAN BAZAR,500001
Union Bank Of India,W0858004,17.3866,78.4724,TELANGANA,Hyderabad,HYDERABAD,500001
Union Bank Of India,H0858102,17.3866,78.4724,TELANGANA,Hyderabad,HYDERABAD,500001
Union Bank Of India,W0378003,17.38662,78.4724,TELANGANA,Hyderabad,HYDERABAD,500001
Yes Bank Ltd,SABPO313,17.38667,78.47631,TELANGANA,Hyderabad,Hyderabad, 
Yes Bank Ltd,SABNA136,17.38667,78.47631,TELANGANA,Hyderabad,Hyderabad, 
Indian Overseas Bank,IOB9281,17.386799,78.478194,TELANGANA,Hyderabad,HYDERABAD,0
Axis Bank Ltd,DECN145804,17.386799,78.453899,TELANGANA,Hyderabad, , 
HDFC Bank Ltd,S1AWHY36,17.3868,78.4778,TELANGANA,Hyderabad,Hyderabad,NULL
State Bank Of India,S1NB000847538,17.386903,78.495631,TELANGANA,Hyderabad,HIMAYATHNAGAR, 
State Bank Of India,T1BS020165025,17.387117,80.644992,TELANGANA,Bhadradri Kothagudem,KHAMMAM, 
State Bank Of India,S1BW005916104,17.387122,78.442035,TELANGANA,Hyderabad,RANGAREDDY,500018
State Bank Of India,S1BB020071002,17.387131,78.487392,TELANGANA,Hyderabad,Hyderabad, 
Indusind Bank,MN000423,17.387135,78.429943,TELANGANA,Hyderabad,Hyderabad, 
State Bank Of India,T1BY003026265,17.387139,78.491679,TELANGANA,Hyderabad,HYDERABAD, 
State Bank Of India,T1BS002714141,17.387139,78.491684,TELANGANA,Hyderabad,Uppal, 
Punjab National Bank,N1020700,17.38722,78.47751,TELANGANA,Hyderabad,HYDERABAD,500001
Bank Of India,CHY8009,17.387222,78.485832,TELANGANA,Hyderabad,METRO, 
Bank Of Baroda,1VD403701,17.387338,78.476311,TELANGANA,Hyderabad,HYDERABAD,500001
Union Bank Of India,W1110003,17.38736,78.531116,TELANGANA,Medchal Malkajgiri,HYDERABAD,500013
Kotak Mahindra Bank Limited,HYBW9439,17.387399,78.476318,TELANGANA,Hyderabad,Hyderabad,500001
State Bank Of India,S1BW000847093,17.3875,78.47667,TELANGANA,Hyderabad,HYDERABAD,500001
State Bank Of India,S1BB000847525,17.387528,78.463381,TELANGANA,Hyderabad,HYDERABAD,500095
Canara Bank,B3029001,17.387552,78.472065,TELANGANA,Hyderabad,HYDERABAD, 
State Bank Of India,S5NE007640621,17.387798,78.446691,TELANGANA,Hyderabad,HYDERABAD,500067
State Bank Of India,S1NW005916074,17.387801,78.326801,TELANGANA,Ranga Reddy,Hyderabad, 
Axis Bank Ltd,LWCW88110,17.387859,78.480839,TELANGANA,Hyderabad,HYDERABAD, 
Axis Bank Ltd,CWRO88102,17.387859,78.480839,TELANGANA,Hyderabad,HYDERABAD, 
IDBI Bank Ltd,ID043201,17.38786,78.41148,TELANGANA,Hyderabad,Hyderabad,500032
IDBI Bank Ltd,ID043213,17.38786,78.48839,TELANGANA,Hyderabad,Hyderabad,500008
IDBI Bank Ltd,TC127401,17.38786,78.49388,TELANGANA,Hyderabad,Hyderabad,500060
HDFC Bank Ltd,P3FNHY31,17.387877,78.52976,TELANGANA,Medchal Malkajgiri,HYDERABAD, 
Axis Bank Ltd,TERH421401,17.387889,78.343303,TELANGANA,Ranga Reddy,NARSINGI, 
IndusInd Bank,MW000430,17.38789,78.50306,TELANGANA,Hyderabad,Hyderabad,500027
State Bank Of India,S1BB004515002,17.3879,79.891242,TELANGANA,Mahabubabad,MARIPEDA, 
Kotak Mahindra Bank Limited,HYOD9407,17.387925,78.481131,TELANGANA,Hyderabad,Hyderabad,500029
Axis Bank Ltd,DWCW137807,17.387929,78.510489,TELANGANA,Hyderabad,SECUNDERABAD, 
State Bank Of India,T1NY000916222,17.388049,78.483959,TELANGANA,Hyderabad,KOTI, 
State Bank Of India,S1N6000847517,17.388062,78.519982,TELANGANA,Hyderabad,Hyderabad, 
State Bank Of India,T1BS020098017,17.388063,78.341079,TELANGANA,Ranga Reddy,MEDAK, 
Union Bank Of India,W2425001,17.3881,78.36,TELANGANA,Ranga Reddy,HYDERABAD,500075
Union Bank Of India,N0854008,17.3881,78.4466,TELANGANA,Hyderabad,HYDERABAD,500028
Bank Of India,AHY8013,17.388169,78.48094,TELANGANA,Hyderabad, , 
ICICI Bank Ltd,S1VDB995,17.388196,78.339912,TELANGANA,Ranga Reddy, , 
HDFC Bank Ltd,P1ENHD10,17.3882,78.4646,TELANGANA,Hyderabad,Hyderabad,NULL
HDFC Bank Ltd,P3ENHD02,17.3882,78.4673,TELANGANA,Hyderabad,Hyderabad,NULL
HDFC Bank Ltd,P1ENVS07,17.3882,78.4838,TELANGANA,Hyderabad,Hyderabad,NULL
State Bank Of India,S5NC020065621,17.388268,78.471252,TELANGANA,Hyderabad,NAMPALLY, 
State Bank Of India,S5NL020065622,17.388282,78.471242,TELANGANA,Hyderabad,NAMPALLY, 
Axis Bank Ltd,CWCW42621,17.3883152,78.4289635,TELANGANA,Hyderabad,0,500028
State Bank Of India,S1NB000847552,17.388337,78.486706,TELANGANA,Hyderabad,HIMAYATHNAGAR, 
ICICI Bank Ltd,SACWN604,17.388406,78.503921,TELANGANA,Hyderabad, , 
State Bank Of India,T1NH000916172,17.388416,78.494349,TELANGANA,Hyderabad,HYDERABAD, 
Canara Bank,A3017001,17.388463,78.496097,TELANGANA,Hyderabad, , 
State Bank Of India,T1NH003026164,17.388587,78.397657,TELANGANA,Hyderabad,HYDERABAD, 
State Bank Of India,S1BW000847456,17.38861,78.47361,TELANGANA,Hyderabad,HYDERABAD,500001
ICICI Bank Ltd,S1CPS068,17.388628,78.477012,TELANGANA,Hyderabad, , 
ICICI Bank Ltd,S1CWK589,17.388628,78.477012,TELANGANA,Hyderabad, , 
ICICI Bank Ltd,S1CWK614,17.388628,78.477012,TELANGANA,Hyderabad, , 
Yes Bank Ltd,SABPB456,17.38867,78.47379,TELANGANA,Hyderabad,Hyderabad, 
Canara Bank,0878WS07,17.388763,78.492996,TELANGANA,Hyderabad, , 
State Bank Of India,T1NH000916173,17.388777,78.495576,TELANGANA,Hyderabad,HYDERABAD, 
HDFC Bank Ltd,S1AWHY44,17.3888,78.4552,TELANGANA,Hyderabad,Hyderabad,NULL
Union Bank Of India,W1509002,17.3888,78.4858,TELANGANA,Hyderabad,HYDERABAD,500001
Union Bank Of India,L1424002,17.3888,78.48581,TELANGANA,Hyderabad,HYDERABAD,500095
Union Bank Of India,W0205007,17.3888,78.48581,TELANGANA,Hyderabad,HYDERABAD,500195
State Bank Of India,S1BW000847457,17.388831,78.463475,TELANGANA,Hyderabad,Hyderabad, 
Bank Of India,IHY8021,17.38884,78.50751,TELANGANA,Hyderabad,HYDERABAD,500013
Punjab National Bank,WC110033,17.388845,78.473866,TELANGANA,Hyderabad,HYDERABAD,&nbsp;
ICICI Bank Ltd,SACWE926,17.388911,78.449923,TELANGANA,Hyderabad,Hyderabad, 
Bank Of India,AHY8008,17.388919,78.47442,TELANGANA,Hyderabad, , 
Bank Of Baroda,1RDNHYD03,17.38894,78.478076,TELANGANA,Hyderabad,HYDERABAD,500001
State Bank Of India,T1NF000916221,17.38895,78.483616,TELANGANA,Hyderabad,KOTI, 
State Bank Of India,S1NB000847003,17.38897,78.485697,TELANGANA,Hyderabad,Hyderabad, 
Kotak Mahindra Bank Limited,HYON9360,17.38898,78.538219,TELANGANA,Medchal Malkajgiri,Hyderabad, 
State Bank Of India,S5BE021038621,17.389009,78.467263,TELANGANA,Hyderabad,NAMPALLY, 
Axis Bank Ltd,CECN42724,17.3891,77.836699,TELANGANA,Vikarabad, , 
Union Bank Of India,Y0321101,17.3891,78.4947,TELANGANA,Hyderabad,HYDERABAD,500027
State Bank Of India,S1NW000847087,17.3891,78.473877,TELANGANA,Hyderabad,HYDERABAD, 
Bank Of India,CHY9003,17.389122,78.474429,TELANGANA,Hyderabad,HYDERABAD, 
Canara Bank,0878E027,17.389124,78.498724,TELANGANA,Hyderabad, , 
HDFC Bank Ltd,S1ACHE20,17.389138,77.836728,TELANGANA,Vikarabad,HYDERABAD, 
HDFC Bank Ltd,S1ANHE31,17.389138,78.544659,TELANGANA,Medchal Malkajgiri,HYDERABAD, 
ICICI Bank Ltd,SACWJ215,17.389144,78.454149,TELANGANA,Hyderabad,Hyderabad, 
ICICI Bank Ltd,SACWM020,17.389144,78.454147,TELANGANA,Hyderabad, , 
ICICI Bank Ltd,SACWM061,17.389144,78.454147,TELANGANA,Hyderabad, , 
Central Bank Of India,SCDH32991S,17.389192,78.508094,TELANGANA,Hyderabad, , 
Axis Bank Ltd,LWCW88107,17.38926,78.48581,TELANGANA,Hyderabad,HYDERABAD, 
Axis Bank Ltd,CWCW88105,17.3892604,78.4858055,TELANGANA,Hyderabad,0,500095
Bank Of India,AHY8011,17.3893,78.473,TELANGANA,Hyderabad, ,500001
State Bank Of India,S1BW000847066,17.389377,78.50803,TELANGANA,Hyderabad,HYDERABAD, 
Punjab National Bank,C36B012901,17.389423,78.47285,TELANGANA,Hyderabad, , 
State Bank Of India,S5NE020496621,17.389464,78.471872,TELANGANA,Hyderabad,HYDERABAD, 
State Bank Of India,S1BB020701002,17.389478,78.507996,TELANGANA,Hyderabad,AMBERPET, 
ICICI Bank Ltd,SACWF651,17.389507,78.452316,TELANGANA,Hyderabad, , 
State Bank Of India,S1BG000847553,17.389557,78.497355,TELANGANA,Hyderabad,Hyderabad, 
State Bank Of India,S1NB000847032,17.389637,78.467525,TELANGANA,Hyderabad,HYDERABAD, 
ICICI Bank Ltd,SECNJ057,17.389638,78.495239,TELANGANA,Hyderabad, , 
Canara Bank,0878W028,17.389674,78.511117,TELANGANA,Hyderabad, , 
Canara Bank,8441689,17.389689,78.488318,TELANGANA,Hyderabad, , 
Union Bank Of India,W0835005,17.3897,78.4401,TELANGANA,Hyderabad,HYDERABAD,500028
Union Bank Of India,H0835101,17.3897,78.4401,TELANGANA,Hyderabad,HYDERABAD,500028
Axis Bank Ltd,CPRH00815,17.38973,78.470869,TELANGANA,Hyderabad,HYDERABAD, 
Bank Of Maharashtra,PA038301,17.38973,78.494573,TELANGANA,Hyderabad,KACHIGUDA,500027
Union Bank Of India,W0835006,17.389733,78.440056,TELANGANA,Hyderabad,HYDERABAD,500028
Union Bank Of India,H1423101,17.3901,78.5163,TELANGANA,Hyderabad,HYDERABAD,500013
Union Bank Of India,W0643002,17.3898,78.3291,TELANGANA,Ranga Reddy,HYDERABAD,500075
Union Bank Of India,H0643101,17.3898,78.3291,TELANGANA,Ranga Reddy,HYDERABAD,500075
Rural Cooperative Bank,93572001,17.389799,78.471979,TELANGANA,Hyderabad,HYDERABAD, 
Rural Cooperative Bank,M0201799,17.389799,78.471979,TELANGANA,Hyderabad,HYDERABAD, 
Axis Bank Ltd,BWCW180813,17.389851,78.511222,TELANGANA,Hyderabad, , 
ICICI Bank Ltd,S1CWC281,17.389869,78.489063,TELANGANA,Hyderabad,Hyderabad, 
ICICI Bank Ltd,S1CWK632,17.389869,78.489059,TELANGANA,Hyderabad, , 
State Bank Of India,T1NH000916214,17.389906,78.469716,TELANGANA,Hyderabad,HYDRABAD, 
Axis Bank Ltd,BPCN180817,17.389976,78.527766,TELANGANA,Medchal Malkajgiri,HYDERABAD, 
State Bank Of India,S1BB003529005,17.389996,78.475166,TELANGANA,Hyderabad,HYDERABAD,500001
South Indian Bank Ltd,01280001,17.39,78.48,TELANGANA,Hyderabad,Greater Hyderabad,500001
Kotak Mahindra Bank Limited,HYBD2327,17.39,78.49,TELANGANA,Hyderabad,Hyderabad, 
State Bank Of India,S1BJ005916120,17.390005,78.4353,TELANGANA,Hyderabad,RANGAREDDY,500081
Bank Of Baroda,1FDHYD51,17.390036,78.4403497,TELANGANA,Hyderabad,HYDERABAD,500028
Bank Of Baroda,1RDNHYD22,17.390036,78.4403497,TELANGANA,Hyderabad,HYDERABAD,500028
Bank Of Baroda,1CRTSHY04,17.390036,78.4403497,TELANGANA,Hyderabad, ,500028
IDBI Bank Ltd,ID059401,17.39012,78.49242,TELANGANA,Hyderabad,Hyderabad,500027
Axis Bank Ltd,BPCN180810,17.3901372,78.5404436,TELANGANA,Medchal Malkajgiri,0,500013
Uco Bank,WT144101,17.390183,78.475942,TELANGANA,Hyderabad, , 
HDFC Bank Ltd,P1DCHD06,17.3902,78.4512,TELANGANA,Hyderabad,Hyderabad,NULL
Canara Bank,8784368,17.390254,78.476498,TELANGANA,Hyderabad, , 
HDFC Bank Ltd,P3FNHY10,17.390311,78.508146,TELANGANA,Hyderabad,HYDERABAD, 
Canara Bank,6062077,17.390326,78.47625,TELANGANA,Hyderabad, , 
Punjab National Bank,PC068401,17.390382,78.436433,TELANGANA,Hyderabad, , 
Punjab National Bank,D3156500,17.3904,78.4163,TELANGANA,Hyderabad,HYDERABAD,500028
Punjab National Bank,N5156500,17.3904,78.4163,TELANGANA,Hyderabad,Hyderabad,500001
Canara Bank,B3024001,17.390456,78.470377,TELANGANA,Hyderabad, , 
State Bank Of India,T1BS020175078,17.390458,78.515475,TELANGANA,Hyderabad,NALGONDA, 
Canara Bank,A3024001,17.390477,78.470443,TELANGANA,Hyderabad, , 
Canara Bank,0878EP04,17.390497,78.468817,TELANGANA,Hyderabad, , 
Bank Of India,AHY9008,17.3905,78.4927,TELANGANA,Hyderabad, ,500027
State Bank Of India,T1BS000916282,17.39051,78.53492,TELANGANA,Medchal Malkajgiri,HYDERABAD, 
Yes Bank Ltd,SKPO1074,17.39052,78.48846,TELANGANA,Hyderabad,Hyderabad, 
Canara Bank,A3015002,17.390528,78.458073,TELANGANA,Hyderabad, , 
Union Bank Of India,CBTN013620,17.390552,78.489984,TELANGANA,Hyderabad, , 
Axis Bank Ltd,BWCW119507,17.390684,78.531684,TELANGANA,Medchal Malkajgiri, , 
HDFC Bank Ltd,P1DCHY50,17.3907,78.4858,TELANGANA,Hyderabad,Hyderabad,NULL
HDFC Bank Ltd,P3ENHY73,17.3907,78.50528,TELANGANA,Hyderabad, , 
Axis Bank Ltd,DWCW180814,17.390719,78.505599,TELANGANA,Hyderabad,HYDERABAD, 
Karur Vysya Bank Ltd,S1AC0148004,17.39074167,78.441105,TELANGANA,Hyderabad,HYDERABAD,500028
Axis Bank Ltd,BPCN119505,17.390745,78.54607,TELANGANA,Medchal Malkajgiri,0,500013
Axis Bank Ltd,BPCN119510,17.39075,78.546069,TELANGANA,Medchal Malkajgiri,HYDERABAD, 
State Bank Of India,S1NB000847565,17.390777,78.559027,TELANGANA,Medchal Malkajgiri,HYDERABAD, 
Union Bank Of India,W0378004,17.390784,78.470924,TELANGANA,Hyderabad,HYDERABAD,500001
DCB bank Ltd,DCB07601,17.390794,78.548533,TELANGANA,Medchal Malkajgiri, , 
DCB bank Ltd,DCB07603,17.390794,78.548533,TELANGANA,Medchal Malkajgiri, , 
HDFC Bank Ltd,P3ENHD48,17.3908,78.4536,TELANGANA,Hyderabad,Hyderabad,NULL
Union Bank Of India,W0378002,17.3908,78.4709,TELANGANA,Hyderabad,HYDERABAD,500001
Union Bank Of India,H0378101,17.3908,78.4709,TELANGANA,Hyderabad,HYDERABAD,500001
HDFC Bank Ltd,S1AWHY41,17.3908,78.4893,TELANGANA,Hyderabad,Hyderabad,NULL
State Bank Of India,S1BW004297003,17.39082,78.47079,TELANGANA,Hyderabad,HYDERABAD,500001
ICICI Bank Ltd,S1CNP656,17.390899,78.441497,TELANGANA,Hyderabad, , 
ICICI Bank Ltd,S1VD6912,17.390899,78.441497,TELANGANA,Hyderabad, , 
Axis Bank Ltd,DWCW113419,17.3909371,78.4802115,TELANGANA,Hyderabad,0,500001
State Bank Of India,S1BB060146001,17.391014,78.468105,TELANGANA,Hyderabad,Hyderabad, 
Union Bank Of India,WHYD14801111111,17.39107,78.483379,TELANGANA,Hyderabad,HYDERABAD, 
Axis Bank Ltd,BPRH180801,17.391079,78.516169,TELANGANA,Hyderabad,HYDERABAD, 
Bank Of India,CHY9019,17.391138,78.605741,TELANGANA,Medchal Malkajgiri, , 
Canara Bank,0878W029,17.391266,78.456761,TELANGANA,Hyderabad, , 
Canara Bank,0878E013,17.391266,78.456761,TELANGANA,Hyderabad, , 
Canara Bank,8787043,17.391266,78.456761,TELANGANA,Hyderabad, , 
ICICI Bank Ltd,SACWN779,17.391304,78.463867,TELANGANA,Hyderabad, , 
State Bank Of India,T1NF002714127,17.391375,78.510927,TELANGANA,Hyderabad,RAMANTHAPUR, 
Punjab National Bank,N1453800,17.391423,78.45417,TELANGANA,Hyderabad,HYDERABAD,500009
State Bank Of India,S1BB007054001,17.391479,78.479541,TELANGANA,Hyderabad,Hyderabad, 
State Bank Of India,T1BS005916285,17.391499,78.445689,TELANGANA,Hyderabad,Golconda, 
ICICI Bank Ltd,SFCNM500,17.391511,78.511535,TELANGANA,Hyderabad, , 
ICICI Bank Ltd,SFCNM501,17.391511,78.511535,TELANGANA,Hyderabad, , 
ICICI Bank Ltd,S1CWE551,17.39158,78.496801,TELANGANA,Hyderabad,Hyderabad, 
ICICI Bank Ltd,SACWF974,17.395333,78.431577,TELANGANA,Hyderabad,Hyderabad, 
ICICI Bank Ltd,S1CNQ331,17.39158,78.496803,TELANGANA,Hyderabad, , 
ICICI Bank Ltd,S1CNQ649,17.391599,78.5606,TELANGANA,Medchal Malkajgiri, , 
State Bank Of India,S5NC020309621,17.391614,78.4592,TELANGANA,Hyderabad,HYDERABAD, 
Indian Overseas Bank,IOB9311,17.391636,78.440065,TELANGANA,Hyderabad,HYDERABAD,0
IDBI Bank Ltd,ID104811,17.39165,78.41242,TELANGANA,Hyderabad,Hyderabad,500008
Uco Bank,DA174601,17.39165,78.41242,TELANGANA,Hyderabad,HYDERABAD,500008
ICICI Bank Ltd,SFCNM719,17.391695,78.496833,TELANGANA,Hyderabad, , 
ICICI Bank Ltd,S1CNP286,17.391714,78.560386,TELANGANA,Medchal Malkajgiri, , 
State Bank Of India,S1NG000847009,17.391777,78.476749,TELANGANA,Hyderabad,KHAIRATABAD, 
ICICI Bank Ltd,SFCNQ850,17.391811,78.55735,TELANGANA,Medchal Malkajgiri, , 
Punjab National Bank,DA110016,17.391841,78.477021,TELANGANA,Hyderabad, , 
Bank Of India,AHY8006,17.39186,78.43719,TELANGANA,Hyderabad, , 
State Bank Of India,S1BB000847530,17.391926,78.438408,TELANGANA,Hyderabad,NAMPALLY,500095
Bank Of Baroda,3CRAPHY02,17.39193,78.538379,TELANGANA,Medchal Malkajgiri,0,500013
State Bank Of India,S5NE003529621,17.39194,78.47528,TELANGANA,Hyderabad,HYDERABAD,500001
ICICI Bank Ltd,SACWN884,17.391944,78.542808,TELANGANA,Medchal Malkajgiri, , 
HDFC Bank Ltd,S1ANHD05,17.392,78.5391,TELANGANA,Medchal Malkajgiri,Hyderabad,NULL
HDFC Bank Ltd,P3FNHY19,17.392063,78.476663,TELANGANA,Hyderabad,HYDERABAD, 
Union Bank Of India,W0705003,17.39208,78.47555,TELANGANA,Hyderabad,HYDERABAD,500001
State Bank Of India,S1BG020432004,17.392123,78.471964,TELANGANA,Hyderabad,Hyderabad, 
State Bank Of India,S1BB010100004,17.392129,78.5349,TELANGANA,Medchal Malkajgiri, MALKAJGIRI,500007
Axis Bank Ltd,DPRH292203,17.39213,78.453132,TELANGANA,Hyderabad,HYDERABAD, 
State Bank Of India,S5NE016294621,17.39222,78.51778,TELANGANA,Hyderabad,HYDERABAD,500013
Canara Bank,A3029001,17.392242,78.475456,TELANGANA,Hyderabad, , 
Union Bank Of India,H1110101,17.3923,78.5311,TELANGANA,Medchal Malkajgiri,HYDERABAD,500013
Union Bank Of India,W1110005,17.392299,78.531099,TELANGANA,Medchal Malkajgiri,HYDERABAD, 
IDBI Bank Ltd,ID059413,17.39237,78.51791,TELANGANA,Hyderabad,Hyderabad,500013
Bank Of Baroda,1FDHYD75,17.392374,78.517908,TELANGANA,Hyderabad, ,500013
State Bank Of India,S1NG000847020,17.392399,78.469,TELANGANA,Hyderabad,Nampally, 
Union Bank Of India,N1110004,17.3924,78.5313,TELANGANA,Medchal Malkajgiri,HYDERABAD,500013
Canara Bank,0878W005,17.392416,78.468391,TELANGANA,Hyderabad, , 
State Bank Of India,S1BW000847502,17.39243,78.51866,TELANGANA,Hyderabad,HYDERABAD,500013
ICICI Bank Ltd,SECNF015,17.392486,78.469615,TELANGANA,Hyderabad,Nampally, 
ICICI Bank Ltd,SFCNM336,17.392528,78.530723,TELANGANA,Medchal Malkajgiri, , 
ICICI Bank Ltd,S1CNQ643,17.392528,78.530723,TELANGANA,Medchal Malkajgiri, , 
ICICI Bank Ltd,SACWE922,17.392538,78.469685,TELANGANA,Hyderabad,Hyderabad, 
Canara Bank,0878E015,17.392588,78.446206,TELANGANA,Hyderabad, , 
Canara Bank,13692361,17.392588,78.446206,TELANGANA,Hyderabad, , 
HDFC Bank Ltd,S1ACHE21,17.392592,78.37194,TELANGANA,Ranga Reddy,HYDERABAD, 
Catholic Syrian Bank Ltd,CSBN020101,17.392599,78.476165,TELANGANA,Hyderabad,Hyderabad, 
State Bank Of India,T1NW005916221,17.392605,78.427839,TELANGANA,Hyderabad,HYDERABAD, 
State Bank Of India,S5NL008995621,17.392667,78.456665,TELANGANA,Hyderabad,HYDERABAD, 
State Bank Of India,S1BG000847520,17.392703,78.454494,TELANGANA,Hyderabad,ASIFNAGAR,500095
ICICI Bank Ltd,SFCNQ856,17.392753,78.525588,TELANGANA,Hyderabad, , 
ICICI Bank Ltd,SFCNQ855,17.392753,78.525588,TELANGANA,Hyderabad, , 
Axis Bank Ltd,CWCW00829,17.392773,78.4648487,TELANGANA,Hyderabad,0,500001
State Bank Of India,S1NB003605001,17.392785,78.510791,TELANGANA,Hyderabad,AMBERPET, 
State Bank Of India,S1BG020309002,17.39279,78.456321,TELANGANA,Hyderabad,Hyderabad, 
State Bank Of India,T1NH000916183,17.392791,78.533286,TELANGANA,Medchal Malkajgiri,HYDERABAD, 
State Bank Of India,T1NY003026215,17.392802,78.474551,TELANGANA,Hyderabad,HYDERABAD, 
State Bank Of India,T1NW005916206,17.392912,78.429599,TELANGANA,Hyderabad,hyderabad, 
DCB bank Ltd,DCB02701,17.392942,78.473154,TELANGANA,Hyderabad, , 
Karur Vysya Bank Ltd,S1AC0144301,17.39295805,78.47332064,TELANGANA,Hyderabad,Hyderabad,500001
HDFC Bank Ltd,S1AWHA04,17.393,78.4744,TELANGANA,Hyderabad,Hyderabad,NULL
Union Bank Of India,N0321004,17.393,78.4928,TELANGANA,Hyderabad,HYDERABAD,500027
HDFC Bank Ltd,S1AWHA07,17.393,78.5108,TELANGANA,Hyderabad,Hyderabad,NULL
HDFC Bank Ltd,P1ENHY13,17.393,78.5594,TELANGANA,Medchal Malkajgiri,Hyderabad,NULL
Axis Bank Ltd,APCN42615,17.39303667,78.44524167,TELANGANA,Hyderabad,0,500028
State Bank Of India,T1NY003026198,17.393043,78.442079,TELANGANA,Hyderabad,HYDERABAD, 
ICICI Bank Ltd,SPCNF390,17.393049,78.437583,TELANGANA,Hyderabad,Hyderabad, 
State Bank Of India,S5NC005893621,17.39306,78.46,TELANGANA,Hyderabad,HYDERABAD,500004
State Bank Of India,T1BW000916265,17.393079,78.486559,TELANGANA,Hyderabad,Himayathnagar, 
Union Bank Of India,HHYD01401111111,17.39312,78.44853,TELANGANA,Hyderabad, , 
Union Bank Of India,NHYD01301111111,17.39314,78.4485,TELANGANA,Hyderabad,Hyderabad,500057
IndusInd Bank,MW000429,17.393168,78.559343,TELANGANA,Medchal Malkajgiri,Hyderabad,500039
Federal Bank,RD112401,17.39319,78.4764,TELANGANA,Hyderabad, , 
Federal Bank,RD112401,17.39319,78.4764,TELANGANA,Hyderabad, , 
State Bank Of India,S5NE020898622,17.393208,78.533732,TELANGANA,Medchal Malkajgiri,RAMANTHAPUR, 
Axis Bank Ltd,DECN162808,17.39322,78.414079,TELANGANA,Hyderabad,HYDERABAD, 
State Bank Of India,S5NC007641622,17.393257,78.499246,TELANGANA,Hyderabad,MUSHEERABAD, 
State Bank Of India,S5BE063949621,17.396807,78.337987,TELANGANA,Ranga Reddy,HYDERABAD, 
Kotak Mahindra Bank Limited,HYBD2269,17.3933,78.540529,TELANGANA,Medchal Malkajgiri,Hyderabad, 
Axis Bank Ltd,TPCN119508,17.39331,78.529309,TELANGANA,Medchal Malkajgiri,HYDERABAD, 
State Bank Of India,S5NL007641623,17.393312,78.499329,TELANGANA,Hyderabad,HIMAYATHNAGAR, 
ICICI Bank Ltd,SACWE957,17.393322,78.469912,TELANGANA,Hyderabad,Hyderabad, 
State Bank Of India,S5NE007641621,17.393363,78.499182,TELANGANA,Hyderabad,HYDERABAD, 
State Bank Of India,T1NW005916203,17.393399,78.438067,TELANGANA,Hyderabad,HYDERABAD, 
Indian Overseas Bank,IOB9715,17.393413,78.478459,TELANGANA,Hyderabad,HYDERABAD,0
Axis Bank Ltd,BPCN119509,17.39351,78.5369,TELANGANA,Medchal Malkajgiri,HYDERABAD, 
Axis Bank Ltd,BPCN119506,17.393513,78.536897,TELANGANA,Medchal Malkajgiri, , 
State Bank Of India,S5NL016668621,17.393549,78.444202,TELANGANA,Hyderabad,Hyderabad, 
State Bank Of India,S1NB013271002,17.393585,78.485748,TELANGANA,Hyderabad,Hyderabad, 
Indian Bank,S1AB0521,17.3935918,78.4885272,TELANGANA,Hyderabad,HYDERABAD,500027
Union Bank Of India,W0548005,17.3936,78.44,TELANGANA,Hyderabad,HYDERABAD,500059
Union Bank Of India,H0548101,17.3936,78.44,TELANGANA,Hyderabad,HYDERABAD,500059
Union Bank Of India,N0548007,17.393648,78.440029,TELANGANA,Hyderabad,HYDERABAD,500059
State Bank Of India,S1NW000847007,17.393654,78.494453,TELANGANA,Hyderabad,HIMAYATHNAGAR, 
State Bank Of India,S1NG000847550,17.393683,78.494484,TELANGANA,Hyderabad,HIMAYATHNAGAR, 
Canara Bank,A3060001,17.393718,78.443684,TELANGANA,Hyderabad, , 
Canara Bank,B3007001,17.39377,78.443682,TELANGANA,Hyderabad, , 
ICICI Bank Ltd,SEVDI953,17.393785,78.435531,TELANGANA,Hyderabad, , 
HDFC Bank Ltd,P1DCHY58,17.3938,78.4577,TELANGANA,Hyderabad,Hyderabad,NULL
Union Bank Of India,Y3054101,17.3938,78.4983,TELANGANA,Hyderabad,HYDERABAD,500027
ICICI Bank Ltd,SACWF762,17.393804,78.480771,TELANGANA,Hyderabad,Hyderabad, 
Indian Bank,S1AN0541,17.393819,78.510567,TELANGANA,Hyderabad,HYDERABAD,500013
State Bank Of India,S5NC007054621,17.39385,78.47992,TELANGANA,Hyderabad,HYDERABAD,500029
ICICI Bank Ltd,SACWM056,17.393859,78.481246,TELANGANA,Hyderabad, , 
ICICI Bank Ltd,SACWM272,17.393859,78.481246,TELANGANA,Hyderabad, , 
Union Bank Of India,COBD201940,17.39386,78.426987,TELANGANA,Hyderabad, , 
State Bank Of India,S5NC011744621,17.39389,78.43672,TELANGANA,Hyderabad,HYDERABAD,500008
ICICI Bank Ltd,SACWF987,17.393891,78.476452,TELANGANA,Hyderabad,Hyderabad, 
Karur Vysya Bank Ltd,S1AC0143903,17.393945,78.509506,TELANGANA,Hyderabad,HYDERABAD,500044
Union Bank Of India,NHYD15311111111,17.39396,78.45512,TELANGANA,Hyderabad,Hyderabad,500057
Indian Bank,ALD02131,17.393979,78.482598,TELANGANA,Hyderabad, , 
HDFC Bank Ltd,P3AWHY68,17.394,78.4897,TELANGANA,Hyderabad,Hyderabad,NULL
ICICI Bank Ltd,S1CWK359,17.394027,78.450752,TELANGANA,Hyderabad, , 
IDFC Bank,IN802211,17.39404,78.47089,TELANGANA,Hyderabad,ABIDS, 
Indian Overseas Bank,IOB9766,17.394042,78.451105,TELANGANA,Hyderabad,HYDERABAD,0
ICICI Bank Ltd,SPCNH793,17.394048,78.524048,TELANGANA,Hyderabad,Hyderabad, 
IndusInd Bank,MN160301,17.394091,78.475687,TELANGANA,Hyderabad,Hyderabad,500001
Canara Bank,A3051001,17.3941,78.4425,TELANGANA,Hyderabad,HYDERABAD,500028
IndusInd Bank,MN153901,17.394235,78.509377,TELANGANA,Hyderabad,Hyderabad,500013
Bank Of Baroda,1FDHYD60,17.394236,78.475957,TELANGANA,Hyderabad,HYDERABAD,500001
State Bank Of India,S1NB000847005,17.394255,78.503161,TELANGANA,Hyderabad,AMBERPET, 
Indian Bank,ALD05501,17.39429,78.4823,TELANGANA,Hyderabad, , 
HDFC Bank Ltd,S1ANHD33,17.3943,78.4396,TELANGANA,Hyderabad,Hyderabad,NULL
HDFC Bank Ltd,P1DCHD48,17.3943,78.4553,TELANGANA,Hyderabad,Hyderabad,NULL
Bank Of Baroda,1RDWHYD37,17.39432,78.52991,TELANGANA,Medchal Malkajgiri,HYDERABAD,500013
ICICI Bank Ltd,S1VDB896,17.39438622,78.43964132,TELANGANA,Hyderabad,Hyderabad, 
ICICI Bank Ltd,S1CNP943,17.394386,78.439643,TELANGANA,Hyderabad, , 
HDFC Bank Ltd,S1ANHD22,17.3944,78.4397,TELANGANA,Hyderabad,Hyderabad,NULL
State Bank Of India,S1NB000847037,17.394407,78.465739,TELANGANA,Hyderabad,NAMPALLY, 
Axis Bank Ltd,BPRH221001,17.39441,78.493179,TELANGANA,Hyderabad,HYDERABAD, 
Axis Bank Ltd,AWCW42628,17.39443,78.445761,TELANGANA,Hyderabad, , 
Axis Bank Ltd,BPRH292201,17.394464,78.439357,TELANGANA,Hyderabad, , 
State Bank Of India,T1NW005916205,17.394467,78.437417,TELANGANA,Hyderabad,HYDERABAD, 
State Bank Of India,S1NB011744003,17.394498,78.427809,TELANGANA,Hyderabad,KHAIRATABAD, 
HDFC Bank Ltd,S1AWHY60,17.3945,78.4544,TELANGANA,Hyderabad,Hyderabad,NULL
HDFC Bank Ltd,S1AWHY54,17.3945,78.4544,TELANGANA,Hyderabad,Hyderabad,NULL
ICICI Bank Ltd,S1CWI661,17.3945,78.438301,TELANGANA,Hyderabad, , 
ICICI Bank Ltd,S1CWA641,17.3945,78.438301,TELANGANA,Hyderabad, , 
ICICI Bank Ltd,S1CWC402,17.3945,78.438301,TELANGANA,Hyderabad, , 
ICICI Bank Ltd,S1CWC402,17.3945,78.438301,TELANGANA,Hyderabad, , 
ICICI Bank Ltd,S1CWK633,17.3945,78.438301,TELANGANA,Hyderabad, , 
ICICI Bank Ltd,S1CWK652,17.3945,78.438301,TELANGANA,Hyderabad, , 
ICICI Bank Ltd,SFCNQ832,17.39455,78.505432,TELANGANA,Hyderabad, , 
ICICI Bank Ltd,SFCNQ833,17.39455,78.505432,TELANGANA,Hyderabad, , 
Bank Of Baroda,1RDNHYD07,17.3945686,78.4944067,TELANGANA,Hyderabad,HYDERABAD,500027
Central Bank Of India,SCDH38831S,17.394571,78.452488,TELANGANA,Hyderabad, , 
Punjab National Bank,N4156500,17.39458,78.42688,TELANGANA,Hyderabad,HYDERABAD,500028
Lakshmi Vilas Bank Ltd,02970720,17.3946,0.0,TELANGANA,Hyderabad, , 
ICICI Bank Ltd,SACWH980,17.394668,78.452039,TELANGANA,Hyderabad,Hyderabad, 
Axis Bank Ltd,DERO442701,17.394687,78.452938,TELANGANA,Hyderabad,HYDERABAD, 
State Bank Of India,T1NF000916201,17.394698,78.497268,TELANGANA,Hyderabad,HYDERABAD, 
HDFC Bank Ltd,S1ANTX56,17.3947,78.4941,TELANGANA,Hyderabad,Hyderabad,NULL
HDFC Bank Ltd,S1ACHD41,17.3947,78.4941,TELANGANA,Hyderabad,Hyderabad,NULL
State Bank Of India,T1NY000916227,17.394723,78.499349,TELANGANA,Hyderabad,Secunderabad, 
State Bank Of India,T1NY000916228,17.394723,78.499349,TELANGANA,Hyderabad,Secunderabad, 
ICICI Bank Ltd,SECNL225,17.394732,78.494039,TELANGANA,Hyderabad,Hyderabad, 
ICICI Bank Ltd,SFCNM604,17.39475,78.518447,TELANGANA,Hyderabad, , 
Karur Vysya Bank Ltd,S1AC0148001,17.39475333,78.43593,TELANGANA,Hyderabad,HYDERABAD,500028
Karur Vysya Bank Ltd,S1AC0148007,17.39475333,78.43593,TELANGANA,Hyderabad,HYDERABAD,500028
IndusInd Bank,MN000443,17.394756,78.42692,TELANGANA,Hyderabad,Hyderabad,500028
Canara Bank,A3442001,17.39478,79.48867,TELANGANA,Suryapet,NAGARAM,508279
State Bank Of India,S1NW005916013,17.394785,78.470867,TELANGANA,Hyderabad,KHAIRATABAD, 
Bank Of Baroda,1VW402501,17.394793,78.452225,TELANGANA,Hyderabad,HYDERABAD,500057
HDFC Bank Ltd,S1ANHY86,17.3948,78.4306,TELANGANA,Hyderabad,Hyderabad,NULL
State Bank Of India,S1NG000916151,17.394806,78.470727,TELANGANA,Hyderabad,KHAIRATABAD, 
Bank Of Baroda,1VW404801,17.394808,78.471158,TELANGANA,Hyderabad,HYDERABAD,500001
State Bank Of India,S1BW005916057,17.394811,78.470663,TELANGANA,Hyderabad,KHAIRATABAD, 
Axis Bank Ltd,BWCW221005,17.394847,78.494161,TELANGANA,Hyderabad, , 
State Bank Of India,S1NW000847101,17.394877,78.453467,TELANGANA,Hyderabad,HYDERABAD, 
State Bank Of India,S1NW016511001,17.394886,78.443084,TELANGANA,Hyderabad,Hyderabad, 
State Bank Of India,S5NG020066622,17.394893,78.475476,TELANGANA,Hyderabad,HYDERABAD, 
State Bank Of India,S1NZ000847127,17.394896,78.492272,TELANGANA,Hyderabad,HYDERABAD, 
HDFC Bank Ltd,S1ACHD65,17.3949,78.4314,TELANGANA,Hyderabad,Hyderabad,NULL
State Bank Of India,S1BG021044003,17.394929,78.470843,TELANGANA,Hyderabad,KHAIRATABAD, 
State Bank Of India,S5NL020496622,17.394952,78.489199,TELANGANA,Hyderabad,Hyderabad, 
Canara Bank,0878W035,17.394964,78.457467,TELANGANA,Hyderabad, , 
State Bank Of India,S1NG005916007,17.394964,78.470778,TELANGANA,Hyderabad,KHAIRATABAD, 
State Bank Of India,S1BW005916024,17.394964,78.470853,TELANGANA,Hyderabad,KHAIRATABAD, 
State Bank Of India,S1NW000847099,17.394967,78.470915,TELANGANA,Hyderabad,KHAIRATABAD, 
Union Bank Of India,W0705002,17.39498,78.47074,TELANGANA,Hyderabad,HYDERABAD,500001
Central Bank Of India,SCDH23891S,17.394983,78.428642,TELANGANA,Hyderabad, , 
State Bank Of India,S1NG000847016,17.395006,78.48537,TELANGANA,Hyderabad,HIMAYATHNAGAR, 
IDBI Bank Ltd,TC127301,17.39502,78.46642,TELANGANA,Hyderabad,Hyderabad,500054
State Bank Of India,S1NZ000847142,17.395017,78.526307,TELANGANA,Hyderabad,HYDERABAD,500070
Lakshmi Vilas Bank Ltd,02990805,17.395019,0.0,TELANGANA,Medchal Malkajgiri, , 
State Bank Of India,S5BE016511621,17.395041,78.44196,TELANGANA,Hyderabad,HYDERABAD, 
Canara Bank,0878W011,17.40967,78.48868,TELANGANA,Hyderabad,LOWERTANK BUND,500080
State Bank Of India,S1BW020967002,17.395119,78.467149,TELANGANA,Hyderabad,Hyderabad, 
Union Bank Of India,WHYD03701111111,17.39512,78.47088,TELANGANA,Hyderabad,Hyderabad,500002
Bank Of Baroda,1CRHAPHM02,17.39513,78.510901,TELANGANA,Hyderabad,HYDERABAD,500044
State Bank Of India,S1BB000847529,17.39514,78.426976,TELANGANA,Hyderabad,NAMPALLY,500095
Axis Bank Ltd,DERO436301,17.395146,78.427361,TELANGANA,Hyderabad,HYDERABAD, 
HDFC Bank Ltd,P3DCHB25,17.395179,78.525802,TELANGANA,Hyderabad,HYDERABAD, 
Bank Of Baroda,1FDHYD59,17.3951933,78.5110835,TELANGANA,Hyderabad,HYDERABAD,500044
Union Bank Of India,W0605002,17.3952,78.4539,TELANGANA,Hyderabad,HYDERABAD,500057
Union Bank Of India,H0605101,17.3952,78.4539,TELANGANA,Hyderabad,HYDERABAD,500057
Bank Of Baroda,1FDHYD58,17.3952428,78.5111187,TELANGANA,Hyderabad,HYDERABAD,500044
Yes Bank Ltd,SNAPO735,17.39525,78.47092,TELANGANA,Hyderabad,Hyderabad, 
Bank Of Baroda,1RDNHYD02,17.3952812,78.5111264,TELANGANA,Hyderabad,HYDERABAD,500044
Axis Bank Ltd,CWRO42610,17.395363,78.437371,TELANGANA,Hyderabad,HYDERABAD, 
Canara Bank,6491684,17.395409,78.489637,TELANGANA,Hyderabad, , 
ICICI Bank Ltd,SACWG801,17.395421,78.334484,TELANGANA,Ranga Reddy,KOKAPET, 
State Bank Of India,S1NZ000847128,17.39543,78.48964,TELANGANA,Hyderabad,HYDERABAD,500029
Axis Bank Ltd,AWCW73314,17.395589,78.33681,TELANGANA,Ranga Reddy,NARSINGI, 
Indian Overseas Bank,IOB9899,17.395601,78.493485,TELANGANA,Hyderabad,HYDERABAD,0
State Bank Of India,S1N6000847518,17.395606,78.509845,TELANGANA,Hyderabad,Hyderabad, 
Canara Bank,A3007001,17.395681,78.430087,TELANGANA,Hyderabad, , 
State Bank Of India,T1NY003026243,17.395713,78.471138,TELANGANA,Hyderabad,HYDERABAD, 
IDBI Bank Ltd,TC132501,17.39572,78.42796,TELANGANA,Hyderabad,Hyderabad,500061
State Bank Of India,S1NW000847089,17.395795,78.497921,TELANGANA,Hyderabad,Hyderabad, 
Union Bank Of India,W0854005,17.3958,78.4315,TELANGANA,Hyderabad,HYDERABAD,500028
Union Bank Of India,H0854101,17.3958,78.4315,TELANGANA,Hyderabad,HYDERABAD,500028
ICICI Bank Ltd,SACWF463,17.395835,78.514866,TELANGANA,Hyderabad,Hyderabad, 
HDFC Bank Ltd,P1EWHY08,17.3959,78.5204,TELANGANA,Hyderabad,Hyderabad,NULL
Union Bank Of India,W0397002,17.39593,78.4911,TELANGANA,Hyderabad,HYDERABAD,500029
Union Bank Of India,W0397004,17.395963,78.491098,TELANGANA,Hyderabad,HYDERABAD,500029
HDFC Bank Ltd,P3FNHY03,17.395964,78.50239,TELANGANA,Hyderabad,HYDERABAD, 
Indian Overseas Bank,IOB5678,17.395995,78.516653,TELANGANA,Hyderabad,HYDERABAD,0
Indian Overseas Bank,IOB5985,17.395995,78.516653,TELANGANA,Hyderabad,HYDERABAD,0
HDFC Bank Ltd,S1ANHE01,17.396,78.427629,TELANGANA,Hyderabad, , 
Union Bank Of India,W0397003,17.396,78.4911,TELANGANA,Hyderabad,HYDERABAD,500029
Union Bank Of India,H0397101,17.396,78.4911,TELANGANA,Hyderabad,HYDERABAD,500029
ICICI Bank Ltd,SACWG802,17.396014,78.605479,TELANGANA,Medchal Malkajgiri,KRISHNA NAGAR, 
ICICI Bank Ltd,SACWN881,17.396041,78.517715,TELANGANA,Hyderabad, , 
ICICI Bank Ltd,SFCNM354,17.396057,78.489753,TELANGANA,Hyderabad, , 
ICICI Bank Ltd,S1CNQ095,17.396057,78.489753,TELANGANA,Hyderabad, , 
ICICI Bank Ltd,S1CNQ406,17.396102,78.606414,TELANGANA,Medchal Malkajgiri, , 
Canara Bank,08787223,17.396127,78.52019,TELANGANA,Hyderabad, , 
State Bank Of India,T1NF000916199,17.396145,78.490344,TELANGANA,Hyderabad,HYDERABAD, 
Canara Bank,67255232,17.396261,78.521436,TELANGANA,Hyderabad, , 
State Bank Of India,S5NE020066623,17.396286,78.476026,TELANGANA,Hyderabad,GUNFOUNDRY, 
Axis Bank Ltd,DERO427101,17.396299,78.49571,TELANGANA,Hyderabad,HYDERABAD, 
ICICI Bank Ltd,SFCNM411,17.396329,78.605445,TELANGANA,Medchal Malkajgiri, , 
HDFC Bank Ltd,S1ANRR03,17.396335,78.406791,TELANGANA,Hyderabad, , 
HDFC Bank Ltd,P3FNHY45,17.396335,78.406792,TELANGANA,Hyderabad,HYDERABAD, 
State Bank Of India,S1BB000847512,17.396365,78.472692,TELANGANA,Hyderabad,HIMAYATHNAGAR, 
State Bank Of India,S5NC001880621,17.39639,78.48139,TELANGANA,Hyderabad,HYDERABAD,500029
Axis Bank Ltd,AWCW37004,17.396395,78.491395,TELANGANA,Hyderabad, , 
Union Bank Of India,CBTD027640,17.3964,78.4817,TELANGANA,Hyderabad,HYDERABAD,500029
State Bank Of India,S1BW020066005,17.396402,78.475987,TELANGANA,Hyderabad,HYDERABAD, 
Lakshmi Vilas Bank Ltd,001DM242,17.396409,0.0,TELANGANA,Hyderabad, , 
ICICI Bank Ltd,SACWG069,17.396429,78.423563,TELANGANA,Hyderabad,Hyderabad, 
Union Bank Of India,CBTD074340,17.39651,78.51168,TELANGANA,Hyderabad,HYDERABAD,500044
Bank Of Baroda,1DBA05341,17.396565,78.461557,TELANGANA,Hyderabad,HYDERABAD,500004
Lakshmi Vilas Bank Ltd,003DM532,17.39658,0.0,TELANGANA,Medchal Malkajgiri, , 
ICICI Bank Ltd,S1CNQ694,17.396644,78.516448,TELANGANA,Hyderabad, , 
ICICI Bank Ltd,S1VD7372,17.39664468,78.51645097,TELANGANA,Hyderabad,Hyderabad, 
State Bank Of India,S1NG020066003,17.396704,78.476836,TELANGANA,Hyderabad,KHAIRATABAD, 
Bank Of India,IHY8002,17.39673,78.51188,TELANGANA,Hyderabad, ,500013
Indian Bank,S1C008771,17.396769,78.50475,TELANGANA,Hyderabad, , 
Canara Bank,A3013001,17.3968,78.5068,TELANGANA,Hyderabad,HYDERABAD,500044
Central Bank Of India,SCDD08111S,17.396802,78.462636,TELANGANA,Hyderabad,HYDERABAD, 
HDFC Bank Ltd,S1AWHD41,17.3969,78.4236,TELANGANA,Hyderabad,Hyderabad,NULL
South Indian Bank Ltd,09000001,17.3969,78.4786,TELANGANA,Hyderabad,Greater Hyderabad,500001
Canara Bank,A3323001,17.396959,78.44384,TELANGANA,Hyderabad, , 
Utkarsh Small Finance Bank,UK154201,17.39704,78.513839,TELANGANA,Hyderabad,HYDERABAD, 
State Bank Of India,S1BB003026142,17.397152,78.481898,TELANGANA,Hyderabad,SECUNDERABAD,500095
HDFC Bank Ltd,S1ANHY96,17.3972,78.4529,TELANGANA,Hyderabad,Hyderabad,NULL
Canara Bank,8787893,17.397257,78.531883,TELANGANA,Medchal Malkajgiri, , 
State Bank Of India,S5NE001880622,17.397274,78.481297,TELANGANA,Hyderabad,HYDERABAD,500029
Central Bank Of India,SCDD118101,17.397389,78.47306,TELANGANA,Hyderabad,RAJIV GANDHI INT AIRPORT, 
HDFC Bank Ltd,P1DCHY66,17.3975,78.4024,TELANGANA,Hyderabad,Hyderabad,NULL
HDFC Bank Ltd,S1ANDR46,17.3975,78.4974,TELANGANA,Hyderabad,Hyderabad,NULL
Bank Of Maharashtra,WA0383T1,17.397513,78.504719,TELANGANA,Hyderabad,NALLAKUNTA,500044
HDFC Bank Ltd,S1AWHE01,17.397524,78.497383,TELANGANA,Hyderabad, , 
Union Bank Of India,W1110002,17.397533,78.532586,TELANGANA,Medchal Malkajgiri,HYDERABAD,500013
State Bank Of India,S5NG020083621,17.397539,78.502421,TELANGANA,Hyderabad,HYDERABAD, 
ICICI Bank Ltd,S1VDK512,17.39759,78.504753,TELANGANA,Hyderabad, , 
ICICI Bank Ltd,S1CNQ093,17.39759,78.504753,TELANGANA,Hyderabad, , 
Axis Bank Ltd,BPRH138001,17.39762,78.483239,TELANGANA,Hyderabad,HYDERABAD, 
Bank Of Baroda,1CRHAPHM01,17.397621,78.457907,TELANGANA,Hyderabad,HYDERABAD,500001
Punjab National Bank,AP0F092U,17.397681,78.566714,TELANGANA,Medchal Malkajgiri,GUNTUR, 
Kotak Mahindra Bank Limited,HYON9193,17.3977,78.49082,TELANGANA,Hyderabad,Hyderabad,500027
IDBI Bank Ltd,000215,17.397725,78.471775,TELANGANA,Hyderabad, , 
City Union Bank Ltd,CUB01655,17.397728,78.443321,TELANGANA,Hyderabad,MEHANDIPATTINAM,500028
State Bank Of India,S1NB000847004,17.39782,78.482771,TELANGANA,Hyderabad,HIMAYATHNAGAR, 
State Bank Of India,S5NL001880623,17.397834,78.482705,TELANGANA,Hyderabad,HIMAYATHNAGAR, 
Punjab National Bank,DA110061,17.397862,78.533571,TELANGANA,Medchal Malkajgiri, , 
State Bank Of India,S1NZ000847140,17.39787,78.46618,TELANGANA,Hyderabad,HYDERABAD,500004
ICICI Bank Ltd,S1CWK597,17.397899,78.4197,TELANGANA,Hyderabad, , 
ICICI Bank Ltd,S1CWK654,17.397899,78.4197,TELANGANA,Hyderabad, , 
ICICI Bank Ltd,S1CWE547,17.397911,78.419715,TELANGANA,Hyderabad,Hyderabad, 
Axis Bank Ltd,CPRH02711,17.397931,78.528854,TELANGANA,Medchal Malkajgiri,HYDERABAD, 
Bank Of Baroda,1VW401601,17.398063,78.505118,TELANGANA,Hyderabad,HYDERABAD,500044
State Bank Of India,S1NB000847514,17.398064,78.515399,TELANGANA,Hyderabad,AMBERPET, 
State Bank Of India,S5NC003605621,17.39807,78.51212,TELANGANA,Hyderabad,HYDERABAD,500013
Axis Bank Ltd,APCN89005,17.3980742,78.5886177,TELANGANA,Medchal Malkajgiri,0,500098
Canara Bank,61573866,17.398091,78.560325,TELANGANA,Medchal Malkajgiri, , 
Canara Bank,0878WS05,17.398091,78.560325,TELANGANA,Medchal Malkajgiri, , 
Canara Bank,6701371,17.398126,78.560316,TELANGANA,Medchal Malkajgiri, , 
Bank Of India,IHY8016,17.39815,78.49739,TELANGANA,Hyderabad, ,500044
Karur Vysya Bank Ltd,S1AC0143902,17.3981891,78.5145295,TELANGANA,Hyderabad,HYDERABAD,500013
Union Bank Of India,W1306003,17.398247,78.392971,TELANGANA,Ranga Reddy,HYDERABAD,500008
Axis Bank Ltd,BWCW162811,17.398259,78.393069,TELANGANA,Ranga Reddy,HYDERABAD, 
Union Bank Of India,W1306002,17.3983,78.4174,TELANGANA,Hyderabad,HYDERABAD,500008
Union Bank Of India,H1306101,17.3983,78.4174,TELANGANA,Hyderabad,HYDERABAD,500008
State Bank Of India,S1NZ000847139,17.39833,78.46629,TELANGANA,Hyderabad,HYDERABAD,500004
IDBI Bank Ltd,ID029715,17.39835,78.51036,TELANGANA,Hyderabad,Hyderabad,500080
Canara Bank,24235619,17.398372,78.481808,TELANGANA,Hyderabad, , 
HDFC Bank Ltd,P3ENHY59,17.398379,78.558269,TELANGANA,Medchal Malkajgiri, , 
South Indian Bank Ltd,06980001,17.3984,78.3017,TELANGANA,Ranga Reddy,Khanapur,500075
ICICI Bank Ltd,SACWG056,17.398446,78.417021,TELANGANA,Hyderabad,Hyderabad, 
HDFC Bank Ltd,S1AWHY29,17.3985,78.4822,TELANGANA,Hyderabad,Hyderabad,NULL
IndusInd Bank,MC105201,17.398528,78.48474,TELANGANA,Hyderabad,Hyderabad,500029
State Bank Of India,S1BB002714102,17.398542,78.55858,TELANGANA,Medchal Malkajgiri,SECUNDERABAD,500062
ICICI Bank Ltd,SACWN891,17.398553,78.541168,TELANGANA,Medchal Malkajgiri, , 
ICICI Bank Ltd,SACWN891,17.398553,78.541168,TELANGANA,Medchal Malkajgiri, , 
State Bank Of India,S1BG020083004,17.398577,78.505829,TELANGANA,Hyderabad,MUSHEERABAD, 
State Bank Of India,S1BW002714093,17.398577,78.535965,TELANGANA,Medchal Malkajgiri,SECUNDERABAD, 
IDBI Bank Ltd,TC127501,17.39858,78.46092,TELANGANA,Hyderabad,Hyderabad,500011
State Bank Of India,S1BB003086001,17.398609,78.492467,TELANGANA,Hyderabad,HIMAYATHNAGAR, 
Union Bank Of India,W2953002,17.398683,78.512669,TELANGANA,Hyderabad,HYDERABAD,500044
State Bank Of India,S1BB000847526,17.398683,78.535846,TELANGANA,Medchal Malkajgiri,AMBERPET, 
HDFC Bank Ltd,S1ANHE02,17.398689,78.3989,TELANGANA,Hyderabad, , 
HDFC Bank Ltd,P1DCHY59,17.3987,78.4454,TELANGANA,Hyderabad,Hyderabad,NULL
HDFC Bank Ltd,S1AWHY24,17.3987,78.4728,TELANGANA,Hyderabad,Hyderabad,NULL
Union Bank Of India,Y2953101,17.3987,78.5127,TELANGANA,Hyderabad,HYDERABAD,500044
Indusind Bank,MN190501,17.398729,78.446806,TELANGANA,Hyderabad,Hyderabad, 
Punjab National Bank,L1497800,17.39873,78.48518,TELANGANA,Hyderabad,HYDERABAD,500029
State Bank Of India,S1NW000847100,17.398756,78.498472,TELANGANA,Hyderabad,HIMAYATHNAGAR, 
ICICI Bank Ltd,S1VDB967,17.398787,78.493586,TELANGANA,Hyderabad,Hyderabad, 
ICICI Bank Ltd,S1CNI876,17.398787,78.493586,TELANGANA,Hyderabad,Hyderabad, 
IndusInd Bank,MC000426,17.39879,78.44686,TELANGANA,Hyderabad,Hyderabad,500028
Canara Bank,34594067,17.398796,78.418123,TELANGANA,Hyderabad, , 
Central Bank Of India,D11D490711,17.39883,78.51249,TELANGANA,Hyderabad, ,500044
ICICI Bank Ltd,SACWB685,17.398835,78.51243,TELANGANA,Hyderabad,Hyderabad, 
IndusInd Bank,MN000416,17.39884,78.44682,TELANGANA,Hyderabad,Hyderabad,500054
Yes Bank Ltd,SMEPB538,17.39889,78.44772,TELANGANA,Hyderabad,Hyderabad, 
State Bank Of India,S5NE003608621,17.39889,78.50972,TELANGANA,Hyderabad,HYDERABAD,500044
Kotak Mahindra Bank Limited,HYON1863,17.3989,78.3561,TELANGANA,Ranga Reddy,Hyderabad,500019
Yes Bank Ltd,SHYPO535,17.39896,78.48141,TELANGANA,Hyderabad,Hyderabad, 
State Bank Of India,S1NW000847096,17.398983,78.449931,TELANGANA,Hyderabad,KHAIRATABAD, 
HDFC Bank Ltd,S1AWHY06,17.399,78.5356,TELANGANA,Medchal Malkajgiri,Hyderabad,NULL
Canara Bank,A3013002,17.399003,78.512653,TELANGANA,Hyderabad, , 
Union Bank Of India,W0840002,17.399012,78.451248,TELANGANA,Hyderabad,HYDERABAD,500028
RBL Bank Ltd,RE327001,17.39944,78.491879,TELANGANA,Hyderabad,HYDERABAD, 
State Bank Of India,T1NY002714136,17.399059,78.60981,TELANGANA,Medchal Malkajgiri,Secunderabad, 
ICICI Bank Ltd,S1CPS066,17.399099,78.4859,TELANGANA,Hyderabad, , 
Union Bank Of India,W0132003,17.3991,78.5172,TELANGANA,Hyderabad,HYDERABAD,500013
Union Bank Of India,H0132101,17.3991,78.5172,TELANGANA,Hyderabad,HYDERABAD,500013
IndusInd Bank,MC149301,17.399102,78.492629,TELANGANA,Hyderabad,Hyderabad,500029
ICICI Bank Ltd,S1VDC015,17.399103,78.485993,TELANGANA,Hyderabad,HIMAYATHNAGAR, 
Union Bank Of India,W0132004,17.39913,78.517184,TELANGANA,Hyderabad,HYDERABAD,500013
Axis Bank Ltd,BPCN162805,17.39917,78.41607,TELANGANA,Hyderabad,0,0
Axis Bank Ltd,BPRH138101,17.39918,78.505049,TELANGANA,Hyderabad,HYDERABAD, 
Karur Vysya Bank Ltd,S1AC0144303,17.399228,78.41601,TELANGANA,Hyderabad,HYDERABAD,500003
Karur Vysya Bank Ltd,S1AC0148009,17.39922833,78.41598,TELANGANA,Hyderabad,HYDERABAD,500008
City Union Bank Ltd,CUB01373,17.399251,78.505036,TELANGANA,Hyderabad,Hyderabad,500044
Indian Bank,S1LH0131,17.39928,78.47337,TELANGANA,Hyderabad,HYDERABAD,500001
Indian Bank,S1H000241,17.39928,78.47337,TELANGANA,Hyderabad,HYDERABAD,500001
State Bank Of India,S1NG003086003,17.399281,78.49235,TELANGANA,Hyderabad,HIMAYATHNAGAR, 
ICICI Bank Ltd,SACWC468,17.399295,78.480491,TELANGANA,Hyderabad,Hyderabad, 
ICICI Bank Ltd,SACWN876,17.399393,78.50988,TELANGANA,Hyderabad, , 
Axis Bank Ltd,TPCN13814,17.39942,78.50882167,TELANGANA,Hyderabad,0,500044
Paytm Payments Bank Ltd.,PAYTM014,17.399482,78.475792,TELANGANA,Hyderabad,HYDERABAD, 
Axis Bank Ltd,CWCW02727,17.399495,78.369278,TELANGANA,Ranga Reddy,HYDERABAD, 
Union Bank Of India,W2954001,17.3995,78.4078,TELANGANA,Hyderabad,HYDERABAD,500008
Union Bank Of India,H2954101,17.3995,78.4078,TELANGANA,Hyderabad,HYDERABAD,500008
HDFC Bank Ltd,P1DCHD38,17.3995,78.4159,TELANGANA,Hyderabad,Hyderabad,NULL
State Bank Of India,S5NG020067623,17.399585,78.486534,TELANGANA,Hyderabad,HYDERABAD, 
State Bank Of India,S1BB000847515,17.399588,78.435729,TELANGANA,Hyderabad,HYDERABAD,500095
State Bank Of India,S1BW020067005,17.39963,78.486546,TELANGANA,Hyderabad,HYDERABAD, 
Kotak Mahindra Bank Limited,HYON1702,17.399725,78.490511,TELANGANA,Hyderabad,Hyderabad, 
Indian Bank,S1AN0151,17.3997535,78.4915293,TELANGANA,Hyderabad,HYDERABAD,500029
Indusind Bank,MC000428,17.399769,78.50665,TELANGANA,Hyderabad,Hyderabad, 
State Bank Of India,S5NL020534621,17.399778,78.428927,TELANGANA,Hyderabad,Hyderabad, 
Axis Bank Ltd,BPCN119501,17.3997963,78.53704,TELANGANA,Medchal Malkajgiri,0,500013
Bank Of Baroda,1RDWHYD41,17.399829,78.486752,TELANGANA,Hyderabad,HYDERABAD,500020
Bank Of Baroda,1CRHTSHY06,17.399829,78.486752,TELANGANA,Hyderabad,HYDERABAD,500020
Bank Of Baroda,1FDRGR19,17.399839,78.486684,TELANGANA,Hyderabad, ,500029
Indian Overseas Bank,IOB8618,17.39986,78.563062,TELANGANA,Medchal Malkajgiri,HYDERABAD,0
Canara Bank,27202693,17.402591,78.495026,TELANGANA,Hyderabad, , 
ICICI Bank Ltd,SACWC552,17.399881,78.39031,TELANGANA,Ranga Reddy,Nizamabad, 
Yes Bank Ltd,SHBNA563,17.399888,78.48665,TELANGANA,Hyderabad,Hyderabad, 
Indian Bank,S1C006941,17.399906,78.382829,TELANGANA,Ranga Reddy, , 
Indian Overseas Bank,IOBD5985,17.399911,78.478042,TELANGANA,Hyderabad, , 
Union Bank Of India,CBTD196901,17.39992,78.539036,TELANGANA,Medchal Malkajgiri, , 
State Bank Of India,S1BW020966001,17.399963,78.26016,TELANGANA,Ranga Reddy,SHANKARPALLY, 
Karur Vysya Bank Ltd,S1AC0147601,17.39998034,78.49064823,TELANGANA,Hyderabad,HYDERABAD,500001
Union Bank Of India,N1180007,17.4,78.56,TELANGANA,Medchal Malkajgiri,HYDERABAD,500092
Union Bank Of India,N0890002,17.4,78.6,TELANGANA,Medchal Malkajgiri,MAIDPALLY,505215
ICICI Bank Ltd,SACWN905,17.400045,78.539794,TELANGANA,Medchal Malkajgiri, , 
Kotak Mahindra Bank Limited,HYOD9484,17.40008,78.538074,TELANGANA,Medchal Malkajgiri,Hyderabad, 
Union Bank Of India,WHYD11701111111,17.400219,78.490029,TELANGANA,Hyderabad, , 
Union Bank Of India,DHYD02801111111,17.40026,78.48992,TELANGANA,Hyderabad,Hyderabad,500002
Axis Bank Ltd,CWCW00831,17.4002754,78.3815118,TELANGANA,Ranga Reddy,0,500075
IDBI Bank Ltd,ID000211,17.40028,78.50387,TELANGANA,Hyderabad,Hyderabad,500044
Union Bank Of India,W1567002,17.4003,78.3885,TELANGANA,Ranga Reddy,HYDERABAD,500089
Union Bank Of India,H1567101,17.4003,78.3885,TELANGANA,Ranga Reddy,HYDERABAD,500089
State Bank Of India,S1BG000847040,17.40034,78.536284,TELANGANA,Medchal Malkajgiri,Hyderabad, 
HDFC Bank Ltd,P3AWHY82,17.400349,78.388979,TELANGANA,Ranga Reddy, , 
Punjab National Bank,DA110047,17.400366,78.521182,TELANGANA,Hyderabad, , 
Axis Bank Ltd,TERH418801,17.400368,78.512983,TELANGANA,Hyderabad,HYDERABAD, 
State Bank Of India,S5NE003086622,17.400381,78.489588,TELANGANA,Hyderabad,HIMAYATHNAGAR, 
HDFC Bank Ltd,P3DCHB29,17.400399,78.490259,TELANGANA,Hyderabad,HYDERABAD, 
HDFC Bank Ltd,S1AWHA10,17.4004,78.4904,TELANGANA,Hyderabad,Hyderabad,NULL
State Bank Of India,S5BE020067622,17.400475,78.488006,TELANGANA,Hyderabad,HYDERABAD, 
HDFC Bank Ltd,S1ANHD25,17.4005,78.4903,TELANGANA,Hyderabad,Hyderabad,NULL
HDFC Bank Ltd,S1ACHB66,17.4005,78.541,TELANGANA,Medchal Malkajgiri,Hyderabad,NULL
Punjab National Bank,N2423900,17.4006,78.4748,TELANGANA,Hyderabad,Rangareddy, 
HDFC Bank Ltd,S1ACHA07,17.4006,78.4904,TELANGANA,Hyderabad,Hyderabad,NULL
Lakshmi Vilas Bank Ltd,003DM228,17.40062,0.0,TELANGANA,Hyderabad, , 
HDFC Bank Ltd,P3FNHY11,17.40062,78.541589,TELANGANA,Medchal Malkajgiri,HYDERABAD, 
Indian Bank,S1LH0133,17.400672,78.488174,TELANGANA,Hyderabad,HYDERABAD,500029
Canara Bank,08787045,17.40068,78.507582,TELANGANA,Hyderabad, , 
HDFC Bank Ltd,S1AWHY91,17.4007,78.388,TELANGANA,Ranga Reddy,Hyderabad,NULL
Union Bank Of India,Y0208101,17.4007,78.4765,TELANGANA,Hyderabad,HYDERABAD,500001
Union Bank Of India,W0208002,17.4007,78.4765,TELANGANA,Hyderabad,HYDERABAD,500001
State Bank Of India,S1NB000847566,17.4007,78.559945,TELANGANA,Medchal Malkajgiri,AMBERPET, 
State Bank Of India,S1NG000847028,17.400727,78.494685,TELANGANA,Hyderabad,HIMAYATHNAGAR, 
Karur Vysya Bank Ltd,S1AC0146101,17.40073358,78.38961437,TELANGANA,Ranga Reddy,HYDERABAD,500089
State Bank Of India,T1BW005916282,17.400819,78.38841,TELANGANA,Ranga Reddy,HYDERABAD, 
Canara Bank,A3023001,17.400851,78.472768,TELANGANA,Hyderabad, , 
Axis Bank Ltd,CWAW37002,17.40086,78.475,TELANGANA,Hyderabad,0,0
Axis Bank Ltd,BWCW138107,17.40086,78.50591,TELANGANA,Hyderabad,HYDERABAD, 
State Bank Of India,T1NH002714117,17.4009,78.552462,TELANGANA,Medchal Malkajgiri,CHILKANAGAR, 
State Bank Of India,S1BJ013271001,17.400902,78.391921,TELANGANA,Ranga Reddy,Hyderabad, 
ICICI Bank Ltd,SACWG759,17.400907,78.559628,TELANGANA,Medchal Malkajgiri,Hyderabad, 
Axis Bank Ltd,DWCW162812,17.400939,78.409399,TELANGANA,Hyderabad,HYDERABAD, 
State Bank Of India,S1BW004245001,17.400973,78.453703,TELANGANA,Hyderabad,HYDERABAD, 
Axis Bank Ltd,BWCW138104,17.400982,78.495067,TELANGANA,Hyderabad, , 
ICICI Bank Ltd,S1CNP053,17.400989,78.486,TELANGANA,Hyderabad, , 
ICICI Bank Ltd,S1CNQ736,17.400989,78.486,TELANGANA,Hyderabad, , 
ICICI Bank Ltd,SACWF675,17.400997,78.48611,TELANGANA,Hyderabad,Hyderabad, 
Axis Bank Ltd,CWRO37005,17.400999,78.49,TELANGANA,Hyderabad,HYDERABAD, 
HDFC Bank Ltd,S1ACHY63,17.401,78.567,TELANGANA,Medchal Malkajgiri,Hyderabad,NULL
HDFC Bank Ltd,P1ENHD14,17.401,78.569,TELANGANA,Medchal Malkajgiri,Hyderabad,NULL
Kotak Mahindra Bank Limited,HYON9349,17.401061,78.479231,TELANGANA,Hyderabad,Hyderabad, 
Canara Bank,8789893,17.401066,78.485909,TELANGANA,Hyderabad, , 
Canara Bank,A3054001,17.401098,78.413362,TELANGANA,Hyderabad, , 
Canara Bank,45245569,17.40117,78.372019,TELANGANA,Ranga Reddy, , 
HDFC Bank Ltd,P3ENHD56,17.401174,78.566954,TELANGANA,Medchal Malkajgiri,HYDERABAD, 
Indian Bank,IAPTM27001D0,17.401184,78.372766,TELANGANA,Ranga Reddy,RANGAREDDY,500089
Union Bank Of India,W0604005,17.4012,78.5084,TELANGANA,Hyderabad,HYDERABAD,500044
Union Bank Of India,B0604101,17.4012,78.5084,TELANGANA,Hyderabad,HYDERABAD,500044
HDFC Bank Ltd,S1ACHB62,17.4012,78.567,TELANGANA,Medchal Malkajgiri,Hyderabad,NULL
Lakshmi Vilas Bank Ltd,004DM605,17.40121,0.0,TELANGANA,Medchal Malkajgiri, , 
IDBI Bank Ltd,ID116911,17.40123,78.52588,TELANGANA,Hyderabad,Hyderabad,500094
HDFC Bank Ltd,P3FNHY08,17.401232,78.515213,TELANGANA,Hyderabad,HYDERABAD, 
State Bank Of India,T1NH002714107,17.401248,78.685856,TELANGANA,Ranga Reddy,HYDERABAD, 
Canara Bank,A3004001,17.401266,78.475422,TELANGANA,Hyderabad, , 
ICICI Bank Ltd,SACWG808,17.401271,78.566078,TELANGANA,Medchal Malkajgiri, , 
South Indian Bank Ltd,05910003,17.4013,78.3818,TELANGANA,Ranga Reddy,Greater Hyderabad,500089
HDFC Bank Ltd,P1DCHD11,17.4013,78.4728,TELANGANA,Hyderabad,Hyderabad,NULL
HDFC Bank Ltd,P1ENHD23,17.4013,78.4783,TELANGANA,Hyderabad,Hyderabad,NULL
HDFC Bank Ltd,P1DCHD24,17.4013,78.4783,TELANGANA,Hyderabad,Hyderabad,NULL
HDFC Bank Ltd,P1DCHD07,17.4013,78.567,TELANGANA,Medchal Malkajgiri,Hyderabad,NULL
Union Bank Of India,WHYD11401111111,17.40131,78.5089,TELANGANA,Hyderabad,Hyderabad,500020
ICICI Bank Ltd,S1CW7346,17.401315,78.572099,TELANGANA,Medchal Malkajgiri,UPPAL, 
State Bank Of India,S5NC002769621,17.40139,78.47472,TELANGANA,Hyderabad,HYDERABAD,500004
State Bank Of India,S1BW011076001,17.401405,78.39157,TELANGANA,Ranga Reddy,RANGAREDDY, 
State Bank Of India,S1N6000847532,17.401448,78.394768,TELANGANA,Hyderabad,HYDERABAD, 
Punjab National Bank,N2497800,17.4015,78.4839,TELANGANA,Hyderabad,Rangareddy, 
State Bank Of India,T1BY002714139,17.4015,78.5666,TELANGANA,Medchal Malkajgiri,HYDERABAD, 
Karnataka Bank Ltd,KBL04026,17.4015,78.5666,TELANGANA,Medchal Malkajgiri,Uppal Kalan,500039
Union Bank Of India,W0604006,17.401507,78.508203,TELANGANA,Hyderabad,HYDERABAD,500044
Axis Bank Ltd,APCN03005,17.4015189,78.54833379,TELANGANA,Medchal Malkajgiri,0,500034
Indian Overseas Bank,IOB9344,17.401577,78.560194,TELANGANA,Medchal Malkajgiri,HYDERABAD,0
Bank Of Baroda,1VD406801,17.401606,78.474883,TELANGANA,Hyderabad,HYDERABAD,500001
ICICI Bank Ltd,SACWN925,17.401609,78.496948,TELANGANA,Hyderabad, , 
Karur Vysya Bank Ltd,S1AC0143901,17.40162921,78.51387285,TELANGANA,Hyderabad,HYDERABAD,500044
Punjab National Bank,H36B111101,17.401636,78.485169,TELANGANA,Hyderabad, , 
Canara Bank,A3003001,17.40165,78.4006,TELANGANA,Hyderabad, , 
State Bank Of India,T1NS005916230,17.401652,78.410552,TELANGANA,Hyderabad,HYDERABAD, 
Canara Bank,8785161,17.401687,78.478474,TELANGANA,Hyderabad, , 
IDBI Bank Ltd,ID059412,17.40171,78.49486,TELANGANA,Hyderabad,Hyderabad,500020
State Bank Of India,S1NW040981001,17.401716,78.569382,TELANGANA,Medchal Malkajgiri,HYDERABAD, 
IDBI Bank Ltd,ID000201,17.40176,78.47756,TELANGANA,Hyderabad,Hyderabad,500029
South Indian Bank Ltd,05910001,17.4018,78.3865,TELANGANA,Ranga Reddy,Greater Hyderabad,500089
ICICI Bank Ltd,SACWN755,17.4018,78.4888,TELANGANA,Hyderabad, , 
ICICI Bank Ltd,SACWN755,17.4018,78.4888,TELANGANA,Hyderabad, , 
Kotak Mahindra Bank Limited,HYBD2323,17.40181,78.560189,TELANGANA,Medchal Malkajgiri,Hyderabad, 
State Bank Of India,S1NW021790002,17.401832,78.386264,TELANGANA,Ranga Reddy,Hyderabad, 
Bank Of Baroda,1VD417501,17.401859,78.386944,TELANGANA,Ranga Reddy,HYDERABAD,500089
Union Bank Of India,NHYD08401111111,17.40187,78.5582,TELANGANA,Medchal Malkajgiri,Ranga Reddy,500039
Bank Of India,AHY8048,17.401884,78.458809,TELANGANA,Hyderabad, , 
Karur Vysya Bank Ltd,S1AC0146105,17.40188821,78.37713137,TELANGANA,Ranga Reddy,HYDERABAD, 
State Bank Of India,S1BG003608006,17.40189,78.509667,TELANGANA,Hyderabad,Hyderabad, 
Karur Vysya Bank Ltd,S1AC0148302,17.401903,78.546278,TELANGANA,Medchal Malkajgiri,HYDERABAD,500039
Axis Bank Ltd,AWCW55315,17.40191,78.546279,TELANGANA,Medchal Malkajgiri,HYDERABAD, 
Kotak Mahindra Bank Limited,HYON1690,17.401918,78.571998,TELANGANA,Medchal Malkajgiri,Hyderabad,500039
Axis Bank Ltd,BPRH149702,17.401969,78.45224,TELANGANA,Hyderabad,HYDERABAD, 
Canara Bank,A3090001,17.401993,78.373274,TELANGANA,Ranga Reddy, , 
HDFC Bank Ltd,P3AWHY69,17.402,78.4952,TELANGANA,Hyderabad,Hyderabad,500020
ICICI Bank Ltd,SACWF761,17.402017,78.377346,TELANGANA,Ranga Reddy,Hyderabad, 
IndusInd Bank,MC000440,17.402018,78.495227,TELANGANA,Hyderabad,Hyderabad,500020
State Bank Of India,S1BW020070004,17.40204,78.456824,TELANGANA,Hyderabad,Hyderabad, 
Indian Overseas Bank,IOB9782,17.402064,78.484005,TELANGANA,Hyderabad,HYDERABAD,0
ICICI Bank Ltd,SACWM063,17.402103,78.563568,TELANGANA,Medchal Malkajgiri, , 
ICICI Bank Ltd,SACWM062,17.402103,78.563568,TELANGANA,Medchal Malkajgiri, , 
HDFC Bank Ltd,P3AWHY18,17.4022,78.514,TELANGANA,Hyderabad,Hyderabad,NULL
State Bank Of India,S5NL020070621,17.402215,78.457015,TELANGANA,Hyderabad,GOLCONDA, 
State Bank Of India,S1BW000847045,17.40222,78.495,TELANGANA,Hyderabad,HYDERABAD,500020
State Bank Of India,S5NC003608622,17.402251,78.507085,TELANGANA,Hyderabad,HYDERABAD,500044
Uco Bank,VA174602,17.402268,78.411834,TELANGANA,Hyderabad, , 
Bank Of Baroda,1FDHYD67,17.40238,78.372854,TELANGANA,Ranga Reddy,0,500089
Canara Bank,B3045001,17.402406,78.543197,TELANGANA,Medchal Malkajgiri, , 
Indusind Bank,MN171401,17.402443,78.543247,TELANGANA,Medchal Malkajgiri,Medchal-Malkajgiri, 
ICICI Bank Ltd,S1CNP591,17.402446,78.46585,TELANGANA,Hyderabad, , 
ICICI Bank Ltd,S1CWK484,17.402446,78.46585,TELANGANA,Hyderabad, , 
State Bank Of India,S1BB000847208,17.4025,78.49306,TELANGANA,Hyderabad,HYDERABAD,500095
Canara Bank,0878E031,17.402589,78.495025,TELANGANA,Hyderabad, , 
Canara Bank,0878E006,17.402591,78.495026,TELANGANA,Hyderabad, , 
Axis Bank Ltd,CWCW89039,17.402596,78.582481,TELANGANA,Medchal Malkajgiri,HYDERABAD, 
ICICI Bank Ltd,SACWM314,17.402599,78.510597,TELANGANA,Hyderabad, , 
ICICI Bank Ltd,S1CNP532,17.402599,78.510597,TELANGANA,Hyderabad, , 
HDFC Bank Ltd,S1AWHY59,17.4026,78.4836,TELANGANA,Hyderabad,Hyderabad,NULL
Axis Bank Ltd,LWCW89027,17.4026,78.58248,TELANGANA,Medchal Malkajgiri,UPPAL, 
Axis Bank Ltd,CWRO89006,17.4026,78.58248,TELANGANA,Medchal Malkajgiri,UPPAL, 
State Bank Of India,S1NZ000847133,17.40263,78.39961,TELANGANA,Hyderabad,HYDERABAD,500008
Lakshmi Vilas Bank Ltd,002DM257,17.40263,0.0,TELANGANA,Hyderabad, , 
Axis Bank Ltd,DWCW138005,17.4026576,78.4783468,TELANGANA,Hyderabad,0,500029
Canara Bank,0878WS02,17.402669,78.510231,TELANGANA,Hyderabad, , 
Canara Bank,0878W015,17.402675,78.562408,TELANGANA,Medchal Malkajgiri, , 
ICICI Bank Ltd,SACWF961,17.402697,78.409937,TELANGANA,Hyderabad,Hyderabad, 
Indian Overseas Bank,IOB9376,17.402729,78.466319,TELANGANA,Hyderabad,HYDERABAD,0
State Bank Of India,S1BB005095001,17.402737,78.416925,TELANGANA,Hyderabad,Hyderabad, 
State Bank Of India,S1NG004159002,17.402784,78.462077,TELANGANA,Hyderabad,HYDERABAD, 
ICICI Bank Ltd,S1VDK554,17.402799,78.510101,TELANGANA,Hyderabad, , 
ICICI Bank Ltd,S1VDK553,17.402799,78.510101,TELANGANA,Hyderabad, , 
Bank Of India,AHY9045,17.4028,78.49443,TELANGANA,Hyderabad,SECUNDARABAD,500094
ICICI Bank Ltd,SACWF971,17.402826,78.409776,TELANGANA,Hyderabad,Hyderabad, 
ICICI Bank Ltd,SACWC448,17.402994,78.543585,TELANGANA,Medchal Malkajgiri,Hyderabad, 
State Bank Of India,S5NL005893622,17.402999,78.460563,TELANGANA,Hyderabad,KHAIRATABAD, 
State Bank Of India,S5NE020064621,17.403027,78.497799,TELANGANA,Hyderabad,HYDERABAD, 
ICICI Bank Ltd,SACWC675,17.403031,78.417331,TELANGANA,Hyderabad,Hyderabad, 
ICICI Bank Ltd,SACWJ229,17.403031,78.417331,TELANGANA,Hyderabad,Hyderabad, 
State Bank Of India,S1BB005893001,17.403069,78.460528,TELANGANA,Hyderabad,NAMPALLY, 
ICICI Bank Ltd,S1CNQ422,17.403099,78.410003,TELANGANA,Hyderabad, , 
HDFC Bank Ltd,P1DCHY85,17.4031,78.4174,TELANGANA,Hyderabad,Hyderabad,NULL
ICICI Bank Ltd,S1CWE550,17.403102,78.410012,TELANGANA,Hyderabad,Hyderabad, 
IDFC Bank,IN802190,17.403117,78.409482,TELANGANA,Hyderabad,Hyderabad, 
IDFC Bank,IN802190,17.403117,78.409482,TELANGANA,Hyderabad,HYDERABAD, 
Union Bank Of India,NHYD00201111111,17.40314,78.46602,TELANGANA,Hyderabad,Hyderabad,500004
Union Bank Of India,DHYD11401111111,17.40314,78.46593,TELANGANA,Hyderabad,Hyderabad,501511
Axis Bank Ltd,APCN89021,17.4031506,78.568525,TELANGANA,Medchal Malkajgiri,0,500039
Bank Of India,AHY8012,17.403239,78.408369,TELANGANA,Hyderabad, , 
Punjab National Bank,DA110069,17.403239,78.482367,TELANGANA,Hyderabad, , 
Indian Overseas Bank,IOB7062,17.403247,78.498641,TELANGANA,Hyderabad,HYDERABAD,0
HDFC Bank Ltd,P3FNHY43,17.403259,78.388899,TELANGANA,Ranga Reddy,HYDERABAD, 
HDFC Bank Ltd,S1ACHE09,17.403259,78.388899,TELANGANA,Ranga Reddy, , 
HDFC Bank Ltd,P3ENHE40,17.403268,78.388908,TELANGANA,Ranga Reddy,HYDERABAD, 
Axis Bank Ltd,DECN375001,17.403289,78.388549,TELANGANA,Ranga Reddy,MANIKONDA, 
HDFC Bank Ltd,P1DCHY88,17.4033,78.4089,TELANGANA,Hyderabad,Hyderabad,NULL
HDFC Bank Ltd,P1DCHD30,17.4033,78.4091,TELANGANA,Hyderabad,Hyderabad,NULL
Karur Vysya Bank Ltd,S1AC0146104,17.40331532,78.3892609,TELANGANA,Ranga Reddy,HYDERABAD,500089
Axis Bank Ltd,BPRH119502,17.403359,78.54122,TELANGANA,Medchal Malkajgiri,HYDERABAD, 
State Bank Of India,S1NW005916076,17.403414,78.431847,TELANGANA,Hyderabad,HYDERABAD, 
Axis Bank Ltd,BPCN162801,17.4034305,78.4170706,TELANGANA,Hyderabad,0,500008
ICICI Bank Ltd,SFCNM582,17.403459,78.463142,TELANGANA,Hyderabad, , 
HDFC Bank Ltd,P1DCHY74,17.4035,78.5582,TELANGANA,Medchal Malkajgiri,Hyderabad,NULL
Indian Bank,ALD10501,17.403503,78.482742,TELANGANA,Hyderabad, , 
Axis Bank Ltd,T3RH119501,17.40351,78.54337,TELANGANA,Medchal Malkajgiri, , 
Axis Bank Ltd,BPCN145708,17.40352,78.510489,TELANGANA,Hyderabad,HYDERABAD, 
Axis Bank Ltd,BPCN145701,17.4035237,78.5104864,TELANGANA,Hyderabad,0,500019
State Bank Of India,S1BJ003606002,17.403574,78.463329,TELANGANA,Hyderabad,HYDERABAD, 
State Bank Of India,S1BB000847523,17.403575,78.495465,TELANGANA,Hyderabad,AMBERPET, 
IDBI Bank Ltd,ID116912,17.40359,78.48564,TELANGANA,Hyderabad,Hyderabad,500062
IDBI Bank Ltd,ID127311,17.40359,78.49663,TELANGANA,Hyderabad,Hyderabad,500084
IDBI Bank Ltd,ID042601,17.40359,78.49937,TELANGANA,Hyderabad,Hyderabad,500038
Karur Vysya Bank Ltd,S1AC0480702,17.403624,78.445988,TELANGANA,Hyderabad,HYDERABAD,500028
State Bank Of India,T1NF000916202,17.403644,78.509381,TELANGANA,Hyderabad,HYDERABAD, 
State Bank Of India,S1NW000847006,17.40365,78.465359,TELANGANA,Hyderabad,Khairatabad, 
State Bank Of India,S5NE020848621,17.403664,78.560938,TELANGANA,Medchal Malkajgiri,Uppal, 
Union Bank Of India,NHYD14811111111,17.40367,78.40816,TELANGANA,Hyderabad,Hyderabad,500008
Union Bank Of India,N1567003,17.4037,78.3914,TELANGANA,Ranga Reddy,HYDERABAD,500089
HDFC Bank Ltd,P3ENHY60,17.40376,78.556649,TELANGANA,Medchal Malkajgiri, , 
Canara Bank,0878EP11,17.403781,78.453189,TELANGANA,Hyderabad, , 
Karur Vysya Bank Ltd,S1AC0144302,17.403798,78.463656,TELANGANA,Hyderabad,HYDERABAD,500001
State Bank Of India,S5NG020471622,17.403855,78.504779,TELANGANA,Hyderabad,Hyderabad, 
Union Bank Of India,N1180006,17.403879,78.563169,TELANGANA,Medchal Malkajgiri, , 
HDFC Bank Ltd,P1DCHY70,17.4039,78.4399,TELANGANA,Hyderabad,Secunderabad,NULL
Union Bank Of India,W0076007,17.4039,78.4954,TELANGANA,Hyderabad,HYDERABAD,500020
Union Bank Of India,H0076101,17.4039,78.4954,TELANGANA,Hyderabad,HYDERABAD,500020
Union Bank Of India,N1180005,17.4039,78.5632,TELANGANA,Medchal Malkajgiri,HYDERABAD,500092
Union Bank Of India,H1180101,17.4039,78.5632,TELANGANA,Medchal Malkajgiri,HYDERABAD,500092
Union Bank Of India,W0076006,17.40393,78.495391,TELANGANA,Hyderabad,HYDERABAD,500020
Canara Bank,B3006001,17.403944,78.453436,TELANGANA,Hyderabad, , 
HDFC Bank Ltd,P3DCHB06,17.403959,78.398529,TELANGANA,Hyderabad, , 
State Bank Of India,T1NW005916244,17.403982,78.2458,TELANGANA,Ranga Reddy,Medak, 
Axis Bank Ltd,BWCW138105,17.403999,78.503906,TELANGANA,Hyderabad, , 
HDFC Bank Ltd,P1DCHY48,17.404,78.5632,TELANGANA,Medchal Malkajgiri,Hyderabad,NULL
State Bank Of India,T1NW005916239,17.404032,78.381514,TELANGANA,Ranga Reddy,PUPPALAGUDA, 
Kotak Mahindra Bank Limited,HYDBN666,17.404088,78.408688,TELANGANA,Hyderabad,Hyderabad,500062
Kotak Mahindra Bank Limited,HYDON474,17.404088,78.408688,TELANGANA,Hyderabad,Hyderabad,500062
Bank Of Baroda,1RDNHYD16,17.404128,78.484712,TELANGANA,Hyderabad, ,500029
Bank Of Baroda,1VW401201,17.40413,78.48471,TELANGANA,Hyderabad,HYDERABAD,500029
Axis Bank Ltd,APCN89003,17.404176,78.5512613,TELANGANA,Medchal Malkajgiri,0,500039
Axis Bank Ltd,BPCN113405,17.404176,78.5512613,TELANGANA,Medchal Malkajgiri,0,500068
Axis Bank Ltd,CPRH89005,17.40418,78.55126,TELANGANA,Medchal Malkajgiri,UPPAL, 
State Bank Of India,T1BW005916280,17.40419,78.3953,TELANGANA,Ranga Reddy,"Near Library, shaikpet", 
Punjab National Bank,N2397200,17.4043,78.4651,TELANGANA,Hyderabad,Ranga reddy, 
Axis Bank Ltd,CWCW86812,17.404309,78.589689,TELANGANA,Medchal Malkajgiri,SECUNDERABAD, 
Axis Bank Ltd,CWCW86811,17.404309,78.589689,TELANGANA,Medchal Malkajgiri,SECUNDERABAD, 
Axis Bank Ltd,DWCW162813,17.404356,78.397799,TELANGANA,Ranga Reddy,HYDERABAD, 
Indian Overseas Bank,IOB8542,17.404362,78.477148,TELANGANA,Hyderabad,HYDERABAD,0
Canara Bank,7982081,17.404385,78.447514,TELANGANA,Hyderabad, , 
HDFC Bank Ltd,S1ANHY99,17.4044,78.4648,TELANGANA,Hyderabad,Hyderabad,NULL
HDFC Bank Ltd, ,17.404431,78.46476,TELANGANA,Hyderabad, , 
HDFC Bank Ltd,P3AWHY98,17.404431,78.46476,TELANGANA,Hyderabad,HYDERABAD, 
HDFC Bank Ltd, ,17.404431,78.46476,TELANGANA,Hyderabad, , 
ICICI Bank Ltd,SACWF721,17.404455,78.448015,TELANGANA,Hyderabad,Hyderabad, 
Union Bank Of India,N0139005,17.4045,78.4809,TELANGANA,Hyderabad,HYDERABAD,500029
Indian Bank,S1AH0081,17.40457,78.48961,TELANGANA,Hyderabad,HYDERABAD,500029
Indian Bank,S1H000251,17.40457,78.48961,TELANGANA,Hyderabad,HIMAYAT NAGAR,500029
Canara Bank,08787605,17.404574,78.543614,TELANGANA,Medchal Malkajgiri, , 
HDFC Bank Ltd,S1ANHY18,17.4046,78.465,TELANGANA,Hyderabad,Hyderabad,NULL
Punjab National Bank,N4362800,17.4046,78.4943,TELANGANA,Hyderabad,Hyderabad,500001
Punjab National Bank,N5362800,17.4046,78.4943,TELANGANA,Hyderabad,RANGA REDDY, 
Canara Bank,A3112001,17.404629,78.48958,TELANGANA,Hyderabad, , 
Canara Bank,A3010001,17.404634,78.489584,TELANGANA,Hyderabad, , 
State Bank Of India,S1BB000847516,17.404635,78.531373,TELANGANA,Medchal Malkajgiri,AMBERPET,500095
Kotak Mahindra Bank Limited,HYON9192,17.40467,78.51071,TELANGANA,Hyderabad,Hyderabad,500044
Axis Bank Ltd,CPRH00808,17.40468,78.44876,TELANGANA,Hyderabad,HYDERABAD, 
State Bank Of India,S5NL020401621,17.404708,78.474262,TELANGANA,Hyderabad,Hyderabad, 
State Bank Of India,T1NW005916201,17.404794,78.391427,TELANGANA,Ranga Reddy,HYDERABAD, 
Indian Bank,IAPTM09201D0,17.404868,78.602277,TELANGANA,Medchal Malkajgiri,RANGAREDDY,501509
ICICI Bank Ltd,SECNG083,17.404975,78.490524,TELANGANA,Hyderabad, , 
ICICI Bank Ltd,SACWN904,17.404981,78.540344,TELANGANA,Medchal Malkajgiri, , 
ICICI Bank Ltd,SACWN875,17.404985,78.490539,TELANGANA,Hyderabad, , 
State Bank Of India,S5NE020263621,17.404987,78.472818,TELANGANA,Hyderabad,HYDERABAD, 
State Bank Of India,T1NW000916229,17.405024,78.50841,TELANGANA,Hyderabad,Ameerpet, 
State Bank Of India,S1BW020848003,17.405169,78.563273,TELANGANA,Medchal Malkajgiri, Hyderabad, 
State Bank Of India,S1NW000847551,17.405194,78.467188,TELANGANA,Hyderabad,KHAIRATABAD, 
Yes Bank Ltd,SOUPO558,17.4052,78.5156,TELANGANA,Hyderabad,Hyderabad, 
State Bank Of India,S5NL021265621,17.405258,78.516892,TELANGANA,Hyderabad,MUSHEERABAD, 
Punjab National Bank,WC087201,17.405276,78.588996,TELANGANA,Medchal Malkajgiri, , 
ICICI Bank Ltd,S1CWI019,17.405293,78.404894,TELANGANA,Hyderabad,Hyderabad, 
South Indian Bank Ltd,05490001,17.4053,78.5437,TELANGANA,Medchal Malkajgiri,Greater Hyderabad,500007
State Bank Of India,T1BS005916288,17.40535,78.40538,TELANGANA,Hyderabad,Golconda, 
State Bank Of India,S1BB005916183,17.405363,78.454863,TELANGANA,Hyderabad,HYDERABAD, 
State Bank Of India,S1NG020263001,17.405379,78.475105,TELANGANA,Hyderabad,HYDERABAD, 
Dhanlaxmi Bank,DHY12051,17.405379,78.486607,TELANGANA,Hyderabad, , 
State Bank Of India,S1NB000847567,17.405379,78.55613,TELANGANA,Medchal Malkajgiri,SECUNDERABAD, 
State Bank Of India,S1BG017745001,17.4054,78.471447,TELANGANA,Hyderabad,SAIFABAD, 
Punjab National Bank,DA110040,17.405554,78.513768,TELANGANA,Hyderabad,HYDERABAD,500044
Canara Bank,A3088001,17.405562,78.590439,TELANGANA,Medchal Malkajgiri, , 
State Bank Of India,S5NL021452621,17.405602,78.458533,TELANGANA,Hyderabad,HYDERABAD, 
IDFC Bank,IN802210,17.405616,78.478933,TELANGANA,Hyderabad,Hyderabad, 
IDFC Bank,IN802210,17.405616,78.478933,TELANGANA,Hyderabad,HYDERABAD, 
ICICI Bank Ltd,SACWM051,17.405622,78.511215,TELANGANA,Hyderabad, , 
ICICI Bank Ltd,SACWJ218,17.405623,78.511212,TELANGANA,Hyderabad,Hyderabad, 
State Bank Of India,S1BG020064004,17.405658,78.496335,TELANGANA,Hyderabad,Hyderabad, 
Kotak Mahindra Bank Limited,HYBW9010,17.405674,78.479805,TELANGANA,Hyderabad,Hyderabad,500029
State Bank Of India,T1NH000916190,17.40574,78.478999,TELANGANA,Hyderabad,HYDERABAD, 
ICICI Bank Ltd,SACWJ273,17.405799,78.556396,TELANGANA,Medchal Malkajgiri, , 
ICICI Bank Ltd,SACWM065,17.405799,78.556396,TELANGANA,Medchal Malkajgiri, , 
State Bank Of India,S1NB000847012,17.405868,78.45856,TELANGANA,Hyderabad,KHAIRATABAD, 
State Bank Of India,S5BE020071622,17.405868,78.516489,TELANGANA,Hyderabad,AMBERPET, 
Union Bank Of India,L0533002,17.4059,78.4677,TELANGANA,Hyderabad,HYDERABAD,500004
Union Bank Of India,B0533101,17.4059,78.4677,TELANGANA,Hyderabad,HYDERABAD,500004
Union Bank Of India,CBTD158001,17.405924,78.390963,TELANGANA,Ranga Reddy, , 
Bank Of Baroda,1RDNHYD05,17.405936,78.465277,TELANGANA,Hyderabad,HYDERABAD,500004
Union Bank Of India,NHYD16011111111,17.40595,78.40319,TELANGANA,Hyderabad,Hyderabad,500008
HDFC Bank Ltd,S1AWWG01,17.406,78.4969,TELANGANA,Hyderabad,Hyderabad,NULL
HDFC Bank Ltd,P1ENHY19,17.406,78.5869,TELANGANA,Medchal Malkajgiri,Hyderabad,NULL
Canara Bank,B3015001,17.408488,78.46023,TELANGANA,Hyderabad, , 
State Bank Of India,T1BS020152014,17.40603,79.87491,TELANGANA,Mahabubabad,Mahabubabad, 
Axis Bank Ltd,CWCW02712,17.4060549,78.5564451,TELANGANA,Medchal Malkajgiri,0,500039
State Bank Of India,S1BB005916179,17.406105,78.390374,TELANGANA,Ranga Reddy,SHAIKPET,500046
Bank Of Maharashtra,PA091801,17.40615,78.478495,TELANGANA,Hyderabad,KHAIRTABAD,500004
State Bank Of India,S1BB021044001,17.406153,78.463033,TELANGANA,Hyderabad,KHAIRATABAD, 
Bank Of Baroda,1FDHYD48,17.406165,78.465065,TELANGANA,Hyderabad,HYDERABAD,500004
Bank Of Baroda,1CRTSHY08,17.406165,78.465065,TELANGANA,Hyderabad, ,500004
ICICI Bank Ltd,SECNM781,17.406194,78.402954,TELANGANA,Ranga Reddy, , 
City Union Bank Ltd,CUB01666,17.406196,78.59117,TELANGANA,Medchal Malkajgiri,HYDERABAD,500039
Punjab National Bank,WC087101,17.406203,78.464267,TELANGANA,Hyderabad, , 
ICICI Bank Ltd,SACWF966,17.406217,78.556129,TELANGANA,Medchal Malkajgiri, , 
Indian Overseas Bank,IOB9986,17.406283,78.489987,TELANGANA,Hyderabad,HYDERABAD,0
HDFC Bank Ltd,P3DCHB18,17.406299,78.49667,TELANGANA,Hyderabad,HYDERABAD, 
City Union Bank Ltd,CUBFI022,17.406403,78.478048,TELANGANA,Hyderabad,Hyderabad,500029
State Bank Of India,S5NL021190621,17.406444,80.505333,TELANGANA,Khammam,JULURPAD, 
State Bank Of India,T1NF000916238,17.40649,78.410769,TELANGANA,Hyderabad,SHAMEERPET, 
Union Bank Of India,W0201003,17.4065,78.4783,TELANGANA,Hyderabad,HYDERABAD,500029
Union Bank Of India,L0201002,17.4065,78.4783,TELANGANA,Hyderabad,HYDERABAD,500029
Union Bank Of India,B0201101,17.4065,78.4783,TELANGANA,Hyderabad,HYDERABAD,500029
ICICI Bank Ltd,S1CWE558,17.40650727,78.47679943,TELANGANA,Hyderabad,Hyderabad, 
Punjab National Bank,DA110059,17.406584,78.39669,TELANGANA,Ranga Reddy, , 
State Bank Of India,S1BW021927001,17.406588,78.602743,TELANGANA,Medchal Malkajgiri,MEDIPALLY, 
HDFC Bank Ltd,P1AWHY01,17.4066,78.4783,TELANGANA,Hyderabad,Hyderabad,NULL
ICICI Bank Ltd,SACWG726,17.406602,78.47809,TELANGANA,Hyderabad,Hyderabad, 
State Bank Of India,S1BJ005916137,17.40667,78.39056,TELANGANA,Ranga Reddy,MAHBUBNAGAR,500050
State Bank Of India,S5NC005095621,17.40667,78.4075,TELANGANA,Hyderabad,HYDERABAD,500008
Union Bank Of India,V0057014,17.4067,78.4684,TELANGANA,Hyderabad,HYDERABAD,500037
Union Bank Of India,K1179102,17.4067,78.4684,TELANGANA,Hyderabad,HYDERABAD,500002
Union Bank Of India,H1179101,17.4067,78.4684,TELANGANA,Hyderabad,HYDERABAD,500002
ICICI Bank Ltd,SACWH971,17.406755,78.464065,TELANGANA,Hyderabad,Hyderabad, 
Axis Bank Ltd,APCN89025,17.4068,78.594296,TELANGANA,Medchal Malkajgiri,0,500098
Union Bank Of India,W0310004,17.406819,78.462778,TELANGANA,Hyderabad,HYDERABAD,500004
State Bank Of India,S1BB003606001,17.406869,78.461845,TELANGANA,Hyderabad,HYDERABAD, 
HDFC Bank Ltd,P1DCHY39,17.4069,78.5944,TELANGANA,Medchal Malkajgiri,Hyderabad,NULL
Union Bank Of India,WHYD60281111111,17.40691,78.51291,TELANGANA,Hyderabad,Hyderabad,500020
ICICI Bank Ltd,S1VDB898,17.40691,78.49743,TELANGANA,Hyderabad,Hyderabad, 
Axis Bank Ltd,APCN89015,17.406935,78.5867993,TELANGANA,Medchal Malkajgiri,0,501301
Indian Overseas Bank,IOB6958,17.406953,78.465117,TELANGANA,Hyderabad,HYDERABAD,0
Indian Overseas Bank,IOB9345,17.406956,78.461082,TELANGANA,Hyderabad,HYDERABAD,0
Indian Overseas Bank,IOB6965,17.406959,78.474084,TELANGANA,Hyderabad,HYDERABAD,0
Axis Bank Ltd,BPRH162801,17.406959,78.4016,TELANGANA,Ranga Reddy,HYDERABAD, 
IndusInd Bank,MC035601,17.406969,78.403105,TELANGANA,Ranga Reddy,Hyderabad,500008
Punjab National Bank,L3362800,17.40698,78.49552,TELANGANA,Hyderabad,HYDERABAD,500020
State Bank Of India,T1BY000916285,17.407,78.4611,TELANGANA,Hyderabad,HYDERABAD, 
State Bank Of India,T1NH003026219,17.40703,78.46525,TELANGANA,Hyderabad,Khairatabad, 
Axis Bank Ltd,CPRH89002,17.40704,78.58677,TELANGANA,Medchal Malkajgiri,RANGAREDDI, 
Union Bank Of India,W1293004,17.407051,78.543744,TELANGANA,Medchal Malkajgiri,HYDERABAD,500007
State Bank Of India,S1NG005916194,17.407054,78.441754,TELANGANA,Hyderabad,Hyderabad, 
State Bank Of India,T1NW005916267,17.407061,78.399666,TELANGANA,Ranga Reddy,HYDERABAD, 
Axis Bank Ltd,TPCN14974,17.40709167,78.46042333,TELANGANA,Hyderabad,0,500004
City Union Bank Ltd,CUB01051,17.407092,78.495912,TELANGANA,Hyderabad,Hyderabad,500020
HDFC Bank Ltd,P3AWHY20,17.4071,78.4966,TELANGANA,Hyderabad,Hyderabad,NULL
Union Bank Of India,W1293003,17.4071,78.5437,TELANGANA,Medchal Malkajgiri,HYDERABAD,500007
Union Bank Of India,H1293101,17.4071,78.5437,TELANGANA,Medchal Malkajgiri,HYDERABAD,500007
State Bank Of India,S1BB010100003,17.407117,78.543327,TELANGANA,Medchal Malkajgiri,HYDERABAD,500007
State Bank Of India,S5NL015780623,17.407126,78.377964,TELANGANA,Ranga Reddy,HYDERABAD, 
State Bank Of India,S1NW000847086,17.407157,78.483239,TELANGANA,Hyderabad,Hyderabad, 
Axis Bank Ltd,CPRH37004,17.40717,78.48308,TELANGANA,Hyderabad,HYDERABAD, 
State Bank Of India,S5NE013271621,17.40722,78.388741,TELANGANA,Ranga Reddy,HYDERABAD,500033
HDFC Bank Ltd,S1AWHY22,17.407226,78.402775,TELANGANA,Ranga Reddy, , 
State Bank Of India,T1NY005916258,17.407234,78.414147,TELANGANA,Hyderabad,HYDERABAD, 
Karur Vysya Bank Ltd,S1AC0146103,17.4072518,78.3924928,TELANGANA,Ranga Reddy,HYDERABAD,500005
Canara Bank,A3068001,17.40729,78.495379,TELANGANA,Hyderabad, , 
Union Bank Of India,N1567004,17.4073,78.4013,TELANGANA,Ranga Reddy,HYDERABAD,500089
Union Bank Of India,W1103004,17.4073,78.4724,TELANGANA,Hyderabad,HYDERABAD,500022
Union Bank Of India,H1103101,17.4073,78.4724,TELANGANA,Hyderabad,HYDERABAD,500022
ICICI Bank Ltd,SACWN751,17.4073,78.480102,TELANGANA,Hyderabad, , 
HDFC Bank Ltd,S1ANSH05,17.407329,78.40274,TELANGANA,Ranga Reddy, , 
State Bank Of India,S1BB002802001,17.407345,78.508064,TELANGANA,Hyderabad,Secunderabad, 
State Bank Of India,S5NL021037621,17.407377,78.4408,TELANGANA,Hyderabad,KHAIRATABAD, 
Union Bank Of India,W1179004,17.4074,78.4688,TELANGANA,Hyderabad,HYDERABAD,500002
Union Bank Of India,W0533003,17.407422,78.472319,TELANGANA,Hyderabad,HYDERABAD,500004
State Bank Of India,S1BG020471002,17.407444,78.502383,TELANGANA,Hyderabad,Hyderabad, 
State Bank Of India,S5BE018852621,17.407493,78.396912,TELANGANA,Ranga Reddy,SHAIKPET,500033
HDFC Bank Ltd,P3ECHY02,17.407499,78.458549,TELANGANA,Hyderabad, , 
ICICI Bank Ltd,S1CNP534,17.407537,78.486923,TELANGANA,Hyderabad, , 
State Bank Of India,S5NL020083622,17.407607,78.48059,TELANGANA,Hyderabad,Hyderabad, 
State Bank Of India,S1NZ000847134,17.407635,78.404254,TELANGANA,Hyderabad,HYDERABAD,500074
State Bank Of India,S1NZ000847146,17.407666,78.505751,TELANGANA,Hyderabad,HYDERABAD, 
Canara Bank,A3074001,17.40768,78.49777,TELANGANA,Hyderabad,HYDERABAD,500008
State Bank Of India,S1BW008022001,17.407691,78.442791,TELANGANA,Hyderabad,Hyderabad, 
Indusind Bank,MN185801,17.40777,78.35483,TELANGANA,Ranga Reddy,Hyderabad, 
Bank Of Baroda,1VD408601,17.407781,78.441699,TELANGANA,Hyderabad,HYDERABAD,500034
Bank Of Baroda,1VD408602,17.407781,78.441699,TELANGANA,Hyderabad,HYDERABAD,500034
HDFC Bank Ltd,S1AWHE52,17.4078,78.4253,TELANGANA,Hyderabad,Hyderabad,NULL
Axis Bank Ltd,DPRH138103,17.407799,78.5122,TELANGANA,Hyderabad,HYDERABAD, 
State Bank Of India,S1NZ000847112,17.407809,78.561184,TELANGANA,Medchal Malkajgiri,HYDERABAD,500035
State Bank Of India,S1NZ000847172,17.407816,78.54479,TELANGANA,Medchal Malkajgiri,HYDERABAD, 
State Bank Of India,S1BB020848002,17.407858,78.573316,TELANGANA,Medchal Malkajgiri,SECUNDERABAD, 
Canara Bank,A3091001,17.4079,78.3921,TELANGANA,Ranga Reddy,MANIKONDA,500089
ICICI Bank Ltd,SACWF727,17.407917,78.450177,TELANGANA,Hyderabad, , 
State Bank Of India,T1BS002714142,17.407969,78.596359,TELANGANA,Medchal Malkajgiri,HYDERABAD, 
State Bank Of India,S1NB011658003,17.407978,78.491577,TELANGANA,Hyderabad,HIMAYATHNAGAR, 
HDFC Bank Ltd,S1ANHB82,17.408,78.4412,TELANGANA,Hyderabad,Hyderabad,NULL
Union Bank Of India,L0139003,17.408,78.478,TELANGANA,Hyderabad,HYDERABAD,500029
Union Bank Of India,H0139101,17.408,78.478,TELANGANA,Hyderabad,HYDERABAD,500029
State Bank Of India,S1BW000847001,17.408,78.476056,TELANGANA,Hyderabad, Hyderabad, 
ICICI Bank Ltd,SACWJ007,17.408039,78.479347,TELANGANA,Hyderabad, , 
ICICI Bank Ltd,SACWC573,17.40804,78.47935,TELANGANA,Hyderabad,Hyderabad, 
State Bank Of India,S5NC002790621,17.40806,78.47139,TELANGANA,Hyderabad,HYDERABAD,500063
ICICI Bank Ltd,S1CNI192,17.40808118,78.49215059,TELANGANA,Hyderabad,Hyderabad, 
ICICI Bank Ltd,S1CNI599,17.40808118,78.49215059,TELANGANA,Hyderabad,Hyderabad, 
Axis Bank Ltd,BWCW111210,17.408082,78.497607,TELANGANA,Hyderabad, , 
ICICI Bank Ltd,S1CNP186,17.408092,78.492126,TELANGANA,Hyderabad, , 
Indian Overseas Bank,IOBD7107,17.40814,78.54399,TELANGANA,Medchal Malkajgiri, , 
Axis Bank Ltd,AWCW89038,17.408163,78.594728,TELANGANA,Medchal Malkajgiri,HYDERABAD, 
Kotak Mahindra Bank Limited,HYBN9330,17.408182,78.557568,TELANGANA,Medchal Malkajgiri,Hyderabad, 
State Bank Of India,S1BW015918001,17.408226,78.614278,TELANGANA,Medchal Malkajgiri,MEDAK, 
State Bank Of India,S5NE020067621,17.408259,78.485887,TELANGANA,Hyderabad,Hyderabad, 
State Bank Of India,S1NZ000847176,17.408272,78.512495,TELANGANA,Hyderabad,HYDERABAD, 
HDFC Bank Ltd,P1EWHY01,17.4083,78.4496,TELANGANA,Hyderabad,Hyderabad,NULL
State Bank Of India,S1NB000847568,17.408338,78.553598,TELANGANA,Medchal Malkajgiri,SECUNDERABAD, 
Axis Bank Ltd,AWCW89036,17.40834,78.58971,TELANGANA,Medchal Malkajgiri,BODUPPAL, 
Union Bank Of India,COBD211140,17.408381,78.489934,TELANGANA,Hyderabad, , 
ICICI Bank Ltd,SFCNM450,17.408399,78.553001,TELANGANA,Medchal Malkajgiri, , 
Union Bank Of India,W1339006,17.4084,78.5105,TELANGANA,Hyderabad,HYDERABAD,500044
Union Bank Of India,H1339101,17.4084,78.5105,TELANGANA,Hyderabad,HYDERABAD,500044
State Bank Of India,S1NB000847030,17.408404,78.497362,TELANGANA,Hyderabad,MUSHEERABAD, 
State Bank Of India,S5NL021215622,17.408447,78.497299,TELANGANA,Hyderabad,HIMAYATHNAGAR, 
HDFC Bank Ltd,S1AWHY76,17.408479,78.451199,TELANGANA,Hyderabad, , 
State Bank Of India,S5NL020095621,17.408494,78.514544,TELANGANA,Hyderabad,MUSHEERABAD, 
Canara Bank,A3015001,17.408495,78.460171,TELANGANA,Hyderabad, , 
Union Bank Of India,W0706004,17.4085,78.4895,TELANGANA,Hyderabad,HYDERABAD,500020
Union Bank Of India,H0706101,17.4085,78.4895,TELANGANA,Hyderabad,HYDERABAD,500020
South Indian Bank Ltd,07430001,17.4085,78.6011,TELANGANA,Medchal Malkajgiri,Medipalle,500098
Union Bank Of India,W0706005,17.408509,78.489504,TELANGANA,Hyderabad,HYDERABAD,500020
HDFC Bank Ltd,P3ENHE64,17.408524,78.601371,TELANGANA,Medchal Malkajgiri,HYDERABAD, 
Axis Bank Ltd,CPRH37003,17.40853,78.49151,TELANGANA,Hyderabad,HYDERABAD, 
HDFC Bank Ltd,P1ENHY02,17.4086,78.51,TELANGANA,Hyderabad,Hyderabad,NULL
HDFC Bank Ltd,P1ENHY29,17.4086,78.5101,TELANGANA,Hyderabad,Hyderabad,NULL
Axis Bank Ltd,APCN00846,17.408635,78.3941266,TELANGANA,Ranga Reddy,0,500089
Axis Bank Ltd,DPRH322101,17.40869,78.49235,TELANGANA,Hyderabad,HYDERABAD, 
Axis Bank Ltd,DWCW375002,17.408718,78.389329,TELANGANA,Ranga Reddy,HYDERABAD, 
State Bank Of India,S1BW000916033,17.408728,78.478775,TELANGANA,Hyderabad,Hyderabad, 
Axis Bank Ltd,DERO450801,17.408802,78.509773,TELANGANA,Hyderabad,HYDERABAD, 
State Bank Of India,T1BW000916267,17.408824,78.591362,TELANGANA,Medchal Malkajgiri,HYDERABAD, 
State Bank Of India,S5NL012917622,17.408892,78.506256,TELANGANA,Hyderabad,SECUNDERABAD, 
HDFC Bank Ltd,S1ANHY87,17.4089,78.4776,TELANGANA,Hyderabad,Hyderabad,NULL
ICICI Bank Ltd,SACWF685,17.408904,78.373094,TELANGANA,Ranga Reddy,Hyderabad, 
ICICI Bank Ltd,S1CWI029,17.408904,78.373094,TELANGANA,Ranga Reddy,Hyderabad, 
ICICI Bank Ltd,S1CN5212,17.408931,78.506355,TELANGANA,Hyderabad, , 
ICICI Bank Ltd,SFCNM350,17.408931,78.506355,TELANGANA,Hyderabad, , 
ICICI Bank Ltd,SPCNF401,17.408959,78.458874,TELANGANA,Hyderabad,Hyderabad, 
State Bank Of India,S5NC012664621,17.40896,78.60186,TELANGANA,Medchal Malkajgiri,RANGAREDDY,500039
HDFC Bank Ltd,P1DCHD19,17.409,78.4585,TELANGANA,Hyderabad,Hyderabad,NULL
State Bank Of India,S1NG008022002,17.409022,78.443785,TELANGANA,Hyderabad,KHAIRATABAD, 
ICICI Bank Ltd,SACWN899,17.409025,78.458473,TELANGANA,Hyderabad, , 
Punjab National Bank,DA110053,17.409092,78.489354,TELANGANA,Hyderabad, , 
Canara Bank,A3050001,17.4091,78.4783,TELANGANA,Hyderabad,HYDERABAD,500029
Union Bank Of India,W1514004,17.4092,78.4244,TELANGANA,Hyderabad,HYDERABAD,500034
Union Bank Of India,L1514003,17.4092,78.4244,TELANGANA,Hyderabad,HYDERABAD,500034
Union Bank Of India,L1612001,17.4092,78.4244,TELANGANA,Hyderabad,HYDERABAD,500034
Union Bank Of India,H1514101,17.4092,78.4244,TELANGANA,Hyderabad,HYDERABAD,500034
Union Bank Of India,H1612101,17.4092,78.4244,TELANGANA,Hyderabad,HYDERABAD,500034
HDFC Bank Ltd,P3ENHD63,17.4092,78.4673,TELANGANA,Hyderabad,Hyderabad,NULL
HDFC Bank Ltd,S1AWHY05,17.4092,78.4756,TELANGANA,Hyderabad,Hyderabad,NULL
Union Bank Of India,W2066001,17.4092,78.6008,TELANGANA,Medchal Malkajgiri,HYDERABAD,500098
Union Bank Of India,H2066101,17.4092,78.6008,TELANGANA,Medchal Malkajgiri,HYDERABAD,500098
Union Bank Of India,NHYD13011111111,17.40927,78.4585,TELANGANA,Hyderabad,Hyderabad,500004
Indian Overseas Bank,IOBD9986,17.4093,78.489073,TELANGANA,Hyderabad, , 
State Bank Of India,T1NH000916187,17.409331,78.48939,TELANGANA,Hyderabad,SECUNDERABAD, 
State Bank Of India,T1NF000916203,17.409349,78.49619,TELANGANA,Hyderabad,HYDERABAD, 
ICICI Bank Ltd,SFCNM625,17.409397,78.593551,TELANGANA,Medchal Malkajgiri, , 
Axis Bank Ltd,APCN00818,17.40948,78.50743167,TELANGANA,Hyderabad,0,500020
State Bank Of India,S5NL040479622,17.409482,78.46534,TELANGANA,Hyderabad,Hyderabad, 
State Bank Of India,S1NG008995004,17.409564,78.466885,TELANGANA,Hyderabad,Hyderabad, 
Canara Bank,08787738,17.409659,78.488797,TELANGANA,Hyderabad, , 
Kotak Mahindra Bank Limited,HYBD9600,17.409661,78.438204,TELANGANA,Hyderabad,Hyderabad,500034
State Bank Of India,S1BW020077006,17.409683,78.471612,TELANGANA,Hyderabad,HYDERABAD, 
Canara Bank,0878E025,17.409706,78.488636,TELANGANA,Hyderabad, , 
Canara Bank,A3315001,17.4098,78.6496,TELANGANA,Medchal Malkajgiri,HYDERABAD,501506
State Bank Of India,S5BC018640621,17.409831,78.450529,TELANGANA,Hyderabad,JINNARAM,502032
State Bank Of India,T1NS002714128,17.409888,78.57838,TELANGANA,Medchal Malkajgiri,HYDERABAD, 
HDFC Bank Ltd,P3FNHY25,17.409906,78.560852,TELANGANA,Medchal Malkajgiri,HYDERABAD, 
Axis Bank Ltd,BPRH190701,17.40992,78.46108,TELANGANA,Hyderabad,HYDERABAD, 
Lakshmi Vilas Bank Ltd,001DM298,17.40995,0.0,TELANGANA,Hyderabad, , 
HDFC Bank Ltd,P3ENHE60,17.409959,78.44994,TELANGANA,Hyderabad,HYDERABAD, 
State Bank Of India,S5NL021216622,17.409993,78.482185,TELANGANA,Hyderabad,HIMAYATHNAGAR, 
South Indian Bank Ltd,06990001,17.41,78.29,TELANGANA,Ranga Reddy,Vattinagulapalle,500075
Punjab National Bank,N3200700,17.41,78.5052,TELANGANA,Hyderabad,Hyderabad,500001
Yes Bank Ltd,SBAWN317,17.41002,78.43747,TELANGANA,Hyderabad,Hyderabad, 
Lakshmi Vilas Bank Ltd,01490622,17.410057,78.59476,TELANGANA,Medchal Malkajgiri,Hyderabad, 
ICICI Bank Ltd,SACWF634,17.410086,78.375801,TELANGANA,Ranga Reddy,Hyderabad, 
Axis Bank Ltd,BPRH179801,17.41011,78.436039,TELANGANA,Hyderabad,HYDERABAD, 
State Bank Of India,S1BW000847068,17.410134,78.482174,TELANGANA,Hyderabad,HYDERABAD, 
Canara Bank,0878W001,17.41014,78.461983,TELANGANA,Hyderabad, , 
Canara Bank,8787410,17.41014,78.461983,TELANGANA,Hyderabad, , 
Axis Bank Ltd,APCN73303,17.410155,78.3757577,TELANGANA,Ranga Reddy,0,500089
State Bank Of India,S1NG005916012,17.410179,78.333511,TELANGANA,Ranga Reddy,Hyderabad, 
Dhanlaxmi Bank,DHY12335,17.410252,78.488924,TELANGANA,Hyderabad, , 
HDFC Bank Ltd,S1AWGT51,17.4103,78.4562,TELANGANA,Hyderabad,Hyderabad,NULL
HDFC Bank Ltd,S1ANHY21,17.4103,78.4891,TELANGANA,Hyderabad,Hyderabad,NULL
Union Bank Of India,W0706006,17.410304,78.497721,TELANGANA,Hyderabad,HYDERABAD,500020
State Bank Of India,T1BS003026293,17.410319,78.49238,TELANGANA,Hyderabad,Serilingampally, 
DCB bank Ltd,DCB08501,17.410386,78.500201,TELANGANA,Hyderabad, , 
State Bank Of India,S5NE006557621,17.410401,78.562111,TELANGANA,Medchal Malkajgiri,Hyderabad, 
Axis Bank Ltd,APCN00857,17.41042,78.60406,TELANGANA,Medchal Malkajgiri,RANGAREDDY, 
IDFC Bank,IN802032,17.41047,78.564309,TELANGANA,Medchal Malkajgiri,Medchal Malkajgiri, 
Union Bank Of India,DHYD09701111111,17.41047,78.46118,TELANGANA,Hyderabad,Hyderabad,500008
Kotak Mahindra Bank Limited,HYBW9082,17.4106,78.46241,TELANGANA,Hyderabad,Hyderabad,500001
Karur Vysya Bank Ltd,S1AC0147101,17.410624,78.586486,TELANGANA,Medchal Malkajgiri,HYDERABAD,500039
Union Bank Of India,W1339002,17.410628,78.506869,TELANGANA,Hyderabad,HYDERABAD,500044
Kotak Mahindra Bank Limited,HYON1171,17.410668,78.484779,TELANGANA,Hyderabad,Hyderabad,500029
ICICI Bank Ltd,SECNF979,17.410684,78.462402,TELANGANA,Hyderabad, , 
HDFC Bank Ltd,P1DCHY67,17.4107,78.4623,TELANGANA,Hyderabad,Hyderabad,NULL
ICICI Bank Ltd,SACWE882,17.410721,78.432403,TELANGANA,Hyderabad,Hyderabad, 
State Bank Of India,S1BJ000847506,17.410729,78.497799,TELANGANA,Hyderabad,HYDERABAD, 
IDBI Bank Ltd,TC105711,17.41074,78.51585,TELANGANA,Hyderabad,Hyderabad,500074
State Bank Of India,T1NF000916200,17.410745,78.503803,TELANGANA,Hyderabad,HYDERABAD, 
State Bank Of India,T1BS000916298,17.410749,78.46264,TELANGANA,Hyderabad,Ameerpet, 
Bank Of Baroda,1VD415601,17.41076,78.586135,TELANGANA,Medchal Malkajgiri,GHATKESAR,500092
Axis Bank Ltd,CPRH00810,17.410769,78.484789,TELANGANA,Hyderabad,HYDERABAD, 
HDFC Bank Ltd,S1AWTZ02,17.4108,78.4612,TELANGANA,Hyderabad,Hyderabad,500004
Axis Bank Ltd,BPCN190704,17.4108076,78.4623694,TELANGANA,Hyderabad,0,500004
Axis Bank Ltd,AWCW89028,17.410856,78.560454,TELANGANA,Medchal Malkajgiri, , 
State Bank Of India,S1NZ000847163,17.410908,78.560445,TELANGANA,Medchal Malkajgiri,HYDERABAD,500047
State Bank Of India,S5NE018047621,17.41093,78.34142,TELANGANA,Ranga Reddy,RANGAREDDY,500008
Central Bank Of India,W11F51161S,17.410955,78.423341,TELANGANA,Hyderabad, , 
Union Bank Of India,W0032003,17.410983,78.494322,TELANGANA,Hyderabad,HYDERABAD,500048
State Bank Of India,S5NL020432621,17.411052,78.476949,TELANGANA,Hyderabad,HIMAYATHNAGAR, 
IndusInd Bank,MW000433,17.41107,78.46039,TELANGANA,Hyderabad,Hyderabad,500004
Union Bank Of India,W1573002,17.4112,78.436,TELANGANA,Hyderabad,HYDERABAD,500039
Union Bank Of India,H1573101,17.4112,78.436,TELANGANA,Hyderabad,HYDERABAD,500039
State Bank Of India,S5NL020077621,17.411233,78.455474,TELANGANA,Hyderabad,KHAIRATABAD, 
Bank Of Baroda,1VD409501,17.411234,78.544678,TELANGANA,Medchal Malkajgiri,HYDERABAD,500007
Axis Bank Ltd,APCN86706,17.4112509,78.4934006,TELANGANA,Hyderabad,0,500020
State Bank Of India,S5NL020318621,17.41126,78.455572,TELANGANA,Hyderabad,KHAIRATABAD, 
Union Bank Of India,W2955001,17.4113,78.4564,TELANGANA,Hyderabad,HYDERABAD,500004
Union Bank Of India,Y2955101,17.4113,78.4564,TELANGANA,Hyderabad,HYDERABAD,500004
Union Bank Of India,W1339005,17.411383,78.509717,TELANGANA,Hyderabad,HYDERABAD,500044
ICICI Bank Ltd,S1CNI257,17.411399,78.435997,TELANGANA,Hyderabad, , 
ICICI Bank Ltd,S1CNE453,17.411467,78.436002,TELANGANA,Hyderabad,Hyderabad, 
HDFC Bank Ltd,S1AWPG01,17.4116,78.4551,TELANGANA,Hyderabad,Hyderabad,NULL
Canara Bank,A3449001,17.411674,78.459876,TELANGANA,Hyderabad, , 
Canara Bank,A3450001,17.411674,78.459876,TELANGANA,Hyderabad, , 
ICICI Bank Ltd,S1CNI829,17.411699,78.548797,TELANGANA,Medchal Malkajgiri, , 
ICICI Bank Ltd,S1CNE490,17.411699,78.548797,TELANGANA,Medchal Malkajgiri, , 
Union Bank Of India,W0032004,17.4117,78.4977,TELANGANA,Hyderabad,HYDERABAD,500048
Union Bank Of India,Y0032101,17.4117,78.4977,TELANGANA,Hyderabad,HYDERABAD,500048
HDFC Bank Ltd,P3ENHY99,17.41174,78.454681,TELANGANA,Hyderabad, , 
State Bank Of India,T1NH000916188,17.411773,78.50824,TELANGANA,Hyderabad,Hyderabad, 
State Bank Of India,S5NE003606621,17.41179,78.46047,TELANGANA,Hyderabad,HYDERABAD,500004
IDBI Bank Ltd,TC132602,17.41179,78.49388,TELANGANA,Hyderabad,Hyderabad,500035
HDFC Bank Ltd,P1ENVI06,17.4118,78.4426,TELANGANA,Hyderabad,Hyderabad,NULL
HDFC Bank Ltd,P1AWHY09,17.4118,78.4783,TELANGANA,Hyderabad,Hyderabad,NULL
BANDHAN BANK LIMITED,BN187201,17.411809,78.434696,TELANGANA,Hyderabad, ,500034
State Bank Of India,S1BG020087003,17.411816,78.543618,TELANGANA,Medchal Malkajgiri,SECUNDERABAD, 
HDFC Bank Ltd,S1ANHY84,17.4119,78.45,TELANGANA,Hyderabad,Hyderabad,NULL
Karur Vysya Bank Ltd,S1AC0480701,17.41190642,78.4322008,TELANGANA,Hyderabad,HYDERABAD,500034
State Bank Of India,S1NW000916078,17.411985,78.467317,TELANGANA,Hyderabad,Hyderabad, 
ICICI Bank Ltd,SECNF029,17.412043,78.508454,TELANGANA,Hyderabad,Hyderabad, 
ICICI Bank Ltd,SFCNM595,17.412115,78.53585,TELANGANA,Medchal Malkajgiri, , 
ICICI Bank Ltd,S1CNQ156,17.412115,78.53585,TELANGANA,Medchal Malkajgiri, , 
Lakshmi Vilas Bank Ltd,001DM256,17.412119,0.0,TELANGANA,Hyderabad, , 
HDFC Bank Ltd,S1ACHY09,17.4122,78.4498,TELANGANA,Hyderabad,Hyderabad,NULL
ICICI Bank Ltd,S1CWK379,17.4122,78.460998,TELANGANA,Hyderabad, , 
ICICI Bank Ltd,SACWM083,17.4122,78.492103,TELANGANA,Hyderabad, , 
ICICI Bank Ltd,SACWJ213,17.412239,78.492194,TELANGANA,Hyderabad,Hyderabad, 
ICICI Bank Ltd,S1CWC283,17.412282,78.461001,TELANGANA,Hyderabad,Hyderabad, 
ICICI Bank Ltd,S1CWI389,17.412282,78.461001,TELANGANA,Hyderabad,Hyderabad, 
HDFC Bank Ltd,P1DCHD16,17.4123,78.579,TELANGANA,Medchal Malkajgiri,Hyderabad,NULL
Axis Bank Ltd,DECN377401,17.412339,78.42384,TELANGANA,Hyderabad,HYDERABAD, 
State Bank Of India,S5NL015780622,17.412343,78.379093,TELANGANA,Ranga Reddy,Hyderabad, 
Axis Bank Ltd,CECN02730,17.412569,78.450269,TELANGANA,Hyderabad,GHMC (M CORP. + OG) (PART), 
State Bank Of India,T1NS000916217,17.412583,78.489255,TELANGANA,Hyderabad,HYDERABAD, 
HDFC Bank Ltd,P1DCHD37,17.4126,78.462,TELANGANA,Hyderabad,Hyderabad,NULL
Karur Vysya Bank Ltd,S1AC0147102,17.412629,78.585844,TELANGANA,Medchal Malkajgiri,HYDERABAD,500039
State Bank Of India,S1BW000916094,17.412664,78.641886,TELANGANA,Medchal Malkajgiri,HYDERABAD,500015
State Bank Of India,S1BW000847014,17.412722,78.460817,TELANGANA,Hyderabad,KHAIRATABAD, 
Canara Bank,8482360,17.412785,78.490171,TELANGANA,Hyderabad, , 
State Bank Of India,S1BG011662003,17.412872,78.46007,TELANGANA,Hyderabad,Hyderabad, 
State Bank Of India,T1NS000916233,17.41289,78.511089,TELANGANA,Hyderabad,HYDERABAD, 
State Bank Of India,S5NC011658621,17.412909,78.478748,TELANGANA,Hyderabad,Hyderabad, 
State Bank Of India,S1NB005916008,17.412917,78.401836,TELANGANA,Ranga Reddy,Hyderabad, 
State Bank Of India,S1NG000847039,17.412925,78.478565,TELANGANA,Hyderabad,Hyderabad, 
State Bank Of India,S5NE021215621,17.41294,78.490167,TELANGANA,Hyderabad,HYDERABAD, 
Union Bank Of India,CBTD148601,17.413132,78.585619,TELANGANA,Medchal Malkajgiri, , 
ICICI Bank Ltd,SACWM022,17.413331,78.453788,TELANGANA,Hyderabad, , 
ICICI Bank Ltd,SACWJ262,17.413332,78.453786,TELANGANA,Hyderabad,Hyderabad, 
Axis Bank Ltd,BPCN190701,17.4133725,78.4536328,TELANGANA,Hyderabad,0,500004
State Bank Of India,S5NA012665621,17.413389,78.586641,TELANGANA,Medchal Malkajgiri,Secunderabad, 
Lakshmi Vilas Bank Ltd,01490457,17.413499,0.0,TELANGANA,Medchal Malkajgiri, , 
State Bank Of India,T1BW000916261,17.41352,78.526546,TELANGANA,Hyderabad,HYDERABAD, 
State Bank Of India,T1NH000916213,17.413533,78.508858,TELANGANA,Hyderabad,HYDERABAD, 
State Bank Of India,S5NG021216621,17.413553,78.488791,TELANGANA,Hyderabad,Hyderabad, 
HDFC Bank Ltd,S1ANHE72,17.4136,78.4226,TELANGANA,Hyderabad,Hyderabad,NULL
IndusInd Bank,MC146001,17.413609,78.422097,TELANGANA,Hyderabad,Hyderabad,500034
State Bank Of India,S5NE008022621,17.413622,78.43842,TELANGANA,Hyderabad,HYDERABAD,500034
ICICI Bank Ltd,SACWG794,17.413761,78.557947,TELANGANA,Medchal Malkajgiri,Hyderabad, 
State Bank Of India,S1BJ007952001,17.413761,78.460259,TELANGANA,Hyderabad,Hyderabad, 
Fincare Small Finance Bank,FA044701,17.4138,78.439799,TELANGANA,Hyderabad,HYDERABAD, 
Union Bank Of India,COBD059040,17.4138,78.4398,TELANGANA,Hyderabad,HYDERABAD,500082
ICICI Bank Ltd,SACWG007,17.413824,78.441491,TELANGANA,Hyderabad,Hyderabad, 
Indian Bank,S1AB0901,17.413828,78.439758,TELANGANA,Hyderabad,HYDERABAD,500034
IDBI Bank Ltd,ID002801,17.41383,78.43976,TELANGANA,Hyderabad,Hyderabad,500034
Kotak Mahindra Bank Limited,HYBD2274,17.41383,78.394835,TELANGANA,Ranga Reddy,Hyderabad, 
Bank Of Baroda,1FNHYD82,17.413855,78.578345,TELANGANA,Medchal Malkajgiri,0,500092
RBL Bank Ltd,RE412001,17.413871,78.452506,TELANGANA,Hyderabad,HYDERABAD, 
State Bank Of India,T1BS000916287,17.413979,78.46643,TELANGANA,Hyderabad,Ameerpet, 
Canara Bank,0878E004,17.41398,78.505061,TELANGANA,Hyderabad, , 
State Bank Of India,S5NE011661621,17.414,78.45082,TELANGANA,Hyderabad,HYDERABAD,500082
Punjab National Bank,DA110037,17.414,78.544156,TELANGANA,Medchal Malkajgiri, , 
IDBI Bank Ltd,ID000213,17.41407,78.49388,TELANGANA,Hyderabad,Hyderabad,500081
Union Bank Of India,H1105102,17.41415,78.441616,TELANGANA,Hyderabad,HYDERABAD, 
RBL Bank Ltd,RE365001,17.414159,78.574319,TELANGANA,Medchal Malkajgiri,HYDERABAD, 
IndusInd Bank,MC000438,17.414218,78.367544,TELANGANA,Ranga Reddy,Hyderabad,500008
Axis Bank Ltd,APCN00816,17.4143144,78.446508,TELANGANA,Hyderabad,0,500034
Axis Bank Ltd,LWCW51506,17.41446,78.45071,TELANGANA,Hyderabad,HYDERABAD, 
Axis Bank Ltd,SWRO51505,17.41446,78.45071,TELANGANA,Hyderabad,HYDERABAD, 
Axis Bank Ltd,CWRO51507,17.41446,78.45071,TELANGANA,Hyderabad,HYDERABAD, 
Canara Bank,8787876,17.414495,78.504251,TELANGANA,Hyderabad, , 
State Bank Of India,T1BS020137009,17.41453,78.488889,TELANGANA,Hyderabad,Metpalle, 
Bank Of Baroda,1FDHYD63,17.414587,78.438268,TELANGANA,Hyderabad,HYDERABAD,500034
DCB bank Ltd,DCB22501,17.414586,78.438268,TELANGANA,Hyderabad, , 
Axis Bank Ltd,APCN51505,17.4146,78.408587,TELANGANA,Hyderabad, , 
ICICI Bank Ltd,S1CNP750,17.414628,78.4897,TELANGANA,Hyderabad, , 
State Bank Of India,S1NB000847034,17.414672,78.501497,TELANGANA,Hyderabad,HYDERABAD, 
Union Bank Of India,H0485101,17.4147,78.5459,TELANGANA,Medchal Malkajgiri,HYDERABAD,500013
Union Bank Of India,W0485003,17.4147,78.5459,TELANGANA,Medchal Malkajgiri,HYDERABAD,500013
State Bank Of India,S5NL012989623,17.414745,78.50151,TELANGANA,Hyderabad,MUSHEERABAD, 
Axis Bank Ltd,DERO447401,17.414825,78.45086,TELANGANA,Hyderabad,HYDERABAD, 
Bank Of Baroda,1FDHYD68,17.41484,78.48514,TELANGANA,Hyderabad,HYDERABAD,500018
State Bank Of India,S5NL012989622,17.41489,78.497703,TELANGANA,Hyderabad,Hyderabad, 
HDFC Bank Ltd,P3FNHY26,17.414902,78.494696,TELANGANA,Hyderabad,HYDERABAD, 
State Bank Of India,S1BJ018395001,17.414994,78.446693,TELANGANA,Hyderabad,KHAIRATABAD, 
Bank Of India,AHY9047,17.415,78.5431,TELANGANA,Medchal Malkajgiri,HYDERABAD,500079
Central Bank Of India,SCDD08101S,17.41506,78.46483,TELANGANA,Hyderabad,KHAIRATABAD, 
Federal Bank,CD147301,17.415079,78.421329,TELANGANA,Hyderabad, , 
State Bank Of India,S1N6000847503,17.415104,78.587483,TELANGANA,Medchal Malkajgiri,Hyderabad, 
Bank Of Baroda,1RDNHYD09,17.4151098,78.446338,TELANGANA,Hyderabad,HYDERABAD,500034
Bank Of Baroda,1FNHYD43,17.4151099,78.4463387,TELANGANA,Hyderabad,HYDERABAD,500034
State Bank Of India,S5NL014680621,17.41512,78.421794,TELANGANA,Hyderabad,SECUNDERABAD, 
State Bank Of India,S1NB000847011,17.41518,78.466217,TELANGANA,Hyderabad,KHAIRATABAD, 
State Bank Of India,S1NW000847095,17.415207,78.510811,TELANGANA,Hyderabad,HYDERABAD, 
State Bank Of India,S1NB000847013,17.415215,78.451399,TELANGANA,Hyderabad,AMEERPET, 
Indian Overseas Bank,IOB8668,17.415234,78.449058,TELANGANA,Hyderabad,HYDERABAD,0
State Bank Of India,S5NC018395621,17.41527,78.44646,TELANGANA,Hyderabad,HYDERABAD,500034
Bank Of Baroda,1VW408501,17.415311,78.491761,TELANGANA,Hyderabad,HYDERABAD,500080
State Bank Of India,S1NB002714011,17.415353,78.440147,TELANGANA,Hyderabad,Hyderabad, 
State Bank Of India,S1BB000847527,17.415373,78.493062,TELANGANA,Hyderabad,HYDERABAD, 
State Bank Of India,S1NB000847542,17.415438,78.490344,TELANGANA,Hyderabad,HIMAYATHNAGAR, 
State Bank Of India,S1BB006130001,17.415507,78.410255,TELANGANA,Hyderabad,Hyderabad, 
Punjab National Bank,N1473700,17.415511,78.409021,TELANGANA,Hyderabad,"BALANAGAR,",500072
State Bank Of India,S5NL020728621,17.415529,78.434316,TELANGANA,Hyderabad,KHAIRATABAD, 
HDFC Bank Ltd,P3ENHY89,17.415552,78.486163,TELANGANA,Hyderabad, , 
IndusInd Bank,MC000424,17.41556,78.43976,TELANGANA,Hyderabad,Hyderabad,500034
State Bank Of India,T1NY002714129,17.41558,78.563832,TELANGANA,Medchal Malkajgiri,HYDERABAD, 
Axis Bank Ltd,APCN51504,17.4156651,78.4454865,TELANGANA,Hyderabad,0,500034
South Indian Bank Ltd,06520001,17.4157,78.4411,TELANGANA,Hyderabad,Greater Hyderabad,500034
HDFC Bank Ltd,S1ACHD32,17.4157,78.4604,TELANGANA,Hyderabad,Hyderabad,NULL
ICICI Bank Ltd,SACWN681,17.415771,78.540954,TELANGANA,Medchal Malkajgiri, , 
Indian Bank,S1NP2381,17.415787,78.565475,TELANGANA,Medchal Malkajgiri, ,500092
ICICI Bank Ltd,SECNL256,17.415799,78.443383,TELANGANA,Hyderabad,Hyderabad, 
Union Bank Of India,W1122003,17.4158,78.4108,TELANGANA,Hyderabad,HYDERABAD,500096
Union Bank Of India,H1122101,17.4158,78.4108,TELANGANA,Hyderabad,HYDERABAD,500096
ICICI Bank Ltd,SFCNQ877,17.415822,78.585441,TELANGANA,Medchal Malkajgiri, , 
ICICI Bank Ltd,SFCNQ876,17.415822,78.585441,TELANGANA,Medchal Malkajgiri, , 
State Bank Of India,T1NH020122016,17.415882,78.707724,TELANGANA,Medchal Malkajgiri,ADILABAD, 
ICICI Bank Ltd,SACWN887,17.415918,78.509887,TELANGANA,Hyderabad, , 
Canara Bank,0878W040,17.416037,78.506814,TELANGANA,Hyderabad, , 
IDBI Bank Ltd,ID042611,17.41609,78.48564,TELANGANA,Hyderabad,Hyderabad,500073
HDFC Bank Ltd,S1ACHE06,17.4161,78.415,TELANGANA,Hyderabad,Hyderabad,NULL
State Bank Of India,S5NL062243621,17.416136,78.43144,TELANGANA,Hyderabad,HYDERABAD, 
Union Bank Of India,W1194003,17.416235,78.491596,TELANGANA,Hyderabad,HYDERABAD,500080
Karur Vysya Bank Ltd,S1AC0148301,17.416241,78.543889,TELANGANA,Medchal Malkajgiri,HYDERABAD,500007
Axis Bank Ltd,CPRH00817,17.416319,78.489249,TELANGANA,Hyderabad,HYDERABAD, 
Punjab National Bank,N1393500,17.4164,78.5437,TELANGANA,Medchal Malkajgiri,HYDERABAD,500007
RBL Bank Ltd,RE341001,17.416429,78.432518,TELANGANA,Hyderabad,HYDERABAD, 
Bank Of Baroda,1VW408401,17.416466,78.412125,TELANGANA,Hyderabad,HYDERABAD,500033
Kotak Mahindra Bank Limited,HYBN9020,17.41647,78.43825,TELANGANA,Hyderabad,Hyderabad,500001
Karur Vysya Bank Ltd,S1AC0148303,17.416472,78.544138,TELANGANA,Medchal Malkajgiri,HYDERABAD,500007
HDFC Bank Ltd,P1DCHY78,17.4165,78.51,TELANGANA,Hyderabad,Hyderabad,NULL
Canara Bank,11812362,17.41652,78.433363,TELANGANA,Hyderabad, , 
IndusInd Bank,MN000414,17.416559,78.339629,TELANGANA,Ranga Reddy,Hyderabad,500032
ICICI Bank Ltd,SACWN898,17.416677,78.499465,TELANGANA,Hyderabad, , 
HDFC Bank Ltd,P1DCHD26,17.416687,78.498766,TELANGANA,Hyderabad, , 
Bank Of India,CHY9004,17.416705,78.410316,TELANGANA,Hyderabad,HYDERABAD, 
HDFC Bank Ltd,P1DCHY61,17.416711,78.498709,TELANGANA,Hyderabad, , 
State Bank Of India,T1BS000916295,17.416712,78.488337,TELANGANA,Hyderabad,SECUNDERABAD, 
Punjab National Bank,H36B526401,17.416804,78.438649,TELANGANA,Hyderabad, , 
State Bank Of India,T1NS005916228,17.416882,78.411933,TELANGANA,Hyderabad,FILM NAGAR, 
State Bank Of India,S5NC016514621,17.416994,78.541041,TELANGANA,Medchal Malkajgiri,HYDERABAD,500007
State Bank Of India,S5NC012989621,17.417044,78.501575,TELANGANA,Hyderabad,HYDERABAD,500020
Indian Bank,S1T014261,17.417075,78.451013,TELANGANA,Hyderabad,HYDERABAD,500033
Indian Bank,S1AH0251,17.417075,78.451013,TELANGANA,Hyderabad,HYDERABAD,500003
Axis Bank Ltd,DECN111208,17.417099,78.4906,TELANGANA,Hyderabad, , 
HDFC Bank Ltd,P1DCRJ06,17.4171,78.5507,TELANGANA,Medchal Malkajgiri,Hyderabad,NULL
State Bank Of India,S1NZ000847158,17.417238,78.544715,TELANGANA,Medchal Malkajgiri,HYDERABAD, 
Punjab National Bank,DA110006,17.417255,78.449583,TELANGANA,Hyderabad, , 
ICICI Bank Ltd,S1CNP693,17.417335,78.514274,TELANGANA,Hyderabad, , 
HDFC Bank Ltd,P1DCHD32,17.4174,78.51,TELANGANA,Hyderabad,Hyderabad,NULL
State Bank Of India,T1NF000916249,17.417419,78.511605,TELANGANA,Hyderabad,HYDERABAD, 
Kotak Mahindra Bank Limited,HYBN2243,17.417444,78.412543,TELANGANA,Hyderabad,Hyderabad, 
Kotak Mahindra Bank Limited,HYBD2263,17.417474,78.499184,TELANGANA,Hyderabad,Hyderabad, 
Kotak Mahindra Bank Limited, ,17.417474,78.499184,TELANGANA,Hyderabad, , 
Canara Bank,A3317001,17.4175,78.6297,TELANGANA,Medchal Malkajgiri,NARAPALLY-HYD,500098
State Bank Of India,S1NZ000847157,17.417565,78.544361,TELANGANA,Medchal Malkajgiri,HYDERABAD, 
Axis Bank Ltd,APCN73309,17.417582,78.3463089,TELANGANA,Ranga Reddy,0,500008
ICICI Bank Ltd,SACWN911,17.417659,78.566207,TELANGANA,Medchal Malkajgiri, , 
ICICI Bank Ltd,SACWC696,17.41766,78.566208,TELANGANA,Medchal Malkajgiri,hyderabad, 
HDFC Bank Ltd,S1ANHE15,17.417684,78.365429,TELANGANA,Ranga Reddy,HYDERABAD, 
Union Bank Of India,COBW105240,17.41773,78.41133,TELANGANA,Hyderabad,HYDERABAD,500033
IndusInd Bank,MC000425,17.41779,78.41102,TELANGANA,Hyderabad,Hyderabad,500033
State Bank Of India,S1N6000847488,17.417797,78.519544,TELANGANA,Hyderabad,SECUNDERABAD, 
State Bank Of India,S5NL013032622,17.417855,78.389836,TELANGANA,Ranga Reddy,Hyderabad, 
State Bank Of India,S1N6000847330,17.417874,78.541397,TELANGANA,Medchal Malkajgiri,Hyderabad, 
Union Bank Of India,W2443001,17.4179,78.3642,TELANGANA,Ranga Reddy,"KHAJAGUDA, HYDERABAD",500008
Union Bank Of India,H2443101,17.4179,78.3642,TELANGANA,Ranga Reddy,"KHAJAGUDA, HYDERABAD",500008
State Bank Of India,T1NH002714113,17.418,78.538714,TELANGANA,Medchal Malkajgiri,HYDERABAD, 
Axis Bank Ltd,BWCW111214,17.418049,78.50175,TELANGANA,Hyderabad,HYDERABAD, 
Union Bank Of India,W1105003,17.4181,78.4302,TELANGANA,Hyderabad,HYDERABAD,500034
Union Bank Of India,W1105005,17.4181,78.4302,TELANGANA,Hyderabad,HYDERABAD,500034
Union Bank Of India,W1105004,17.4181,78.4302,TELANGANA,Hyderabad,HYDERABAD,500034
Union Bank Of India,B1105101,17.4181,78.4302,TELANGANA,Hyderabad,HYDERABAD,500034
HDFC Bank Ltd,P3ENHE44,17.41812,78.489439,TELANGANA,Hyderabad, , 
Axis Bank Ltd,CWCW03015,17.41815,78.409709,TELANGANA,Hyderabad,HYDERABAD, 
State Bank Of India,T1BW000916259,17.41815,78.433103,TELANGANA,Hyderabad,Saroornagar, 
Axis Bank Ltd,APRH03004,17.418159,78.409799,TELANGANA,Hyderabad,HYDERABAD, 
Axis Bank Ltd,CPRH03011,17.418159,78.409799,TELANGANA,Hyderabad,HYDERABAD, 
Karnataka Bank Ltd,KBL09038,17.4183,78.4611,TELANGANA,Hyderabad,Hyderabad,500082
State Bank Of India,S1BB020650002,17.418355,78.506758,TELANGANA,Hyderabad,Hyderabad, 
ICICI Bank Ltd,SACWC599,17.418518,78.584411,TELANGANA,Medchal Malkajgiri, , 
Indusind Bank,MN180101,17.41852,78.357727,TELANGANA,Ranga Reddy,Rangareddy, 
Axis Bank Ltd,APCN42503,17.4185251,78.4142593,TELANGANA,Hyderabad,0,500004
Axis Bank Ltd,CPRH42506,17.418529,78.414259,TELANGANA,Hyderabad,HYDERABAD, 
Axis Bank Ltd,CPRH42508,17.418529,78.414259,TELANGANA,Hyderabad,HYDERABAD, 
Axis Bank Ltd,CPRH42509,17.418529,78.414259,TELANGANA,Hyderabad,HYDERABAD, 
Axis Bank Ltd,APCN89033,17.418609,78.56497,TELANGANA,Medchal Malkajgiri,HYDERABAD, 
Axis Bank Ltd,APCN89013,17.4186149,78.5649657,TELANGANA,Medchal Malkajgiri,0,500039
ICICI Bank Ltd,S1CWI051,17.419274,78.337412,TELANGANA,Ranga Reddy,Hyderabad, 
IDBI Bank Ltd,ID044601,17.41864,78.54444,TELANGANA,Medchal Malkajgiri,Rangareddi,500007
Bank Of Baroda,1VW402101,17.418702,78.457731,TELANGANA,Hyderabad,HYDERABAD,500082
Canara Bank,8787884,17.418706,78.443374,TELANGANA,Hyderabad, , 
State Bank Of India,S1NZ000847173,17.418778,78.51936,TELANGANA,Hyderabad,HYDERABAD, 
Bank Of India,IHY9015,17.418894,78.599228,TELANGANA,Medchal Malkajgiri,HYDERABAD, 
Axis Bank Ltd,SPCN8904,17.4189464,78.5420968,TELANGANA,Medchal Malkajgiri,0,500039
State Bank Of India,S5NC020766621,17.419064,78.545654,TELANGANA,Medchal Malkajgiri,hyderabad, 
State Bank Of India,S5NL020650621,17.419071,78.508174,TELANGANA,Hyderabad,Hyderabad, 
HDFC Bank Ltd,S1ACHE14,17.41908,78.44385,TELANGANA,Hyderabad, , 
ICICI Bank Ltd,SACWH877,17.419087,78.442919,TELANGANA,Hyderabad,HYDERABAD, 
HDFC Bank Ltd,S1AWHA11,17.4191,78.4438,TELANGANA,Hyderabad,Hyderabad,NULL
State Bank Of India,T1NH002714111,17.419109,78.540803,TELANGANA,Medchal Malkajgiri,HYDERABAD, 
ICICI Bank Ltd,SACWN880,17.419113,78.499603,TELANGANA,Hyderabad, , 
Indian Overseas Bank,IOB9272,17.419153,78.443261,TELANGANA,Hyderabad,HYDERABAD,0
Karur Vysya Bank Ltd,S1AC0149003,17.419251,78.448486,TELANGANA,Hyderabad,HYDERABAD,500073
Kotak Mahindra Bank Limited,HYON2003,17.4193,78.3435,TELANGANA,Ranga Reddy,Hyderabad,500032
HDFC Bank Ltd,S1ACWR88,17.4193,78.5194,TELANGANA,Hyderabad,Hyderabad,NULL
ICICI Bank Ltd,S1CN4797,17.419323,78.343245,TELANGANA,Ranga Reddy,Hyderabad, 
Axis Bank Ltd,DERH463401,17.41935,78.353392,TELANGANA,Ranga Reddy,HYDERABAD, 
HDFC Bank Ltd,P1DCHY90,17.4194,78.3873,TELANGANA,Ranga Reddy,Hyderabad,NULL
State Bank Of India,S1BW002714035,17.419407,78.541817,TELANGANA,Medchal Malkajgiri,Hyderabad, 
State Bank Of India,S5NE020940621,17.419409,78.447678,TELANGANA,Hyderabad,HYDERABAD, 
Axis Bank Ltd,APCN02717,17.419454,78.519035,TELANGANA,Hyderabad, , 
Axis Bank Ltd,BPCN111207,17.4194652,78.5000448,TELANGANA,Hyderabad,0,500020
Bank Of Baroda,5DEN11023,17.419513,78.518637,TELANGANA,Hyderabad,HYDERABAD,500061
Kotak Mahindra Bank Limited,HYED2467,17.41952,78.35411,TELANGANA,Ranga Reddy,Hyderabad, 
IndusInd Bank,MN000407,17.41952,78.44825,TELANGANA,Hyderabad,Hyderabad,500035
Indian Overseas Bank,IOB8482,17.419619,78.430933,TELANGANA,Hyderabad,HYDERABAD,0
Indian Overseas Bank,IOB9834,17.419619,78.430933,TELANGANA,Hyderabad,HYDERABAD,0
State Bank Of India,S5NL020312622,17.419655,78.494003,TELANGANA,Hyderabad,Hyderabad, 
Kotak Mahindra Bank Limited,HYON2060,17.419699,78.542499,TELANGANA,Medchal Malkajgiri,hyderabad, 
Canara Bank,A3006001,17.419719,78.441559,TELANGANA,Hyderabad, , 
Bank Of India,IHY8014,17.4198,78.4309,TELANGANA,Hyderabad, ,500035
ICICI Bank Ltd,SACWN892,17.419853,78.515838,TELANGANA,Hyderabad, , 
ICICI Bank Ltd,SACWG774,17.419853,78.515838,TELANGANA,Hyderabad, , 
Canara Bank,0878W008,17.4199,78.518142,TELANGANA,Hyderabad, , 
ICICI Bank Ltd,SPCNG338,17.419917,78.560044,TELANGANA,Medchal Malkajgiri,UPPAL, 
Union Bank Of India,WHYD06301111111,17.419969,78.44699,TELANGANA,Hyderabad,Hyderabad,500034
Union Bank Of India,WHYD13901111111,17.419969,78.44699,TELANGANA,Hyderabad, , 
State Bank Of India,S1BB005916158,17.420089,78.411524,TELANGANA,Hyderabad,SHAIKPET,500046
Union Bank Of India,W1556001,17.4201,78.5821,TELANGANA,Medchal Malkajgiri,HYDERABAD,500039
Union Bank Of India,H1556101,17.4201,78.5821,TELANGANA,Medchal Malkajgiri,HYDERABAD,500039
State Bank Of India,S5NC020312621,17.420105,78.489797,TELANGANA,Hyderabad,Lower tank bund, 
State Bank Of India,S5NC011076621,17.420117,78.377147,TELANGANA,Ranga Reddy,MANIKONDA,500008
Union Bank Of India,NHYD90111111111,17.498119,78.40728,TELANGANA,Medchal Malkajgiri, , 
Dhanlaxmi Bank,DHY12208,17.420121,78.492443,TELANGANA,Hyderabad, , 
ICICI Bank Ltd,SACWC754,17.420126,78.522268,TELANGANA,Hyderabad,Tarnaka, 
State Bank Of India,S1NW002714066,17.420155,78.510242,TELANGANA,Hyderabad,Hyderabad, 
Union Bank Of India,N1839001,17.42016,78.334451,TELANGANA,Ranga Reddy,HYDERABAD,500032
Union Bank Of India,H1839101,17.4202,78.3345,TELANGANA,Ranga Reddy,HYDERABAD,500032
Union Bank Of India,N1839004,17.4202,78.3345,TELANGANA,Ranga Reddy,HYDERABAD,500032
ICICI Bank Ltd,SACWF617,17.420384,78.348487,TELANGANA,Ranga Reddy,Hyderabad, 
Punjab National Bank,N2363200,17.4204,78.458,TELANGANA,Hyderabad,RANGAREDDY, 
Kotak Mahindra Bank Limited,HYON1424,17.420417,78.411306,TELANGANA,Hyderabad,Hyderabad,500096
HDFC Bank Ltd,P1DCHY86,17.4205,78.4507,TELANGANA,Hyderabad,Hyderabad,NULL
ICICI Bank Ltd,SACWG474,17.420515,78.339308,TELANGANA,Ranga Reddy,Hyderabad, 
ICICI Bank Ltd,SACWN885,17.420564,78.446121,TELANGANA,Hyderabad, , 
Bank Of India,AHY9007,17.420679,78.44402,TELANGANA,Hyderabad, , 
Punjab National Bank,AP0F026U,17.4207,78.4986,TELANGANA,Hyderabad,Hyderabad, 
RBL Bank Ltd,RE411001,17.42071,78.402955,TELANGANA,Hyderabad,HYDERABAD, 
State Bank Of India,T1NH000916205,17.420721,78.517775,TELANGANA,Hyderabad,HYDERABAD, 
Punjab National Bank,DA110031,17.420775,78.40387,TELANGANA,Hyderabad, , 
State Bank Of India,S1NG000847019,17.420786,78.456211,TELANGANA,Hyderabad,HYDERABAD, 
State Bank Of India,T1NW005916247,17.420834,78.423329,TELANGANA,Hyderabad,Khairatabad, 
City Union Bank Ltd,CUBFI909,17.420876,78.582429,TELANGANA,Medchal Malkajgiri,HYDERABAD,500050
HDFC Bank Ltd,S1ANHD35,17.4209,78.5434,TELANGANA,Medchal Malkajgiri,Hyderabad,NULL
Union Bank Of India,N1404003,17.421,78.4027,TELANGANA,Hyderabad,HYDERABAD,500034
Union Bank Of India,Y1404101,17.421,78.4027,TELANGANA,Hyderabad,HYDERABAD,500034
HDFC Bank Ltd,P1DCHY28,17.421,78.4521,TELANGANA,Hyderabad,Hyderabad,NULL
Axis Bank Ltd,APCN02708,17.4210528,78.5235607,TELANGANA,Hyderabad,0,500017
HDFC Bank Ltd,P3FNHY51,17.421101,78.564775,TELANGANA,Medchal Malkajgiri,HYDERABAD, 
State Bank Of India,T1NW005916271,17.421141,78.432339,TELANGANA,Hyderabad,Khairatabad, 
HDFC Bank Ltd,S1AWHY25,17.4212,78.4307,TELANGANA,Hyderabad,Hyderabad,NULL
Union Bank Of India,H0031101,17.4212,78.5026,TELANGANA,Hyderabad,HYDERABAD,500025
Union Bank Of India,W0031002,17.4212,78.5026,TELANGANA,Hyderabad,HYDERABAD,500025
Union Bank Of India,W1514002,17.421249,78.434135,TELANGANA,Hyderabad,HYDERABAD,500034
ICICI Bank Ltd,SACWC596,17.421285,78.564071,TELANGANA,Medchal Malkajgiri, , 
Canara Bank,8787692,17.421374,78.522283,TELANGANA,Hyderabad, , 
Canara Bank,0878W026,17.421374,78.522283,TELANGANA,Hyderabad, , 
Union Bank Of India,W1194002,17.4214,78.4927,TELANGANA,Hyderabad,HYDERABAD,500080
Union Bank Of India,H1194101,17.4214,78.4927,TELANGANA,Hyderabad,HYDERABAD,500080
HDFC Bank Ltd,P3ENHY80,17.421456,78.521709,TELANGANA,Hyderabad, , 
ICICI Bank Ltd,SPCNH744,17.421471,78.350629,TELANGANA,Ranga Reddy,Hyderabad, 
Canara Bank,B3056001,17.421508,78.409436,TELANGANA,Hyderabad, , 
State Bank Of India,S1NG000916009,17.42152,78.518977,TELANGANA,Hyderabad,hyderabad, 
Kotak Mahindra Bank Limited,HYON1100,17.421537,78.356222,TELANGANA,Ranga Reddy,Hyderabad,500032
HDFC Bank Ltd,P3ENHE69,17.421592,78.520406,TELANGANA,Hyderabad,HYDERABAD, 
Union Bank Of India,Y1326101,17.4216,78.4554,TELANGANA,Hyderabad,HYDERABAD,501401
ICICI Bank Ltd,SACWM081,17.421739,78.504096,TELANGANA,Hyderabad, , 
ICICI Bank Ltd,SACWJ249,17.421741,78.504123,TELANGANA,Hyderabad,Hyderabad, 
Axis Bank Ltd,DPRH119503,17.42175,78.54461,TELANGANA,Medchal Malkajgiri,HYDERABAD, 
IDBI Bank Ltd,ID029713,17.42176,78.504035,TELANGANA,Hyderabad,Hyderabad,500025
HDFC Bank Ltd,S1ANHY30,17.4218,78.3384,TELANGANA,Ranga Reddy,Hyderabad,NULL
Axis Bank Ltd,CECN89024,17.421799,78.5615,TELANGANA,Medchal Malkajgiri, , 
ICICI Bank Ltd,SFCNM718,17.421827,78.500701,TELANGANA,Hyderabad, , 
Axis Bank Ltd,DPRH111203,17.421899,78.5169,TELANGANA,Hyderabad,HYDERABAD, 
State Bank Of India,T1NF002714137,17.421979,78.5808,TELANGANA,Medchal Malkajgiri,HYDERABAD, 
Axis Bank Ltd,DWRO111204,17.421989,78.501431,TELANGANA,Hyderabad,"MUSHEERABAD, HYDERABAD", 
Axis Bank Ltd,TWRO111201,17.42199,78.501429,TELANGANA,Hyderabad,HYDERABAD, 
ICICI Bank Ltd,SACWC554,17.422024,78.431558,TELANGANA,Hyderabad,Hyderabad, 
State Bank Of India,S1BB018276001,17.422051,78.466647,TELANGANA,Hyderabad,Hyderabad, 
HDFC Bank Ltd,S1ANAP41,17.4221,78.3388,TELANGANA,Ranga Reddy,Hyderabad,NULL
Union Bank Of India,W1079002,17.4221,78.4525,TELANGANA,Hyderabad,HYDERABAD,500082
Union Bank Of India,H1079101,17.4221,78.4525,TELANGANA,Hyderabad,HYDERABAD,500082
Axis Bank Ltd,CPRH89003,17.422139,78.58263,TELANGANA,Medchal Malkajgiri,HYDERABAD, 
Axis Bank Ltd,APCN89026,17.42214,78.58263,TELANGANA,Medchal Malkajgiri,0,500039
State Bank Of India,S1N6000847217,17.422169,78.524521,TELANGANA,Hyderabad,Hyderabad, 
State Bank Of India,S1BB020072003,17.422294,78.454519,TELANGANA,Hyderabad,AMEERPET, 
State Bank Of India,T1BS000916283,17.42236,78.50157,TELANGANA,Hyderabad,Musheerabad, 
Union Bank Of India,N0545007,17.4224,78.5113,TELANGANA,Hyderabad,HYDERABAD,500061
State Bank Of India,S1NB000847569,17.422432,78.543532,TELANGANA,Medchal Malkajgiri,Hyderabad, 
HDFC Bank Ltd,P1DCHD53,17.4225,78.4937,TELANGANA,Hyderabad,Hyderabad,NULL
IndusInd Bank,MC032001,17.42251,78.46216,TELANGANA,Hyderabad,Hyderabad,500082
State Bank Of India,S1BW018047001,17.422569,78.347672,TELANGANA,Ranga Reddy,HYDERABAD, 
Indian Overseas Bank,IOBD4392,17.42257,78.790899,TELANGANA,Yadadri Bhuvanagiri, , 
Union Bank Of India,NHYD15611111111,17.42258,78.51688,TELANGANA,Hyderabad,Hyderabad,500061
HDFC Bank Ltd,P1DCHY40,17.4226,78.4938,TELANGANA,Hyderabad,Hyderabad,NULL
Axis Bank Ltd,CPRH73303,17.422621,78.381458,TELANGANA,Ranga Reddy,HYDERABAD, 
State Bank Of India,S1BW015778001,17.422629,78.347625,TELANGANA,Ranga Reddy,HYDERABAD, 
Lakshmi Vilas Bank Ltd,001DM196,17.422639,0.0,TELANGANA,Medchal Malkajgiri, , 
State Bank Of India,T1NF002714126,17.422658,78.546496,TELANGANA,Medchal Malkajgiri,HYDERABAD, 
State Bank Of India,T1NW000916248,17.422679,78.540235,TELANGANA,Medchal Malkajgiri,HYDERABAD, 
State Bank Of India,S1BJ002714082,17.42278,78.58111,TELANGANA,Medchal Malkajgiri,RANGAREDDY,500027
Canara Bank,18105617,17.42279,79.11534,TELANGANA,Yadadri Bhuvanagiri,MUNAGALA,508233
Axis Bank Ltd,DPRH306302,17.4228,78.338899,TELANGANA,Ranga Reddy,HYDERABAD, 
HDFC Bank Ltd,P1EWHY04,17.4228,78.5453,TELANGANA,Medchal Malkajgiri,Hyderabad,NULL
ICICI Bank Ltd,SCVDL865,17.422817,78.581596,TELANGANA,Medchal Malkajgiri, , 
HDFC Bank Ltd,S1ACHB69,17.4229,78.411,TELANGANA,Hyderabad,Hyderabad,NULL
HDFC Bank Ltd,S1ANHD19,17.4229,78.411,TELANGANA,Hyderabad,Hyderabad,NULL
Union Bank Of India,N0545008,17.422913,78.501541,TELANGANA,Hyderabad,HYDERABAD, 
Canara Bank,A3008001,17.422954,78.454964,TELANGANA,Hyderabad, , 
HDFC Bank Ltd,S1ACHY24,17.423,78.3349,TELANGANA,Ranga Reddy,Hyderabad,NULL
South Indian Bank Ltd,07220001,17.423,78.4601,TELANGANA,Hyderabad,Greater Hyderabad,500082
State Bank Of India,S1BB007109002,17.423006,78.547183,TELANGANA,Medchal Malkajgiri,SECUNDERABAD, 
State Bank Of India,S1NW015084001,17.423067,78.426164,TELANGANA,Hyderabad,AMEERPET, 
Canara Bank,A3436001,17.423084,78.545763,TELANGANA,Medchal Malkajgiri, , 
ICICI Bank Ltd,S1CNQ423,17.423099,78.507499,TELANGANA,Hyderabad, , 
Axis Bank Ltd,CPRH02705,17.423149,78.50826,TELANGANA,Hyderabad,HYDERABAD, 
State Bank Of India,S5NE040479621,17.423178,78.445934,TELANGANA,Hyderabad,HYDERABAD, 
ICICI Bank Ltd,S1CNE525,17.423203,78.336718,TELANGANA,Ranga Reddy,Hyderabad, 
State Bank Of India,S1NZ000847141,17.423205,78.547877,TELANGANA,Medchal Malkajgiri,HYDERABAD,500070
Yes Bank Ltd,SHYNC007,17.42321,78.46108,TELANGANA,Hyderabad,Hyderabad, 
ICICI Bank Ltd,SACWH363,17.4232412,78.4540592,TELANGANA,Hyderabad,Hyderabad, 
ICICI Bank Ltd,S1CNI567,17.423263,78.336769,TELANGANA,Ranga Reddy, , 
Canara Bank,B3008001,17.423267,78.45487,TELANGANA,Hyderabad, , 
Kotak Mahindra Bank Limited,HYDBN268,17.423272,78.427827,TELANGANA,Hyderabad,Hyderabad,500034
Kotak Mahindra Bank Limited,HYDBN668,17.423272,78.427827,TELANGANA,Hyderabad,Hyderabad,500033
Union Bank Of India,W0873003,17.4233,78.54648,TELANGANA,Medchal Malkajgiri,HYDERABAD,500076
ICICI Bank Ltd,S1CPS004,17.423301,78.336601,TELANGANA,Ranga Reddy, , 
ICICI Bank Ltd,SACWN869,17.423311,78.494491,TELANGANA,Hyderabad, , 
Indian Overseas Bank,IOB9765,17.423366,78.458189,TELANGANA,Hyderabad,HYDERABAD,0
State Bank Of India,S5NE004159621,17.423389,78.459427,TELANGANA,Hyderabad,HYDERABAD,500004
ICICI Bank Ltd,SACWF635,17.423408,78.460075,TELANGANA,Hyderabad, , 
Union Bank Of India,W0534002,17.423436,78.460267,TELANGANA,Hyderabad,HYDERABAD,500034
Canara Bank,08784599,17.42347,78.459249,TELANGANA,Hyderabad, , 
HDFC Bank Ltd,S1ANHB54,17.4236,78.5336,TELANGANA,Medchal Malkajgiri,Hyderabad,NULL
Union Bank Of India,N0873004,17.4236,78.5467,TELANGANA,Medchal Malkajgiri,HYDERABAD,500076
Union Bank Of India,NHYD12111111111,17.42364,78.57962,TELANGANA,Medchal Malkajgiri,Ranga Reddy,500039
Union Bank Of India,W0534003,17.42365,78.45399,TELANGANA,Hyderabad,HYDERABAD,500034
ICICI Bank Ltd,S1CPS003,17.423664,78.335548,TELANGANA,Ranga Reddy, , 
Union Bank Of India,N0534005,17.4237,78.454,TELANGANA,Hyderabad,HYDERABAD,500034
ICICI Bank Ltd,SACWG750,17.423743,78.379465,TELANGANA,Ranga Reddy,Hyderabad, 
State Bank Of India,S1NB000916018,17.423798,78.522796,TELANGANA,Hyderabad,Hyderabad, 
Union Bank Of India,NHYD00601111111,17.423819,78.452559,TELANGANA,Hyderabad, , 
HDFC Bank Ltd,S1ACHD43,17.4239,78.3784,TELANGANA,Ranga Reddy,Hyderabad,NULL
State Bank Of India,S5NL020063621,17.423901,78.458335,TELANGANA,Hyderabad,KHAIRATABAD, 
Indian Overseas Bank,IOB9997,17.423947,78.510359,TELANGANA,Hyderabad,SECUNDERABAD,0
HDFC Bank Ltd,S1ACHD29,17.424,78.3784,TELANGANA,Ranga Reddy,Hyderabad,NULL
Axis Bank Ltd,CWAW00809,17.4240329,78.4579925,TELANGANA,Hyderabad,0,500082
ICICI Bank Ltd,SACWF673,17.424049,78.453457,TELANGANA,Hyderabad,Hyderabad, 
Punjab National Bank,DA110064,17.424093,78.457387,TELANGANA,Hyderabad, , 
Union Bank Of India,H0490101,17.4241,78.4581,TELANGANA,Hyderabad,HYDERABAD,500004
Lakshmi Vilas Bank Ltd,07051028,17.424127,78.516159,TELANGANA,Hyderabad,Hyderabad, 
Bank Of Baroda,1CRTSHY05,17.424291,78.455252,TELANGANA,Hyderabad,0,500082
Bank Of Baroda,1RDDHYD32,17.424291,78.455252,TELANGANA,Hyderabad,0,500082
HDFC Bank Ltd,S1ACPG47,17.4245,78.4539,TELANGANA,Hyderabad,Hyderabad,NULL
HDFC Bank Ltd,S1ACPG54,17.4245,78.454,TELANGANA,Hyderabad,Hyderabad,NULL
ICICI Bank Ltd,S1VDC039,17.42454,78.455338,TELANGANA,Hyderabad,Hyderabad, 
ICICI Bank Ltd,S1CWI040,17.42454,78.455338,TELANGANA,Hyderabad,Hyderabad, 
HDFC Bank Ltd,S1ANHB39,17.4246,78.4363,TELANGANA,Hyderabad,Hyderabad,NULL
ICICI Bank Ltd,SACWG817,17.424605,78.206285,TELANGANA,Ranga Reddy,Hyderabad, 
State Bank Of India,S1NB000916154,17.424605,78.502372,TELANGANA,Hyderabad,MUSHEERABAD, 
State Bank Of India,S1NG002714006,17.424647,78.547737,TELANGANA,Medchal Malkajgiri,SECUNDERABAD, 
IndusInd Bank,MN050401,17.42465,78.43647,TELANGANA,Hyderabad,Hyderabad,500034
State Bank Of India,S1BB006557001,17.424678,78.535146,TELANGANA,Hyderabad,HYDERABAD, 
Axis Bank Ltd,DPRH324101,17.42468,78.547439,TELANGANA,Medchal Malkajgiri,HYDERABAD, 
ICICI Bank Ltd,S1VDK513,17.424737,78.548088,TELANGANA,Medchal Malkajgiri, , 
State Bank Of India,S1NW020256001,17.424766,78.501973,TELANGANA,Hyderabad,MUSHEERABAD, 
State Bank Of India,S1BB002714002,17.424768,78.535014,TELANGANA,Hyderabad,AMBERPET, 
HDFC Bank Ltd,P3FNHY35,17.424769,78.574841,TELANGANA,Medchal Malkajgiri,HYDERABAD, 
HDFC Bank Ltd,S1ANAN45,17.4248,78.4296,TELANGANA,Hyderabad,Hyderabad,NULL
Federal Bank,CD112401,17.42485,78.45114,TELANGANA,Hyderabad, , 
HDFC Bank Ltd,S1ANHE04,17.42493,78.459007,TELANGANA,Hyderabad, , 
Kotak Mahindra Bank Limited,CHON2681,17.425086,78.457668,TELANGANA,Hyderabad,Hyderabad, 
State Bank Of India,S1BJ005916122,17.425103,78.433175,TELANGANA,Hyderabad,HYDERABAD, 
State Bank Of India,S1BB011661001,17.425179,78.45086,TELANGANA,Hyderabad,AMEERPET, 
HDFC Bank Ltd,S1ANHE23,17.425192,78.399646,TELANGANA,Ranga Reddy,HYDERABAD, 
State Bank Of India,T1BW000916258,17.425193,78.505222,TELANGANA,Hyderabad,HYDERABAD, 
Axis Bank Ltd,CECN89029,17.425269,78.58347,TELANGANA,Medchal Malkajgiri,HYDERABAD, 
Kotak Mahindra Bank Limited,HYDON225,17.425428,78.435513,TELANGANA,Hyderabad,Hyderabad,500034
South Indian Bank Ltd,07420001,17.4255,78.7093,TELANGANA,Medchal Malkajgiri,Edulabad,501301
ICICI Bank Ltd,S1CNP239,17.4255,78.346199,TELANGANA,Ranga Reddy, , 
Axis Bank Ltd,BPRH137902,17.425789,78.437849,TELANGANA,Hyderabad,HYDERABAD, 
Axis Bank Ltd,DPRH137903,17.425789,78.437849,TELANGANA,Hyderabad,HYDERABAD, 
HDFC Bank Ltd,S1AWPM51,17.4258,78.5067,TELANGANA,Hyderabad,Hyderabad,NULL
HDFC Bank Ltd,S1ANPM70,17.4258,78.5067,TELANGANA,Hyderabad,Hyderabad,NULL
ICICI Bank Ltd,S1CNP999,17.4258,78.514999,TELANGANA,Hyderabad, , 
ICICI Bank Ltd,SFCNQ805,17.4258,78.514999,TELANGANA,Hyderabad, , 
State Bank Of India,S1BW002714106,17.425831,78.709647,TELANGANA,Medchal Malkajgiri,SAIDABAD, 
State Bank Of India,T1BW000916255,17.425936,78.269527,TELANGANA,Ranga Reddy,HYDERABAD, 
HDFC Bank Ltd,S1ACHD51,17.426,78.4531,TELANGANA,Hyderabad,Hyderabad,NULL
HDFC Bank Ltd,S1ANMR68,17.426,78.457,TELANGANA,Hyderabad,Hyderabad,NULL
HDFC Bank Ltd,P1ENHD32,17.426,78.457,TELANGANA,Hyderabad,Hyderabad,NULL
Indusind Bank,MN190001,17.426007,78.450501,TELANGANA,Hyderabad,Hyderabad, 
State Bank Of India,S1NB018851001,17.42602,78.421319,TELANGANA,Hyderabad,AMEERPET, 
State Bank Of India,S5NE013032621,17.42611,78.37889,TELANGANA,Ranga Reddy,RANGAREDDY,500089
State Bank Of India,S5NE020072621,17.426194,78.451992,TELANGANA,Hyderabad,HYDERABAD, 
Indian Bank,AAA2889A,17.426209,78.414326,TELANGANA,Hyderabad,hyderabad, 
Axis Bank Ltd,DPRH111202,17.426209,78.52355,TELANGANA,Hyderabad,HYDERABAD, 
State Bank Of India,S1BB002714012,17.42622,78.579013,TELANGANA,Medchal Malkajgiri,GHMC, 
Canara Bank,0878W038,17.42626,78.51506,TELANGANA,Hyderabad, , 
Kotak Mahindra Bank Limited,HYDBN016,17.426339,78.453106,TELANGANA,Hyderabad,Hyderabad,500082
State Bank Of India,S1NG002772001,17.426352,78.509309,TELANGANA,Hyderabad,Hyderabad, 
Axis Bank Ltd,DWCW324108,17.42637,78.55358,TELANGANA,Medchal Malkajgiri,HYDERABAD, 
Union Bank Of India,N0641001,17.4264,79.9872,TELANGANA,Mahabubabad,KOMPALLI SEROLE,506105
Indusind Bank,MN166401,17.42645,78.432533,TELANGANA,Hyderabad,Hyderabad, 
State Bank Of India,T1NY005916255,17.4265,78.4171,TELANGANA,Hyderabad,HYDERABAD, 
Kotak Mahindra Bank Limited,HYBN2686,17.426529,78.45066,TELANGANA,Hyderabad,Hyderabad, 
Kotak Mahindra Bank Limited,HYON9304,17.42654,78.53627,TELANGANA,Hyderabad,Hyderabad,500019
Yes Bank Ltd,SFBNA339,17.426582,78.453155,TELANGANA,Hyderabad,Hyderabad, 
Axis Bank Ltd,APRH42504,17.42661,78.44517,TELANGANA,Hyderabad,HYDERABAD, 
Axis Bank Ltd,CPRH42505,17.42661,78.44517,TELANGANA,Hyderabad,HYDERABAD, 
Axis Bank Ltd,CPRH42510,17.42661,78.44517,TELANGANA,Hyderabad,HYDERABAD, 
Lakshmi Vilas Bank Ltd,001DM180,17.42661,0.0,TELANGANA,Hyderabad, , 
ICICI Bank Ltd,S1CNC171,17.426622,78.450712,TELANGANA,Hyderabad,Hyderabad, 
ICICI Bank Ltd,S1CWI710,17.426622,78.450712,TELANGANA,Hyderabad,Hyderabad, 
ICICI Bank Ltd,SACWG005,17.426642,78.376081,TELANGANA,Ranga Reddy,Hyderabad, 
State Bank Of India,S1BW005916109,17.426721,78.416663,TELANGANA,Hyderabad,RANGAREDDY,590031
ICICI Bank Ltd,SACWF645,17.426725,78.531723,TELANGANA,Hyderabad,Hyderabad, 
State Bank Of India,S5NL020458622,17.42673,78.41605,TELANGANA,Hyderabad,Hyderabad, 
State Bank Of India,S5NC020458621,17.426733,78.416122,TELANGANA,Hyderabad,Hyderabad, 
Bank Of Baroda,1FNHYD81,17.426795,78.519316,TELANGANA,Hyderabad, ,500038
State Bank Of India,S1N6000847316,17.426796,78.512209,TELANGANA,Hyderabad,HIMAYATHNAGAR, 
Canara Bank,18252357,17.426797,78.45248,TELANGANA,Hyderabad, , 
Central Bank Of India,W11F08131S,17.4268,78.519319,TELANGANA,Hyderabad,Seetaphalmandi, 
Union Bank Of India,CBTD206640,17.42682,78.44925,TELANGANA,Hyderabad,HYDERABAD,500082
Axis Bank Ltd,SPCN02725,17.426889,78.517179,TELANGANA,Hyderabad,SECUNDERABAD, 
ICICI Bank Ltd,SFCNM494,17.42695,78.518447,TELANGANA,Hyderabad, , 
State Bank Of India,T1BW000916260,17.427103,78.506497,TELANGANA,Hyderabad,HYDERABAD, 
Bank Of Baroda,1CRTSHY06,17.427186,78.538734,TELANGANA,Hyderabad, ,500017
Bank Of Baroda,1RDNHYD35,17.427186,78.538734,TELANGANA,Hyderabad, ,500017
Bank Of Baroda,1RDNHYD46,17.427186,78.538734,TELANGANA,Hyderabad, ,500017
Union Bank Of India,W0218004,17.4272,78.4157,TELANGANA,Hyderabad,HYDERABAD,500033
Union Bank Of India,H0218101,17.4272,78.4157,TELANGANA,Hyderabad,HYDERABAD,500033
Union Bank Of India,N1325003,17.4272,78.4159,TELANGANA,Hyderabad,HYDERABAD,500033
Union Bank Of India,B1325101,17.4272,78.4159,TELANGANA,Hyderabad,HYDERABAD,500033
Union Bank Of India,N1325002,17.4272,78.4159,TELANGANA,Hyderabad,HYDERABAD,500033
IDFC Bank,IN802031,17.427209,78.491429,TELANGANA,Hyderabad,Hyderabad, 
State Bank Of India,S1BW005916110,17.42722,78.33167,TELANGANA,Ranga Reddy,RANGAREDDY,500008
Union Bank Of India,W0031004,17.42723,78.51755,TELANGANA,Hyderabad,HYDERABAD,500025
Axis Bank Ltd,DWCW324109,17.427268,78.548675,TELANGANA,Medchal Malkajgiri,GHMC (M CORP. + OG) (PART), 
Axis Bank Ltd,DWCW324107,17.427269,78.54867,TELANGANA,Medchal Malkajgiri,HYDERABAD, 
HDFC Bank Ltd,S1ANHY09,17.4273,78.9376,TELANGANA,Yadadri Bhuvanagiri,Nagireddipalle,NULL
Union Bank Of India,CBTN062301,17.427402,78.538956,TELANGANA,Hyderabad, , 
Union Bank Of India,COBA062301,17.427402,78.538957,TELANGANA,Hyderabad,Tarnaka, 
State Bank Of India,S1NB020940001,17.427459,78.442047,TELANGANA,Hyderabad,AMEERPET, 
Union Bank Of India,W1006001,17.4275,78.4568,TELANGANA,Hyderabad,HYDERABAD,500082
Union Bank Of India,Y1006101,17.427499,78.4568,TELANGANA,Hyderabad,HYDERABAD-I, 
HDFC Bank Ltd,P3ECHY03,17.427559,78.546839,TELANGANA,Medchal Malkajgiri, , 
HDFC Bank Ltd,S1ANHD89,17.4276,78.4568,TELANGANA,Hyderabad,Hyderabad,NULL
State Bank Of India,S1NB005916001,17.427624,78.446347,TELANGANA,Hyderabad,Hyderabad, 
State Bank Of India,S1BW000847455,17.42763,78.45737,TELANGANA,Hyderabad,HYDERABAD,500004
Lakshmi Vilas Bank Ltd,004DM297,17.427729,0.0,TELANGANA,Hyderabad, , 
Bank Of Baroda,1FDRGR09,17.427779,78.55116,TELANGANA,Medchal Malkajgiri,RANGAREDDY,500076
Bank Of Baroda,1CRTSRA01,17.427779,78.55116,TELANGANA,Medchal Malkajgiri,0,500076
State Bank Of India,S5NC003257621,17.42778,78.43167,TELANGANA,Hyderabad,HYDERABAD,500073
Axis Bank Ltd,APCN02714,17.4278117,78.539555,TELANGANA,Hyderabad,0,500017
Bank Of Baroda,1FNRGR02,17.427866,78.551206,TELANGANA,Medchal Malkajgiri, ,500076
State Bank Of India,S5NC011660621,17.427883,78.497404,TELANGANA,Hyderabad,Hyderabad, 
Union Bank Of India,COBA059101,17.4279,78.413,TELANGANA,Hyderabad,SECUNDERABAD,500033
State Bank Of India,S1NB011660003,17.427904,78.498713,TELANGANA,Hyderabad,Hyderabad, 
State Bank Of India,S5NE002772621,17.427928,78.509567,TELANGANA,Hyderabad,Hyderabad, 
HDFC Bank Ltd,E1ACHD02,17.428,78.4527,TELANGANA,Hyderabad,Hyderabad,NULL
HDFC Bank Ltd,S1AWHY09,17.428,78.4527,TELANGANA,Hyderabad,Hyderabad,NULL
Union Bank Of India,DHYD01901111111,17.42808,78.51694,TELANGANA,Hyderabad,Hyderabad,500025
State Bank Of India,S5NE006130621,17.428085,78.414116,TELANGANA,Hyderabad,AMEERPET, 
State Bank Of India,S1NB000847570,17.428097,78.528662,TELANGANA,Hyderabad,AMBERPET, 
Union Bank Of India,W0545006,17.4281,78.517,TELANGANA,Hyderabad,HYDERABAD,500061
Union Bank Of India,H0545101,17.4281,78.517,TELANGANA,Hyderabad,HYDERABAD,500061
ICICI Bank Ltd,S1CNP197,17.428113,78.550857,TELANGANA,Medchal Malkajgiri, , 
ICICI Bank Ltd,SACWH963,17.428171,78.550827,TELANGANA,Medchal Malkajgiri, , 
HDFC Bank Ltd,S1ANHY36,17.4282,78.4133,TELANGANA,Hyderabad,Hyderabad,NULL
State Bank Of India,S5NC002788621,17.42833,78.48778,TELANGANA,Hyderabad,HYDERABAD,500003
Canara Bank,A3030001,17.428413,78.490109,TELANGANA,Hyderabad, , 
ICICI Bank Ltd,SPCNQ928,17.428432,78.497451,TELANGANA,Hyderabad, , 
State Bank Of India,S1BB018852001,17.428438,78.44976,TELANGANA,Hyderabad,Hyderabad, 
State Bank Of India,S1BW020544001,17.428454,77.967103,TELANGANA,Vikarabad,NAWABPET, 
IndusInd Bank,MC057001,17.42846,78.5341,TELANGANA,Hyderabad,Hyderabad,500017
ICICI Bank Ltd,S1VDK511,17.428499,78.4132,TELANGANA,Hyderabad, , 
ICICI Bank Ltd,S1CPS107,17.428499,78.4132,TELANGANA,Hyderabad, , 
RBL Bank Ltd,RE260001,17.428499,78.489299,TELANGANA,Hyderabad,SECUNDERABAD, 
HDFC Bank Ltd,P1ENHD03,17.4285,78.5162,TELANGANA,Hyderabad,Secunderabad,NULL
Axis Bank Ltd,CPRH02707,17.428499,78.5509,TELANGANA,Medchal Malkajgiri,SECUNDERABAD, 
Axis Bank Ltd,CPRH02706,17.428499,78.5509,TELANGANA,Medchal Malkajgiri,SECUNDERABAD, 
ICICI Bank Ltd,S1VDC025,17.428509,78.413212,TELANGANA,Hyderabad,Hyderabad, 
HDFC Bank Ltd,P3ENHY64,17.428539,78.42893,TELANGANA,Hyderabad, , 
HDFC Bank Ltd,S1ANHE16,17.428598,78.533448,TELANGANA,Hyderabad,HYDERABAD, 
Canara Bank,A3056001,17.4286,78.409,TELANGANA,Hyderabad,HYDERABAD,500034
HDFC Bank Ltd,S1ACHD62,17.4286,78.5335,TELANGANA,Hyderabad,Hyderabad,NULL
State Bank Of India,S1BJ002714089,17.42861,78.53306,TELANGANA,Hyderabad,MAHBUBNAGAR,500038
Bank Of Baroda,1RDNHYD04,17.428703,78.414612,TELANGANA,Hyderabad,HYDERABAD,500033
Bank Of Baroda,1CRTSHY03,17.428703,78.414612,TELANGANA,Hyderabad, ,500033
State Bank Of India,S1NB002714008,17.428703,78.548533,TELANGANA,Medchal Malkajgiri,HYDERABAD, 
Indusind Bank,MN168901,17.428722,78.437726,TELANGANA,Hyderabad,Hyderabad, 
Karur Vysya Bank Ltd,S1AC0141003,17.42880609,78.48908395,TELANGANA,Hyderabad,SECUNDERABAD,500003
Karur Vysya Bank Ltd,S1AC0141001,17.42880609,78.48908395,TELANGANA,Hyderabad,SECUNDERABAD,500003
Union Bank Of India,WHYD11401111111,17.401249,78.508939,TELANGANA,Hyderabad, , 
Punjab National Bank,N1316000,17.42898,78.44224,TELANGANA,Hyderabad,HYDERABAD,500015
ICICI Bank Ltd,S1CNQ235,17.42901,78.41603,TELANGANA,Hyderabad, , 
Union Bank Of India,DHYD02601111111,17.42901,78.42797,TELANGANA,Hyderabad,Hyderabad,500073
State Bank Of India,S1NG000916039,17.429052,78.526424,TELANGANA,Hyderabad,Secunderabad, 
ICICI Bank Ltd,SACWC755,17.429056,78.325317,TELANGANA,Ranga Reddy, , 
ICICI Bank Ltd,SACWH214,17.429056,78.325317,TELANGANA,Ranga Reddy, , 
Canara Bank,0878E035,17.429083,78.428156,TELANGANA,Hyderabad, , 
Punjab National Bank,DA110018,17.429091,78.4915,TELANGANA,Hyderabad, , 
Indian Overseas Bank,IOBD9541,17.429168,78.362035,TELANGANA,Ranga Reddy, , 
ICICI Bank Ltd,S1CNI830,17.429196,78.527256,TELANGANA,Hyderabad,Secunderabad, 
HDFC Bank Ltd,P1DCHY54,17.4292,78.4907,TELANGANA,Hyderabad,Secunderabad,NULL
Lakshmi Vilas Bank Ltd,06770271,17.429219,78.49075,TELANGANA,Hyderabad,Hyderabad, 
Union Bank Of India,W1403002,17.4293,78.4286,TELANGANA,Hyderabad,HYDERABAD,500073
Union Bank Of India,W1403001,17.4293,78.4286,TELANGANA,Hyderabad,HYDERABAD,500073
Union Bank Of India,H1403101,17.4293,78.4286,TELANGANA,Hyderabad,HYDERABAD,500073
Union Bank Of India,W2532001,17.4293,78.4879,TELANGANA,Hyderabad,SECUNDERABAD,500003
Union Bank Of India,Y2532101,17.4293,78.4879,TELANGANA,Hyderabad,SECUNDERABAD,500003
Lakshmi Vilas Bank Ltd,006DM671,17.429299,0.0,TELANGANA,Hyderabad, , 
Union Bank Of India,W2354001,17.4293,78.534,TELANGANA,Hyderabad,HYDERABAD,500017
RBL Bank Ltd,RE376001,17.429309,78.455549,TELANGANA,Hyderabad,HYDERABAD, 
State Bank Of India,T1NH000916204,17.429321,78.411523,TELANGANA,Hyderabad,HYDERABAD, 
Central Bank Of India,SCDH51271S,17.429325,78.514358,TELANGANA,Hyderabad,HYDERABAD, 
Central Bank Of India,SCDH081301,17.429325,78.514358,TELANGANA,Hyderabad,SCDH081301, 
Union Bank Of India,N0578004,17.429364,78.534039,TELANGANA,Hyderabad,HYDERABAD,500017
Union Bank Of India,W0578003,17.4294,78.534,TELANGANA,Hyderabad,HYDERABAD,500017
Union Bank Of India,H0578101,17.4294,78.534,TELANGANA,Hyderabad,HYDERABAD,500017
Bank Of Baroda,1FDHYD50,17.4294205,78.5150296,TELANGANA,Hyderabad,HYDERABAD,500061
Bank Of Baroda,1FNHYD42,17.4294205,78.5150296,TELANGANA,Hyderabad,SECUNDERABAD,500061
Bank Of Baroda,3CRAPHY03,17.4294205,78.5150296,TELANGANA,Hyderabad, ,500061
Axis Bank Ltd,DWCW190709,17.429486,78.456221,TELANGANA,Hyderabad, , 
Axis Bank Ltd,MWCW190710,17.42949,78.45622,TELANGANA,Hyderabad,BEGUMPET, 
Union Bank Of India,N0505007,17.429495,78.48851,TELANGANA,Hyderabad,SECUNDERABAD,500003
Axis Bank Ltd,APRH02704,17.429495,78.526807,TELANGANA,Hyderabad, , 
Union Bank Of India,H0207101,17.4295,78.4884,TELANGANA,Hyderabad,HYDERABAD,500003
Union Bank Of India,N0207004,17.4295,78.4884,TELANGANA,Hyderabad,HYDERABAD,500003
Union Bank Of India,W0505006,17.4295,78.4885,TELANGANA,Hyderabad,SECUNDERABAD,500003
Union Bank Of India,H0505101,17.4295,78.4885,TELANGANA,Hyderabad,SECUNDERABAD,500003
Union Bank Of India,N0505011,17.4295,78.4897,TELANGANA,Hyderabad,SECUNDERABAD,500003
State Bank Of India,S1NZ000847129,17.429506,78.427669,TELANGANA,Hyderabad,Hyderabad, 
Union Bank Of India,NHYD10411111111,17.429529,78.55261,TELANGANA,Medchal Malkajgiri, , 
ICICI Bank Ltd,S1CPS016,17.429584,78.434562,TELANGANA,Hyderabad, , 
ICICI Bank Ltd,S1VDK397,17.429584,78.434562,TELANGANA,Hyderabad, , 
State Bank Of India,S1NB002714005,17.429649,78.533956,TELANGANA,Hyderabad,Hyderabad, 
Punjab National Bank,DA110067,17.429661,78.505031,TELANGANA,Hyderabad, , 
ICICI Bank Ltd,SACWE958,17.429676,78.42688,TELANGANA,Hyderabad,Hyderabad, 
HDFC Bank Ltd,S1ACSB12,17.4297,78.5045,TELANGANA,Hyderabad,Hyderabad,NULL
Union Bank Of India,DHYD09801111111,17.42972,78.44953,TELANGANA,Hyderabad,Ranga Reddy,500019
ICICI Bank Ltd,S1CWK358,17.4298,78.504699,TELANGANA,Hyderabad, , 
ICICI Bank Ltd,S1CWK358,17.4298,78.504699,TELANGANA,Hyderabad, , 
Kotak Mahindra Bank Limited,HYBW1443,17.4298195,78.4905545,TELANGANA,Hyderabad,Hyderabad,500003
ICICI Bank Ltd,S1CWI510,17.429857,78.504793,TELANGANA,Hyderabad,Secunderabad, 
Union Bank Of India,W0543005,17.4299,78.4415,TELANGANA,Hyderabad,HYDERABAD,500073
Union Bank Of India,H0543101,17.4299,78.4415,TELANGANA,Hyderabad,HYDERABAD,500073
IDFC Bank,IN802020,17.429906,78.411416,TELANGANA,Hyderabad,Hyderabad, 
IDFC Bank,IN802010,17.429906,78.411416,TELANGANA,Hyderabad,Hyderabad, 
IDFC Bank,IN802020,17.429906,78.411416,TELANGANA,Hyderabad,HYDERABAD, 
Bank Of Baroda,1RDWHYD38,17.42993,78.44572,TELANGANA,Hyderabad,HYDERABAD,500073
State Bank Of India,T1BS000916302,17.42994,78.429939,TELANGANA,Hyderabad,HYDERABAD, 
Kotak Mahindra Bank Limited,HYON1858,17.429943,78.449542,TELANGANA,Hyderabad,Hyderabad,500062
ICICI Bank Ltd,SECNM776,17.42995,78.431434,TELANGANA,Hyderabad, , 
RBL Bank Ltd,RE331001,17.429959,78.411289,TELANGANA,Hyderabad,HYDERABAD, 
State Bank Of India,S1NB000916003,17.42999,78.43885,TELANGANA,Hyderabad,HYDERABAD,500015
HDFC Bank Ltd,S1ANHD69,17.43,78.4423,TELANGANA,Hyderabad,Hyderabad,NULL
State Bank Of India,S1BB000847008,17.43,78.449772,TELANGANA,Hyderabad,AMEERPET, 
State Bank Of India,S1BB000847015,17.430006,78.449796,TELANGANA,Hyderabad,AMEERPET, 
Axis Bank Ltd,CPRH28905,17.430049,78.446249,TELANGANA,Hyderabad,AMEERPET, 
State Bank Of India,S1BB004155001,17.430071,78.438658,TELANGANA,Hyderabad,HYDERABAD, 
State Bank Of India,S5NL020077622,17.430084,78.393549,TELANGANA,Ranga Reddy,HYDERABAD, 
South Indian Bank Ltd,05070002,17.4301,78.439,TELANGANA,Hyderabad,Greater Hyderabad,500073
State Bank Of India,S1NG002788001,17.430128,78.492868,TELANGANA,Hyderabad,Hyderabad, 
Kotak Mahindra Bank Limited,HYBD2270,17.43016,78.441243,TELANGANA,Hyderabad,Hyderabad, 
Punjab National Bank,N1994300,17.4302,78.4093,TELANGANA,Hyderabad,HYDERABAD,500033
ICICI Bank Ltd,S1CNP955,17.430244,78.42559,TELANGANA,Hyderabad, , 
ICICI Bank Ltd,S1CW5579,17.430245,78.425594,TELANGANA,Hyderabad,Hyderabad, 
Indian Bank,S1AS0521,17.4302521,78.4391865,TELANGANA,Hyderabad,HYDERABAD,500073
Punjab National Bank,WC110042,17.430298,78.435247,TELANGANA,Hyderabad, , 
ICICI Bank Ltd,SACWC557,17.430394,78.511749,TELANGANA,Hyderabad,Secunderabad, 
HDFC Bank Ltd,S1ANTX61,17.4304,78.4253,TELANGANA,Hyderabad,Hyderabad,NULL
IndusInd Bank,MW000434,17.430499,78.444517,TELANGANA,Hyderabad,Hyderabad,500073
HDFC Bank Ltd,S1ANWB35,17.4305,78.4253,TELANGANA,Hyderabad,Hyderabad,NULL
Axis Bank Ltd,LWCW06819,17.43054,78.47939,TELANGANA,Hyderabad,SECUNDERABAD, 
Axis Bank Ltd,CWRO06810,17.43054,78.47939,TELANGANA,Hyderabad,SECUNDERABAD, 
Union Bank Of India,NHYD10211111111,17.43055,78.51079,TELANGANA,Hyderabad,Hyderabad,500020
Yes Bank Ltd,SJUPB481,17.43057,78.40802,TELANGANA,Hyderabad,Hyderabad, 
Axis Bank Ltd,CPRH42507,17.4307,78.428369,TELANGANA,Hyderabad,HYDERABAD, 
State Bank Of India,S1BW005916135,17.430776,78.409445,TELANGANA,Hyderabad,Hyderabad, 
State Bank Of India,S1N6000847285,17.430808,78.488459,TELANGANA,Hyderabad,SECUNDERABAD, 
Axis Bank Ltd,APRH00805,17.43084,78.455699,TELANGANA,Hyderabad,HYDERABAD, 
Axis Bank Ltd,CPRH00809,17.43084,78.455699,TELANGANA,Hyderabad,HYDERABAD, 
Axis Bank Ltd,CWCW00812,17.43086167,78.44618333,TELANGANA,Hyderabad,0,500016
Axis Bank Ltd,LWCW00852,17.430862,78.446182,TELANGANA,Hyderabad, , 
ICICI Bank Ltd,S1CNQ650,17.430866,78.44873,TELANGANA,Hyderabad, , 
ICICI Bank Ltd,S1VDB880,17.43086668,78.44873157,TELANGANA,Hyderabad,Hyderabad, 
Axis Bank Ltd,BPRH146301,17.43088,78.407619,TELANGANA,Hyderabad,HYDERABAD, 
ICICI Bank Ltd,S1CNP124,17.430938,78.449165,TELANGANA,Hyderabad, , 
State Bank Of India,T1NY000916208,17.431146,78.505193,TELANGANA,Hyderabad,HYDERABAD, 
ICICI Bank Ltd,S1VD7363,17.431179,78.34262,TELANGANA,Ranga Reddy,Hyderabad, 
State Bank Of India,S1BB011745001,17.431188,78.424136,TELANGANA,Hyderabad,Hyderabad, 
City Union Bank Ltd,CUB01558,17.431333,78.488422,TELANGANA,Hyderabad,SECUNDERABAD,500003
City Union Bank Ltd,CUBFI880,17.431333,78.488422,TELANGANA,Hyderabad,CHENNAI,600100
State Bank Of India,S1N6000847287,17.431381,78.488373,TELANGANA,Hyderabad,SECUNDERABAD, 
State Bank Of India,S1NG020304001,17.43142,78.518034,TELANGANA,Hyderabad,Hyderabad, 
State Bank Of India,T1NW020161052,17.431452,79.924279,TELANGANA,Mahabubabad,Khammam (Urban), 
Punjab National Bank,WC158201,17.431605,78.554065,TELANGANA,Medchal Malkajgiri,HYDERABAD,500076
State Bank Of India,S1NG003257001,17.431676,78.440888,TELANGANA,Hyderabad,KHAIRATABAD, 
HDFC Bank Ltd,S1ANHE28,17.431748,78.406854,TELANGANA,Hyderabad,HYDERABAD, 
ICICI Bank Ltd,S1VDB981,17.431797,78.343187,TELANGANA,Ranga Reddy,Hyderabad, 
ICICI Bank Ltd,S1VDC080,17.431797,78.343187,TELANGANA,Ranga Reddy,Hyderabad, 
ICICI Bank Ltd,S1CNP444,17.4318,78.343002,TELANGANA,Ranga Reddy, , 
ICICI Bank Ltd,S1CNP042,17.4318,78.343002,TELANGANA,Ranga Reddy, , 
ICICI Bank Ltd,S1CWI818,17.4318,78.343002,TELANGANA,Ranga Reddy, , 
State Bank Of India,S5NE012941621,17.431879,78.386313,TELANGANA,Ranga Reddy,GOLCONDA, 
Canara Bank,0878W012,17.432001,78.445185,TELANGANA,Hyderabad, , 
Canara Bank,0878W009,17.432001,78.445185,TELANGANA,Hyderabad, , 
State Bank Of India,S1BW020454002,17.432055,78.548322,TELANGANA,Medchal Malkajgiri,Secunderabad, 
Axis Bank Ltd,APCN89018,17.4321088,78.654944,TELANGANA,Medchal Malkajgiri,0,500088
Karur Vysya Bank Ltd,S1AC0149001,17.432112,78.445945,TELANGANA,Hyderabad,HYDERABAD,500073
Karur Vysya Bank Ltd,S1AC0149002,17.432112,78.445945,TELANGANA,Hyderabad,HYDERABAD,500073
Canara Bank,08787248,17.432119,78.44522,TELANGANA,Hyderabad, , 
ICICI Bank Ltd,S1CWI039,17.432121,78.381431,TELANGANA,Ranga Reddy, , 
Canara Bank,0878WS01,17.432172,78.425361,TELANGANA,Hyderabad, , 
ICICI Bank Ltd,SACWF842,17.432294,78.445075,TELANGANA,Hyderabad,Hyderabad, 
State Bank Of India,S1NB005916169,17.432325,78.381989,TELANGANA,Ranga Reddy,AMEERPET, 
ICICI Bank Ltd,SACWE960,17.432433,78.426085,TELANGANA,Hyderabad,Hyderabad, 
ICICI Bank Ltd,SACWF820,17.432453,78.449314,TELANGANA,Hyderabad,Hyderabad, 
Axis Bank Ltd,SPCN00884,17.432455,78.449239,TELANGANA,Hyderabad, , 
Axis Bank Ltd,CPRH00812,17.432459,78.449239,TELANGANA,Hyderabad,HYDERABAD, 
ICICI Bank Ltd,SACWH172,17.432472,78.387257,TELANGANA,Ranga Reddy,Hyderabad, 
Punjab National Bank,N1875500,17.432523,78.407015,TELANGANA,Hyderabad,Rangareddy, 
Axis Bank Ltd,DECN338601,17.432523,78.407014,TELANGANA,Hyderabad, , 
State Bank Of India,T1NW000916159,17.432544,78.446342,TELANGANA,Hyderabad,HYDERABAD, 
State Bank Of India,T1BS002714143,17.43255,78.60215,TELANGANA,Medchal Malkajgiri,HYDERABAD, 
Jammu & Kashmir Bank Ltd,08110595,17.43264,78.49082,TELANGANA,Hyderabad,TELANGANA, 
HDFC Bank Ltd,S1AWHD72,17.4327,78.3868,TELANGANA,Ranga Reddy,Hyderabad,NULL
Karnataka Bank Ltd,KBL14014,17.4327,78.4425,TELANGANA,Hyderabad,Hyderabad,500073
Indian Bank,S1NK2841,17.43272,78.43448,TELANGANA,Hyderabad,HYDERABAD,500004
Punjab National Bank,TS1F511U,17.43273,78.44251,TELANGANA,Hyderabad,hyderabad, 
ICICI Bank Ltd,SACWG775,17.432841,78.36978,TELANGANA,Ranga Reddy,Hyderabad, 
State Bank Of India,S1BG000916028,17.432869,78.48721,TELANGANA,Hyderabad,Secunderabad, 
State Bank Of India,S1NB002714003,17.432895,78.557908,TELANGANA,Medchal Malkajgiri,MALKAJGIRI, 
HDFC Bank Ltd,S1ANRM02,17.4329,78.465,TELANGANA,Hyderabad,Hyderabad,NULL
Kotak Mahindra Bank Limited,HYON2059,17.432917,78.4217156,TELANGANA,Hyderabad,Hyderabad,500045
Central Bank Of India,SCDH38111S,17.432987,78.369766,TELANGANA,Ranga Reddy, , 
Kotak Mahindra Bank Limited,HYON1255,17.432996,78.388267,TELANGANA,Ranga Reddy,Hyderabad, 
State Bank Of India,S1NB022018001,17.433019,78.410822,TELANGANA,Hyderabad,HYDERABAD, 
State Bank Of India,S5NE018851621,17.433034,78.398873,TELANGANA,Ranga Reddy,hyderabad, 
Axis Bank Ltd,AWCW06822,17.433059,78.49687,TELANGANA,Hyderabad,SECUNDERABAD, 
Axis Bank Ltd,AWRO06805,17.433059,78.49687,TELANGANA,Hyderabad,HYDERABAD, 
Axis Bank Ltd,AWCW89037,17.43309,78.59639,TELANGANA,Medchal Malkajgiri,HYDERABAD, 
ICICI Bank Ltd,SACWJ231,17.433117,78.440074,TELANGANA,Hyderabad,Hyderabad, 
Axis Bank Ltd,AWCW42515,17.433144,78.423179,TELANGANA,Hyderabad,HYDERABAD, 
Axis Bank Ltd,DECN215711,17.433149,78.51036,TELANGANA,Hyderabad,SECUNDERABAD, 
Central Bank Of India,D11D136501,17.43319,78.494222,TELANGANA,Hyderabad, , 
State Bank Of India,S1BW000916019,17.4332,78.42874,TELANGANA,Hyderabad,HYDERABAD,500038
Canara Bank,45236793,17.433229,78.5544,TELANGANA,Medchal Malkajgiri, , 
Bank Of Baroda,5DEN05613,17.43325,78.493362,TELANGANA,Hyderabad,HYDERABAD,500003
State Bank Of India,T1NW000916194,17.433256,78.652137,TELANGANA,Medchal Malkajgiri,HYDERABAD, 
Indian Overseas Bank,IOB5683,17.433271,78.502451,TELANGANA,Hyderabad,SECUNDERABAD,0
Canara Bank,A3034001,17.433276,78.488833,TELANGANA,Hyderabad, , 
Axis Bank Ltd,SPCN06828,17.43335286,78.48777925,TELANGANA,Hyderabad,0,500003
State Bank Of India,S1BW000916153,17.433397,78.505904,TELANGANA,Hyderabad,HYDERABAD, 
Bank Of India,CHY8002,17.4334,78.4111,TELANGANA,Hyderabad, ,500033
Union Bank Of India,N0505008,17.4334,78.4632,TELANGANA,Hyderabad,SECUNDERABAD,500003
Canara Bank,0878W032,17.433457,78.428326,TELANGANA,Hyderabad, , 
Union Bank Of India,N2354002,17.433522,78.518519,TELANGANA,Hyderabad,HYDERABAD, 
State Bank Of India,T1NW000916245,17.43357,78.424088,TELANGANA,Hyderabad,HYDERABAD, 
HDFC Bank Ltd,S1ANHD83,17.4336,78.3692,TELANGANA,Ranga Reddy,Hyderabad,NULL
State Bank Of India,S1BW003026085,17.433607,78.444615,TELANGANA,Hyderabad,HYDERABAD,500058
Kotak Mahindra Bank Limited,HYON2062,17.433657,78.428051,TELANGANA,Hyderabad,hyderabad,500045
Yes Bank Ltd,SSEPB401,17.43369,78.49356,TELANGANA,Hyderabad,Secunderabad, 
Yes Bank Ltd,SRBNA025,17.43369,78.49356,TELANGANA,Hyderabad,Secunderabad, 
State Bank Of India,T1NW005916207,17.433694,78.446895,TELANGANA,Hyderabad,HYDERABAD, 
HDFC Bank Ltd,P1DCHY55,17.4337,78.4911,TELANGANA,Hyderabad,Secunderabad,NULL
State Bank Of India,S1BW012941002,17.433755,78.388248,TELANGANA,Ranga Reddy,Hyderabad, 
State Bank Of India,S1NB005916019,17.433775,78.38681,TELANGANA,Ranga Reddy,HYDERABAD, 
South Indian Bank Ltd,06930001,17.4338,78.6581,TELANGANA,Medchal Malkajgiri,Annojiguda,500088
State Bank Of India,S1BB012941001,17.433857,78.389342,TELANGANA,Ranga Reddy,Hyderabad, 
ICICI Bank Ltd,SACWJ216,17.433923,78.415686,TELANGANA,Hyderabad,Hyderabad, 
ICICI Bank Ltd,SACWM268,17.433923,78.415679,TELANGANA,Hyderabad, , 
State Bank Of India,T1NY002714119,17.433931,78.554322,TELANGANA,Medchal Malkajgiri,HYDERABAD, 
State Bank Of India,S1NW005916010,17.433957,78.384444,TELANGANA,Ranga Reddy,Hyderabad, 
State Bank Of India,S1NW000916010,17.433984,78.495082,TELANGANA,Hyderabad,Hyderabad, 
State Bank Of India,S1NB005916011,17.434011,78.373801,TELANGANA,Ranga Reddy,Hyderabad, 
ICICI Bank Ltd,S1CWI002,17.434021,78.352594,TELANGANA,Ranga Reddy,Hyderabad, 
Canara Bank,24930516,17.434069,78.415771,TELANGANA,Hyderabad, , 
ICICI Bank Ltd,S1VDK082,17.434074,78.332733,TELANGANA,Ranga Reddy, , 
State Bank Of India,S1NB000847554,17.43412,78.445479,TELANGANA,Hyderabad,AMEERPET, 
Bank Of Baroda,1VD414101,17.434148,78.433716,TELANGANA,Hyderabad,HYDERABAD,500073
ICICI Bank Ltd,S1CPS059,17.435699,78.348899,TELANGANA,Ranga Reddy, , 
Bank Of Baroda,1VW404601,17.434148,78.433716,TELANGANA,Hyderabad,HYDERABAD,500073
Central Bank Of India,D11D081511,17.43417,78.49667,TELANGANA,Hyderabad, ,500003
HDFC Bank Ltd,P1ENHY08,17.4342,78.4849,TELANGANA,Hyderabad,Hyderabad,NULL
HDFC Bank Ltd,S1ANHD20,17.4342,78.5564,TELANGANA,Medchal Malkajgiri,Hyderabad,NULL
IndusInd Bank,MN000408,17.43423,78.42644,TELANGANA,Hyderabad,Hyderabad,500045
State Bank Of India,T1NW000916193,17.434239,78.65497,TELANGANA,Medchal Malkajgiri,HYDERABAD, 
IDBI Bank Ltd,ID002814,17.43425,78.43549,TELANGANA,Hyderabad,Hyderabad,500038
State Bank Of India,S1BG005916016,17.43427,78.385593,TELANGANA,Ranga Reddy,Hyderabad, 
ICICI Bank Ltd,SACWH736,17.434283,78.447649,TELANGANA,Hyderabad,HYDERABAD, 
ICICI Bank Ltd,SACWG051,17.434284,78.445804,TELANGANA,Hyderabad,Hyderabad, 
ICICI Bank Ltd,SACWD767,17.434326,78.385406,TELANGANA,Ranga Reddy,Hyderabad, 
Indusind Bank,MN195701,17.434339,78.493186,TELANGANA,Hyderabad,Hyderabad, 
State Bank Of India,S1BW000916091,17.43439,78.50165,TELANGANA,Hyderabad,HYDERABAD,500003
State Bank Of India,S1NW000916080,17.434394,78.511432,TELANGANA,Hyderabad,Secunderabad, 
State Bank Of India,S5NC006645621,17.434397,78.50583,TELANGANA,Hyderabad,HYDERABAD,500026
HDFC Bank Ltd,S1ANHY82,17.4344,78.3846,TELANGANA,Ranga Reddy,Hyderabad,NULL
IndusInd Bank,MN000402,17.4344,78.4357,TELANGANA,Hyderabad,Hyderabad,500073
Indian Overseas Bank,IOB6953,17.434417,78.358022,TELANGANA,Ranga Reddy,HYDERABAD,0
Karur Vysya Bank Ltd,S1AC0141005,17.4344463,78.5032652,TELANGANA,Hyderabad,SECUNDERABAD,500003
State Bank Of India,S1BB006645001,17.434463,78.505891,TELANGANA,Hyderabad,MAREDPALLE, 
ICICI Bank Ltd,S1CNQ483,17.434499,78.488403,TELANGANA,Hyderabad, , 
Axis Bank Ltd,APCN02709,17.43450334,78.55436602,TELANGANA,Medchal Malkajgiri,0,500076
Canara Bank,A3533001,17.434515,78.451245,TELANGANA,Hyderabad, , 
State Bank Of India,S1BW005916030,17.434516,78.386514,TELANGANA,Ranga Reddy,hyderabad, 
Axis Bank Ltd,SPAN28913,17.43454,78.44719,TELANGANA,Hyderabad,HYDERABAD, 
Axis Bank Ltd,CPRH28903,17.43454,78.44719,TELANGANA,Hyderabad,HYDERABAD, 
Axis Bank Ltd,CPRH28904,17.43454,78.44719,TELANGANA,Hyderabad,HYDERABAD, 
State Bank Of India,S1BG001373001,17.434553,78.501368,TELANGANA,Hyderabad,Secunderabad, 
State Bank Of India,S5NL001373622,17.434555,78.501551,TELANGANA,Hyderabad,Secunderabad, 
HDFC Bank Ltd,S1ANHE33,17.434566,78.185047,TELANGANA,Ranga Reddy,HYDERABAD, 
State Bank Of India,S5NC005153621,17.434591,78.444555,TELANGANA,Hyderabad,HYDERABAD, 
HDFC Bank Ltd,S1ANRT35,17.4346,78.185,TELANGANA,Ranga Reddy,Shankarpally,NULL
City Union Bank Ltd,CUB01333,17.434615,78.446505,TELANGANA,Hyderabad,Hyderabad,500038
ICICI Bank Ltd,S1CW5198,17.43463,78.49264,TELANGANA,Hyderabad,Secunderabad, 
Kotak Mahindra Bank Limited,HYOW1249,17.434666,78.386505,TELANGANA,Ranga Reddy,Hyderabad, 
State Bank Of India,S5NC001373621,17.43472,78.49583,TELANGANA,Hyderabad,HYDERABAD,500003
Indian Overseas Bank,IOB6963,17.434721,78.499698,TELANGANA,Hyderabad,SECUNDERABAD,0
Karur Vysya Bank Ltd,S1AC0145101,17.43474404,78.41338545,TELANGANA,Hyderabad,HYDERABAD,500033
ICICI Bank Ltd,SACWF941,17.434791,78.449741,TELANGANA,Hyderabad,Hyderabad, 
Punjab & Sind Bank,SPSBL140401,17.434859,78.448506,TELANGANA,Hyderabad, , 
ICICI Bank Ltd,SACWC603,17.434867,78.502801,TELANGANA,Hyderabad,Secunderabad, 
ICICI Bank Ltd,SACWC510,17.434867,78.502801,TELANGANA,Hyderabad,Secunderabad, 
Axis Bank Ltd,AWCW89035,17.434879,78.588459,TELANGANA,Medchal Malkajgiri,RANGAREDDY, 
HDFC Bank Ltd,S1ACHD39,17.4349,78.4134,TELANGANA,Hyderabad,Hyderabad,NULL
HDFC Bank Ltd,S1ANHY26,17.4349,78.4351,TELANGANA,Hyderabad,Hyderabad,NULL
ICICI Bank Ltd,SACWE943,17.434971,78.368921,TELANGANA,Ranga Reddy,Hyderabad, 
Canara Bank,8782080,17.434987,78.542176,TELANGANA,Hyderabad, , 
HDFC Bank Ltd,P1ENHY40,17.435,78.4506,TELANGANA,Hyderabad,Hyderabad,NULL
HDFC Bank Ltd,P1DCHY47,17.435,78.4961,TELANGANA,Hyderabad,Secunderabad,NULL
Punjab National Bank,N2363100,17.43504,78.48825,TELANGANA,Hyderabad,HYDERABAD,500003
ICICI Bank Ltd,SACWN967,17.435085,78.340438,TELANGANA,Ranga Reddy, , 
ICICI Bank Ltd,SCVDL347,17.435121,78.539321,TELANGANA,Hyderabad, , 
Axis Bank Ltd,SPCN42513,17.43516,78.434777,TELANGANA,Hyderabad,0,500073
ICICI Bank Ltd,SACWF648,17.435168,78.499677,TELANGANA,Hyderabad,Secunderabad, 
ICICI Bank Ltd,SACWG084,17.435173,78.505283,TELANGANA,Hyderabad,Secunderabad, 
ICICI Bank Ltd,SACWK722,17.43518,78.54531,TELANGANA,Hyderabad, , 
HDFC Bank Ltd,P1DCHD49,17.4352,78.4911,TELANGANA,Hyderabad,Secunderabad,NULL
HDFC Bank Ltd,P1DCHY26,17.4352,78.5394,TELANGANA,Hyderabad,Hyderabad,NULL
State Bank Of India,T1NH000916178,17.435223,78.431964,TELANGANA,Hyderabad,HYDERABAD, 
ICICI Bank Ltd,S1CWA823,17.435274,78.340293,TELANGANA,Ranga Reddy,Hyderabad, 
ICICI Bank Ltd,SACWH979,17.435299,78.402587,TELANGANA,Ranga Reddy,Hyderabad, 
Indian Overseas Bank,IOB6076,17.435322,78.493563,TELANGANA,Hyderabad,SECUNDERABAD,0
Axis Bank Ltd,TPCN11128,17.43532833,78.50373167,TELANGANA,Hyderabad,0,500003
Axis Bank Ltd,TPCN111213,17.43533,78.50373,TELANGANA,Hyderabad,SECUNDERABAD, 
Axis Bank Ltd,APCN42504,17.435338,78.419426,TELANGANA,Hyderabad,0,500004
State Bank Of India,S1NW000916012,17.435351,78.495879,TELANGANA,Hyderabad,Secunderabad, 
IndusInd Bank,MC109101,17.435357,78.410255,TELANGANA,Hyderabad,Hyderabad,500033
Indian Overseas Bank,IOB6966,17.435363,78.443614,TELANGANA,Hyderabad,SECUNDERABAD,0
ICICI Bank Ltd,S1CWA819,17.435395,78.349844,TELANGANA,Ranga Reddy,Hyderabad, 
ICICI Bank Ltd,S1CNE234,17.435464,78.454595,TELANGANA,Hyderabad,Hyderabad, 
ICICI Bank Ltd,S1CWI509,17.435464,78.454595,TELANGANA,Hyderabad,Hyderabad, 
IndusInd Bank,MW086401,17.435509,78.367994,TELANGANA,Ranga Reddy,Hyderabad,500032
Karnataka Bank Ltd,KBNA6800,17.435536,78.368626,TELANGANA,Ranga Reddy,Hyderabad, 
Union Bank Of India,N1075001,17.435538,78.402129,TELANGANA,Ranga Reddy,HYDERABAD,500081
ICICI Bank Ltd,SPCNL154,17.435554,78.410545,TELANGANA,Hyderabad, , 
Bank Of Baroda,1VD407901,17.435561,78.452165,TELANGANA,Hyderabad,HYDERABAD,500016
Axis Bank Ltd,CPRH06808,17.43557,78.49504,TELANGANA,Hyderabad,SECUNDERABAD, 
State Bank Of India,S1NB002714007,17.435579,78.537418,TELANGANA,Hyderabad,Hyderabad, 
Union Bank Of India,H1721101,17.4356,78.6602,TELANGANA,Medchal Malkajgiri,HYDERABAD,501301
ICICI Bank Ltd,SACWE869,17.435667,78.519029,TELANGANA,Hyderabad,Secunderabad, 
ICICI Bank Ltd,S1CNQ745,17.43567,78.3497,TELANGANA,Ranga Reddy, , 
ICICI Bank Ltd,S1CNP275,17.435699,78.348899,TELANGANA,Ranga Reddy, , 
ICICI Bank Ltd,S1CNP275,17.435699,78.348899,TELANGANA,Ranga Reddy, , 
ICICI Bank Ltd,S1CWK601,17.435699,78.348899,TELANGANA,Ranga Reddy, , 
ICICI Bank Ltd,S1CWK601,17.435699,78.348899,TELANGANA,Ranga Reddy, , 
ICICI Bank Ltd,S1CNP279,17.435699,78.348899,TELANGANA,Ranga Reddy, , 
ICICI Bank Ltd,S1CPS059,17.435699,78.348899,TELANGANA,Ranga Reddy, , 
HDFC Bank Ltd,S1ANAP32,17.4357,78.4536,TELANGANA,Hyderabad,Hyderabad,NULL
Union Bank Of India,W1094001,17.4357,78.5753,TELANGANA,Medchal Malkajgiri,HYDERABAD,500076
Punjab National Bank,WA109302,17.435705,78.453784,TELANGANA,Hyderabad, , 
RBL Bank ltd,RB112001,17.435821,78.453434,TELANGANA,Hyderabad,Hyderabad,500016
Indian Overseas Bank,IOB9541,17.435841,78.346786,TELANGANA,Ranga Reddy,HYDERABAD,0
Axis Bank Ltd,CWAW00844,17.4359068,78.4277517,TELANGANA,Hyderabad,0,500045
ICICI Bank Ltd,SACWH975,17.435931,78.433918,TELANGANA,Hyderabad,Hyderabad, 
ICICI Bank Ltd,SACWF668,17.436025,78.437704,TELANGANA,Hyderabad,Hyderabad, 
Indusind Bank,MN000449,17.436034,78.457202,TELANGANA,Hyderabad,Hyderabad, 
State Bank Of India,T1NS000916219,17.436066,78.447086,TELANGANA,Hyderabad,HYDERABAD, 
DCB bank Ltd,DCB05001,17.436096,78.559752,TELANGANA,Medchal Malkajgiri, , 
IDBI Bank Ltd,ID044611,17.4361,78.55975,TELANGANA,Medchal Malkajgiri,Rangareddi,500076
Axis Bank Ltd,SPCN02707,17.436117,78.518539,TELANGANA,Hyderabad,0,500047
ICICI Bank Ltd,SACWF951,17.436119,78.44477,TELANGANA,Hyderabad,Hyderabad, 
Axis Bank Ltd,CPRH02710,17.436119,78.518539,TELANGANA,Hyderabad,HYDERABAD, 
ICICI Bank Ltd,SACWM324,17.43614,78.553306,TELANGANA,Medchal Malkajgiri, , 
ICICI Bank Ltd,SACWE755,17.436142,78.382258,TELANGANA,Ranga Reddy,Madhapur, 
Axis Bank Ltd,CECN42511,17.436142,78.433819,TELANGANA,Hyderabad, , 
Indian Bank,S1AM1471,17.436158,78.574446,TELANGANA,Medchal Malkajgiri,HYDERABAD,500076
Indian Bank,S1T012981,17.436158,78.574446,TELANGANA,Medchal Malkajgiri,HYDERABAD,500076
Union Bank Of India,H1712101,17.4362,78.4346,TELANGANA,Hyderabad,HYDERABAD,500045
Union Bank Of India,N1712005,17.4362,78.4346,TELANGANA,Hyderabad,HYDERABAD,500045
HDFC Bank Ltd,S1AWAP39,17.4362,78.4375,TELANGANA,Hyderabad,Hyderabad,NULL
HDFC Bank Ltd,P1DCMU72,17.4362,78.4375,TELANGANA,Hyderabad,Hyderabad,NULL
IndusInd Bank,MC141101,17.436241,78.488359,TELANGANA,Hyderabad,Hyderabad,500003
Bank Of Baroda,1RDNHYD11,17.4362507,78.4607306,TELANGANA,Hyderabad,Hyderabad,500016
Axis Bank Ltd,SPAN00855,17.436259,78.43773,TELANGANA,Hyderabad,HYDERABAD, 
Axis Bank Ltd,CPRH00813,17.436259,78.43773,TELANGANA,Hyderabad,HYDERABAD, 
Punjab National Bank,PC109311,17.436274,78.444687,TELANGANA,Hyderabad, , 
ICICI Bank Ltd,S1CW5308,17.436278,78.45873,TELANGANA,Hyderabad,Hyderabad, 
Indusind Bank,MN180501,17.436294,78.401305,TELANGANA,Ranga Reddy,Hyderabad, 
HDFC Bank Ltd,P1DCHY43,17.4363,78.4376,TELANGANA,Hyderabad,Hyderabad,NULL
Union Bank Of India,W0222006,17.4363,78.4524,TELANGANA,Hyderabad,HYDERABAD,500016
Union Bank Of India,H0222101,17.4363,78.4524,TELANGANA,Hyderabad,HYDERABAD,500016
IndusInd Bank,MC000439,17.436341,78.40126,TELANGANA,Ranga Reddy,Hyderabad,500033
Axis Bank Ltd,SPCN28905,17.436382,78.448117,TELANGANA,Hyderabad,0,500016
Axis Bank Ltd,SPCN2899,17.436381,78.448116,TELANGANA,Hyderabad, , 
Punjab National Bank,DA110009,17.436394,78.445016,TELANGANA,Hyderabad, , 
City Union Bank Ltd,CUB01334,17.436397,78.433563,TELANGANA,Hyderabad,RENGAREDDY,500084
ICICI Bank Ltd,SCVDL872,17.436454,78.453636,TELANGANA,Hyderabad, , 
State Bank Of India,S1BG002714043,17.436479,78.501893,TELANGANA,Hyderabad,Secunderabad, 
HDFC Bank Ltd,P1DCHD34,17.4366,78.5599,TELANGANA,Medchal Malkajgiri,Hyderabad,NULL
Union Bank Of India,NHYD12411111111,17.43662,78.51666,TELANGANA,Hyderabad,Hyderabad,500003
Lakshmi Vilas Bank Ltd,001DM488,17.436659,0.0,TELANGANA,Hyderabad, , 
HDFC Bank Ltd,P1DCHY82,17.4367,78.5039,TELANGANA,Hyderabad,Secunderabad,NULL
ICICI Bank Ltd,S1VDB893,17.436733,78.433647,TELANGANA,Hyderabad, , 
ICICI Bank Ltd,S1CNP544,17.436733,78.433647,TELANGANA,Hyderabad, , 
ICICI Bank Ltd,S1CNQ686,17.436733,78.433647,TELANGANA,Hyderabad, , 
Indian Overseas Bank,IOBD6953,17.436741,78.365932,TELANGANA,Ranga Reddy, , 
Canara Bank,0878EP10,17.436749,78.445129,TELANGANA,Hyderabad, , 
Axis Bank Ltd,SPCN02735,17.4367555,78.6640059,TELANGANA,Medchal Malkajgiri,0,500264
Punjab & Sind Bank,SPSBA092401,17.43676,78.44897,TELANGANA,Hyderabad,HYDERABAD,500016
ICICI Bank Ltd,SFCNM368,17.43679,78.443229,TELANGANA,Hyderabad, , 
ICICI Bank Ltd,S1CNP941,17.43679,78.443229,TELANGANA,Hyderabad, , 
ICICI Bank Ltd,S1CNP543,17.436807,78.432586,TELANGANA,Hyderabad, , 
Indian Overseas Bank,IOB6964,17.436829,78.443773,TELANGANA,Hyderabad,HYDERABAD,0
Indian Overseas Bank,IOB6574,17.436829,78.443773,TELANGANA,Hyderabad,HYDERABAD,0
ICICI Bank Ltd,SACWF616,17.436843,78.446385,TELANGANA,Hyderabad,Hyderabad, 
Canara Bank,7992358,17.436844,78.517549,TELANGANA,Hyderabad, , 
Union Bank Of India,NHYD16111111111,17.43688,78.44639,TELANGANA,Hyderabad,Hyderabad,500016
Indian Overseas Bank,IOB6967,17.436926,78.489401,TELANGANA,Hyderabad,SECUNDERABAD,0
IDBI Bank Ltd,ID029701,17.43693,78.4894,TELANGANA,Hyderabad,Hyderabad,500003
Bank Of Maharashtra,PA038701,17.436939,78.4999,TELANGANA,Hyderabad,SUN LODGE,500003
State Bank Of India,S1BW000916104,17.43694,78.44667,TELANGANA,Hyderabad,HYDERABAD,500016
Indian Bank,ALD07321,17.437048,78.437048,TELANGANA,Hyderabad, , 
Canara Bank,A3039001,17.437129,78.44837,TELANGANA,Hyderabad, , 
City Union Bank Ltd,CUB02063,17.437145,78.521702,TELANGANA,Hyderabad,COIMBATORE,641301
ICICI Bank Ltd,SACWN854,17.437162,78.29869,TELANGANA,Ranga Reddy, , 
IDBI Bank Ltd,ID029711,17.43717,78.49125,TELANGANA,Hyderabad,Hyderabad,500003
State Bank Of India,S1NG005916193,17.437168,78.38873,TELANGANA,Ranga Reddy,Hyderabad, 
HDFC Bank Ltd,P3ECHY23,17.4372,78.344398,TELANGANA,Ranga Reddy, , 
Bank Of Baroda,5DEN16323,17.437202,78.426895,TELANGANA,Hyderabad,HYDERABAD,500045
ICICI Bank Ltd,SACWM086,17.437202,78.444206,TELANGANA,Hyderabad, , 
Axis Bank Ltd,APCN02721,17.437211,78.535141,TELANGANA,Hyderabad, , 
State Bank Of India,S1NG005916189,17.437221,78.350311,TELANGANA,Ranga Reddy,Hyderabad, 
ICICI Bank Ltd,SACWD742,17.437224,78.482418,TELANGANA,Hyderabad,Secunderabad, 
Indian Overseas Bank,IOB9925,17.437241,78.443318,TELANGANA,Hyderabad,HYDERABAD,0
Union Bank Of India,N2193003,17.4373,78.4822,TELANGANA,Hyderabad,SECUNDERABAD,500003
Axis Bank Ltd,DERH471901,17.437339,78.44061,TELANGANA,Hyderabad,HYDERABAD, 
IndusInd Bank,MC000405,17.43734,78.44363,TELANGANA,Hyderabad,Hyderabad,500038
ICICI Bank Ltd,SACWF998,17.437346,78.444183,TELANGANA,Hyderabad,Hyderabad, 
Axis Bank Ltd,BPRH306001,17.437439,78.39511,TELANGANA,Ranga Reddy,HYDERABAD, 
State Bank Of India,S1BW000916107,17.43746,78.44805,TELANGANA,Hyderabad,HYDERABAD,500084
Kotak Mahindra Bank Limited,HYON1465,17.437461,78.448288,TELANGANA,Hyderabad,Hyderabad, 
State Bank Of India,T1NF002714138,17.43748,78.538597,TELANGANA,Hyderabad,Secunderabad, 
Canara Bank,8787899,17.437498,78.316534,TELANGANA,Ranga Reddy, , 
ICICI Bank Ltd,S1CNQ501,17.437499,78.449302,TELANGANA,Hyderabad, , 
Bank Of India,AHY8044,17.437499,78.51,TELANGANA,Hyderabad,HYDERABAD, 
State Bank Of India,S5NE011662621,17.437532,78.441431,TELANGANA,Hyderabad,HYDERABAD, 
State Bank Of India,T1BW000916275,17.43755,78.43619,TELANGANA,Hyderabad,Ameerpet, 
Canara Bank,8787895,17.437561,78.494084,TELANGANA,Hyderabad, , 
Canara Bank,0878W027,17.437561,78.494084,TELANGANA,Hyderabad, , 
Canara Bank,8784064,17.437561,78.494084,TELANGANA,Hyderabad, , 
HDFC Bank Ltd,P3ENHE45,17.437566,78.448329,TELANGANA,Hyderabad,HYDERABAD, 
South Indian Bank Ltd,05070001,17.4376,78.4431,TELANGANA,Hyderabad,Greater Hyderabad,500038
State Bank Of India,S1NG021182002,17.437655,78.393027,TELANGANA,Ranga Reddy,Hyderabad, 
State Bank Of India,S5NC063220621,17.437656,78.543948,TELANGANA,Hyderabad,HYDERABAD, 
Axis Bank Ltd,BPCN00838,17.4376726,78.3847115,TELANGANA,Ranga Reddy,0,500081
Kotak Mahindra Bank Limited,HYBN9520,17.437695,78.490112,TELANGANA,Hyderabad,Hyderabad,500003
State Bank Of India,S5NL021182621,17.437696,78.391439,TELANGANA,Ranga Reddy,Hyderabad, 
State Bank Of India,T1BY005916279,17.437699,78.400499,TELANGANA,Ranga Reddy,Khairatabad, 
State Bank Of India,T1NY000916209,17.437722,78.447789,TELANGANA,Hyderabad,HYDERABAD, 
HDFC Bank Ltd,P3FNHY52,17.437778,78.448458,TELANGANA,Hyderabad,HYDERABAD, 
ICICI Bank Ltd,S1CNQ362,17.437799,78.443801,TELANGANA,Hyderabad, , 
Punjab National Bank,N3042100,17.4378,78.4955,TELANGANA,Hyderabad,TELANGANA, 
ICICI Bank Ltd,SACWB240,17.437827,78.490917,TELANGANA,Hyderabad,Hyderabad, 
Axis Bank Ltd,CPRH06807,17.437849,78.49433,TELANGANA,Hyderabad,SECUNDERABAD, 
Union Bank Of India,W1839002,17.43786,78.36524,TELANGANA,Ranga Reddy,HYDERABAD,500032
Axis Bank Ltd,CWCW73311,17.437859,78.36532,TELANGANA,Ranga Reddy,GACHIBOWLI, 
Axis Bank Ltd,CECN73312,17.437859,78.36532,TELANGANA,Ranga Reddy,HYDERABAD, 
Punjab National Bank,PC110512,17.437881,78.379883,TELANGANA,Ranga Reddy,Hyderabad, 
HDFC Bank Ltd,S1ANHD73,17.4379,78.4486,TELANGANA,Hyderabad,Hyderabad,NULL
HDFC Bank Ltd,S1AWHY07,17.438,78.4484,TELANGANA,Hyderabad,Hyderabad,NULL
HDFC Bank Ltd,S1ANHD57,17.438,78.4484,TELANGANA,Hyderabad,Hyderabad,NULL
State Bank Of India,S5NL020308621,17.438014,78.445266,TELANGANA,Hyderabad,KHAIRATABAD, 
Federal Bank,FD184301,17.4409,78.46036,TELANGANA,Hyderabad, , 
State Bank Of India,S1NW002714013,17.438077,78.580148,TELANGANA,Medchal Malkajgiri,MALKAJGIRI, 
State Bank Of India,S1NG005153001,17.438093,78.454146,TELANGANA,Hyderabad,Hyderabad, 
State Bank Of India,S1NG005916004,17.4381,78.374085,TELANGANA,Ranga Reddy,Hyderabad, 
Bank Of Baroda,1DBA01591,17.438105,78.488472,TELANGANA,Hyderabad,HYDERABAD,500003
State Bank Of India,S5NL062217622,17.438171,78.362982,TELANGANA,Ranga Reddy,HYDERABAD, 
ICICI Bank Ltd,SPCNF317,17.438172,78.448096,TELANGANA,Hyderabad,Hyderabad, 
Indian Overseas Bank,IOB9334,17.438174,78.442156,TELANGANA,Hyderabad,HYDERABAD,0
Union Bank Of India,DHYD09201111111,17.43822,78.49965,TELANGANA,Hyderabad,Hyderabad,500003
Punjab National Bank,AP1D085U,17.438238,78.399512,TELANGANA,Ranga Reddy,KHAMMAM, 
Union Bank Of India,NHYD10511111111,17.43826,78.39945,TELANGANA,Ranga Reddy,Hyderabad,500018
Union Bank Of India,NHYD15711111111,17.43833,78.49694,TELANGANA,Hyderabad,Hyderabad,500003
Axis Bank Ltd,CWCW19363,17.43833,78.382539,TELANGANA,Ranga Reddy,HYDERABAD, 
Axis Bank Ltd,DWCW137905,17.43836,78.426629,TELANGANA,Hyderabad,HYDERABAD, 
Axis Bank Ltd,DWCW137904,17.43836,78.426629,TELANGANA,Hyderabad,HYDERABAD, 
Union Bank Of India,HHYD01901111111,17.438379,78.399519,TELANGANA,Ranga Reddy, , 
State Bank Of India,S5NL011662622,17.438393,78.428464,TELANGANA,Hyderabad,KHAIRATABAD, 
Union Bank Of India,W0222008,17.438416,78.458681,TELANGANA,Hyderabad,HYDERABAD,500016
IndusInd Bank,MC000447,17.43843,78.450275,TELANGANA,Hyderabad,Hyderabad,500016
State Bank Of India,S1NW061779001,17.438499,78.523288,TELANGANA,Hyderabad,HYDERABAD, 
Kotak Mahindra Bank Limited,HYON9024,17.4385,78.44144,TELANGANA,Hyderabad,Hyderabad,500001
HDFC Bank Ltd,P1ENHY26,17.4385,78.4506,TELANGANA,Hyderabad,Hyderabad,NULL
Axis Bank Ltd,TERH405501,17.43857,78.4507,TELANGANA,Hyderabad,AMEERPET, 
State Bank Of India,T1NW000916168,17.438628,78.543641,TELANGANA,Hyderabad,Secunderabad, 
Axis Bank Ltd,APCN19322,17.4386342,78.4508159,TELANGANA,Hyderabad,0,500072
Yes Bank Ltd,SGAPO825,17.43864,78.36348,TELANGANA,Ranga Reddy,Hyderabad, 
Canara Bank,A3313001,17.43866,78.495189,TELANGANA,Hyderabad, , 
Canara Bank,B3018001,17.438668,78.495193,TELANGANA,Hyderabad, , 
State Bank Of India,S5NE012655621,17.43867,78.39604,TELANGANA,Ranga Reddy,RANGAREDDY,500033
ICICI Bank Ltd,S1CWA761,17.438718,78.381053,TELANGANA,Ranga Reddy,Madhapur, 
ICICI Bank Ltd,S1CWA716,17.438718,78.381053,TELANGANA,Ranga Reddy,Madhapur, 
HDFC Bank Ltd,P3ENHY69,17.438719,78.445349,TELANGANA,Hyderabad, , 
Canara Bank,A3052001,17.438755,78.495039,TELANGANA,Hyderabad, , 
ICICI Bank Ltd,SACWF956,17.438765,78.446832,TELANGANA,Hyderabad,Hyderabad, 
Canara Bank,A3018001,17.438798,78.494994,TELANGANA,Hyderabad, , 
Kotak Mahindra Bank Limited,HYBN2119,17.438811,78.39629,TELANGANA,Ranga Reddy,Hyderabad, 
ICICI Bank Ltd,SACWK967,17.438856,78.541305,TELANGANA,Hyderabad, , 
ICICI Bank Ltd,SECNF785,17.438871,78.449043,TELANGANA,Hyderabad, , 
ICICI Bank Ltd,S1VDB986,17.43887718,78.39557731,TELANGANA,Ranga Reddy,Madhapur, 
HDFC Bank Ltd,S1AWHY39,17.4389,78.3983,TELANGANA,Ranga Reddy,Hyderabad,NULL
State Bank Of India,S1BW003032001,17.438971,78.493539,TELANGANA,Hyderabad,Hyderabad, 
Karur Vysya Bank Ltd,S1AC0141002,17.4389752,78.5094679,TELANGANA,Hyderabad,SECUNDERABAD,500061
HDFC Bank Ltd,S1AWHY40,17.439,78.3983,TELANGANA,Ranga Reddy,Hyderabad,NULL
Yes Bank Ltd,SMGPO272,17.43901,78.48861,TELANGANA,Hyderabad,Secunderabad, 
HDFC Bank Ltd,P1DCHD18,17.439094,78.541655,TELANGANA,Hyderabad, , 
HDFC Bank Ltd,P1DCHD50,17.439094,78.541655,TELANGANA,Hyderabad, , 
Kotak Mahindra Bank Limited,HYON9371,17.439164,78.381206,TELANGANA,Ranga Reddy,Hyderabad, 
HDFC Bank Ltd,P3ENHY75,17.439305,78.405551,TELANGANA,Ranga Reddy, , 
State Bank Of India,S1NB000847572,17.439382,78.510123,TELANGANA,Hyderabad,Secunderabad, 
ICICI Bank Ltd,S1VDK530,17.439399,78.443099,TELANGANA,Hyderabad, , 
ICICI Bank Ltd,S1VDK539,17.439399,78.443099,TELANGANA,Hyderabad, , 
ICICI Bank Ltd,S1CNP814,17.439399,78.443099,TELANGANA,Hyderabad, , 
Federal Bank,RD133201,17.4409,78.46036,TELANGANA,Hyderabad, , 
ICICI Bank Ltd,SCVDL355,17.439401,78.442367,TELANGANA,Hyderabad, , 
State Bank Of India,S1N6000847031,17.439404,78.52885,TELANGANA,Medchal Malkajgiri,Hyderabad, 
Canara Bank,6166854,17.439406,78.488335,TELANGANA,Hyderabad, , 
Axis Bank Ltd,S3RH73301,17.439469,78.363959,TELANGANA,Ranga Reddy, , 
ICICI Bank Ltd,SACWE734,17.439475,78.458154,TELANGANA,Hyderabad,Hyderabad, 
City Union Bank Ltd,CUBFI602,17.439478,78.525649,TELANGANA,Medchal Malkajgiri,HYDERABAD,500017
Kotak Mahindra Bank Limited,HYBW9005,17.439547,78.509417,TELANGANA,Hyderabad,Hyderabad,500003
State Bank Of India,S5NC007112621,17.439599,78.515153,TELANGANA,Hyderabad,SECUNDERABAD, 
ICICI Bank Ltd,S1CNP060,17.439599,78.398597,TELANGANA,Ranga Reddy, , 
ICICI Bank Ltd,S1CNP174,17.439659,78.42247,TELANGANA,Hyderabad, , 
IDFC Bank,EN802222,17.43966,78.39608,TELANGANA,Ranga Reddy,HYDERABAD, 
Kotak Mahindra Bank Limited,HYOW9150,17.439669,78.563318,TELANGANA,Medchal Malkajgiri,Hyderabad, 
State Bank Of India,S1BG000847522,17.439677,78.443777,TELANGANA,Hyderabad,AMEERPET,500001
Karnataka Bank Ltd,KBL09045,17.4397,78.498,TELANGANA,Hyderabad,Hyderabad,500003
State Bank Of India,S5NL007112622,17.439763,78.518136,TELANGANA,Hyderabad,Hyderabad, 
State Bank Of India,T1NY003026184,17.439809,78.483462,TELANGANA,Hyderabad, HYDERABAD, 
Uco Bank,DA211001,17.439828,78.359764,TELANGANA,Ranga Reddy, , 
Bank Of Baroda,1FDHYD66,17.439847,78.4415277,TELANGANA,Hyderabad,HYDERABAD,500018
State Bank Of India,S1BW008808001,17.43988,79.43101,TELANGANA,Suryapet,NALGONDA,508279
ICICI Bank Ltd,S1CNI189,17.439894,78.380275,TELANGANA,Ranga Reddy,Madhapur, 
South Indian Bank Ltd,04130001,17.439899,78.498299,TELANGANA,Hyderabad, , 
South Indian Bank Ltd,08820001,17.439899,78.538499,TELANGANA,Hyderabad,Greater Hyderabad,500017
Indian Overseas Bank,IOB4456,17.43993,78.498274,TELANGANA,Hyderabad,SECUNDERABAD,0
Kotak Mahindra Bank Limited,HYOD9483,17.43993,78.498274,TELANGANA,Hyderabad,Hyderabad,500026
Axis Bank Ltd,APCN28904,17.439953,78.451229,TELANGANA,Hyderabad, , 
Bank Of Baroda,1FDHYD57,17.43997871,78.44161335,TELANGANA,Hyderabad,HYDERABAD,500038
Axis Bank Ltd,DECN348401,17.439981,78.485023,TELANGANA,Hyderabad, , 
ICICI Bank Ltd,SACWH181,17.440072,78.349766,TELANGANA,Ranga Reddy,Hyderabad, 
Indian Bank,S1AG0601,17.44008,78.348917,TELANGANA,Ranga Reddy,HYDERABAD,500008
Indian Bank,S1H016121,17.44008,78.348917,TELANGANA,Ranga Reddy,RANGAREDDY,500032
Canara Bank,0878WS04,17.440079,78.348916,TELANGANA,Ranga Reddy, , 
State Bank Of India,T1NY005916256,17.440079,78.348919,TELANGANA,Ranga Reddy,Serilingampally, 
HDFC Bank Ltd,S1AWMA62,17.4401,78.4421,TELANGANA,Hyderabad,Hyderabad,NULL
Bank Of Baroda,1FDHYD52,17.4401151,78.4905043,TELANGANA,Hyderabad,HYDERABAD,500003
Bank Of Baroda,1RDNHYD10,17.4401151,78.4905043,TELANGANA,Hyderabad,HYDERABAD,500003
Axis Bank Ltd,BPCN113505,17.44016062,78.50784357,TELANGANA,Hyderabad,0,500060
ICICI Bank Ltd,SACWF756,17.440197,78.447337,TELANGANA,Hyderabad,Hyderabad, 
HDFC Bank Ltd,S1ANTX57,17.4402,78.442,TELANGANA,Hyderabad,Hyderabad,NULL
State Bank Of India,S5NL021266621,17.440208,78.652886,TELANGANA,Medchal Malkajgiri,SECUNDERABAD, 
ICICI Bank Ltd,SACWN857,17.44021,78.500122,TELANGANA,Hyderabad, , 
ICICI Bank Ltd,SACWN968,17.44021,78.500122,TELANGANA,Hyderabad, , 
ICICI Bank Ltd,SACWE868,17.440212,78.448144,TELANGANA,Hyderabad,Hyderabad, 
State Bank Of India,S1BJ000916135,17.440259,78.404057,TELANGANA,Ranga Reddy,MAHBUBNAGAR,500061
ICICI Bank Ltd,S1CNP179,17.440259,78.481849,TELANGANA,Hyderabad, , 
ICICI Bank Ltd,S1VDB885,17.440269,78.481858,TELANGANA,Hyderabad,Secunderabad, 
Bank Of Baroda,1CRHTSHY02,17.44029,78.49114,TELANGANA,Hyderabad,HYDERABAD,500003
HDFC Bank Ltd,P3ENHE86,17.4403,78.44208,TELANGANA,Hyderabad,HYDERABAD, 
State Bank Of India,T1BF000916307,17.440301,78.445555,TELANGANA,Hyderabad,HYDERABAD, 
State Bank Of India,T1BY000916256,17.44033,78.498889,TELANGANA,Hyderabad,Secunderabad, 
ICICI Bank Ltd,SACWF771,17.440372,78.480934,TELANGANA,Hyderabad,Secunderabad, 
ICICI Bank Ltd,SACWF639,17.440372,78.480934,TELANGANA,Hyderabad, , 
ICICI Bank Ltd,SECNL304,17.440374,78.49356,TELANGANA,Hyderabad, , 
Canara Bank,A3111001,17.440447,78.392923,TELANGANA,Ranga Reddy, , 
Lakshmi Vilas Bank Ltd,05721008,17.440447,78.480464,TELANGANA,Hyderabad,Secunderabad, 
Axis Bank Ltd,APCN28911,17.44045,78.44726,TELANGANA,Hyderabad,0,0
Axis Bank Ltd,APCN02729,17.440479,78.573299,TELANGANA,Medchal Malkajgiri,RANGAREDDY, 
City Union Bank Ltd,CUBFI015,17.440493,78.487924,TELANGANA,Hyderabad,SECUNDERABAD,500003
ICICI Bank Ltd,SFCNQ851,17.440525,78.47396,TELANGANA,Hyderabad, , 
HDFC Bank Ltd,P3ENHY84,17.440526,78.422826,TELANGANA,Hyderabad, , 
State Bank Of India,S1BJ000916110,17.44056,78.49694,TELANGANA,Hyderabad,HYDERABAD,500003
HDFC Bank Ltd,P3ENHE31,17.440569,78.50194,TELANGANA,Hyderabad, , 
State Bank Of India,S1NG020098002,17.440586,78.479408,TELANGANA,Hyderabad,SECUNDERABAD, 
ICICI Bank Ltd,S1CNP092,17.440599,78.563598,TELANGANA,Medchal Malkajgiri, , 
HDFC Bank Ltd,P3ENHE07,17.440599,78.446,TELANGANA,Hyderabad, , 
South Indian Bank Ltd,02460003,17.4406,78.4943,TELANGANA,Hyderabad,Greater Hyderabad,500003
Canara Bank,A3019001,17.4406,78.4957,TELANGANA,Hyderabad,SECUNDERABAD,500003
ICICI Bank Ltd,S1VDK534,17.44061,78.346603,TELANGANA,Ranga Reddy, , 
Yes Bank Ltd,SMAPO704,17.44062,78.49376,TELANGANA,Hyderabad,Secunderabad, 
State Bank Of India,S5NC016432621,17.440632,78.499827,TELANGANA,Hyderabad,HYDERABAD,500026
State Bank Of India,S1BW016783001,17.440638,78.497621,TELANGANA,Hyderabad,SECUNDERABAD, 
Punjab National Bank,DA018101,17.44064,78.497046,TELANGANA,Hyderabad, , 
Union Bank Of India,N1282004,17.440671,78.39239,TELANGANA,Ranga Reddy,HYDERABAD,500082
Union Bank Of India,WHYD13601111111,17.440679,78.492839,TELANGANA,Hyderabad, , 
Union Bank Of India,NHYD01701111111,17.44069,78.49283,TELANGANA,Hyderabad,Hyderabad,500003
Union Bank Of India,W1356002,17.4407,78.3924,TELANGANA,Ranga Reddy,HYDERABAD,500081
Union Bank Of India,L1356001,17.4407,78.3924,TELANGANA,Ranga Reddy,HYDERABAD,500081
Union Bank Of India,Y1356102,17.4407,78.3924,TELANGANA,Ranga Reddy,HYDERABAD,500081
Union Bank Of India,B1356101,17.4407,78.3924,TELANGANA,Ranga Reddy,HYDERABAD,500081
Union Bank Of India,N1356003,17.4407,78.3924,TELANGANA,Ranga Reddy,HYDERABAD,500081
Bank Of India,AHY9005,17.440729,78.488089,TELANGANA,Hyderabad, , 
Bank Of India,AHY8009,17.440729,78.488089,TELANGANA,Hyderabad, , 
Canara Bank,A3541001,17.440748,78.393649,TELANGANA,Ranga Reddy, , 
Canara Bank,A3335001,17.44075,78.393673,TELANGANA,Ranga Reddy, , 
Axis Bank Ltd,BWCW111209,17.44079,78.503639,TELANGANA,Hyderabad, , 
State Bank Of India,T1NH000916171,17.440815,78.484574,TELANGANA,Hyderabad,Secunderabad, 
Axis Bank Ltd,APCN03008,17.440863,78.42199,TELANGANA,Hyderabad, , 
DCB bank Ltd,DCB05801,17.440876,78.502807,TELANGANA,Hyderabad, , 
ICICI Bank Ltd,S1CNE440,17.440955,78.392343,TELANGANA,Ranga Reddy,MADHAPUR, 
ICICI Bank Ltd,S1CNI828,17.440955,78.392343,TELANGANA,Ranga Reddy,MADHAPUR, 
ICICI Bank Ltd,S1VDK406,17.440999,78.392601,TELANGANA,Ranga Reddy, , 
State Bank Of India,S1NG000847059,17.441029,78.441712,TELANGANA,Hyderabad,AMEERPET, 
BANDHAN BANK LIMITED,BD162401,17.441077,78.486169,TELANGANA,Hyderabad, ,500003
ICICI Bank Ltd,SACWM210,17.44108,78.502464,TELANGANA,Hyderabad, , 
Kotak Mahindra Bank Limited,HYON2058,17.441099,78.391099,TELANGANA,Ranga Reddy,Hyderabad, 
Kotak Mahindra Bank Limited,HYDBN223,17.441108,78.501177,TELANGANA,Hyderabad,Hyderabad,500003
Kotak Mahindra Bank Limited,HYON9262,17.44115,78.39107,TELANGANA,Ranga Reddy,Hyderabad,500081
ICICI Bank Ltd,S1CNQ202,17.441154,78.378807,TELANGANA,Ranga Reddy, , 
ICICI Bank Ltd,SACWN684,17.44119,78.381202,TELANGANA,Ranga Reddy, , 
ICICI Bank Ltd,SACWN684,17.44119,78.381202,TELANGANA,Ranga Reddy, , 
Canara Bank,61083789,17.441197,78.440347,TELANGANA,Hyderabad, , 
ICICI Bank Ltd,S1CPS089,17.4412,78.497703,TELANGANA,Hyderabad, , 
ICICI Bank Ltd,S1CPS090,17.4412,78.497703,TELANGANA,Hyderabad, , 
Union Bank Of India,COBW004420,17.441216,78.48997,TELANGANA,Hyderabad, , 
ICICI Bank Ltd,SACWG066,17.441234,78.485547,TELANGANA,Hyderabad,Hyderabad, 
ICICI Bank Ltd,SACWH875,17.441246,78.421552,TELANGANA,Hyderabad,HYDERABAD, 
State Bank Of India,S1NG000916014,17.441263,78.502681,TELANGANA,Hyderabad,Hyderabad, 
ICICI Bank Ltd,S1VDC024,17.441267,78.497734,TELANGANA,Hyderabad,Secunderabad, 
State Bank Of India,S1BW002714009,17.441298,78.522599,TELANGANA,Medchal Malkajgiri,Secunderabad, 
ICICI Bank Ltd,S1CWK380,17.441299,78.441398,TELANGANA,Hyderabad, , 
ICICI Bank Ltd,SACWG608,17.441317,78.378523,TELANGANA,Ranga Reddy,Hyderabad, 
Canara Bank,08787083,17.441337,78.501875,TELANGANA,Hyderabad, , 
City Union Bank Ltd,CUBFI044,17.44136,78.521911,TELANGANA,Medchal Malkajgiri,Secunderabad,500026
Yes Bank Ltd,SSBNA564,17.441377,78.490822,TELANGANA,Hyderabad,Secunderabad, 
Canara Bank,8787044,17.441376,78.651395,TELANGANA,Medchal Malkajgiri, , 
ICICI Bank Ltd,S1CNE399,17.4413772,78.43196542,TELANGANA,Hyderabad,Hyderabad, 
ICICI Bank Ltd,S1CNI827,17.4413772,78.43196542,TELANGANA,Hyderabad,Hyderabad, 
ICICI Bank Ltd,S1CWC274,17.441393,78.441488,TELANGANA,Hyderabad,Hyderabad, 
ICICI Bank Ltd,S1CWI383,17.441393,78.441488,TELANGANA,Hyderabad,Hyderabad, 
ICICI Bank Ltd,SACWE867,17.441394,78.438966,TELANGANA,Hyderabad,Hyderabad, 
HDFC Bank Ltd,S1AWHY57,17.4414,78.388,TELANGANA,Ranga Reddy,Hyderabad,NULL
Union Bank Of India,L0529002,17.4414,78.4998,TELANGANA,Hyderabad,HYDERABAD,500003
Union Bank Of India,H0529101,17.4414,78.4998,TELANGANA,Hyderabad,HYDERABAD,500003
ICICI Bank Ltd,SECNH506,17.441401,78.363066,TELANGANA,Ranga Reddy,Hyderabad, 
ICICI Bank Ltd,SACWC702,17.441408,78.360031,TELANGANA,Ranga Reddy, , 
ICICI Bank Ltd,SACWG716,17.441409,78.360032,TELANGANA,Ranga Reddy,Hyderabad, 
ICICI Bank Ltd,SACWJ233,17.441409,78.360032,TELANGANA,Ranga Reddy,Hyderabad, 
Axis Bank Ltd,DERO439201,17.441419,78.501709,TELANGANA,Hyderabad,HYDERABAD, 
Axis Bank Ltd,CWAW70207,17.44145,78.47406,TELANGANA,Hyderabad, , 
Axis Bank Ltd,CWCW06807,17.44145,78.47406,TELANGANA,Hyderabad,0,0
Axis Bank Ltd,S3RH06801,17.44145,78.47406,TELANGANA,Hyderabad, , 
Union Bank Of India,CBTD004440,17.44149,78.49041,TELANGANA,Hyderabad,SECUNDERABAD,500003
HDFC Bank Ltd,S1ACHD31,17.4415,78.4982,TELANGANA,Hyderabad,Secunderabad,NULL
Canara Bank,27052122,17.441578,78.446668,TELANGANA,Hyderabad, , 
State Bank Of India,S1NW040227002,17.441628,78.501138,TELANGANA,Hyderabad,Hyderabad, 
State Bank Of India,S5NE040227621,17.44163,78.501095,TELANGANA,Hyderabad,Hyderabad, 
State Bank Of India,S1NB000847555,17.441637,78.441361,TELANGANA,Hyderabad,AMEERPET, 
State Bank Of India,S1BB003478048,17.441652,78.44576,TELANGANA,Hyderabad,SANGAREDDY,502001
Punjab National Bank,H36R018101,17.441669,78.48857,TELANGANA,Hyderabad,hyderabad, 
State Bank Of India,T1NY000916239,17.441669,78.494759,TELANGANA,Hyderabad, SECUNDERABAD, 
State Bank Of India,S1BB010102001,17.441692,78.376892,TELANGANA,Ranga Reddy,NAMPALLY, 
Punjab National Bank,DA018112,17.441704,78.488187,TELANGANA,Hyderabad, , 
Union Bank Of India,WHYD11001111111,17.44175,78.44742,TELANGANA,Hyderabad,Hyderabad,500038
State Bank Of India,S1BB000916138,17.441757,78.495132,TELANGANA,Hyderabad,SECUNDERABAD,500003
Axis Bank Ltd,APCN55305,17.44176,78.37528,TELANGANA,Ranga Reddy,0,0
ICICI Bank Ltd,SFCNM602,17.441797,78.649185,TELANGANA,Medchal Malkajgiri, , 
ICICI Bank Ltd,SFCNQ821,17.441797,78.649185,TELANGANA,Medchal Malkajgiri, , 
ICICI Bank Ltd,S1CNQ243,17.441799,78.357398,TELANGANA,Ranga Reddy, , 
ICICI Bank Ltd,S1CPS158,17.441799,78.357398,TELANGANA,Ranga Reddy, , 
Union Bank Of India,W0229001,17.4418,77.7093,TELANGANA,Vikarabad,BANTWARAM,501106
DCB bank Ltd,DCB07201,17.441807,78.445267,TELANGANA,Hyderabad, , 
Karur Vysya Bank Ltd,S1AC0144601,17.441814,78.446571,TELANGANA,Hyderabad,HYDERABAD,500038
HDFC Bank Ltd,P3AWHY70,17.441822,78.396496,TELANGANA,Ranga Reddy, , 
Axis Bank Ltd,APCN00819,17.4418292,78.5212751,TELANGANA,Medchal Malkajgiri,0,500017
ICICI Bank Ltd,SACWC569,17.441832,78.471509,TELANGANA,Hyderabad,BEGUMPET, 
ICICI Bank Ltd,SACWC556,17.441832,78.471509,TELANGANA,Hyderabad,BEGUMPET, 
Bank Of India,AHY8030,17.441849,78.440039,TELANGANA,Hyderabad, , 
State Bank Of India,S1NG000916001,17.44188,78.49487,TELANGANA,Hyderabad,HYDERABAD,500003
Karur Vysya Bank Ltd,S1AC0144602,17.441893,78.446613,TELANGANA,Hyderabad,HYDERABAD,500038
HDFC Bank Ltd,S1ACHD30,17.4419,78.3576,TELANGANA,Ranga Reddy,Hyderabad,NULL
HDFC Bank Ltd,S1ANHD66,17.4419,78.4853,TELANGANA,Hyderabad,Secunderabad,NULL
HDFC Bank Ltd,S1ANHY39,17.4419,78.4853,TELANGANA,Hyderabad,Secunderabad,NULL
HDFC Bank Ltd,S1ANHD29,17.4419,78.4853,TELANGANA,Hyderabad,Secunderabad,NULL
HDFC Bank Ltd,P3FNHY53,17.441899,78.485349,TELANGANA,Hyderabad,HYDERABAD, 
HDFC Bank Ltd, ,17.441899,78.485349,TELANGANA,Hyderabad, , 
HDFC Bank Ltd,P3ENHE30,17.441899,78.485349,TELANGANA,Hyderabad,HYDERABAD, 
Axis Bank Ltd,AWCW00856,17.44193,78.36723,TELANGANA,Ranga Reddy,HYDERABAD, 
ICICI Bank Ltd,S1CNI062,17.441967,78.49707,TELANGANA,Hyderabad, , 
ICICI Bank Ltd,SACWN817,17.441968,78.488136,TELANGANA,Hyderabad, , 
ICICI Bank Ltd,SACWC697,17.441969,78.488133,TELANGANA,Hyderabad,Secunderabad, 
Axis Bank Ltd,BWCW145510,17.441969,78.53022,TELANGANA,Medchal Malkajgiri,HYDERABAD, 
ICICI Bank Ltd,SACWM088,17.441999,78.439498,TELANGANA,Hyderabad, , 
RBL Bank Ltd,RE439001,17.442026,78.3583,TELANGANA,Ranga Reddy,Hyderabad, 
State Bank Of India,S1NB002802002,17.442037,78.495964,TELANGANA,Hyderabad,Secunderabad, 
State Bank Of India,S1BW021092002	,17.443124,78.442882,TELANGANA,Hyderabad,SHAMIRPET, 
ICICI Bank Ltd,SACWH379,17.4420773,78.4429622,TELANGANA,Hyderabad,Hyderabad, 
HDFC Bank Ltd,P3AWHY80,17.442079,78.575519,TELANGANA,Medchal Malkajgiri, , 
Indian Overseas Bank,IOB6850,17.442083,78.575518,TELANGANA,Medchal Malkajgiri,HYDERABAD,0
City Union Bank Ltd,CUBFI268,17.442087,78.443235,TELANGANA,Hyderabad,HYDERABAD,500038
Indian Overseas Bank,IOB8667,17.442088,78.488062,TELANGANA,Hyderabad,SECUNDERABAD,0
State Bank Of India,S5NL020087621,17.442098,78.5062,TELANGANA,Hyderabad,HYDERABAD, 
South Indian Bank Ltd,02460002,17.4421,78.4882,TELANGANA,Hyderabad,Greater Hyderabad,500003
South Indian Bank Ltd,02460001,17.4421,78.4882,TELANGANA,Hyderabad,Greater Hyderabad,500003
Canara Bank,8782083,17.442188,78.647949,TELANGANA,Medchal Malkajgiri, , 
Union Bank Of India,NHYD14911111111,17.44222,78.4754,TELANGANA,Hyderabad,Hyderabad,500016
State Bank Of India,S1BG002714041,17.44224,78.521698,TELANGANA,Medchal Malkajgiri,Hyderabad, 
ICICI Bank Ltd,S1CWK587,17.442262,78.441658,TELANGANA,Hyderabad, , 
ICICI Bank Ltd,S1CWE561,17.442263,78.441655,TELANGANA,Hyderabad,Hyderabad, 
State Bank Of India,S1NW000916005,17.442268,78.497133,TELANGANA,Hyderabad,AMEERPET, 
Canara Bank,8787087,17.442276,78.532196,TELANGANA,Medchal Malkajgiri, , 
City Union Bank Ltd,CUBFI830,17.442329,78.442869,TELANGANA,Hyderabad,Hyderabad,500038
IDFC Bank,IN802250,17.44234,78.442988,TELANGANA,Hyderabad,HYDERABAD, 
State Bank Of India,S5NE010102621,17.44236,78.39144,TELANGANA,Ranga Reddy,RANGAREDDY,500081
HDFC Bank Ltd,P3ENHY82,17.44236,78.435923,TELANGANA,Hyderabad, , 
State Bank Of India,S1NB000847574,17.442379,78.488703,TELANGANA,Hyderabad,Secunderabad, 
BANDHAN BANK LIMITED,BD163501,17.442385,78.44853,TELANGANA,Hyderabad, ,500038
State Bank Of India,S5NL060454622,17.442388,78.487589,TELANGANA,Hyderabad,SECUNDERABAD, 
HDFC Bank Ltd,S1ANRT37,17.4424,78.4432,TELANGANA,Hyderabad,Hyderabad,NULL
Union Bank Of India,N0505009,17.4424,78.4877,TELANGANA,Hyderabad,SECUNDERABAD,500003
Union Bank Of India,N0505010,17.4424,78.4877,TELANGANA,Hyderabad,SECUNDERABAD,500003
Bank Of Baroda,1FDRGR10,17.442413,78.676535,TELANGANA,Medchal Malkajgiri, ,500079
ICICI Bank Ltd,S1CNI611,17.44241572,78.56623572,TELANGANA,Medchal Malkajgiri,Hyderabad, 
ICICI Bank Ltd,S1VDC019,17.44241572,78.56623572,TELANGANA,Medchal Malkajgiri,Hyderabad, 
ICICI Bank Ltd,S1CNE452,17.44241572,78.56623572,TELANGANA,Medchal Malkajgiri,Hyderabad, 
Union Bank Of India,N0505014,17.442476,78.487687,TELANGANA,Hyderabad,SECUNDERABAD, 
ICICI Bank Ltd,SACWF670,17.442484,78.355819,TELANGANA,Ranga Reddy,Hyderabad, 
HDFC Bank Ltd,S1ANHD58,17.4425,78.4426,TELANGANA,Hyderabad,Hyderabad,NULL
HDFC Bank Ltd,S1AWHY27,17.4425,78.4427,TELANGANA,Hyderabad,Hyderabad,NULL
Kotak Mahindra Bank Limited,HYON1630,17.442519,78.391459,TELANGANA,Ranga Reddy,Hyderabad, 
Canara Bank,B3055001,17.442524,78.439918,TELANGANA,Hyderabad,HYDERABAD, 
RBL Bank ltd,RB209001,17.442525,78.387384,TELANGANA,Ranga Reddy, , 
Union Bank Of India,W0522014,17.44256,78.44244,TELANGANA,Hyderabad,HYDERABAD,500038
ICICI Bank Ltd,SACWN855,17.442586,78.381721,TELANGANA,Ranga Reddy, , 
Union Bank Of India,W0522016,17.442587,78.442362,TELANGANA,Hyderabad,HYDERABAD,500038
Union Bank Of India,W0522017,17.442587,78.442362,TELANGANA,Hyderabad,HYDERABAD,500038
Kotak Mahindra Bank Limited,HYON9017,17.44259,78.50312,TELANGANA,Hyderabad,Hyderabad,500081
Bank Of India,CHY9005,17.442599,78.4391,TELANGANA,Hyderabad,HYDERABAD, 
Union Bank Of India,W0522015,17.4426,78.4424,TELANGANA,Hyderabad,HYDERABAD,500038
Union Bank Of India,Y0522102,17.4426,78.4424,TELANGANA,Hyderabad,HYDERABAD,500038
Union Bank Of India,B0522101,17.4426,78.4424,TELANGANA,Hyderabad,HYDERABAD,500038
Union Bank Of India,N0522018,17.4426,78.4424,TELANGANA,Hyderabad,HYDERABAD,500038
State Bank Of India,S5BG003607622,17.442607,78.448322,TELANGANA,Hyderabad,HYDERABAD, 
HDFC Bank Ltd,P3ENHE29,17.44263,78.432339,TELANGANA,Hyderabad, , 
Union Bank Of India,CBTD067040,17.44265,78.44597,TELANGANA,Hyderabad,HYDERABAD,500038
State Bank Of India,S1BW003607001,17.442693,78.448357,TELANGANA,Hyderabad,Hyderabad, 
Union Bank Of India,N0505015,17.442726,78.487666,TELANGANA,Hyderabad,SECUNDERABAD, 
State Bank Of India,S5NE005094621,17.442729,78.420322,TELANGANA,Hyderabad,HYDERABAD,500018
ICICI Bank Ltd,S1VDB883,17.442734,78.379358,TELANGANA,Ranga Reddy,Madhapur, 
ICICI Bank Ltd,SPCNG381,17.442749,78.441595,TELANGANA,Hyderabad,Hyderabad, 
State Bank Of India,T1NH000916175,17.442754,78.486848,TELANGANA,Hyderabad,SECNDERABAD, 
Yes Bank Ltd,SBENC719,17.44278,78.47532,TELANGANA,Hyderabad,Secunderabad, 
ICICI Bank Ltd,SPCNF347,17.442784,78.495349,TELANGANA,Hyderabad,Hyderabad, 
HDFC Bank Ltd,P1ENHY07,17.4428,78.4448,TELANGANA,Hyderabad,Hyderabad,NULL
ICICI Bank Ltd,S1CWA801,17.4428,78.566299,TELANGANA,Medchal Malkajgiri, , 
State Bank Of India,T1NW000916182,17.442818,78.50864,TELANGANA,Hyderabad,Hyderabad, 
State Bank Of India,S1N6000847351,17.442927,78.566768,TELANGANA,Medchal Malkajgiri,SECUNDERABAD, 
State Bank Of India,S5NE020311621,17.442934,78.480392,TELANGANA,Hyderabad,HIMAYATHNAGAR, 
State Bank Of India,T1NW005916219,17.442959,78.362319,TELANGANA,Ranga Reddy,HYDERABAD, 
State Bank Of India,S5BE003607621,17.44298,78.44586,TELANGANA,Hyderabad,HYDERABAD,500038
Catholic Syrian Bank Ltd,CSBN027601,17.443019,78.494045,TELANGANA,Hyderabad, ,500003
State Bank Of India,S1NB000847573,17.443068,78.496823,TELANGANA,Hyderabad,SECUNDERABAD, 
ICICI Bank Ltd,SACWM052,17.443107,78.51905,TELANGANA,Medchal Malkajgiri, , 
ICICI Bank Ltd,SACWJ220,17.443108,78.519093,TELANGANA,Medchal Malkajgiri,Hyderabad, 
Axis Bank Ltd,LWCW28912,17.44314,78.445859,TELANGANA,Hyderabad,HYDERABAD, 
Axis Bank Ltd,CWRO28906,17.44314,78.445859,TELANGANA,Hyderabad,HYDERABAD, 
State Bank Of India,S5NC004156621,17.4432045,78.4747087,TELANGANA,Hyderabad,HYDERABAD,500003
Kotak Mahindra Bank Limited,HYON9345,17.443236,78.387322,TELANGANA,Ranga Reddy,Hyderabad,500081
RBL Bank Ltd,RE405001,17.443279,78.477137,TELANGANA,Hyderabad,SECUNDERABAD, 
State Bank Of India,S5NC060427621,17.44329,78.487584,TELANGANA,Hyderabad,HYDERABAD,500003
IndusInd Bank,MW081001,17.4433,78.44713,TELANGANA,Hyderabad,Hyderabad,500038
ICICI Bank Ltd,S1CNP773,17.4433,78.479301,TELANGANA,Hyderabad, , 
ICICI Bank Ltd,S1CWE557,17.443329,78.479349,TELANGANA,Hyderabad,Madhapur, 
State Bank Of India,S5NC002728621,17.44333,78.47667,TELANGANA,Hyderabad,HYDERABAD,500016
State Bank Of India,S1NW000916074,17.443351,78.496158,TELANGANA,Hyderabad,Secunderabad, 
Axis Bank Ltd,APCN06816,17.44337327,78.47520153,TELANGANA,Hyderabad,0,500003
State Bank Of India,S5NL002728622,17.443384,78.489053,TELANGANA,Hyderabad,Hyderabad, 
State Bank Of India,S5NC000916626,17.443392,78.49575,TELANGANA,Hyderabad,Secunderabad, 
ICICI Bank Ltd,S1CNQ317,17.443399,78.50727,TELANGANA,Hyderabad, , 
ICICI Bank Ltd,S1VDK536,17.44341,78.507247,TELANGANA,Hyderabad, , 
ICICI Bank Ltd,S1VDK509,17.44341,78.507247,TELANGANA,Hyderabad, , 
State Bank Of India,S5NE020299621,17.443414,78.464489,TELANGANA,Hyderabad,HYDERABAD, 
State Bank Of India,S5NL000916627,17.443431,78.495941,TELANGANA,Hyderabad,Secunderabad, 
State Bank Of India,S1NW000916084,17.443452,78.44067,TELANGANA,Hyderabad,Hyderabad, 
State Bank Of India,S1BW000916050,17.443461,78.496088,TELANGANA,Hyderabad,Secunderabad, 
IDFC Bank,IN802240,17.443472,78.507008,TELANGANA,Hyderabad,Hyderabad, 
ICICI Bank Ltd,SACWH669,17.443484,78.385161,TELANGANA,Ranga Reddy,MADHAPUR, 
State Bank Of India,S1BW000916020,17.443505,78.495648,TELANGANA,Hyderabad,Secunderabad, 
Kotak Mahindra Bank Limited,HYDON863,17.443531,78.379081,TELANGANA,Ranga Reddy,Hyderabad, 
Punjab National Bank,D2042100,17.44355,78.49886,TELANGANA,Hyderabad,HYDERABAD,500003
Bank Of Baroda,1VW480301,17.443578,78.470716,TELANGANA,Hyderabad,HYDERABAD,500016
ICICI Bank Ltd,SACWN888,17.443599,78.473602,TELANGANA,Hyderabad, , 
Yes Bank Ltd,SMAWN278,17.44362,78.37995,TELANGANA,Ranga Reddy,Hyderabad, 
Axis Bank Ltd,BWCW145506,17.443633,78.535915,TELANGANA,Medchal Malkajgiri, , 
HDFC Bank Ltd,S1ANRT40,17.44365,78.368061,TELANGANA,Ranga Reddy, , 
Indian Bank,S1AS2571,17.44365,78.445826,TELANGANA,Hyderabad,HYDERABAD,500038
ICICI Bank Ltd,SACWF880,17.443693,78.481936,TELANGANA,Hyderabad,Secunderabad, 
ICICI Bank Ltd,SACWN748,17.443693,78.446197,TELANGANA,Hyderabad, , 
ICICI Bank Ltd,SACWN747,17.443693,78.446197,TELANGANA,Hyderabad, , 
Union Bank Of India,W0103001,17.4437,80.1512,TELANGANA,Mahabubabad,WARANGAL,506381
Union Bank Of India,H0103101,17.4437,80.1512,TELANGANA,Mahabubabad,WARANGAL,506381
Axis Bank Ltd,CPRH02708,17.44371,78.567059,TELANGANA,Medchal Malkajgiri,SECUNDERABAD, 
State Bank Of India,S5NL020308622,17.443711,78.440769,TELANGANA,Hyderabad,KHAIRATABAD, 
State Bank Of India,T1NY000916179,17.443712,78.487291,TELANGANA,Hyderabad,Hyderabad, 
IndusInd Bank,MC140501,17.443726,78.506941,TELANGANA,Hyderabad,Hyderabad,500026
State Bank Of India,S5NL013138623,17.443727,78.480594,TELANGANA,Hyderabad,Hyderabad, 
IndusInd Bank,MC000401,17.44374,78.47373,TELANGANA,Hyderabad,Hyderabad,500003
Central Bank Of India,SCDH35411S,17.443782,78.567207,TELANGANA,Medchal Malkajgiri, , 
Union Bank Of India,W1342004,17.4438,78.4341,TELANGANA,Hyderabad,HYDERABAD,500038
ICICI Bank Ltd,SACWF955,17.443815,78.445834,TELANGANA,Hyderabad,Hyderabad, 
ICICI Bank Ltd,SPCNF353,17.443818,78.391404,TELANGANA,Ranga Reddy,Madhapur, 
ICICI Bank Ltd,SPCNF412,17.443818,78.391404,TELANGANA,Ranga Reddy,Madhapur, 
State Bank Of India,S1BW004156004,17.44382,78.47321,TELANGANA,Hyderabad,HYDERABAD,500003
Union Bank Of India,W1342003,17.443823,78.434137,TELANGANA,Hyderabad,HYDERABAD,500038
State Bank Of India,S1BG000916140,17.443868,78.4485,TELANGANA,Hyderabad,SECUNDERABAD,500001
Canara Bank,8787874,17.44388,78.52136,TELANGANA,Medchal Malkajgiri, , 
Union Bank Of India,B0435101,17.4439,78.4704,TELANGANA,Hyderabad,HYDERABAD,500016
Union Bank Of India,W0435001,17.4439,78.4704,TELANGANA,Hyderabad,HYDERABAD,500016
Union Bank Of India,W0435002,17.4439,78.4704,TELANGANA,Hyderabad,HYDERABAD,500016
Bank Of India,AHY9009,17.443929,78.363239,TELANGANA,Ranga Reddy, , 
State Bank Of India,S1NB000847533,17.443963,78.465827,TELANGANA,Hyderabad,Hyderabad, 
ICICI Bank Ltd,SACWN903,17.443979,78.433479,TELANGANA,Hyderabad, , 
ICICI Bank Ltd,SACWH788,17.443995,78.441221,TELANGANA,Hyderabad,HYDERABAD, 
HDFC Bank Ltd,S1ACHE05,17.444,78.3877,TELANGANA,Ranga Reddy,Hyderabad,NULL
HDFC Bank Ltd,S1AWHY35,17.444,78.4338,TELANGANA,Hyderabad,Hyderabad,NULL
HDFC Bank Ltd,S1ANHE08,17.444018,78.397559,TELANGANA,Ranga Reddy,HYDERABAD, 
ICICI Bank Ltd,SPCNF444,17.444046,78.432683,TELANGANA,Hyderabad,Hyderabad, 
State Bank Of India,S1BB006645005,17.44405,78.50867,TELANGANA,Hyderabad,Hyderabad, 
Kotak Mahindra Bank Limited,HYBN1804,17.444058,78.3627776,TELANGANA,Ranga Reddy,Hyderabad,500032
IDBI Bank Ltd,TC042611,17.44406,78.44039,TELANGANA,Hyderabad,Hyderabad,500038
Central Bank Of India,W11F38771S,17.444123,78.467225,TELANGANA,Hyderabad,HYDERABAD, 
Axis Bank Ltd,CPCN89031,17.44416,78.65023,TELANGANA,Medchal Malkajgiri,HYDERABAD, 
Union Bank Of India,N0356005,17.4442,78.5074,TELANGANA,Hyderabad,HYDERABAD,500028
HDFC Bank Ltd,S1ANHY72,17.4442,78.5076,TELANGANA,Hyderabad,Secunderabad,NULL
HDFC Bank Ltd,S1ANHY05,17.4442,78.5076,TELANGANA,Hyderabad,Secunderabad,NULL
HDFC Bank Ltd,S1ANHE77,17.4442,78.5076,TELANGANA,Hyderabad,Secunderabad,NULL
ICICI Bank Ltd,SACWE757,17.444238,78.46225,TELANGANA,Hyderabad,BEGUMPET, 
Indian Bank,ALD24741,17.44424,78.362839,TELANGANA,Ranga Reddy, , 
Punjab National Bank,N2453800,17.444373,78.507741,TELANGANA,Hyderabad, , 
ICICI Bank Ltd,S1CNE411,17.444382,78.442532,TELANGANA,Hyderabad,Hyderabad, 
ICICI Bank Ltd,S1CNE413,17.444382,78.442532,TELANGANA,Hyderabad,Hyderabad, 
ICICI Bank Ltd,S1CWK599,17.444414,78.370101,TELANGANA,Ranga Reddy, , 
ICICI Bank Ltd,SECNL234,17.444467,78.531259,TELANGANA,Medchal Malkajgiri,Hyderabad, 
Union Bank Of India,WHYD04001111111,17.44447,78.46729,TELANGANA,Hyderabad,Hyderabad,500016
State Bank Of India,T1NH002714112,17.444482,78.541853,TELANGANA,Medchal Malkajgiri,HYDERABAD, 
South Indian Bank Ltd,06800002,17.4445,78.6748,TELANGANA,Medchal Malkajgiri,Ghatkesar,501301
State Bank Of India,S1BW020299004,17.444525,78.46499,TELANGANA,Hyderabad,Hyderabad, 
State Bank Of India,T1NW000916161,17.444529,78.466471,TELANGANA,Hyderabad,Secunderabad, 
Axis Bank Ltd,CPRH55309,17.444577,78.381251,TELANGANA,Ranga Reddy,HYDERABAD, 
Axis Bank Ltd,APRH55306,17.444579,78.381249,TELANGANA,Ranga Reddy,MADHAPUR, 
Union Bank Of India,H1120101,17.4446,78.5342,TELANGANA,Medchal Malkajgiri,HYDERABAD,500047
State Bank Of India,S1N6000847358,17.444636,78.570319,TELANGANA,Medchal Malkajgiri,Secunderabad, 
HDFC Bank Ltd,S1ACHY02,17.444639,78.388589,TELANGANA,Ranga Reddy, , 
HDFC Bank Ltd,S1ANHE17,17.444644,78.384275,TELANGANA,Ranga Reddy,HYDERABAD, 
ICICI Bank Ltd,SACWG058,17.444681,78.386158,TELANGANA,Ranga Reddy,Madhapur, 
Karnataka Bank Ltd,KBL04012,17.4447,78.4626,TELANGANA,Hyderabad,Hyderabad,500016
HDFC Bank Ltd,S1ANHY07,17.4447,78.4648,TELANGANA,Hyderabad,Hyderabad,NULL
HDFC Bank Ltd,S1ANHY19,17.4447,78.4648,TELANGANA,Hyderabad,Hyderabad,NULL
HDFC Bank Ltd,S1ANBN84,17.4447,78.4648,TELANGANA,Hyderabad,Hyderabad,NULL
HDFC Bank Ltd,P3ENHY78,17.444706,78.466381,TELANGANA,Hyderabad, , 
Indian Bank,S1LB0571,17.444707,78.466381,TELANGANA,Hyderabad,HYDERABAD,500016
IDBI Bank Ltd,ID029714,17.44471,78.46259,TELANGANA,Hyderabad,Hyderabad,500028
Lakshmi Vilas Bank Ltd,002DM606,17.44476,0.0,TELANGANA,Hyderabad, , 
Kotak Mahindra Bank Limited,HYON9258,17.444777,78.464613,TELANGANA,Hyderabad,Hyderabad,500016
Union Bank Of India,N0529003,17.4448,78.4918,TELANGANA,Hyderabad,HYDERABAD,500003
State Bank Of India,S1BW021272002,17.444801,78.382827,TELANGANA,Ranga Reddy,Hyderabad, 
Union Bank Of India,COBW105540,17.444824,78.3872,TELANGANA,Ranga Reddy, , 
Axis Bank Ltd,CPRH73302,17.444829,78.36292,TELANGANA,Ranga Reddy,HYDERABAD, 
Punjab National Bank,DA110034,17.444856,78.376723,TELANGANA,Ranga Reddy, , 
Punjab National Bank,PC070611,17.44486,78.4694,TELANGANA,Hyderabad, , 
State Bank Of India,T1NY000916207,17.444869,78.448454,TELANGANA,Hyderabad,HYDERABAD, 
State Bank Of India,S1BG020572001,17.444932,80.152178,TELANGANA,Mahabubabad,DORNAKAL, 
Axis Bank Ltd,BPRH145401,17.444969,78.470389,TELANGANA,Hyderabad,HYDERABAD, 
Union Bank Of India,W1120004,17.444987,78.534812,TELANGANA,Medchal Malkajgiri,HYDERABAD,500047
Axis Bank Ltd,BWCW324105,17.444989,78.57661,TELANGANA,Medchal Malkajgiri,HYDERABAD, 
Axis Bank Ltd,CPRH02712,17.444998,78.534978,TELANGANA,Medchal Malkajgiri,HYDERABAD, 
HDFC Bank Ltd,P3ENHE09,17.44501,78.421369,TELANGANA,Medchal Malkajgiri, , 
Canara Bank,66700951,17.445024,78.363476,TELANGANA,Ranga Reddy, , 
ICICI Bank Ltd,SACWF904,17.445052,78.392242,TELANGANA,Ranga Reddy,MADHAPUR, 
HDFC Bank Ltd,S1ACHD12,17.4451,78.3765,TELANGANA,Ranga Reddy,Hyderabad,NULL
ICICI Bank Ltd,S1VDK532,17.445104,78.386589,TELANGANA,Ranga Reddy, , 
Axis Bank Ltd,DWCW324002,17.44515,78.41084,TELANGANA,Medchal Malkajgiri,HYDERABAD, 
State Bank Of India,S5NL011081623,17.445188,78.355982,TELANGANA,Ranga Reddy,HYDERABAD, 
State Bank Of India,S1BW014235001,17.44519,78.25196,TELANGANA,Sangareddy,MEDAK,502300
Axis Bank Ltd,BWCW131903,17.445199,78.51494,TELANGANA,Hyderabad,SECUNDERABAD, 
Axis Bank Ltd,LWCW42513,17.445219,78.420379,TELANGANA,Medchal Malkajgiri,HYDERABAD, 
ICICI Bank Ltd,S1CNQ482,17.445241,78.47026,TELANGANA,Hyderabad, , 
Canara Bank,A3044001,17.44529,78.43107,TELANGANA,Hyderabad,HYDERABAD,500018
Karur Vysya Bank Ltd,S1AC0144603,17.445293,78.446788,TELANGANA,Hyderabad,HYDERABAD,500033
Axis Bank Ltd,CECN89023,17.4453,78.685299,TELANGANA,Medchal Malkajgiri, , 
Indian Overseas Bank,IOB9543,17.44536,78.388403,TELANGANA,Ranga Reddy,HYDERABAD,0
HDFC Bank Ltd,P1ENHD25,17.4454,78.3923,TELANGANA,Ranga Reddy,Hyderabad,NULL
ICICI Bank Ltd,S1CPS182,17.445421,78.470176,TELANGANA,Hyderabad, , 
State Bank Of India,S5NG021162621,17.445451,78.392112,TELANGANA,Ranga Reddy,RANGAREDDY, 
HDFC Bank Ltd,P1ENHD02,17.4455,78.3923,TELANGANA,Ranga Reddy,Hyderabad,NULL
State Bank Of India,S1NB012655003,17.445505,78.408828,TELANGANA,Medchal Malkajgiri,Hyderabad, 
ICICI Bank Ltd,S1CNP598,17.44551,78.419937,TELANGANA,Medchal Malkajgiri, , 
Union Bank Of India,COBW016640,17.44552,78.49825,TELANGANA,Hyderabad,SECUNDERABAD,500026
ICICI Bank Ltd,SECNL246,17.445529,78.527042,TELANGANA,Medchal Malkajgiri,Hyderabad, 
State Bank Of India,T1BS002714144,17.44558,78.674838,TELANGANA,Medchal Malkajgiri,Ghatkesar, 
State Bank Of India,T1NH002714109,17.445628,78.542196,TELANGANA,Medchal Malkajgiri,HYDERABAD, 
ICICI Bank Ltd,S1CWC381,17.445647,78.377722,TELANGANA,Ranga Reddy,Hyderabad, 
State Bank Of India,S5NL020822622,17.445671,78.526446,TELANGANA,Medchal Malkajgiri,HYDERABAD, 
State Bank Of India,S5NL021272622,17.445701,78.383149,TELANGANA,Ranga Reddy,Hyderabad, 
ICICI Bank Ltd,SACWN859,17.445705,78.649856,TELANGANA,Medchal Malkajgiri, , 
State Bank Of India,T1NW020161039,17.445719,80.152418,TELANGANA,Mahabubabad,DORNAKAL JUNCTION WARANGA, 
Uco Bank,WT211101,17.445999,78.386012,TELANGANA,Ranga Reddy, , 
IndusInd Bank,MC022601,17.446013,78.386105,TELANGANA,Ranga Reddy,Madhapur,500035
Kotak Mahindra Bank Limited,HYON2063,17.446038,78.46091,TELANGANA,Hyderabad,hyderabad,500016
Bank Of Baroda,5DEN12553,17.446074,78.387373,TELANGANA,Ranga Reddy,MADHAPUR,500081
State Bank Of India,S1NZ000847131,17.4461,78.51381,TELANGANA,Hyderabad,HYDERABAD,500026
HDFC Bank Ltd,P1DCHY65,17.4461,78.514,TELANGANA,Hyderabad,Secunderabad,NULL
ICICI Bank Ltd,SFCNM421,17.4461,78.448799,TELANGANA,Hyderabad, , 
State Bank Of India,S1NZ000847130,17.44611,78.51381,TELANGANA,Hyderabad,HYDERABAD,500026
Axis Bank Ltd,APCN69806,17.4461359,78.4822683,TELANGANA,Hyderabad,0,500018
Axis Bank Ltd,BPCN130410,17.4461359,78.4822683,TELANGANA,Hyderabad,0,500055
Axis Bank Ltd,TPCN11127,17.446136,78.4822518,TELANGANA,Hyderabad,0,500020
State Bank Of India,S1NB009071002,17.446139,78.573985,TELANGANA,Medchal Malkajgiri,SECUNDERABAD, 
Axis Bank Ltd,DPRH138102,17.44614,78.482249,TELANGANA,Hyderabad,HYDERABAD, 
ICICI Bank Ltd,SACWE937,17.446169,78.388512,TELANGANA,Ranga Reddy,Madhapur, 
HDFC Bank Ltd,P3ENHE66,17.446198,78.46091,TELANGANA,Hyderabad,HYDERABAD, 
State Bank Of India,T1NW020161036,17.446279,80.280431,TELANGANA,Khammam,KHAMMAM, 
ICICI Bank Ltd,SACWF656,17.446284,78.448912,TELANGANA,Hyderabad,Hyderabad, 
Punjab National Bank,DA105801,17.446283,78.513167,TELANGANA,Hyderabad, , 
HDFC Bank Ltd,P1DCHD33,17.4463,78.4818,TELANGANA,Hyderabad,Secunderabad,NULL
Central Bank Of India,D11D236901,17.446306,78.432121,TELANGANA,Hyderabad, , 
HDFC Bank Ltd,P1DCHY56,17.4464,78.4818,TELANGANA,Hyderabad,Secunderabad,NULL
HDFC Bank Ltd,P1DCHY12,17.4464,78.6819,TELANGANA,Medchal Malkajgiri,Hyderabad,NULL
State Bank Of India,S1BW021161002,17.44646,78.350012,TELANGANA,Ranga Reddy,HYDERABAD, 
BANDHAN BANK LIMITED,BN184401,17.446462,78.512008,TELANGANA,Hyderabad, ,500026
Bank Of Baroda,1DBA05602,17.446522,78.512931,TELANGANA,Hyderabad,HYDERABAD,500026
Yes Bank Ltd,SEPO1222,17.44654,78.50834,TELANGANA,Hyderabad,Secunderabad, 
State Bank Of India,S1NW000916072,17.446554,78.474595,TELANGANA,Hyderabad,Secunderabad, 
Axis Bank Ltd,CWCW55308,17.446558,78.391257,TELANGANA,Ranga Reddy, , 
Axis Bank Ltd,LWCW55314,17.44656,78.391259,TELANGANA,Ranga Reddy,HYDERABAD, 
ICICI Bank Ltd,SFCNM575,17.446599,78.572196,TELANGANA,Medchal Malkajgiri, , 
ICICI Bank Ltd,SFCNM576,17.446599,78.572196,TELANGANA,Medchal Malkajgiri, , 
Union Bank Of India,W2384001,17.4466,78.4492,TELANGANA,Hyderabad,HYDERABAD,500016
Union Bank Of India,H2384101,17.4466,78.4492,TELANGANA,Hyderabad,HYDERABAD,500016
ICICI Bank Ltd,SACWH988,17.446612,78.376212,TELANGANA,Ranga Reddy,Hyderabad, 
Axis Bank Ltd,S3RH55302,17.446637,78.379379,TELANGANA,Ranga Reddy,0,500081
Punjab National Bank,C36B110501,17.44665,78.377191,TELANGANA,Ranga Reddy, , 
ICICI Bank Ltd,SFCNM382,17.446653,78.544059,TELANGANA,Medchal Malkajgiri, , 
Axis Bank Ltd,CWCW28908,17.44669833,78.444125,TELANGANA,Hyderabad,0,500038
ICICI Bank Ltd,S1CNP491,17.446699,78.376098,TELANGANA,Ranga Reddy, , 
HDFC Bank Ltd,S1AWRA07,17.4467,78.3843,TELANGANA,Ranga Reddy,Hyderabad,NULL
Karnataka Bank Ltd,KBL04035,17.4467,78.3858,TELANGANA,Ranga Reddy,Hyderabad,500081
Axis Bank Ltd,SPCN00855,17.446712,78.502026,TELANGANA,Hyderabad,0,500026
Axis Bank Ltd,T3RH131901,17.446712,78.502026,TELANGANA,Hyderabad,0,500026
Lakshmi Vilas Bank Ltd,001DM489,17.44672,0.0,TELANGANA,Ranga Reddy, , 
Axis Bank Ltd,APCN00839,17.446775,78.36435167,TELANGANA,Ranga Reddy,0,500081
State Bank Of India,T1BW000916277,17.446825,78.506488,TELANGANA,Hyderabad,Secunderabad, 
State Bank Of India,T1NY002714120,17.446899,78.533676,TELANGANA,Medchal Malkajgiri,HYDERABAD, 
Indian Bank,ALD22621,17.446904,78.532406,TELANGANA,Medchal Malkajgiri, , 
ICICI Bank Ltd,S1CNB983,17.446923,78.369321,TELANGANA,Ranga Reddy,Hyderabad, 
ICICI Bank Ltd,SACWJ301,17.446971,78.636306,TELANGANA,Medchal Malkajgiri, , 
ICICI Bank Ltd,S1CNP113,17.446971,78.636306,TELANGANA,Medchal Malkajgiri, , 
ICICI Bank Ltd,S1CNQ272,17.446971,78.636306,TELANGANA,Medchal Malkajgiri, , 
ICICI Bank Ltd,S1CNQ272,17.446971,78.636306,TELANGANA,Medchal Malkajgiri, , 
ICICI Bank Ltd,S1VDC027,17.446971,78.636306,TELANGANA,Medchal Malkajgiri, , 
Union Bank Of India,N1070007,17.447,78.3769,TELANGANA,Ranga Reddy,HYDERABAD,500081
South Indian Bank Ltd,06800001,17.447,78.6829,TELANGANA,Medchal Malkajgiri,Ghatkesar,501301
ICICI Bank Ltd,SACWE732,17.447018,78.356368,TELANGANA,Ranga Reddy,Hyderabad, 
ICICI Bank Ltd,SACWE758,17.447018,78.356368,TELANGANA,Ranga Reddy,Hyderabad, 
State Bank Of India,S1NB000847556,17.447029,78.439126,TELANGANA,Hyderabad,AMEERPET, 
Axis Bank Ltd,CPRH55308,17.447029,78.350849,TELANGANA,Ranga Reddy,GACHIBOWLI, 
Axis Bank Ltd,LWCW00867,17.447096,78.45721,TELANGANA,Hyderabad,HYDERABAD, 
Axis Bank Ltd,LWCW00865,17.44715,78.459429,TELANGANA,Medchal Malkajgiri,HYDERABAD, 
ICICI Bank Ltd,SACWL797,17.447217,78.375785,TELANGANA,Ranga Reddy, , 
ICICI Bank Ltd,SECNH491,17.447267,78.370278,TELANGANA,Ranga Reddy,Hyderabad, 
RBL Bank Ltd,RE356001,17.44734,78.448049,TELANGANA,Hyderabad,HYDERABAD, 
Kotak Mahindra Bank Limited,HYON2078,17.447351,78.571144,TELANGANA,Medchal Malkajgiri,Hyderabad, 
HDFC Bank Ltd,P3DCHD02,17.4474,78.4623,TELANGANA,Hyderabad,Hyderabad,NULL
Bank Of Baroda,1FDHYD45,17.447412,78.37623,TELANGANA,Ranga Reddy,0,500035
State Bank Of India,T1NW005916202,17.447421,78.436522,TELANGANA,Hyderabad,HYDERABAD, 
State Bank Of India,S5BC003751621,17.447423,78.508404,TELANGANA,Hyderabad,NARAYANPET,509210
Axis Bank Ltd,DPRH336401,17.447529,78.430159,TELANGANA,Hyderabad,HYDERABAD, 
IDBI Bank Ltd,TC037411,17.44753,80.49889,TELANGANA,Khammam,Khammam,507000
ICICI Bank Ltd,SACWC691,17.447555,78.462846,TELANGANA,Hyderabad,Begumpet, 
ICICI Bank Ltd,SACWN908,17.447555,78.462844,TELANGANA,Hyderabad, , 
Axis Bank Ltd,DPRH190702,17.447559,78.444519,TELANGANA,Hyderabad,HYDERABAD, 
ICICI Bank Ltd,SACWC690,17.447622,78.447554,TELANGANA,Hyderabad,Hyderabad, 
ICICI Bank Ltd,SACWN893,17.447622,78.447555,TELANGANA,Hyderabad, , 
Karur Vysya Bank Ltd,S1AC0146003,17.447623,78.535994,TELANGANA,Medchal Malkajgiri,HYDERABAD,500047
ICICI Bank Ltd,SACWH982,17.447649,78.437919,TELANGANA,Hyderabad,Hyderabad, 
HDFC Bank Ltd,S1ACHD15,17.4477,78.503,TELANGANA,Hyderabad,Secunderabad,NULL
HDFC Bank Ltd,S1ACHD16,17.4477,78.503,TELANGANA,Hyderabad,Secunderabad,NULL
State Bank Of India,S5NL005916621,17.447731,78.353771,TELANGANA,Ranga Reddy,Hyderabad, 
Bank Of Baroda,1RDNHYD25,17.447774,78.498067,TELANGANA,Hyderabad,SECUNDERABAD,500061
ICICI Bank Ltd,SACWC753,17.447799,78.407712,TELANGANA,Medchal Malkajgiri,Hyderabad, 
ICICI Bank Ltd,SACWJ232,17.447799,78.407712,TELANGANA,Medchal Malkajgiri,Hyderabad, 
State Bank Of India,T1NF000916220,17.447823,78.448842,TELANGANA,Hyderabad,HYDERABAD, 
Axis Bank Ltd,DWCW145401,17.44784,78.462025,TELANGANA,Medchal Malkajgiri,0,500016
State Bank Of India,S1NW040462001,17.447918,78.518147,TELANGANA,Hyderabad,SECUNDERABAD, 
HDFC Bank Ltd,P3FNHY29,17.447959,78.525875,TELANGANA,Medchal Malkajgiri,HYDERABAD, 
State Bank Of India,S1NG000916004,17.447963,78.489525,TELANGANA,Hyderabad,Hyderabad, 
ICICI Bank Ltd,S1CNP684,17.448099,78.374999,TELANGANA,Ranga Reddy, , 
State Bank Of India,S1BW002714033,17.448099,78.509871,TELANGANA,Hyderabad,HYDERABAD, 
ICICI Bank Ltd,S1CNE445,17.448128,78.374989,TELANGANA,Ranga Reddy,Madhapur, 
State Bank Of India,S1N6000847531,17.448169,78.437995,TELANGANA,Hyderabad,Hyderabad, 
State Bank Of India,S1BB000916148,17.44818,78.498251,TELANGANA,Hyderabad,Hyderabad, 
Canara Bank,6241846,17.44826,78.508097,TELANGANA,Hyderabad, , 
State Bank Of India,S5NL020096622,17.448277,78.575405,TELANGANA,Medchal Malkajgiri,HYDERABAD, 
Indian Bank,S1AM1802,17.448293,78.391485,TELANGANA,Ranga Reddy,HYDERABAD,500081
Canara Bank,8787267,17.448293,78.391484,TELANGANA,Ranga Reddy, , 
Kotak Mahindra Bank Limited,HYON1467,17.448294,78.391487,TELANGANA,Ranga Reddy,Hyderabad, 
Lakshmi Vilas Bank Ltd,001DM032,17.448299,0.0,TELANGANA,Medchal Malkajgiri, , 
ICICI Bank Ltd,SPCNF369,17.448334,78.437709,TELANGANA,Hyderabad,Hyderabad, 
Yes Bank Ltd,SMPO1282,17.44835,78.50798,TELANGANA,Hyderabad,Secunderabad, 
ICICI Bank Ltd,S1VDB990,17.448484,78.503202,TELANGANA,Hyderabad,Secunderabad, 
Axis Bank Ltd,AWCW42514,17.44854,78.4193,TELANGANA,Medchal Malkajgiri,HYDERABAD, 
Bank Of Baroda,1VD413102,17.448552,78.359589,TELANGANA,Ranga Reddy,HYDERABAD,500032
Bank Of Baroda,1VW413101,17.448552,78.359589,TELANGANA,Ranga Reddy,HYDERABAD,500032
ICICI Bank Ltd,SACWF626,17.448616,78.477553,TELANGANA,Hyderabad,Secunderabad, 
State Bank Of India,S1NB000916150,17.448617,78.449258,TELANGANA,Hyderabad,BALANAGAR, 
State Bank Of India,S1BW016432001,17.448618,78.508064,TELANGANA,Hyderabad,SECUNDERABAD, 
Axis Bank Ltd,SPCN00872,17.4486521,78.3546313,TELANGANA,Ranga Reddy,0,500032
Kotak Mahindra Bank Limited,HYOD9408,17.448779,78.529918,TELANGANA,Medchal Malkajgiri,Hyderabad, 
State Bank Of India,S1NW002714061,17.448786,78.574075,TELANGANA,Medchal Malkajgiri,Nacharam, 
Canara Bank,0878E005,17.448787,78.432774,TELANGANA,Hyderabad, , 
Union Bank Of India,N1313003,17.4488,78.5295,TELANGANA,Medchal Malkajgiri,HYDERABAD,500047
Axis Bank Ltd,APCN03009,17.44880105,78.44750541,TELANGANA,Hyderabad,0,500038
Axis Bank Ltd,APCN03007,17.4488163,78.4475295,TELANGANA,Hyderabad,0,500038
ICICI Bank Ltd,SACWE871,17.448845,78.355494,TELANGANA,Ranga Reddy,Hyderabad, 
HDFC Bank Ltd,P3ECHY17,17.44892,78.40569,TELANGANA,Medchal Malkajgiri, , 
ICICI Bank Ltd,SPCNF272,17.449041,78.350128,TELANGANA,Ranga Reddy,Hyderabad, 
Bank Of Baroda,1FDHYD74,17.449104,78.533762,TELANGANA,Medchal Malkajgiri,0,500047
Bank Of Baroda,1FDHYD56,17.4491404,78.5038341,TELANGANA,Hyderabad,HYDERABADH,500026
Bank Of India,AHY9002,17.449169,0.0,TELANGANA,Medchal Malkajgiri, , 
Punjab National Bank,DA110068,17.449237,78.500765,TELANGANA,Hyderabad, , 
Punjab National Bank,WC110036,17.449259,78.487605,TELANGANA,Hyderabad, , 
Bank Of Baroda,1CRTSHY11,17.44926,78.50435,TELANGANA,Hyderabad,HYDERABAD,500026
Karnataka Bank Ltd,KBNA9770,17.449272,78.437771,TELANGANA,Hyderabad,Hyderabad, 
State Bank Of India,S5NC000916623,17.449274,78.505432,TELANGANA,Hyderabad,HYDERABAD,500061
Canara Bank, 0878EP02,17.44934,78.42257,TELANGANA,Medchal Malkajgiri, , 
State Bank Of India,T1NS005916250,17.44935,78.406999,TELANGANA,Medchal Malkajgiri,Ameerpet, 
HDFC Bank Ltd,S1ANHB74,17.4494,78.4192,TELANGANA,Medchal Malkajgiri,Hyderabad,NULL
State Bank Of India,T1NY002714122,17.449437,78.534792,TELANGANA,Medchal Malkajgiri,HYDERABAD, 
Axis Bank Ltd,CPRH00816,17.449451,78.383274,TELANGANA,Ranga Reddy,HYDERABAD, 
ICICI Bank Ltd,SACWM066,17.449476,78.36441,TELANGANA,Ranga Reddy, , 
State Bank Of India,S1BW000916152,17.449503,78.499432,TELANGANA,Hyderabad,Secunderabad, 
ICICI Bank Ltd,SACWG834,17.449517,78.364631,TELANGANA,Ranga Reddy,Hyderabad, 
State Bank Of India,S1NG000916002,17.44954,78.49382,TELANGANA,Hyderabad,HYDERABAD,500009
Lakshmi Vilas Bank Ltd,08150908,17.449539,0.0,TELANGANA,Hyderabad, , 
Union Bank Of India,COBW088740,17.44956,78.533913,TELANGANA,Medchal Malkajgiri, , 
ICICI Bank Ltd,SACWF646,17.449561,78.431267,TELANGANA,Hyderabad,Hyderabad, 
Indian Overseas Bank,IOB9951,17.449568,78.506447,TELANGANA,Hyderabad,SECUNDERABAD,0
Kotak Mahindra Bank Limited,HYON1604,17.449568,78.506447,TELANGANA,Hyderabad,Hyderabad,500026
State Bank Of India,S5NL021165621,17.449666,78.588018,TELANGANA,Medchal Malkajgiri,SECUNDERABAD, 
State Bank Of India,S5NL014183622,17.449701,78.363471,TELANGANA,Ranga Reddy,Hyderabad, 
Axis Bank Ltd,CWCW00862,17.449709,78.38194,TELANGANA,Ranga Reddy,HYDERABAD, 
State Bank Of India,S5NE020822621,17.449793,78.527849,TELANGANA,Medchal Malkajgiri,HYDERABAD, 
IDFC Bank,IN802154,17.44981,78.509669,TELANGANA,Hyderabad,Hyderabad, 
Axis Bank Ltd,BPCN192204,17.449974,78.421681,TELANGANA,Medchal Malkajgiri, , 
HDFC Bank Ltd,P3ENHD07,17.45,78.5354,TELANGANA,Medchal Malkajgiri,Hyderabad,NULL
HDFC Bank Ltd,P3ENHD55,17.450007,78.424661,TELANGANA,Medchal Malkajgiri,HYDERABAD, 
ICICI Bank Ltd,S1CNQ355,17.450099,78.5335,TELANGANA,Medchal Malkajgiri, , 
HDFC Bank Ltd,S1ANHY62,17.4502,78.4072,TELANGANA,Medchal Malkajgiri,Hyderabad,NULL
HDFC Bank Ltd,S1ANAP40,17.4502,78.4072,TELANGANA,Medchal Malkajgiri,Hyderabad,NULL
State Bank Of India,S5NL020981621,17.450229,78.505512,TELANGANA,Hyderabad,MAREDPALLE, 
State Bank Of India,S5NC000916622,17.45023,78.47328,TELANGANA,Hyderabad,HYDERABAD,500003
ICICI Bank Ltd,SACWN856,17.450246,78.371726,TELANGANA,Ranga Reddy, , 
ICICI Bank Ltd,SECNH492,17.450248,78.503354,TELANGANA,Hyderabad,Hyderabad, 
ICICI Bank Ltd,S1CNP143,17.450267,78.381065,TELANGANA,Ranga Reddy, , 
Karur Vysya Bank Ltd,S1AC0144604,17.45028,78.443519,TELANGANA,Hyderabad,HYDERABAD,500018
Axis Bank Ltd,BWCW145513,17.450319,78.54027,TELANGANA,Medchal Malkajgiri,HYDERABAD, 
Axis Bank Ltd,BWCW145512,17.450329,78.52804,TELANGANA,Medchal Malkajgiri,HYDERABAD, 
Axis Bank Ltd,DPRH145502,17.450369,78.53257,TELANGANA,Medchal Malkajgiri,MALKAJGIRI, 
Punjab National Bank,WC085201,17.450376,78.535607,TELANGANA,Medchal Malkajgiri, , 
ICICI Bank Ltd,S1CPS301,17.450399,78.685401,TELANGANA,Medchal Malkajgiri, , 
Punjab National Bank,N1410600,17.4504,78.381,TELANGANA,Ranga Reddy,HYDERABAD,500084
Union Bank Of India,Y1075101,17.450399,78.381099,TELANGANA,Ranga Reddy,HYDERABAD-I, 
ICICI Bank Ltd,S1CNI249,17.450423,78.380784,TELANGANA,Ranga Reddy,Madhapur, 
Union Bank Of India,N1075002,17.450423,78.381121,TELANGANA,Ranga Reddy,HYDERABAD,500081
Punjab National Bank,DA131301,17.450442,78.360767,TELANGANA,Ranga Reddy,RANGA REDDY - ANDHRA PRADESH,500032
Central Bank Of India,SCRH35421S,17.450468,78.437195,TELANGANA,Hyderabad,HYDERABAD, 
HDFC Bank Ltd,S1ANHD84,17.4505,78.3857,TELANGANA,Ranga Reddy,Hyderabad,NULL
State Bank Of India,T1NH000916197,17.450613,78.39352,TELANGANA,Ranga Reddy,HYDERABAD, 
ICICI Bank Ltd,SACWE878,17.450637,78.381145,TELANGANA,Ranga Reddy,Hyderabad, 
State Bank Of India,T1BS000916292,17.450679,78.44418,TELANGANA,Hyderabad,HYDERABAD, 
State Bank Of India,S1BW003026080,17.450763,78.381105,TELANGANA,Ranga Reddy,HYDERABAD,500074
State Bank Of India,S1BW000916006,17.450779,78.498119,TELANGANA,Hyderabad,Secunderabad, 
HDFC Bank Ltd,S1ANHB73,17.4508,78.3632,TELANGANA,Ranga Reddy,Hyderabad,NULL
HDFC Bank Ltd,S1AWHY02,17.4508,78.3632,TELANGANA,Ranga Reddy,Hyderabad,NULL
Karnataka Bank Ltd,KBNA3360,17.4508,78.397799,TELANGANA,Medchal Malkajgiri,Hyderabad, 
State Bank Of India,T1NW000916167,17.450817,78.683792,TELANGANA,Medchal Malkajgiri,Hyderabad, 
ICICI Bank Ltd,S1CWI367,17.450846,78.371214,TELANGANA,Ranga Reddy,Hyderabad, 
ICICI Bank Ltd,SACWG797,17.450923,78.424423,TELANGANA,Medchal Malkajgiri, , 
Axis Bank Ltd,BPRH131902,17.45095,78.505169,TELANGANA,Hyderabad, , 
Union Bank Of India,W1070003,17.450982,78.378888,TELANGANA,Ranga Reddy,HYDERABAD,500081
HDFC Bank Ltd,S1ANHY01,17.451,78.3821,TELANGANA,Ranga Reddy,Hyderabad,NULL
Union Bank Of India,DHYD09601111111,17.451029,78.680779,TELANGANA,Medchal Malkajgiri,Ranga Reddy,501301
Union Bank Of India,WHYD12901111111,17.451029,78.680779,TELANGANA,Medchal Malkajgiri, , 
ICICI Bank Ltd,SACWF677,17.45115,78.37223,TELANGANA,Ranga Reddy, , 
BANDHAN BANK LIMITED,BN187301,17.451153,78.981789,TELANGANA,Yadadri Bhuvanagiri, ,500081
Canara Bank,A3512001,17.458139,78.54183,TELANGANA,Medchal Malkajgiri, , 
Bank Of Baroda,1RDNHYD29,17.451163,78.505388,TELANGANA,Hyderabad, ,500026
Union Bank Of India,NHYD14611111111,17.45116,78.51029,TELANGANA,Hyderabad,Hyderabad,500003
State Bank Of India,S1BB000916144,17.45124,78.494445,TELANGANA,Hyderabad,SECUNDERABAD,500021
Axis Bank Ltd,BWCW145505,17.451296,78.536158,TELANGANA,Medchal Malkajgiri, , 
Punjab National Bank,N1996000,17.4513,78.50202,TELANGANA,Hyderabad,SECUNDERABAD,500026
HDFC Bank Ltd,P3DCHB28,17.451299,78.532869,TELANGANA,Medchal Malkajgiri,HYDERABAD, 
HDFC Bank Ltd,P3FNHY44,17.451299,78.532869,TELANGANA,Medchal Malkajgiri,HYDERABAD, 
Canara Bank,86860083,17.451329,78.534742,TELANGANA,Medchal Malkajgiri, , 
State Bank Of India,S1BB010102002,17.451353,78.394026,TELANGANA,Ranga Reddy,MADHAPUR, 
HDFC Bank Ltd,S1ACHD50,17.45136,78.422188,TELANGANA,Medchal Malkajgiri, , 
HDFC Bank Ltd,P3FNHY72,17.451398,78.532878,TELANGANA,Medchal Malkajgiri,HYDERABAD, 
HDFC Bank Ltd,P1EWHY21,17.4514,78.5683,TELANGANA,Medchal Malkajgiri,Hyderabad,NULL
ICICI Bank Ltd,S1VDB888,17.451431,78.373636,TELANGANA,Ranga Reddy,Madhapur, 
ICICI Bank Ltd,S1VDC131,17.451431,78.373636,TELANGANA,Ranga Reddy,Madhapur, 
State Bank Of India,S1NG004187003,17.451464,78.383728,TELANGANA,Ranga Reddy,Hyderabad, 
Axis Bank Ltd,DPRH145503,17.451523,78.56864,TELANGANA,Medchal Malkajgiri,HYDERABAD, 
State Bank Of India,S1BW002714074,17.45154,78.53537,TELANGANA,Medchal Malkajgiri,RANGAREDDY,500047
HDFC Bank Ltd,S1ANHY15,17.4516,78.5329,TELANGANA,Medchal Malkajgiri,Hyderabad,NULL
HDFC Bank Ltd,S1ANHD56,17.4516,78.5329,TELANGANA,Medchal Malkajgiri,Hyderabad,NULL
ICICI Bank Ltd,SFCNM645,17.451683,78.499534,TELANGANA,Hyderabad, , 
State Bank Of India,S1BW003026141,17.451734,78.532124,TELANGANA,Medchal Malkajgiri,MALKAJGIRI, 
HDFC Bank Ltd,P3AWHY66,17.451738,78.366081,TELANGANA,Ranga Reddy, , 
ICICI Bank Ltd,SFCNM446,17.451799,78.562759,TELANGANA,Medchal Malkajgiri, , 
ICICI Bank Ltd,SFCNM454,17.451799,78.562759,TELANGANA,Medchal Malkajgiri, , 
Union Bank Of India,Y1168101,17.4518,78.4977,TELANGANA,Hyderabad,HYDERABAD,500028
Union Bank Of India,W1425002,17.4518,78.4977,TELANGANA,Hyderabad,HYDERABAD,500026
Union Bank Of India,H1425101,17.4518,78.4977,TELANGANA,Hyderabad,HYDERABAD,500026
State Bank Of India,S5NC020096621,17.451849,78.566644,TELANGANA,Medchal Malkajgiri,Hyderabad, 
ICICI Bank Ltd,SACWN754,17.451999,78.443,TELANGANA,Medchal Malkajgiri, , 
HDFC Bank Ltd,S1ANHE07,17.451999,78.420604,TELANGANA,Medchal Malkajgiri, , 
Axis Bank Ltd,BPRH192201,17.451999,78.423,TELANGANA,Medchal Malkajgiri, , 
State Bank Of India,T1NW005916211,17.452038,78.382059,TELANGANA,Ranga Reddy,HYDERABAD, 
Canara Bank,0878EP01,17.452142,78.533662,TELANGANA,Medchal Malkajgiri, , 
Canara Bank,10892072,17.452142,78.533663,TELANGANA,Medchal Malkajgiri, , 
ICICI Bank Ltd,SACWF112,17.452156,78.362793,TELANGANA,Ranga Reddy,Hyderabad, 
Axis Bank Ltd,CPRH42710,17.452165,78.6822,TELANGANA,Medchal Malkajgiri,HYDERABAD, 
Union Bank Of India,W1120005,17.4522,78.5334,TELANGANA,Medchal Malkajgiri,HYDERABAD,500047
HDFC Bank Ltd,S1ANRR01,17.452209,78.389539,TELANGANA,Ranga Reddy, , 
Union Bank Of India,W1340003,17.4523,78.4241,TELANGANA,Medchal Malkajgiri,HYDERABAD,500038
Union Bank Of India,Y1340101,17.4523,78.4241,TELANGANA,Medchal Malkajgiri,HYDERABAD,500038
Union Bank Of India,W0356004,17.4523,78.5059,TELANGANA,Hyderabad,HYDERABAD,500028
Union Bank Of India,H0356101,17.4523,78.5059,TELANGANA,Hyderabad,HYDERABAD,500028
ICICI Bank Ltd,S1VDC018,17.452339,78.425227,TELANGANA,Medchal Malkajgiri,Hyderabad, 
ICICI Bank Ltd,S1VDK529,17.452339,78.425224,TELANGANA,Medchal Malkajgiri, , 
ICICI Bank Ltd,S1VDK529,17.452339,78.425224,TELANGANA,Medchal Malkajgiri, , 
Union Bank Of India,W1340004,17.452341,78.424149,TELANGANA,Medchal Malkajgiri,HYDERABAD,500038
State Bank Of India,S5NC012917621,17.452369,78.498597,TELANGANA,Hyderabad,HYDERABAD,500026
ICICI Bank Ltd,S1CNP022,17.4531,78.37413,TELANGANA,Ranga Reddy, , 
Kotak Mahindra Bank Limited,HYDON469,17.452376,78.533383,TELANGANA,Medchal Malkajgiri,Hyderabad,500047
Indian Bank,S1AS0131,17.45244,78.46789,TELANGANA,Hyderabad,SECUNDERABAD,500003
Union Bank Of India,W1355005,17.452453,78.424106,TELANGANA,Medchal Malkajgiri,HYDERABAD,500018
Canara Bank,30875084,17.452492,78.565508,TELANGANA,Medchal Malkajgiri, , 
Union Bank Of India,H1355101,17.4525,78.4241,TELANGANA,Medchal Malkajgiri,HYDERABAD,500018
Canara Bank,0878E008,17.452542,78.56559,TELANGANA,Medchal Malkajgiri, , 
ICICI Bank Ltd,SACWG867,17.452555,78.380509,TELANGANA,Ranga Reddy,Hyderabad, 
HDFC Bank Ltd,P3FNHY06,17.452681,78.56754,TELANGANA,Medchal Malkajgiri,HYDERABAD, 
ICICI Bank Ltd,S1CNP701,17.452699,78.5055,TELANGANA,Hyderabad, , 
State Bank Of India,S5NE020450621,17.452759,78.684865,TELANGANA,Medchal Malkajgiri,RANGAREDDY, 
Union Bank Of India,W1355004,17.453064,78.411154,TELANGANA,Medchal Malkajgiri,HYDERABAD,500018
ICICI Bank Ltd,SACWN870,17.453094,78.410003,TELANGANA,Medchal Malkajgiri, , 
ICICI Bank Ltd,SACWC689,17.453095,78.410005,TELANGANA,Medchal Malkajgiri,Hyderabad, 
Union Bank Of India,Y2192101,17.4531,78.5061,TELANGANA,Hyderabad,SECUNDERABAD,500026
HDFC Bank Ltd,P1DCHY29,17.4531,78.6779,TELANGANA,Medchal Malkajgiri,Hyderabad,NULL
ICICI Bank Ltd,S1CWC279,17.4531,78.37413,TELANGANA,Ranga Reddy, , 
ICICI Bank Ltd,S1CWC279,17.4531,78.37413,TELANGANA,Ranga Reddy, , 
ICICI Bank Ltd,S1CNP022,17.4531,78.37413,TELANGANA,Ranga Reddy, , 
Axis Bank Ltd,APCN28906,17.45310327,78.44750521,TELANGANA,Medchal Malkajgiri,0,500018
Axis Bank Ltd,AWCW55317,17.453137,78.372517,TELANGANA,Ranga Reddy,HYDERABAD, 
ICICI Bank Ltd,SACWE731,17.453172,78.443227,TELANGANA,Medchal Malkajgiri,Hyderabad, 
Union Bank Of India,D1342001,17.453252,78.434902,TELANGANA,Medchal Malkajgiri,HYDERABAD,500038
ICICI Bank Ltd,S1CNQ286,17.453271,78.426292,TELANGANA,Medchal Malkajgiri, , 
State Bank Of India,S5NE010097621,17.45333,78.54056,TELANGANA,Medchal Malkajgiri,RANGAREDDY,500047
State Bank Of India,S1BW017358001,17.453371,78.447481,TELANGANA,Medchal Malkajgiri,Hyderabad, 
HDFC Bank Ltd,P3FNHY21,17.453391,78.434674,TELANGANA,Medchal Malkajgiri,HYDERABAD, 
Kotak Mahindra Bank Limited,HYON9303,17.453405,78.342626,TELANGANA,Ranga Reddy,Hyderabad,500019
State Bank Of India,S5NL013272622,17.453406,78.430197,TELANGANA,Medchal Malkajgiri,KHAIRATABAD, 
Axis Bank Ltd,APCN03006,17.45341493,78.43159435,TELANGANA,Medchal Malkajgiri,0,500018
IndusInd Bank,MW000435,17.453484,78.533442,TELANGANA,Medchal Malkajgiri,Hyderabad,500047
ICICI Bank Ltd,SFCNM616,17.453542,78.426361,TELANGANA,Medchal Malkajgiri, , 
Axis Bank Ltd,CPRH42708,17.453625,78.687204,TELANGANA,Medchal Malkajgiri,HYDERABAD, 
Axis Bank Ltd,BWCW324102,17.453629,78.561009,TELANGANA,Medchal Malkajgiri,HYDERABAD, 
State Bank Of India,T1NW000916158,17.453637,78.504494,TELANGANA,Hyderabad,Hyderabad, 
Axis Bank Ltd,BPCN192206,17.45368106,78.43352875,TELANGANA,Medchal Malkajgiri,0,500018
ICICI Bank Ltd,SACWM328,17.453767,78.534263,TELANGANA,Medchal Malkajgiri, , 
State Bank Of India,T1NH000916185,17.453777,78.423645,TELANGANA,Medchal Malkajgiri,HYDRABAD, 
Kotak Mahindra Bank Limited,HYBD1828,17.4538237,78.4354998,TELANGANA,Medchal Malkajgiri,Hyderabad,500018
State Bank Of India,S1NW002714068,17.453911,78.57076,TELANGANA,Medchal Malkajgiri,HYDERABAD, 
ICICI Bank Ltd,SACWE956,17.453917,78.422222,TELANGANA,Medchal Malkajgiri,Hyderabad, 
Canara Bank,8787879,17.453947,78.500812,TELANGANA,Hyderabad, , 
Axis Bank Ltd,DWCW192220,17.45395,78.428559,TELANGANA,Medchal Malkajgiri,HYDERABAD, 
Axis Bank Ltd,BPCN192205,17.45398752,78.42145397,TELANGANA,Medchal Malkajgiri,0,500018
ICICI Bank Ltd,SACWF759,17.453988,78.428284,TELANGANA,Medchal Malkajgiri,Hyderabad, 
State Bank Of India,S1BW020981003,17.45399,78.506492,TELANGANA,Hyderabad,HYDERABAD, 
State Bank Of India,S1BW021452003,17.45402,78.436618,TELANGANA,Medchal Malkajgiri,HYDERABAD, 
Karur Vysya Bank Ltd,S1AC0141004,17.45404431,78.50076038,TELANGANA,Hyderabad,SECUNDERABAD,500026
Union Bank Of India,H1393101,17.4541,78.1314,TELANGANA,Ranga Reddy,SHANKARPALLI,501203
Union Bank Of India,W1355007,17.4541,78.4166,TELANGANA,Medchal Malkajgiri,HYDERABAD,500018
Union Bank Of India,W1355006,17.4541,78.4166,TELANGANA,Medchal Malkajgiri,HYDERABAD,500018
Union Bank Of India,N1168002,17.4541,78.4978,TELANGANA,Hyderabad,HYDERABAD,500028
Axis Bank Ltd,APCN55310,17.45411,78.39016,TELANGANA,Ranga Reddy,0,500081
Indusind Bank,MN000403,17.454145,78.422688,TELANGANA,Medchal Malkajgiri,Hyderabad, 
Axis Bank Ltd,CWDW53806,17.454155,78.13527667,TELANGANA,Ranga Reddy,0,500074
Canara Bank,A3032001,17.4542,78.5009,TELANGANA,Hyderabad,SECUNDERABAD,500026
State Bank Of India,S1BG000916015,17.45421,78.528355,TELANGANA,Medchal Malkajgiri,Secunderabad, 
Axis Bank Ltd,CPRH03006,17.454244,78.423878,TELANGANA,Medchal Malkajgiri,HYDERABAD, 
Axis Bank Ltd,SPCN03014,17.45425,78.423879,TELANGANA,Medchal Malkajgiri,HYDERABAD, 
Axis Bank Ltd,CPRH03005,17.45425,78.423879,TELANGANA,Medchal Malkajgiri,HYDERABAD, 
State Bank Of India,S1N6000847025,17.454257,78.422805,TELANGANA,Medchal Malkajgiri,SECUNDERABAD, 
State Bank Of India,T1NH002714108,17.45428,78.566514,TELANGANA,Medchal Malkajgiri,SECUNDERABAD, 
ICICI Bank Ltd,SACWN860,17.454294,78.377243,TELANGANA,Ranga Reddy, , 
State Bank Of India,T1NH000916186,17.45433,78.42328,TELANGANA,Medchal Malkajgiri,HYDERABAD, 
State Bank Of India,S1NG002714104,17.454337,78.528786,TELANGANA,Medchal Malkajgiri,MALKAJGIRI, 
Union Bank Of India,W1393002,17.45436,78.13119,TELANGANA,Ranga Reddy,SHANKARPALLI,501203
ICICI Bank Ltd,SACWC830,17.454361,78.370405,TELANGANA,Ranga Reddy,Hyderabad, 
Axis Bank Ltd,DPRH192202,17.45436,78.415722,TELANGANA,Medchal Malkajgiri,HYDERABAD, 
Axis Bank Ltd,BPCN192215,17.454361,78.415723,TELANGANA,Medchal Malkajgiri,0,500018
Union Bank Of India,W0864001,17.454366,78.131186,TELANGANA,Ranga Reddy,MARPALLY KALAN,501203
State Bank Of India,S1BW005916033,17.454371,78.422407,TELANGANA,Medchal Malkajgiri,KHAIRATABAD, 
HDFC Bank Ltd,P1ENHD18,17.454376,78.422225,TELANGANA,Medchal Malkajgiri, , 
Union Bank Of India,H1249101,17.4546,78.6037,TELANGANA,Medchal Malkajgiri,HYDERABAD,500051
Union Bank Of India,CBTN013711,17.454664,78.12896,TELANGANA,Ranga Reddy, , 
State Bank Of India,S1BW000916046,17.454702,78.521489,TELANGANA,Medchal Malkajgiri,Secunderabad, 
Indian Overseas Bank,IOBD9897,17.45472,78.42247,TELANGANA,Medchal Malkajgiri, , 
State Bank Of India,S5NL021162622,17.454728,78.400322,TELANGANA,Medchal Malkajgiri,Hyderabad, 
HDFC Bank Ltd,P3ENHY76,17.454771,78.446083,TELANGANA,Medchal Malkajgiri, , 
State Bank Of India,S1N6000847055,17.454798,78.422098,TELANGANA,Medchal Malkajgiri,SECUNDERABAD, 
Canara Bank,B3032001,17.454808,78.502582,TELANGANA,Hyderabad, , 
ICICI Bank Ltd,SACWF799,17.454976,78.612075,TELANGANA,Medchal Malkajgiri,Hyderabad, 
State Bank Of India,S1NW005916005,17.455001,78.325508,TELANGANA,Ranga Reddy,HYDERABAD, 
ICICI Bank Ltd,SACWF630,17.455144,78.448081,TELANGANA,Medchal Malkajgiri, , 
State Bank Of India,S5NC016275621,17.45516,78.569089,TELANGANA,Medchal Malkajgiri,SECUNDERABAD, 
HDFC Bank Ltd,P1DCHY04,17.455169,78.566001,TELANGANA,Medchal Malkajgiri, , 
HDFC Bank Ltd,P3ENHY63,17.45531,78.409929,TELANGANA,Medchal Malkajgiri, , 
RBL Bank Ltd,RE366001,17.45538,78.364029,TELANGANA,Ranga Reddy,HYDERABAD, 
ICICI Bank Ltd,SFCNQ852,17.455402,78.302627,TELANGANA,Ranga Reddy, , 
State Bank Of India,S1BW020766004,17.455443,78.501206,TELANGANA,Hyderabad,SECUNDERABAD, 
State Bank Of India,S1BB005916174,17.455462,78.130989,TELANGANA,Ranga Reddy,SHANKARPALLE,500046
Axis Bank Ltd,DPRH192203,17.455516,78.409645,TELANGANA,Medchal Malkajgiri,HYDERABAD, 
Axis Bank Ltd,BPCN192217,17.4555167,78.409645,TELANGANA,Medchal Malkajgiri,0,500018
State Bank Of India,S1NW002714063,17.455591,78.581333,TELANGANA,Medchal Malkajgiri,Cherlapalli, 
Canara Bank,0878W013,17.455638,78.566089,TELANGANA,Medchal Malkajgiri, , 
ICICI Bank Ltd,SACWE894,17.455688,78.44605,TELANGANA,Medchal Malkajgiri,Hyderabad, 
Indian Overseas Bank,IOBD8754,17.45569,78.427399,TELANGANA,Medchal Malkajgiri, , 
Canara Bank,8787659,17.455716,78.446519,TELANGANA,Medchal Malkajgiri, , 
Axis Bank Ltd,BWCW192221,17.45572,78.398119,TELANGANA,Medchal Malkajgiri,HYDERABAD, 
HDFC Bank Ltd,P1ENHD27,17.455802,78.446027,TELANGANA,Medchal Malkajgiri, , 
State Bank Of India,T1NF005916257,17.45584,78.40869,TELANGANA,Medchal Malkajgiri,HYDERABAD, 
HDFC Bank Ltd,S1ANHH72,17.455891,78.402806,TELANGANA,Medchal Malkajgiri,HYDERABAD, 
Union Bank Of India,CBTD013710,17.455897,78.132078,TELANGANA,Ranga Reddy,RANGAREDDI,501203
ICICI Bank Ltd,SACWN907,17.455921,78.42572,TELANGANA,Medchal Malkajgiri, , 
ICICI Bank Ltd,SACWN915,17.455959,78.425567,TELANGANA,Medchal Malkajgiri, , 
State Bank Of India,S5NL020296621,17.455987,79.257801,TELANGANA,Yadadri Bhuvanagiri,MOTHKUR, 
Axis Bank Ltd,APCN28907,17.4559928,78.4333166,TELANGANA,Medchal Malkajgiri,0,500018
ICICI Bank Ltd,S1VDK402,17.455999,78.444801,TELANGANA,Medchal Malkajgiri, , 
State Bank Of India,S1BW020296003,17.456025,79.257984,TELANGANA,Yadadri Bhuvanagiri,MOTHUKUR, 
Axis Bank Ltd,DPRH328101,17.456049,78.498919,TELANGANA,Hyderabad,SECUNDRABAD, 
Indian Overseas Bank,IOB9897,17.456074,78.423799,TELANGANA,Medchal Malkajgiri,HYDERABAD,0
Union Bank Of India,W0526003,17.456083,78.44622,TELANGANA,Medchal Malkajgiri,HYDERABAD,500018
Bank Of Maharashtra,PA095501,17.456133,78.535962,TELANGANA,Medchal Malkajgiri,SAFILGUDA,500047
HDFC Bank Ltd,S1ACHD78,17.4562,78.4406,TELANGANA,Medchal Malkajgiri,Hyderabad,NULL
HDFC Bank Ltd,P3ENHY74,17.45626,78.43082,TELANGANA,Medchal Malkajgiri, , 
State Bank Of India,S1BB003026143,17.45626,78.431678,TELANGANA,Medchal Malkajgiri,BANDLAGUDA,500058
ICICI Bank Ltd,S1CNE451,17.456267,78.444812,TELANGANA,Medchal Malkajgiri,Hyderabad, 
ICICI Bank Ltd,S1CNI260,17.456267,78.444812,TELANGANA,Medchal Malkajgiri,Hyderabad, 
State Bank Of India,S1BJ005916121,17.456341,78.428695,TELANGANA,Medchal Malkajgiri,RANGAREDDY,500033
Union Bank Of India,W0526002,17.456435,78.444324,TELANGANA,Medchal Malkajgiri,HYDERABAD,500018
State Bank Of India,S5NE017358621,17.456437,78.443043,TELANGANA,Medchal Malkajgiri,HYDERABAD,500018
HDFC Bank Ltd,S1AWHR35,17.456457,78.43594,TELANGANA,Medchal Malkajgiri, , 
Union Bank Of India,W2946001,17.4565,78.4126,TELANGANA,Medchal Malkajgiri,HYDERABAD,500018
Union Bank Of India,Y2946101,17.4565,78.4126,TELANGANA,Medchal Malkajgiri,HYDERABAD,500018
ICICI Bank Ltd,S1CWI495,17.456624,78.483931,TELANGANA,Hyderabad,Secunderabad, 
ICICI Bank Ltd,S1CWI458,17.456624,78.483931,TELANGANA,Hyderabad,Secunderabad, 
State Bank Of India,S5NA013272621,17.456669,78.430884,TELANGANA,Medchal Malkajgiri,HYDERABAD,500081
HDFC Bank Ltd,P3ENHE02,17.456689,78.37332,TELANGANA,Ranga Reddy, , 
ICICI Bank Ltd,S1VDK057,17.456699,78.499397,TELANGANA,Hyderabad, , 
ICICI Bank Ltd,S1VDK103,17.456699,78.499397,TELANGANA,Hyderabad, , 
Union Bank Of India,W1313002,17.4567,78.5467,TELANGANA,Medchal Malkajgiri,HYDERABAD,500047
Union Bank Of India,H1313101,17.4567,78.5467,TELANGANA,Medchal Malkajgiri,HYDERABAD,500047
Indian Overseas Bank,IOB8754,17.456782,78.427036,TELANGANA,Medchal Malkajgiri,HYDERABAD,0
ICICI Bank Ltd,S1CWE560,17.45678914,78.53628843,TELANGANA,Medchal Malkajgiri,MALKAJGIRI, 
ICICI Bank Ltd,S1CWI466,17.45678914,78.53628843,TELANGANA,Medchal Malkajgiri,MALKAJGIRI, 
HDFC Bank Ltd,P1DCHY19,17.4568,78.4843,TELANGANA,Hyderabad,Secunderabad,NULL
HDFC Bank Ltd,P1DCHY22,17.456819,78.484455,TELANGANA,Medchal Malkajgiri, , 
Kotak Mahindra Bank Limited,HYBN2799,17.456838,78.376219,TELANGANA,Ranga Reddy,Hyderabad, 
HDFC Bank Ltd,S1ACHD45,17.4569,78.499,TELANGANA,Hyderabad,Secunderabad,NULL
ICICI Bank Ltd,SACWN608,17.456958,78.489646,TELANGANA,Medchal Malkajgiri, , 
State Bank Of India,S1BW021162002,17.456978,78.390017,TELANGANA,Ranga Reddy,HYDERABAD, 
South Indian Bank Ltd,04130003,17.457,78.489,TELANGANA,Medchal Malkajgiri, , 
Bank Of Baroda,1VW407701,17.457091,78.423322,TELANGANA,Medchal Malkajgiri,HYDERABAD,500018
State Bank Of India,T1NY000916225,17.457101,78.478264,TELANGANA,Hyderabad,HYDERABAD, 
State Bank Of India,S1N6000847461,17.457227,78.577951,TELANGANA,Medchal Malkajgiri,Hyderabad, 
State Bank Of India,S1BW005916152,17.457295,78.373389,TELANGANA,Ranga Reddy,TANDUR,500046
HDFC Bank Ltd,S1ANHH70,17.4573,78.3733,TELANGANA,Ranga Reddy,Hyderabad,NULL
ICICI Bank Ltd,S1VDK520,17.45733,78.373275,TELANGANA,Ranga Reddy, , 
ICICI Bank Ltd,S1VDK540,17.45733,78.373275,TELANGANA,Ranga Reddy, , 
ICICI Bank Ltd,S1CNP800,17.45733,78.373275,TELANGANA,Ranga Reddy, , 
ICICI Bank Ltd,S1CNP801,17.45733,78.373275,TELANGANA,Ranga Reddy, , 
Axis Bank Ltd,APCN55312,17.45734,78.398565,TELANGANA,Medchal Malkajgiri,0,500020
Axis Bank Ltd,APCN55316,17.457339,78.398569,TELANGANA,Medchal Malkajgiri,HYDERABAD, 
Axis Bank Ltd,CPRH55307,17.457356,78.403839,TELANGANA,Medchal Malkajgiri,HYDERABAD, 
Axis Bank Ltd,APCN55309,17.4573567,78.40384,TELANGANA,Medchal Malkajgiri,0,500018
Karur Vysya Bank Ltd,S1AC0146001,17.4574475,78.5464751,TELANGANA,Medchal Malkajgiri,HYDERABAD,500047
Axis Bank Ltd,BPRH145501,17.45753,78.54435,TELANGANA,Medchal Malkajgiri,HYDERABAD, 
HDFC Bank Ltd,P3ECHY01,17.457589,78.53122,TELANGANA,Medchal Malkajgiri, , 
State Bank Of India,S1N6000847451,17.457592,78.545108,TELANGANA,Medchal Malkajgiri,MALKAJGIRI, 
State Bank Of India,S5NC019202621,17.457626,78.370676,TELANGANA,Ranga Reddy,HYDERABAD, 
Axis Bank Ltd,BPRH259201,17.457657,78.46025,TELANGANA,Medchal Malkajgiri, , 
Punjab National Bank,L4068700,17.4577,78.4447,TELANGANA,Medchal Malkajgiri,HYDERABAD,500018
Punjab National Bank,N1068700,17.4577,78.4447,TELANGANA,Medchal Malkajgiri,HYDERABAD,500018
State Bank Of India,S1BB005916124,17.45778,78.365,TELANGANA,Ranga Reddy,RANGAREDDY,400031
Canara Bank,A3433001,17.457781,78.365097,TELANGANA,Ranga Reddy, , 
State Bank Of India,S1BW003026095,17.457786,78.536426,TELANGANA,Medchal Malkajgiri,HYDERABAD,500038
Lakshmi Vilas Bank Ltd,08221027,17.4578,78.4996,TELANGANA,Hyderabad,Hyderabad, 
Bank Of Baroda,1RDNHYD30,17.457877,78.53861,TELANGANA,Medchal Malkajgiri,0,500047
Bank Of Baroda,1DBA07342,17.457888,78.443214,TELANGANA,Medchal Malkajgiri,HYDERABAD,500018
Yes Bank Ltd,SVIPO379,17.45789,78.49956,TELANGANA,Hyderabad,Secunderabad, 
ICICI Bank Ltd,SECNF824,17.457895,78.542747,TELANGANA,Medchal Malkajgiri, , 
HDFC Bank Ltd,P1DCHY46,17.4579,78.496,TELANGANA,Hyderabad,Secunderabad,NULL
South Indian Bank Ltd,05390001,17.4579,78.5424,TELANGANA,Medchal Malkajgiri,Greater Hyderabad,500047
Axis Bank Ltd,APCN00837,17.45791,78.37263,TELANGANA,Ranga Reddy,0,0
ICICI Bank Ltd,SACWJ314,17.457948,78.460388,TELANGANA,Medchal Malkajgiri, , 
Canara Bank,8787608,17.458012,78.542474,TELANGANA,Medchal Malkajgiri, , 
ICICI Bank Ltd,SACWM316,17.458013,78.542739,TELANGANA,Medchal Malkajgiri, , 
State Bank Of India,T1BS000916297,17.458019,78.43366,TELANGANA,Medchal Malkajgiri,HYDERRABAD, 
State Bank Of India,T1BS000916294,17.458019,78.43366,TELANGANA,Medchal Malkajgiri,HYDERABAD, 
Yes Bank Ltd,SVBNA137,17.45803,78.49969,TELANGANA,Hyderabad,Secunderabad, 
ICICI Bank Ltd,SACWF619,17.458034,78.371643,TELANGANA,Ranga Reddy, , 
State Bank Of India,S1BJ005916132,17.45806,78.33111,TELANGANA,Ranga Reddy,RANGAREDDY,500046
Lakshmi Vilas Bank Ltd,004DM614,17.458099,0.0,TELANGANA,Medchal Malkajgiri, , 
HDFC Bank Ltd,P1DCHY02,17.4581,78.5464,TELANGANA,Medchal Malkajgiri,Hyderabad,NULL
State Bank Of India,S1N6000847138,17.458105,78.542813,TELANGANA,Medchal Malkajgiri,SECUNDERABAD, 
Canara Bank,B3028001,17.458125,78.541783,TELANGANA,Medchal Malkajgiri, , 
Canara Bank,A3063001,17.458144,78.541838,TELANGANA,Medchal Malkajgiri, , 
IndusInd Bank,MC139301,17.458177,78.371586,TELANGANA,Ranga Reddy,Hyderabad,500084
State Bank Of India,S1NW002714060,17.458222,78.536767,TELANGANA,Medchal Malkajgiri,Hyderabad, 
Kotak Mahindra Bank Limited,HYON1856,17.4584439,78.407259,TELANGANA,Medchal Malkajgiri,Hyderabad,500018
State Bank Of India,S1BG000916141,17.458445,78.497879,TELANGANA,Hyderabad,SECUNDERABAD,500001
Union Bank Of India,NHYD10311111111,17.45845,78.56484,TELANGANA,Medchal Malkajgiri,Ranga Reddy,500040
Union Bank Of India,DHYD09801111111,17.56047,78.16473,TELANGANA,Medchal Malkajgiri, , 
State Bank Of India,T1NW005916240,17.458462,78.344019,TELANGANA,Ranga Reddy,HYDERABAD, 
State Bank Of India,S1BB010097004,17.458462,78.539316,TELANGANA,Medchal Malkajgiri,HYDERABAD, 
State Bank Of India,S5NL021360621,17.458478,78.402676,TELANGANA,Medchal Malkajgiri,SECUNDERABAD, 
State Bank Of India,S1BB010097003,17.458479,78.539354,TELANGANA,Medchal Malkajgiri,HYDERABAD, 
HDFC Bank Ltd,P3ENHE47,17.458604,78.402062,TELANGANA,Medchal Malkajgiri,HYDERABAD, 
ICICI Bank Ltd,SACWM325,17.458608,78.563995,TELANGANA,Medchal Malkajgiri, , 
State Bank Of India,S5NC018201621,17.458665,78.517833,TELANGANA,Hyderabad,HYDERABAD, 
HDFC Bank Ltd,S1AWHY88,17.4587,78.3658,TELANGANA,Ranga Reddy,Hyderabad,NULL
Axis Bank Ltd,TPCN145508,17.45886,78.56307,TELANGANA,Medchal Malkajgiri,MANGAPRAM, 
State Bank Of India,S1NG002714015,17.458887,78.514992,TELANGANA,Hyderabad,MAREDPALLE, 
State Bank Of India,S5BC007109621,17.458954,78.539632,TELANGANA,Medchal Malkajgiri,MALKAJGIRI,500076
State Bank Of India,T1NS002714133,17.458964,78.558885,TELANGANA,Medchal Malkajgiri,Secunderabad, 
HDFC Bank Ltd,P3ENHE49,17.45897,78.39929,TELANGANA,Medchal Malkajgiri, , 
State Bank Of India,S5NL020760622,17.459003,78.598243,TELANGANA,Medchal Malkajgiri,HYDERABAD, 
Axis Bank Ltd,BWCW192218,17.459069,78.42378,TELANGANA,Medchal Malkajgiri,HYDERABAD, 
ICICI Bank Ltd,S1VD7251,17.45907,78.47667,TELANGANA,Hyderabad,Hyderabad, 
State Bank Of India,S1BB020076001,17.459109,78.441958,TELANGANA,Medchal Malkajgiri,KHAIRATABAD, 
Kotak Mahindra Bank Limited,HYON1862,17.459128,78.594593,TELANGANA,Medchal Malkajgiri,Hyderabad, 
Axis Bank Ltd,DPRH145602,17.459139,78.476549,TELANGANA,Hyderabad,SECUNDERABAD, 
State Bank Of India,S1BG020076004,17.459176,78.441969,TELANGANA,Medchal Malkajgiri,AMEERPET, 
ICICI Bank Ltd,S1VDB994,17.459183,78.514582,TELANGANA,Hyderabad,Hyderabad, 
State Bank Of India,S5NC020076621,17.459258,78.441979,TELANGANA,Medchal Malkajgiri,AMEERPET, 
Axis Bank Ltd,DWCW192208,17.45927333,78.401155,TELANGANA,Medchal Malkajgiri,0,500018
HDFC Bank Ltd,P3FNHY13,17.459284,78.598729,TELANGANA,Medchal Malkajgiri,HYDERABAD, 
Bank Of India,FHY9003,17.459289,78.562919,TELANGANA,Medchal Malkajgiri,KUKUTPALLY, 
HDFC Bank Ltd,P3FNHY02,17.459295,78.452829,TELANGANA,Medchal Malkajgiri,HYDERABAD, 
HDFC Bank Ltd,S1AWHY47,17.4597,78.3661,TELANGANA,Ranga Reddy,Hyderabad,NULL
HDFC Bank Ltd,P3FNHY27,17.459791,78.129696,TELANGANA,Ranga Reddy,RANGAREDDY, 
Axis Bank Ltd,DECN145402,17.4599,78.499299,TELANGANA,Hyderabad, , 
ICICI Bank Ltd,SFCNM723,17.459974,78.425422,TELANGANA,Medchal Malkajgiri, , 
Axis Bank Ltd,DWCW192214,17.460039,78.399153,TELANGANA,Medchal Malkajgiri, , 
Bank Of Baroda,1RDNWAR01,17.460174,78.490602,TELANGANA,Medchal Malkajgiri,HYDERABADBAD,500009
IDFC Bank,AN802035,17.460184,78.50091,TELANGANA,Hyderabad,HYDERABAD, 
Bank Of India,CHY8043,17.460276,78.557777,TELANGANA,Medchal Malkajgiri,HYDERABAD, 
State Bank Of India,S5NC000916624,17.46041,78.498565,TELANGANA,Hyderabad,HYDERABAD,500061
Punjab National Bank,DA110051,17.460412,78.479098,TELANGANA,Hyderabad, , 
ICICI Bank Ltd,SACWG805,17.460657,78.564266,TELANGANA,Medchal Malkajgiri,HYDERABAD, 
Canara Bank,26205566,17.460676,78.500754,TELANGANA,Hyderabad, , 
State Bank Of India,S5NL061773621,17.460698,78.619274,TELANGANA,Medchal Malkajgiri,HYDERABAD, 
HDFC Bank Ltd,S1AWHY46,17.4607,78.3663,TELANGANA,Ranga Reddy,Hyderabad,NULL
Canara Bank,16262313,17.460708,78.500743,TELANGANA,Hyderabad, , 
HDFC Bank Ltd,P3ENHE77,17.460719,78.36629,TELANGANA,Ranga Reddy,HYDERABAD, 
HDFC Bank Ltd,P3ENHE76,17.460719,78.36629,TELANGANA,Ranga Reddy,HYDERABAD, 
Lakshmi Vilas Bank Ltd,003DM258,17.46079,0.0,TELANGANA,Hyderabad, , 
HDFC Bank Ltd,P1DCHY49,17.4608,78.535,TELANGANA,Medchal Malkajgiri,Hyderabad,NULL
Union Bank Of India,W2379001,17.461,78.354,TELANGANA,Ranga Reddy,HYDERABAD,500084
Union Bank Of India,H2379101,17.461,78.354,TELANGANA,Ranga Reddy,HYDERABAD,500084
Axis Bank Ltd,CPRH69803,17.461169,78.47623,TELANGANA,Hyderabad,HYDERABAD, 
Axis Bank Ltd,BPCN113414,17.461208,78.4757658,TELANGANA,Hyderabad,0,500035
ICICI Bank Ltd,SACWG447,17.461231,78.353122,TELANGANA,Ranga Reddy,Hyderabad, 
Canara Bank,0878W036,17.461279,78.47626,TELANGANA,Hyderabad, , 
State Bank Of India,S1NW005916080,17.461288,78.335601,TELANGANA,Ranga Reddy,HYDERABAD, 
Union Bank Of India,N1378002,17.4613,78.4758,TELANGANA,Hyderabad,HYDERABAD,500011
Union Bank Of India,H1378101,17.4613,78.4758,TELANGANA,Hyderabad,HYDERABAD,500011
Union Bank Of India,W1378003,17.461299,78.4758,TELANGANA,Hyderabad,VEDURUPAKA, 
Punjab National Bank,FKL0081U,17.4613,78.5018,TELANGANA,Hyderabad,Secunderabad, 
Canara Bank,0878E009,17.46131,78.534085,TELANGANA,Medchal Malkajgiri, , 
Axis Bank Ltd,APCN69811,17.46137,78.472109,TELANGANA,Hyderabad,0,500011
State Bank Of India,S1BW005916102,17.46139,78.35,TELANGANA,Ranga Reddy,RANGAREDDY,500084
State Bank Of India,S1BG005916177,17.461398,78.336574,TELANGANA,Ranga Reddy,SERILINGAMPAL,500046
Axis Bank Ltd,TERO423701,17.461422,78.359231,TELANGANA,Ranga Reddy,KONDAPUR, 
Kotak Mahindra Bank Limited,HYON1466,17.461425,78.500068,TELANGANA,Hyderabad,Hyderabad, 
South Indian Bank Ltd,05390002,17.4615,78.534,TELANGANA,Medchal Malkajgiri,Greater Hyderabad,500047
Axis Bank Ltd,BWCW145403,17.461513,78.471686,TELANGANA,Hyderabad, , 
HDFC Bank Ltd,P3AWHY83,17.461667,78.355876,TELANGANA,Ranga Reddy, , 
State Bank Of India,S1NG005916190,17.461778,78.347153,TELANGANA,Ranga Reddy,Hyderabad, 
HDFC Bank Ltd,P3ENHE56,17.461965,78.475549,TELANGANA,Hyderabad,SECUNDERABAD, 
HDFC Bank Ltd,S1ACHY45,17.462,78.5601,TELANGANA,Medchal Malkajgiri,Hyderabad,NULL
HDFC Bank Ltd,P3DCHB20,17.46206,78.491209,TELANGANA,Medchal Malkajgiri,HYDERABAD, 
State Bank Of India,S1NW011081002,17.462091,78.351312,TELANGANA,Ranga Reddy,AMEERPET, 
ICICI Bank Ltd,SACWN753,17.462099,78.5335,TELANGANA,Medchal Malkajgiri, , 
HDFC Bank Ltd,S1ANHD71,17.4621,78.4912,TELANGANA,Medchal Malkajgiri,Secunderabad,NULL
ICICI Bank Ltd,SACWC550,17.462103,78.475034,TELANGANA,Hyderabad,Secunderabad, 
ICICI Bank Ltd,SACWH342,17.462103,78.475034,TELANGANA,Hyderabad,Secunderabad, 
Axis Bank Ltd,BWCW145509,17.462119,78.551119,TELANGANA,Medchal Malkajgiri,HYDERABAD, 
IDBI Bank Ltd,ID000212,17.46215,78.50251,TELANGANA,Hyderabad,Hyderabad,500015
Canara Bank,A3048001,17.46216,78.464529,TELANGANA,Hyderabad, , 
State Bank Of India,S1BW018559001,17.46217,78.308461,TELANGANA,Ranga Reddy,HYDERABAD, 
South Indian Bank Ltd,07260003,17.4622,78.3568,TELANGANA,Ranga Reddy, , 
HDFC Bank Ltd,P1ENHY01,17.4622,78.4587,TELANGANA,Medchal Malkajgiri,Hyderabad,NULL
Union Bank Of India,W1413002,17.4622,78.5617,TELANGANA,Medchal Malkajgiri,HYDERABAD,500040
Union Bank Of India,H1413101,17.4622,78.5617,TELANGANA,Medchal Malkajgiri,HYDERABAD,500040
Union Bank Of India,N1205003,17.462263,78.490749,TELANGANA,Medchal Malkajgiri,HYDERABAD,500009
Union Bank Of India,N1205002,17.462263,78.490749,TELANGANA,Medchal Malkajgiri,HYDERABAD,500009
Union Bank Of India,H1205101,17.4623,78.4907,TELANGANA,Medchal Malkajgiri,HYDERABAD,500009
HDFC Bank Ltd,P1ENHY18,17.4623,78.5012,TELANGANA,Hyderabad,Secunderabad,NULL
State Bank Of India,S1BB005916173,17.462357,78.333433,TELANGANA,Ranga Reddy,HYDERABAD,500046
Axis Bank Ltd,BWCW145607,17.462359,78.49001,TELANGANA,Medchal Malkajgiri,SECUNDERABAD, 
Union Bank Of India,N1314004,17.4624,78.5012,TELANGANA,Hyderabad,HYDERABAD,500015
Union Bank Of India,W1157003,17.4624,78.50124,TELANGANA,Hyderabad,HYDERABAD,500015
ICICI Bank Ltd,S1CNP867,17.46245,78.490951,TELANGANA,Medchal Malkajgiri, , 
Axis Bank Ltd,SWCW73313,17.462529,78.36629,TELANGANA,Ranga Reddy,HYDERABAD, 
State Bank Of India,S1BB018848001,17.462543,78.387846,TELANGANA,Ranga Reddy,MALKAJGIRI, 
Union Bank Of India,Y1157101,17.4626,78.5019,TELANGANA,Hyderabad,HYDERABAD,500015
Kotak Mahindra Bank Limited,HYON1861,17.462663,78.491464,TELANGANA,Medchal Malkajgiri,Hyderabad, 
ICICI Bank Ltd,SACWN814,17.462699,78.501983,TELANGANA,Hyderabad, , 
State Bank Of India,T1NW005916262,17.462725,78.363111,TELANGANA,Ranga Reddy,Serilingampally, 
Axis Bank Ltd,CWCW69807,17.46277833,78.45170833,TELANGANA,Medchal Malkajgiri,0,500018
Union Bank Of India,DHYD09101111111,17.462829,78.47424,TELANGANA,Hyderabad,Ranga Reddy,500011
Axis Bank Ltd,TERH415901,17.462856,78.350233,TELANGANA,Ranga Reddy,HYDERABAD, 
Punjab National Bank,TS1A011U,17.462905,78.350181,TELANGANA,Ranga Reddy,GACHI BOWLI, 
State Bank Of India,S1NW005916083,17.462993,78.334931,TELANGANA,Ranga Reddy,Hyderabad, 
HDFC Bank Ltd,P3ENHE19,17.463,78.4442,TELANGANA,Medchal Malkajgiri, , 
State Bank Of India,S1BW005916050,17.463022,78.434169,TELANGANA,Medchal Malkajgiri,Hyderabad, 
Kotak Mahindra Bank Limited,HYON2707,17.463026,78.489155,TELANGANA,Medchal Malkajgiri,Hyderabad, 
State Bank Of India,S1BB002714094,17.46303,78.499939,TELANGANA,Hyderabad,SECUNDERABAD,500062
HDFC Bank Ltd,P3AWHY86,17.463065,78.375682,TELANGANA,Ranga Reddy, , 
Karur Vysya Bank Ltd,S1AC0480102,17.463179,78.36727,TELANGANA,Ranga Reddy,HYDERABAD,500084
Karur Vysya Bank Ltd,S1AC0480101,17.463179,78.36727,TELANGANA,Ranga Reddy,HYDERABAD,500084
Axis Bank Ltd,CPRH06809,17.463179,78.475509,TELANGANA,Hyderabad,HYDERABAD, 
ICICI Bank Ltd,SACWN659,17.463212,78.308883,TELANGANA,Ranga Reddy, , 
State Bank Of India,S5NC018655621,17.463246,78.353175,TELANGANA,Ranga Reddy,RANGAREDDY,500084
State Bank Of India,S1NG063781001,17.46327,78.472774,TELANGANA,Hyderabad,Hyderabad, 
Canara Bank,41722672,17.46334,78.13273,TELANGANA,Ranga Reddy,SHANKARAPALLY,501203
State Bank Of India,S1BJ002714083,17.46345,78.59917,TELANGANA,Medchal Malkajgiri,RANGAREDDY,501301
Bank Of Baroda,1FDRGR06,17.463451,78.473541,TELANGANA,Hyderabad,0,501301
Bank Of Baroda,1FDHYD62,17.463574,78.451886,TELANGANA,Medchal Malkajgiri,HYDERABAD,500037
Union Bank Of India,H2675101,17.4636,78.378,TELANGANA,Ranga Reddy,KHANAMET,500081
Union Bank Of India,N2675002,17.4636,78.378,TELANGANA,Ranga Reddy,KHANAMET,500081
Union Bank Of India,N0057013,17.4636,78.4574,TELANGANA,Medchal Malkajgiri,HYDERABAD,500037
HDFC Bank Ltd,P3ENHD64,17.4636,78.5338,TELANGANA,Medchal Malkajgiri,Hyderabad,NULL
State Bank Of India,S1NB002714010,17.4636,78.578109,TELANGANA,Medchal Malkajgiri,Secunderabad, 
ICICI Bank Ltd,S1CWE553,17.463695,78.491576,TELANGANA,Medchal Malkajgiri,Hyderabad, 
HDFC Bank Ltd,S1ANHY88,17.4637,78.3471,TELANGANA,Ranga Reddy,Hyderabad,NULL
South Indian Bank Ltd,07260002,17.463699,78.369699,TELANGANA,Ranga Reddy, , 
Bank Of India,AHY9006,17.463699,78.457479,TELANGANA,Medchal Malkajgiri, , 
Bank Of India,FHY9001,17.463705,78.599228,TELANGANA,Medchal Malkajgiri,HYDERABAD, 
Axis Bank Ltd,CWCW55311,17.46373,78.344897,TELANGANA,Ranga Reddy, , 
ICICI Bank Ltd,S1CNQ358,17.46379,78.452079,TELANGANA,Medchal Malkajgiri, , 
ICICI Bank Ltd,SACWM082C,17.46379,78.452079,TELANGANA,Medchal Malkajgiri, , 
Axis Bank Ltd,LWCW69815,17.4638,78.45191,TELANGANA,Medchal Malkajgiri,BALANAGAR, 
Axis Bank Ltd,CWRO69805,17.4638,78.45191,TELANGANA,Medchal Malkajgiri,BALANAGAR, 
Canara Bank,63350298,17.46387,78.36743,TELANGANA,Ranga Reddy, , 
Axis Bank Ltd,BPRH145601,17.46387,78.49308,TELANGANA,Medchal Malkajgiri,SECUNDERABAD, 
HDFC Bank Ltd,S1AWHY26,17.463875,78.347256,TELANGANA,Ranga Reddy, , 
State Bank Of India,S1BW002714028,17.463877,78.534558,TELANGANA,Medchal Malkajgiri,HYDEARABAD, 
ICICI Bank Ltd,SACWE883,17.463896,78.366561,TELANGANA,Ranga Reddy,Hyderabad, 
Axis Bank Ltd,CWCW73306,17.463946,78.3472869,TELANGANA,Ranga Reddy,0,500084
Axis Bank Ltd,LWCW73310,17.46395,78.347289,TELANGANA,Ranga Reddy,RANGAREDDI, 
State Bank Of India,S1NG002714001,17.463973,78.580109,TELANGANA,Medchal Malkajgiri,HYDERABAD, 
Bank Of India,AHY8022,17.463989,78.45753,TELANGANA,Medchal Malkajgiri, , 
South Indian Bank Ltd,04130002,17.464,78.483999,TELANGANA,Medchal Malkajgiri, , 
Axis Bank Ltd,SPCN69804,17.464055,78.45825,TELANGANA,Medchal Malkajgiri,0,500011
Kotak Mahindra Bank Limited,HYON2673,17.464152,78.429455,TELANGANA,Medchal Malkajgiri,Hyderabad, 
ICICI Bank Ltd,SACWN682,17.464199,78.345001,TELANGANA,Ranga Reddy, , 
Karur Vysya Bank Ltd,S1AC0480103,17.46427833,78.36900333,TELANGANA,Ranga Reddy,HYDERABAD,500084
HDFC Bank Ltd,P3AWKN02,17.4644,78.3685,TELANGANA,Ranga Reddy,Hyderabad,500084
HDFC Bank Ltd,P3FNHY23,17.464473,78.538496,TELANGANA,Medchal Malkajgiri,HYDERABAD, 
State Bank Of India,S1NB000847558,17.46458,78.429878,TELANGANA,Medchal Malkajgiri,AMEERPET, 
Bank Of India,IHY8030,17.464587,78.54649,TELANGANA,Medchal Malkajgiri,NEREDMET, 
HDFC Bank Ltd,S1ANHE18,17.4646,78.36663,TELANGANA,Ranga Reddy,HYDERABAD, 
ICICI Bank Ltd,SACWF637,17.464621,78.473027,TELANGANA,Hyderabad,Secunderabad, 
Kotak Mahindra Bank Limited,HYBN9187,17.464699,78.474779,TELANGANA,Hyderabad,Hyderabad,500009
ICICI Bank Ltd,S1VD7357,17.46471,78.50274,TELANGANA,Hyderabad,Secunderabad, 
ICICI Bank Ltd,SACWF119,17.464714,78.479072,TELANGANA,Medchal Malkajgiri, , 
ICICI Bank Ltd,SFCNM396,17.464714,78.479072,TELANGANA,Medchal Malkajgiri, , 
Axis Bank Ltd,BPCN192201,17.46472,78.42809,TELANGANA,Medchal Malkajgiri,0,500018
ICICI Bank Ltd,SACWJ011,17.464731,78.341775,TELANGANA,Ranga Reddy,KONDAPUR, 
State Bank Of India,T1BS002714145,17.464779,78.690343,TELANGANA,Medchal Malkajgiri,HYDERABAD, 
Axis Bank Ltd,BPCN215702,17.46485,78.53859,TELANGANA,Medchal Malkajgiri,0,0
State Bank Of India,S1NG000916023,17.464935,78.45072,TELANGANA,Medchal Malkajgiri,BALANAGAR, 
ICICI Bank Ltd,SACWG803,17.464977,78.449267,TELANGANA,Medchal Malkajgiri,Hyderabad, 
HDFC Bank Ltd,S1AWHD23,17.465,78.3651,TELANGANA,Ranga Reddy,Hyderabad,NULL
HDFC Bank Ltd,S1ACSO42,17.465,78.3652,TELANGANA,Ranga Reddy,Hyderabad,NULL
Bank Of India,IHY8029,17.46508,78.455279,TELANGANA,Medchal Malkajgiri, , 
Bank Of India,IHY8020,17.46511,0.0,TELANGANA,Medchal Malkajgiri, , 
ICICI Bank Ltd,SACWG738,17.465173,78.375842,TELANGANA,Ranga Reddy,Hyderabad, 
ICICI Bank Ltd,SPCNL155,17.465312,78.371215,TELANGANA,Ranga Reddy, , 
Axis Bank Ltd,AWCW42726,17.465315,78.533075,TELANGANA,Medchal Malkajgiri, , 
State Bank Of India,S5NL021300621,17.465487,78.367529,TELANGANA,Ranga Reddy,SECUNDERABAD, 
IndusInd Bank,MC152201,17.465489,78.348264,TELANGANA,Ranga Reddy,Hyderabad,500084
Bank Of India,AHY8018,17.4655,78.538769,TELANGANA,Medchal Malkajgiri, , 
ICICI Bank Ltd,SACWF667,17.465523,78.367076,TELANGANA,Ranga Reddy,Hyderabad, 
ICICI Bank Ltd,SACWH791,17.465694,78.448153,TELANGANA,Medchal Malkajgiri,BALANAGAR, 
Axis Bank Ltd,DPRH181704,17.4657,78.342039,TELANGANA,Ranga Reddy,HYDERABAD, 
HDFC Bank Ltd,S1ACHY46,17.4658,78.348,TELANGANA,Ranga Reddy,Hyderabad,NULL
ICICI Bank Ltd,S1CNP578,17.466789,78.446907,TELANGANA,Medchal Malkajgiri, , 
Axis Bank Ltd,SPCN19312,17.46583,78.42630167,TELANGANA,Medchal Malkajgiri,0,500018
Canara Bank,0878W022,17.465909,78.460096,TELANGANA,Medchal Malkajgiri, , 
State Bank Of India,T1NY020173002,17.465942,78.789118,TELANGANA,Yadadri Bhuvanagiri,BIBINAGAR, 
State Bank Of India,S1NZ000847153,17.466051,78.560494,TELANGANA,Medchal Malkajgiri,Hyderabad, 
ICICI Bank Ltd,S1CNP661,17.46606,78.61238,TELANGANA,Medchal Malkajgiri, , 
City Union Bank Ltd,CUB01656,17.466068,78.447898,TELANGANA,Medchal Malkajgiri,BALANAGAR,500037
HDFC Bank Ltd,P3FNHY49,17.466099,78.448268,TELANGANA,Medchal Malkajgiri,HYDERABAD, 
State Bank Of India,S5NL070743621,17.466227,78.385662,TELANGANA,Medchal Malkajgiri,SECUNDERABAD, 
Axis Bank Ltd,AWCW69814,17.46635,78.447509,TELANGANA,Medchal Malkajgiri,HYDERABAD, 
State Bank Of India,S1BB018655001,17.466371,78.338106,TELANGANA,Ranga Reddy,GHATKESARI, 
Axis Bank Ltd,AWCW69813,17.46641,78.45426,TELANGANA,Medchal Malkajgiri,HYDERABAD, 
State Bank Of India,S5NC002714621,17.466423,78.594522,TELANGANA,Medchal Malkajgiri,RANGAREDDY,500062
Punjab National Bank,H36B107701,17.466568,78.493545,TELANGANA,Medchal Malkajgiri, , 
State Bank Of India,S5NC020760621,17.466579,78.599989,TELANGANA,Medchal Malkajgiri,MALKAJGIRI, 
Canara Bank,8782078,17.466655,78.446756,TELANGANA,Medchal Malkajgiri, , 
State Bank Of India,T1NY005916252,17.466689,78.338109,TELANGANA,Ranga Reddy,HYDERABAD, 
Canara Bank,0878W033,17.46912,78.478483,TELANGANA,Medchal Malkajgiri, , 
Lakshmi Vilas Bank Ltd,04610722,17.46679,0.0,TELANGANA,Medchal Malkajgiri, , 
Union Bank Of India,W2353001,17.4668,78.3075,TELANGANA,Ranga Reddy,HYDERABAD,500046
Union Bank Of India,Y2353101,17.4668,78.3075,TELANGANA,Ranga Reddy,HYDERABAD,500046
Bank Of India,AHY9010,17.46681,0.0,TELANGANA,Medchal Malkajgiri, , 
Axis Bank Ltd,BWCW395703,17.46683,78.64252,TELANGANA,Medchal Malkajgiri,HYDERABAD, 
HDFC Bank Ltd,P3ENHE08,17.466899,78.4576,TELANGANA,Medchal Malkajgiri, , 
Union Bank Of India,NHYD13511111111,17.46697,78.44632,TELANGANA,Medchal Malkajgiri,Ranga Reddy,500042
Bank Of India,CHY9001,17.46699,78.446269,TELANGANA,Medchal Malkajgiri, , 
Bank Of India,AHY9014,17.46699,0.0,TELANGANA,Medchal Malkajgiri, , 
Bank Of India,AHY8038,17.466991,78.446273,TELANGANA,Medchal Malkajgiri,GACHIBOWLI, 
Union Bank Of India,CBTD063540,17.467002,78.494284,TELANGANA,Medchal Malkajgiri, , 
State Bank Of India,S1NZ000847117,17.467296,78.425906,TELANGANA,Medchal Malkajgiri,HYDERABAD,500053
HDFC Bank Ltd,S1AWHY28,17.4673,78.4475,TELANGANA,Medchal Malkajgiri,Hyderabad,NULL
IndusInd Bank,MC150701,17.467406,78.446224,TELANGANA,Medchal Malkajgiri,Hyderabad,500037
Axis Bank Ltd,BWCW145511,17.46742,78.544079,TELANGANA,Medchal Malkajgiri,HYDERABAD, 
Bank Of India,CHY8005,17.467499,78.533888,TELANGANA,Medchal Malkajgiri,HYDERABAD, 
Canara Bank,8787607,17.46912,78.478483,TELANGANA,Medchal Malkajgiri, , 
State Bank Of India,S1NW005916081,17.467586,78.288572,TELANGANA,Sangareddy,HYDERABAD, 
State Bank Of India,T1BS005916295,17.467689,78.50919,TELANGANA,Hyderabad,HYDERABAD, 
HDFC Bank Ltd,P1AWHY07,17.4677,78.5065,TELANGANA,Hyderabad,Secunderabad,NULL
Axis Bank Ltd,APCN69808,17.467755,78.455924,TELANGANA,Medchal Malkajgiri,0,500042
Karur Vysya Bank Ltd,S1AC0146706,17.467778,78.408952,TELANGANA,Medchal Malkajgiri,HYDERABAD,500072
Axis Bank Ltd,DWCW192216,17.467795,78.425278,TELANGANA,Medchal Malkajgiri, , 
Bank Of Baroda,1VD411701,17.467851,78.483017,TELANGANA,Medchal Malkajgiri,HYDERABAD,500011
HDFC Bank Ltd,S1ANHY75,17.467885,78.438815,TELANGANA,Medchal Malkajgiri, , 
Punjab National Bank,WA115301,17.468027,78.442945,TELANGANA,Medchal Malkajgiri, , 
Union Bank Of India,N1249002,17.4681,78.5977,TELANGANA,Medchal Malkajgiri,HYDERABAD,500051
Axis Bank Ltd,CWDW00813,17.46811,78.382417,TELANGANA,Ranga Reddy, , 
Axis Bank Ltd,BPCN192222,17.468162,78.430344,TELANGANA,Medchal Malkajgiri,HYDERABAD, 
Axis Bank Ltd,DWCW192207,17.46819,78.42247833,TELANGANA,Medchal Malkajgiri,0,500018
HDFC Bank Ltd,S1ANHE24,17.46824,78.328829,TELANGANA,Ranga Reddy,HYDERABAD, 
State Bank Of India,S1N6000847054,17.468357,78.556925,TELANGANA,Medchal Malkajgiri,SECUNDERABAD, 
Union Bank Of India,NHYD90011111111,17.50331,78.40106,TELANGANA,Medchal Malkajgiri, , 
Punjab National Bank,B1473700,17.468468,78.456222,TELANGANA,Medchal Malkajgiri, , 
Union Bank Of India,W0057009,17.4685,78.4426,TELANGANA,Medchal Malkajgiri,HYDERABAD,500037
Union Bank Of India,W1310002,17.4685,78.4426,TELANGANA,Medchal Malkajgiri,HYDERABAD,500037
Union Bank Of India,H1310101,17.4685,78.4426,TELANGANA,Medchal Malkajgiri,HYDERABAD,500037
Union Bank Of India,H0057101,17.4685,78.4426,TELANGANA,Medchal Malkajgiri,HYDERABAD,500037
Union Bank Of India,W0057011,17.4685,78.4426,TELANGANA,Medchal Malkajgiri,HYDERABAD,500037
Axis Bank Ltd,BPRH113501,17.468509,78.50729,TELANGANA,Hyderabad,SECUNDERABAD, 
Union Bank Of India,N1378004,17.468513,78.481404,TELANGANA,Medchal Malkajgiri,SECUNDERABAD, 
Union Bank Of India,W0057011,17.468514,78.44264,TELANGANA,Medchal Malkajgiri,HYDERABAD,500037
City Union Bank Ltd,CUB01664,17.468514,78.6922,TELANGANA,Medchal Malkajgiri,RENGAREDDY,500084
ICICI Bank Ltd,SACWC558,17.468537,78.457005,TELANGANA,Medchal Malkajgiri,Hyderabad, 
ICICI Bank Ltd,SFCNM347,17.468597,78.538955,TELANGANA,Medchal Malkajgiri, , 
ICICI Bank Ltd,S1CN6930,17.468597,78.538955,TELANGANA,Medchal Malkajgiri, , 
ICICI Bank Ltd,S1CNE325,17.468599,78.427597,TELANGANA,Medchal Malkajgiri, , 
ICICI Bank Ltd,S1CNQ493,17.468599,78.427597,TELANGANA,Medchal Malkajgiri, , 
Axis Bank Ltd,CWCW69812,17.46867,78.45836,TELANGANA,Medchal Malkajgiri,HYDERABAD, 
Union Bank Of India,W2407001,17.4687,78.4284,TELANGANA,Medchal Malkajgiri,HYDERABAD,500018
Canara Bank,B3082001,17.470738,78.505877,TELANGANA,Hyderabad, , 
Union Bank Of India,H2407101,17.4687,78.4284,TELANGANA,Medchal Malkajgiri,HYDERABAD,500018
HDFC Bank Ltd,P3ENRP01,17.468742,78.641227,TELANGANA,Medchal Malkajgiri, , 
Bank Of Baroda,1RDNHYD17,17.468787,78.370779,TELANGANA,Ranga Reddy,HYDERABAD,500081
Bank Of Baroda,1RDNHYD28,17.468787,78.3996444,TELANGANA,Medchal Malkajgiri,HYDERABAD,500072
Bank Of Baroda,1RDNHYD01,17.468787,78.494573,TELANGANA,Medchal Malkajgiri,SECUNDERABAD,500009
Bank Of Baroda,1CRHTSTE03,17.468787,78.494573,TELANGANA,Medchal Malkajgiri,HYDERABAD,500009
Bank Of Baroda,1CRTSHY10,17.468787,78.533762,TELANGANA,Medchal Malkajgiri,0,500047
State Bank Of India,S5NL013138622,17.468797,78.479376,TELANGANA,Medchal Malkajgiri,SECUNDERABAD, 
Canara Bank,A3069001,17.468798,78.44027,TELANGANA,Medchal Malkajgiri, , 
Canara Bank,A3086001,17.4688,78.329,TELANGANA,Ranga Reddy,HYDERABAD,500084
State Bank Of India,S5NE020812621,17.468808,78.479357,TELANGANA,Medchal Malkajgiri,SECUNDERABAD, 
State Bank Of India,S5NE001676621,17.46882,78.45212,TELANGANA,Medchal Malkajgiri,RANGAREDDY,500042
ICICI Bank Ltd,SACWC699,17.469034,78.427451,TELANGANA,Medchal Malkajgiri,Hyderabad, 
State Bank Of India,T1NS005916265,17.46911,78.490879,TELANGANA,Medchal Malkajgiri,Serilingampally, 
State Bank Of India,T1NH020125014,17.46911,78.490879,TELANGANA,Medchal Malkajgiri,Adilabad, 
State Bank Of India,T1BY020124023,17.46911,78.490879,TELANGANA,Medchal Malkajgiri,ADILABAD, 
Canara Bank,0878E002,17.46912,78.478483,TELANGANA,Medchal Malkajgiri, , 
State Bank Of India,S5NL020099621,17.469167,78.566488,TELANGANA,Medchal Malkajgiri,Secunderabad, 
Central Bank Of India,D11D511311,17.469168,78.442287,TELANGANA,Medchal Malkajgiri, , 
HDFC Bank Ltd,P3DCHB23,17.469179,78.483989,TELANGANA,Medchal Malkajgiri,HYDERABAD, 
HDFC Bank Ltd,S1ACHD48,17.469354,78.483553,TELANGANA,Medchal Malkajgiri, , 
State Bank Of India,S1NW003026071,17.469417,78.544798,TELANGANA,Medchal Malkajgiri,HYDERABAD, 
ICICI Bank Ltd,S1VDC026,17.469479,78.408707,TELANGANA,Medchal Malkajgiri,Hyderabad, 
Union Bank Of India,W0980001,17.4695,77.6516,TELANGANA,Vikarabad,TURMAMIDI,501142
HDFC Bank Ltd,S1ANHH72,17.469545,78.418837,TELANGANA,Medchal Malkajgiri, , 
HDFC Bank Ltd,S1ANHH73,17.469545,78.418837,TELANGANA,Medchal Malkajgiri, , 
Union Bank Of India,W2616001,17.4696,78.6416,TELANGANA,Medchal Malkajgiri,RAMPALLE,501301
Kotak Mahindra Bank Limited,HYBD9554,17.469702,78.38526,TELANGANA,Medchal Malkajgiri,Hyderabad, 
ICICI Bank Ltd,SPCNF350,17.469755,78.407563,TELANGANA,Medchal Malkajgiri,Hyderabad, 
Axis Bank Ltd,BWCW145504,17.469765,78.547788,TELANGANA,Medchal Malkajgiri, , 
Punjab National Bank,D1659100,17.46989,78.33114,TELANGANA,Ranga Reddy,RANGAREDDY,500019
ICICI Bank Ltd,SACWM059,17.469913,78.566635,TELANGANA,Medchal Malkajgiri, , 
State Bank Of India,T1BS000916296,17.46998,78.43774,TELANGANA,Medchal Malkajgiri,Secunderabad, 
State Bank Of India,S1NW005916078,17.470038,78.363544,TELANGANA,Ranga Reddy,Hyderabad, 
State Bank Of India,S1BW011992002,17.47005,78.79411,TELANGANA,Yadadri Bhuvanagiri,NALGONDA,508126
IndusInd Bank,MC029001,17.47008,78.50867,TELANGANA,Hyderabad,Secunderabad,500009
HDFC Bank Ltd,P3ENHE74,17.4701,78.43634,TELANGANA,Medchal Malkajgiri,HYDERABAD, 
Union Bank Of India,NHYD11811111111,17.47017,78.50782,TELANGANA,Hyderabad,Hyderabad,500015
State Bank Of India,S5NE011081622,17.470202,78.363458,TELANGANA,Ranga Reddy,Hyderabad, 
Kotak Mahindra Bank Limited,HYOD9430,17.470251,78.383578,TELANGANA,Medchal Malkajgiri,Hyderabad,500084
HDFC Bank Ltd,S1AWHD05,17.4703,78.4364,TELANGANA,Medchal Malkajgiri,Hyderabad,NULL
HDFC Bank Ltd,S1ACRR03,17.4703,78.4365,TELANGANA,Medchal Malkajgiri,Hyderabad,NULL
State Bank Of India,S1NG005916014,17.470331,78.4094,TELANGANA,Medchal Malkajgiri,HYDERABAD, 
State Bank Of India,S1BW020537006,17.470375,78.43688,TELANGANA,Medchal Malkajgiri, Hyderabad, 
State Bank Of India,S5NL020245622,17.470395,78.437352,TELANGANA,Medchal Malkajgiri,SECUNDERABAD, 
State Bank Of India,S5NL021285621,17.470406,78.289385,TELANGANA,Sangareddy,MEDAK, 
Union Bank Of India,B0639101,17.4705,78.163,TELANGANA,Sangareddy,BHANUR,502305
Union Bank Of India,W0639003,17.4705,78.163,TELANGANA,Sangareddy,BHANUR,502305
Union Bank Of India,L0639004,17.470532,78.162937,TELANGANA,Sangareddy,BHANUR,502305
State Bank Of India,S1BW005916052,17.470667,78.388007,TELANGANA,Medchal Malkajgiri,Hyderabad, 
ICICI Bank Ltd,S1CNP476,17.470687,78.376045,TELANGANA,Ranga Reddy, , 
Axis Bank Ltd,BWCW113507,17.470739,78.505749,TELANGANA,Hyderabad,HYDERABAD, 
Indian Bank,S1NM3071,17.47074,78.55924,TELANGANA,Medchal Malkajgiri,HYDERABAD,500040
Axis Bank Ltd,AWCW19367,17.47075,78.389129,TELANGANA,Medchal Malkajgiri,HYDERABAD, 
Union Bank Of India,N1239002,17.4708,78.5389,TELANGANA,Medchal Malkajgiri,HYDERABAD,500056
Canara Bank,0878EP15,17.470861,78.723564,TELANGANA,Medchal Malkajgiri, , 
Union Bank Of India,N1307003,17.4709,78.5389,TELANGANA,Medchal Malkajgiri,SECUNDERABAD,500094
Axis Bank Ltd,CPRH42706,17.470985,78.538958,TELANGANA,Medchal Malkajgiri,SECUNDERABAD, 
State Bank Of India,T1BF002714146,17.470988,78.558255,TELANGANA,Medchal Malkajgiri,SECUNDERABAD, 
Union Bank Of India,H1239101,17.471,78.5289,TELANGANA,Medchal Malkajgiri,HYDERABAD,500056
State Bank Of India,S1BW000916106,17.471093,78.456738,TELANGANA,Medchal Malkajgiri,HYDERABAD, 
Bank Of Baroda,1RDWMDK01,17.471192,78.777446,TELANGANA,Yadadri Bhuvanagiri,BIBNAGAR,502001
Bank Of Baroda,1VW417901,17.471192,78.777446,TELANGANA,Yadadri Bhuvanagiri,BIBNAGAR,508001
State Bank Of India,S5NL001676622,17.471212,78.451419,TELANGANA,Medchal Malkajgiri,RANGAREDDY, 
ICICI Bank Ltd,SPCNF354,17.471369,78.418272,TELANGANA,Medchal Malkajgiri,Hyderabad, 
Bank Of India,CHY8012,17.471388,78.378333,TELANGANA,Ranga Reddy,RANGAREDDY, 
Union Bank Of India,Y2945101,17.4714,78.4187,TELANGANA,Medchal Malkajgiri,HYDERABAD,500018
Union Bank Of India,N2945001,17.4714,78.4187,TELANGANA,Medchal Malkajgiri,HYDERABAD,500018
Union Bank Of India,N0057012,17.4715,78.4818,TELANGANA,Medchal Malkajgiri,HYDERABAD,500037
HDFC Bank Ltd,P3ENHE63,17.471568,78.360044,TELANGANA,Ranga Reddy,HYDERABAD, 
State Bank Of India,S1NB000847559,17.471618,78.426047,TELANGANA,Medchal Malkajgiri,AMEERPET, 
State Bank Of India,T1BS005916289,17.47162,78.36274,TELANGANA,Ranga Reddy,HYDERABAD, 
State Bank Of India,S1BB004275001,17.471708,78.387018,TELANGANA,Medchal Malkajgiri,Hyderabad, 
Indian Overseas Bank,IOBD9843,17.471739,78.567849,TELANGANA,Medchal Malkajgiri, , 
State Bank Of India,S5NL061790621,17.471826,78.417974,TELANGANA,Medchal Malkajgiri,HYDERABAD, 
ICICI Bank Ltd,SFCNM512,17.47183,78.53926,TELANGANA,Medchal Malkajgiri, , 
State Bank Of India,S1BJ002714081,17.47184,78.56927,TELANGANA,Medchal Malkajgiri,RANGAREDDY,500062
State Bank Of India,S1BW000916100,17.471887,78.431528,TELANGANA,Medchal Malkajgiri,HYDERABAD, 
Union Bank Of India,H1390101,17.4719,78.7905,TELANGANA,Yadadri Bhuvanagiri,BIBINAGAR,508126
Axis Bank Ltd,BPRH306101,17.47203,78.474019,TELANGANA,Hyderabad,HYDERABAD, 
Axis Bank Ltd,CWCW42730,17.472119,78.567599,TELANGANA,Medchal Malkajgiri,HYDERABAD, 
HDFC Bank Ltd,S1ANHE19,17.47219,78.544659,TELANGANA,Medchal Malkajgiri,HYDERABAD, 
Bank Of Baroda,1VW409101,17.472264,78.569018,TELANGANA,Medchal Malkajgiri,HYDERABAD,500040
City Union Bank Ltd,CUB01599,17.472319,78.551596,TELANGANA,Medchal Malkajgiri,RENGA REDDY,500062
ICICI Bank Ltd,SECNJ055,17.472363,78.500482,TELANGANA,Medchal Malkajgiri,Secunderabad, 
Canara Bank,61003791,17.472397,78.550176,TELANGANA,Medchal Malkajgiri, , 
State Bank Of India,T1BS005916299,17.472414,78.292724,TELANGANA,Sangareddy,TELLAPUR, 
Punjab National Bank,DA110003,17.472535,78.500239,TELANGANA,Medchal Malkajgiri, , 
Axis Bank Ltd,TPCN13054,17.47265626,78.46401134,TELANGANA,Hyderabad,0,500059
State Bank Of India,S1NG002714105,17.47267,78.545668,TELANGANA,Medchal Malkajgiri,MALKAJGIRI, 
Kotak Mahindra Bank Limited,HYBW9584,17.472678,78.509275,TELANGANA,Hyderabad,Hyderabad,500009
ICICI Bank Ltd,S1VDC020,17.472682,78.312591,TELANGANA,Ranga Reddy, , 
Bank Of Maharashtra,DA1361T1,17.47277,78.366837,TELANGANA,Ranga Reddy,SERILINGAMPALLY KOTHAGUDA,500084
Axis Bank Ltd,MWCW111403,17.472809,78.79201,TELANGANA,Yadadri Bhuvanagiri,BIBINAGAR, 
Axis Bank Ltd,DWRO111404,17.472809,78.79201,TELANGANA,Yadadri Bhuvanagiri,BIBINAGAR, 
State Bank Of India,T1BW000916278,17.472922,78.482454,TELANGANA,Medchal Malkajgiri,Secunderabad, 
HDFC Bank Ltd,P3FNHY18,17.472926,78.421775,TELANGANA,Medchal Malkajgiri,HYDERABAD, 
HDFC Bank Ltd,S1AWHA09,17.473,78.7695,TELANGANA,Yadadri Bhuvanagiri,Hyderabad,NULL
HDFC Bank Ltd,P1DCHY31,17.4732,78.5506,TELANGANA,Medchal Malkajgiri,Hyderabad,NULL
Axis Bank Ltd,LWCW53820,17.474783,78.308111,TELANGANA,Ranga Reddy,SERILINGAMPALLY, 
City Union Bank Ltd,CUBFI877,17.47335,78.562626,TELANGANA,Medchal Malkajgiri,KANCHEEPURAM,631502
Axis Bank Ltd,TERH408001,17.47339,78.487212,TELANGANA,Medchal Malkajgiri,SECUNDERABAD, 
State Bank Of India,S5NE011992621,17.47343,78.79729,TELANGANA,Yadadri Bhuvanagiri,NALGONDA,508126
HDFC Bank Ltd,P1DCHY05,17.4735,78.4994,TELANGANA,Hyderabad,Secunderabad,NULL
ICICI Bank Ltd,SACWN914,17.473552,78.388496,TELANGANA,Medchal Malkajgiri, , 
ICICI Bank Ltd,SACWN889,17.473552,78.388496,TELANGANA,Medchal Malkajgiri, , 
State Bank Of India,S5NE020245621,17.473559,78.427998,TELANGANA,Medchal Malkajgiri,HYDERABAD, 
ICICI Bank Ltd,SPCNH427,17.473821,78.570915,TELANGANA,Medchal Malkajgiri, , 
State Bank Of India,S1BG002714100,17.473826,78.570838,TELANGANA,Medchal Malkajgiri,KEESARA,500062
ICICI Bank Ltd,SACWN858,17.473827,78.570808,TELANGANA,Medchal Malkajgiri, , 
State Bank Of India,S1BW002714075,17.47392,78.5708,TELANGANA,Medchal Malkajgiri,RANGAREDDY,500062
Axis Bank Ltd,SPCN19318,17.473986,78.424341,TELANGANA,Medchal Malkajgiri,0,500018
HDFC Bank Ltd,P1DCHD42,17.474,78.5635,TELANGANA,Medchal Malkajgiri,Hyderabad,NULL
Union Bank Of India,H0327102,17.474,78.571,TELANGANA,Medchal Malkajgiri,HYDERABAD,500062
State Bank Of India,S1BJ000916109,17.47401,78.44757,TELANGANA,Medchal Malkajgiri,AMEERPET, 
State Bank Of India,S1N6000847017,17.474038,78.509327,TELANGANA,Hyderabad,SECUNDERABAD, 
State Bank Of India,S5NE020362621,17.474048,78.571234,TELANGANA,Medchal Malkajgiri,SBH KUSHAIGUDA, 
Karur Vysya Bank Ltd,S1AC0146503,17.47406982,78.5683313,TELANGANA,Medchal Malkajgiri,HYDERABAD,500062
ICICI Bank Ltd,S1CNQ431,17.474145,78.424247,TELANGANA,Medchal Malkajgiri, , 
ICICI Bank Ltd,S1CNI875,17.47414614,78.42425131,TELANGANA,Medchal Malkajgiri,Kukatpally, 
City Union Bank Ltd,CUB01944,17.474225,78.541631,TELANGANA,Medchal Malkajgiri,HABSIGUDA,500007
State Bank Of India,S1N6000847509,17.474249,78.5138,TELANGANA,Hyderabad,Hyderabad, 
Axis Bank Ltd,BWCW181716,17.474279,78.360889,TELANGANA,Ranga Reddy,HYDERABAD, 
Axis Bank Ltd,DPRH137804,17.474287,78.568416,TELANGANA,Medchal Malkajgiri,SECUNDERABAD, 
Bank Of India,IHY8013,17.474319,78.38746,TELANGANA,Medchal Malkajgiri, , 
Axis Bank Ltd,DECN338502,17.47434,78.39137,TELANGANA,Medchal Malkajgiri,GHMC (M CORP. + OG) (PART), 
Union Bank Of India,W1419004,17.474567,78.57027,TELANGANA,Medchal Malkajgiri,HYDERABAD,500062
Union Bank Of India,W2267001,17.4746,78.2878,TELANGANA,Sangareddy,TELLAPUR,502032
Canara Bank,A3444001,17.47467,78.57164,TELANGANA,Medchal Malkajgiri, , 
State Bank Of India,S1NB005916187,17.474751,78.38579,TELANGANA,Medchal Malkajgiri,QUTUBULLAPUR, 
State Bank Of India,S1NB005916186,17.474755,78.385767,TELANGANA,Medchal Malkajgiri,QUTUBULLAPUR, 
Canara Bank,A3435001,17.47478,78.31029,TELANGANA,Ranga Reddy,NALLAGANDLA,500019
Indian Bank,S1AN1161,17.474779,78.310292,TELANGANA,Ranga Reddy,RANGAREDDY,500019
Axis Bank Ltd,CWCW53823,17.474783,78.308111,TELANGANA,Ranga Reddy,SERILINGAMPALLY, 
State Bank Of India,S5NC018559621,17.474968,78.309787,TELANGANA,Ranga Reddy,HYDERABAD,500046
Central Bank Of India,SCDH34771S,17.475061,78.498336,TELANGANA,Hyderabad, , 
State Bank Of India,T1NH000916210,17.475218,78.497184,TELANGANA,Medchal Malkajgiri,SECUNDERABAD, 
Union Bank Of India,N0327012,17.4753,78.5682,TELANGANA,Medchal Malkajgiri,HYDERABAD,500062
Union Bank Of India,N0327011,17.4753,78.5682,TELANGANA,Medchal Malkajgiri,HYDERABAD,500062
HDFC Bank Ltd,S1ANHY78,17.4754,78.4479,TELANGANA,Medchal Malkajgiri,Hyderabad,NULL
Indusind Bank,MN000417,17.475404,78.568187,TELANGANA,Medchal Malkajgiri,Hyderabad, 
Axis Bank Ltd,CWCW19346,17.47543167,78.38909,TELANGANA,Medchal Malkajgiri,0,500072
HDFC Bank Ltd,P1DCHY03,17.4755,78.5544,TELANGANA,Medchal Malkajgiri,Hyderabad,NULL
State Bank Of India,T1NW000916157,17.47556,78.552038,TELANGANA,Medchal Malkajgiri,HYDERABAD, 
Union Bank Of India,COBD116640,17.475585,78.426786,TELANGANA,Medchal Malkajgiri, , 
State Bank Of India,S1NZ000847136,17.47565,78.55149,TELANGANA,Medchal Malkajgiri,HYDERABAD,500035
HDFC Bank Ltd,P3ENHE48,17.475779,78.362584,TELANGANA,Ranga Reddy,HYDERABAD, 
Canara Bank,56661740,17.47579,78.573226,TELANGANA,Medchal Malkajgiri, , 
Axis Bank Ltd,CPRH42712,17.475909,78.551814,TELANGANA,Medchal Malkajgiri,HYDERABAD, 
Axis Bank Ltd,APCN69803,17.47610442,78.48266491,TELANGANA,Hyderabad,0,500011
Punjab National Bank,DA110039,17.476195,78.38135,TELANGANA,Medchal Malkajgiri, , 
State Bank Of India,S1BG020812002,17.476238,78.481846,TELANGANA,Hyderabad,SECUNDERABAD, 
ICICI Bank Ltd,S1CWI406,17.476247,78.48088,TELANGANA,Hyderabad, , 
Canara Bank,56671738,17.476337,78.480888,TELANGANA,Hyderabad, , 
Canara Bank,0878W023,17.476337,78.480888,TELANGANA,Hyderabad, , 
ICICI Bank Ltd,SACWB656,17.476346,78.480845,TELANGANA,Hyderabad,Secunderabad, 
ICICI Bank Ltd,SACWC469,17.476346,78.480845,TELANGANA,Hyderabad,Secunderabad, 
State Bank Of India,S1BW002714027,17.476609,78.52559,TELANGANA,Medchal Malkajgiri,HYDERABAD, 
Bank Of India,AHY9011,17.476639,0.0,TELANGANA,Medchal Malkajgiri, , 
Axis Bank Ltd,APCN42715,17.47665146,78.5563182,TELANGANA,Medchal Malkajgiri,0,500062
Axis Bank Ltd,DWCW137806,17.4766908,78.4984691,TELANGANA,Hyderabad,0,500010
Union Bank Of India,N0327010,17.4767,78.5564,TELANGANA,Medchal Malkajgiri,HYDERABAD,500062
Union Bank Of India,W1764001,17.4768,78.5589,TELANGANA,Medchal Malkajgiri,HYDERABAD,500039
Union Bank Of India,H1764101,17.4768,78.5589,TELANGANA,Medchal Malkajgiri,HYDERABAD,500039
HDFC Bank Ltd,P1DCHY17,17.477849,78.562672,TELANGANA,Medchal Malkajgiri, , 
Union Bank Of India,W1764002,17.476809,78.558882,TELANGANA,Medchal Malkajgiri,HYDERABAD,500039
HDFC Bank Ltd,P3ECSB01,17.476849,78.53767,TELANGANA,Medchal Malkajgiri, , 
Union Bank Of India,N1157004,17.4769,78.5145,TELANGANA,Hyderabad,HYDERABAD,500015
Union Bank Of India,NHYD12311111111,17.47693,78.56717,TELANGANA,Medchal Malkajgiri,Ranga Reddy,500062
Bank Of India,AHY8035,17.47694,78.52576,TELANGANA,Medchal Malkajgiri, , 
South Indian Bank Ltd,05140002,17.4772,78.3931,TELANGANA,Medchal Malkajgiri,Greater Hyderabad,500085
HDFC Bank Ltd,P1DCHD40,17.477463,78.483167,TELANGANA,Medchal Malkajgiri, , 
State Bank Of India,S1NB000847560,17.477477,78.421133,TELANGANA,Medchal Malkajgiri,AMEERPET, 
State Bank Of India,S5NA010621621,17.4776,78.51468,TELANGANA,Hyderabad,HYDERABAD,500015
HDFC Bank Ltd,P1DCHD44,17.477645,78.562672,TELANGANA,Medchal Malkajgiri, , 
Axis Bank Ltd,APCN42709,17.47765182,78.52453575,TELANGANA,Medchal Malkajgiri,0,500056
ICICI Bank Ltd,S1CNI826,17.477697,78.475902,TELANGANA,Hyderabad,Secunderabad, 
ICICI Bank Ltd,S1VDK544,17.477697,78.475898,TELANGANA,Hyderabad, , 
HDFC Bank Ltd,P1AWHY05,17.4777,78.5246,TELANGANA,Medchal Malkajgiri,Hyderabad,NULL
HDFC Bank Ltd,P3ENHE27,17.477718,78.439933,TELANGANA,Medchal Malkajgiri, , 
HDFC Bank Ltd,P3ENHE04,17.477718,78.439933,TELANGANA,Medchal Malkajgiri, , 
Axis Bank Ltd,DPRH145702,17.47785,78.290159,TELANGANA,Sangareddy,HYDERABAD, 
ICICI Bank Ltd,S1CWK600,17.477876,78.570671,TELANGANA,Medchal Malkajgiri, , 
ICICI Bank Ltd,S1CWK360,17.477876,78.570671,TELANGANA,Medchal Malkajgiri, , 
Bank Of India,IHY8024,17.477899,78.28805,TELANGANA,Sangareddy, , 
HDFC Bank Ltd,P1DCHD21,17.4779,78.5243,TELANGANA,Medchal Malkajgiri,Hyderabad,NULL
Axis Bank Ltd,DPRH395701,17.477899,78.56989,TELANGANA,Medchal Malkajgiri,HYDERABAD, 
ICICI Bank Ltd,SACWF760,17.477947,78.425346,TELANGANA,Medchal Malkajgiri, , 
Punjab National Bank,DA110010,17.478048,78.570173,TELANGANA,Medchal Malkajgiri, , 
Union Bank Of India,W1282005,17.47806,78.345643,TELANGANA,Ranga Reddy,HYDERABAD, 
Karur Vysya Bank Ltd,S1AC0146501,17.4781895,78.5526949,TELANGANA,Medchal Malkajgiri,HYDERABAD,500062
State Bank Of India,T1NY005916254,17.478229,78.413719,TELANGANA,Medchal Malkajgiri,Ameerpet, 
Bank Of Baroda,1CRHTSHY01,17.478274,78.559729,TELANGANA,Medchal Malkajgiri,HYDERABAD,500062
Bank Of Baroda,1DBA17971,17.478274,78.559729,TELANGANA,Medchal Malkajgiri,HYDERABAD,500062
Bank Of Baroda,1CRTSHY02,17.478274,78.55973,TELANGANA,Medchal Malkajgiri,0,500011
State Bank Of India,S1BW005916099,17.47833,78.32861,TELANGANA,Ranga Reddy,RANGAREDDY,500019
State Bank Of India,S1BJ006314001,17.478338,78.286499,TELANGANA,Sangareddy,HYDERABAD, 
State Bank Of India,S1NZ000847110,17.478366,78.481471,TELANGANA,Hyderabad,HYDERABAD, 
Punjab National Bank,WC110055,17.478369,78.44793,TELANGANA,Medchal Malkajgiri, , 
Indian Overseas Bank,IOBD6962,17.478419,78.514839,TELANGANA,Hyderabad, , 
South Indian Bank Ltd,05080001,17.4786,78.5595,TELANGANA,Medchal Malkajgiri,Greater Hyderabad,500062
State Bank Of India,S1BW005916098,17.47861,78.31944,TELANGANA,Ranga Reddy,RANGAREDDY,500019
Karur Vysya Bank Ltd,S1AC0146502,17.478718,78.557145,TELANGANA,Medchal Malkajgiri,HYDERABAD,500062
Axis Bank Ltd,BWCW181718,17.47873,78.360619,TELANGANA,Ranga Reddy,RANGAREDDY, 
Punjab National Bank,B1316000,17.478751,78.514306,TELANGANA,Hyderabad, , 
State Bank Of India,T1NF005916259,17.478795,78.36039,TELANGANA,Ranga Reddy,Shaikpet, 
State Bank Of India,S1NG000916026,17.478881,78.555061,TELANGANA,Medchal Malkajgiri,Secunderabad, 
Canara Bank,A3432001,17.479,78.56025,TELANGANA,Medchal Malkajgiri, , 
Lakshmi Vilas Bank Ltd,01360844,17.479089,0.0,TELANGANA,Medchal Malkajgiri, , 
ICICI Bank Ltd,SACWN824,17.479158,78.511238,TELANGANA,Hyderabad, , 
Axis Bank Ltd,S3RH42703,17.479197,78.558491,TELANGANA,Medchal Malkajgiri,0,500062
Axis Bank Ltd,CPRH42705,17.47926,78.55895,TELANGANA,Medchal Malkajgiri,HYDERABAD, 
Axis Bank Ltd,APRH42704,17.47926,78.55895,TELANGANA,Medchal Malkajgiri,HYDERABAD, 
Canara Bank,0878E018,17.479276,78.586278,TELANGANA,Medchal Malkajgiri, , 
ICICI Bank Ltd,SECNM748,17.479309,78.58625,TELANGANA,Medchal Malkajgiri, , 
Axis Bank Ltd,BPCN145707,17.47931,78.319829,TELANGANA,Ranga Reddy,HYDERABAD, 
Union Bank Of India,N1774006,17.4794,78.4235,TELANGANA,Medchal Malkajgiri,HYDERABAD,500072
ICICI Bank Ltd,SACWN878,17.479434,78.563522,TELANGANA,Medchal Malkajgiri, , 
Union Bank Of India,W1467002,17.479446,78.391446,TELANGANA,Medchal Malkajgiri,HYDERABAD,500072
ICICI Bank Ltd,SACWF101,17.479461,78.316028,TELANGANA,Ranga Reddy,Hyderabad, 
Bank Of Maharashtra,WA1747A1,17.47947,78.318561,TELANGANA,Ranga Reddy,SERI LINGAMPALLY,500019
Axis Bank Ltd,APCN42722,17.4795883,78.5635017,TELANGANA,Medchal Malkajgiri,0,500062
HDFC Bank Ltd,S1ANHE30,17.479589,78.39455,TELANGANA,Medchal Malkajgiri,HYDERABAD, 
Union Bank Of India,W1419005,17.4796,78.5811,TELANGANA,Medchal Malkajgiri,HYDERABAD,500062
Union Bank Of India,H1419101,17.4796,78.5811,TELANGANA,Medchal Malkajgiri,HYDERABAD,500062
Union Bank Of India,N1419006,17.479616,78.581103,TELANGANA,Medchal Malkajgiri,HYDERABAD,500062
State Bank Of India,T1NH002714115,17.479673,78.586316,TELANGANA,Medchal Malkajgiri,HYDERABAD, 
Union Bank Of India,NHYD01401111111,17.47979,78.55782,TELANGANA,Medchal Malkajgiri,Ranga Reddy,500062
State Bank Of India,S1N6000847333,17.479822,78.563817,TELANGANA,Medchal Malkajgiri,SECUNDERABAD, 
HDFC Bank Ltd,S1ANHD04,17.4799,78.3178,TELANGANA,Ranga Reddy,Hyderabad,NULL
HDFC Bank Ltd,S1ANHD03,17.4799,78.3179,TELANGANA,Ranga Reddy,Hyderabad,NULL
HDFC Bank Ltd,S1ANRT36,17.4799,78.3179,TELANGANA,Ranga Reddy,Hyderabad,NULL
HDFC Bank Ltd,P1DCHD56,17.4799,78.5889,TELANGANA,Medchal Malkajgiri,Hyderabad,NULL
Karnataka Bank Ltd,KBL09041,17.479914,78.556107,TELANGANA,Medchal Malkajgiri,Hyderabad,500062
HDFC Bank Ltd,P3FNHY24,17.479958,78.56614,TELANGANA,Medchal Malkajgiri,HYDERABAD, 
Union Bank Of India,H1414101,17.48,78.3198,TELANGANA,Ranga Reddy,HYDERABAD,500019
Kotak Mahindra Bank Limited,HYON1115,17.48,78.33,TELANGANA,Ranga Reddy,Hyderabad,500032
State Bank Of India,S5NL021422621,17.480046,78.49988,TELANGANA,Hyderabad,HYDERABAD, 
Bank Of Baroda,1RDNHYD33,17.480157,78.552223,TELANGANA,Medchal Malkajgiri,0,500062
DCB bank Ltd,DCB05101,17.480157,78.552222,TELANGANA,Medchal Malkajgiri, , 
State Bank Of India,S1BJ003026099,17.480178,78.592334,TELANGANA,Medchal Malkajgiri,HYDERABAD,500058
Punjab National Bank,N3473700,17.480197,78.417103,TELANGANA,Medchal Malkajgiri,Hyderabad,500072
Union Bank Of India,W2920001,17.4802,78.5522,TELANGANA,Medchal Malkajgiri,SECUNDERABAD,500062
Union Bank Of India,Y2920101,17.4802,78.5522,TELANGANA,Medchal Malkajgiri,SECUNDERABAD,500062
State Bank Of India,S1BW021422003,17.480238,78.499846,TELANGANA,Hyderabad,HYDERABAD, 
State Bank Of India,S1BW020556002,17.48028,80.231727,TELANGANA,Khammam,KAREPALLY, 
HDFC Bank Ltd,P1DCHY21,17.4803,78.537,TELANGANA,Medchal Malkajgiri,Hyderabad,NULL
HDFC Bank Ltd,S1ANHB62,17.480381,78.580848,TELANGANA,Medchal Malkajgiri, , 
Union Bank Of India,N1774005,17.4804,78.4224,TELANGANA,Medchal Malkajgiri,HYDERABAD,500072
HDFC Bank Ltd,P1DCHY92,17.4805,78.5908,TELANGANA,Medchal Malkajgiri,Hyderabad,NULL
ICICI Bank Ltd,SACWM322,17.480579,78.393714,TELANGANA,Medchal Malkajgiri, , 
ICICI Bank Ltd,SACWM322,17.480579,78.393714,TELANGANA,Medchal Malkajgiri, , 
HDFC Bank Ltd,S1ACHY60,17.4806,78.5017,TELANGANA,Hyderabad,Hyderabad,NULL
Axis Bank Ltd,BPCN181711,17.48065,78.3653,TELANGANA,Ranga Reddy,HYDERABAD, 
ICICI Bank Ltd,S1CNB889,17.480787,78.390129,TELANGANA,Medchal Malkajgiri, , 
Axis Bank Ltd,DPRH181703,17.480803,78.360056,TELANGANA,Ranga Reddy,HYDERABAD, 
Axis Bank Ltd,BPCN181712,17.480804,78.360056,TELANGANA,Ranga Reddy, , 
Axis Bank Ltd,APAN06814,17.4810146,78.4867568,TELANGANA,Medchal Malkajgiri,0,500014
Indusind Bank,MC074001,17.481078,78.556003,TELANGANA,Medchal Malkajgiri,Hyderabad, 
State Bank Of India,T1BS002714140,17.481159,78.52862,TELANGANA,Medchal Malkajgiri,MALKAJGIRI, 
Axis Bank Ltd,LWCW19351,17.494707,78.427384,TELANGANA,Medchal Malkajgiri, , 
Union Bank Of India,N1034006,17.4812,78.3907,TELANGANA,Medchal Malkajgiri,HYDERABAD,500085
HDFC Bank Ltd,P1DCHD03,17.4812,78.5553,TELANGANA,Medchal Malkajgiri,Hyderabad,NULL
State Bank Of India,S1BW002714014,17.481214,78.58371,TELANGANA,Medchal Malkajgiri,RANGAREDDY, 
HDFC Bank Ltd,P3FNHY75,17.481272,78.55573,TELANGANA,Medchal Malkajgiri,HYDERABAD, 
City Union Bank Ltd,CUB01105,17.481274,78.554288,TELANGANA,Medchal Malkajgiri,Hyderabad,500062
HDFC Bank Ltd,S1ANHD32,17.4813,78.5557,TELANGANA,Medchal Malkajgiri,Hyderabad,NULL
Kotak Mahindra Bank Limited,HYON1859,17.481357,78.592434,TELANGANA,Medchal Malkajgiri,Hyderabad, 
Union Bank Of India,W2956001,17.48139,78.565375,TELANGANA,Medchal Malkajgiri,HYDERABAD,500062
ICICI Bank Ltd,S1CWK460,17.481399,78.5531,TELANGANA,Medchal Malkajgiri, , 
ICICI Bank Ltd,S1CWE555,17.481452,78.553127,TELANGANA,Medchal Malkajgiri,Hyderabad, 
ICICI Bank Ltd,S1CWE556,17.481452,78.553127,TELANGANA,Medchal Malkajgiri,Hyderabad, 
Bank Of India,FHY9002,17.481549,78.487879,TELANGANA,Medchal Malkajgiri, , 
Canara Bank,A3082001,17.4816,78.4085,TELANGANA,Medchal Malkajgiri,HYDERABAD,500027
State Bank Of India,S1BW002714078,17.48167,78.55027,TELANGANA,Medchal Malkajgiri,RANGAREDDY,500094
Punjab National Bank,C36B107601,17.481738,78.553043,TELANGANA,Medchal Malkajgiri, , 
ICICI Bank Ltd,SECNL241,17.481798,78.299262,TELANGANA,Ranga Reddy, , 
ICICI Bank Ltd,SACWN874,17.481851,78.552696,TELANGANA,Medchal Malkajgiri, , 
HDFC Bank Ltd,S1AWTZ01,17.481966,78.416064,TELANGANA,Medchal Malkajgiri, , 
Union Bank Of India,CBTD064040,17.481987,78.552909,TELANGANA,Medchal Malkajgiri, , 
IndusInd Bank,MC056901,17.48205,78.414783,TELANGANA,Medchal Malkajgiri,Hyderabad,500072
State Bank Of India,S1NZ000847154,17.482064,78.302008,TELANGANA,Ranga Reddy,HYDERABAD, 
Punjab National Bank,N2456500,17.4822,78.5532,TELANGANA,Medchal Malkajgiri,HYDERABAD,500062
ICICI Bank Ltd,S1CN2112,17.482206,78.415687,TELANGANA,Medchal Malkajgiri,Hyderabad, 
HDFC Bank Ltd,P3FNHY15,17.482231,78.413876,TELANGANA,Medchal Malkajgiri,HYDERABAD, 
State Bank Of India,T1BS020134094,17.482289,78.378719,TELANGANA,Medchal Malkajgiri,KARIMNAGAR, 
ICICI Bank Ltd,SFCNM380,17.482311,78.5354,TELANGANA,Medchal Malkajgiri, , 
Canara Bank,A3096001,17.482348,78.595123,TELANGANA,Medchal Malkajgiri, , 
IDBI Bank Ltd,ID028014,17.48238,78.40768,TELANGANA,Medchal Malkajgiri,Rangareddi,500072
Axis Bank Ltd,DWCW292210,17.4824,78.413479,TELANGANA,Medchal Malkajgiri,HYDERABAD, 
Axis Bank Ltd,DWCW292206,17.4824,78.413479,TELANGANA,Medchal Malkajgiri,HYDERABAD, 
State Bank Of India,S1BW000847505,17.482448,78.302149,TELANGANA,Ranga Reddy,HYDERABAD,500013
State Bank Of India,T1BS005916297,17.48245,78.131,TELANGANA,Ranga Reddy,SHANKERPALLI, 
State Bank Of India,S1BG002714048,17.482534,78.552007,TELANGANA,Medchal Malkajgiri,SECUNDERABAD, 
Axis Bank Ltd,DECN317503,17.482539,78.536439,TELANGANA,Medchal Malkajgiri,SECUNDERABAD, 
State Bank Of India,S5NL005916623,17.482541,78.317386,TELANGANA,Ranga Reddy,HYDERABAD, 
Axis Bank Ltd,AWCW53816,17.482578,78.304272,TELANGANA,Ranga Reddy, , 
Axis Bank Ltd,AWRO53805,17.482579,78.304269,TELANGANA,Ranga Reddy,HYDERABAD, 
State Bank Of India,S1BW002714032,17.482583,78.53597,TELANGANA,Medchal Malkajgiri,HYDERABAD, 
State Bank Of India,S1BW010098003,17.482596,78.393674,TELANGANA,Medchal Malkajgiri,AMEERPET, 
State Bank Of India,S1BG000916147,17.482677,78.486092,TELANGANA,Medchal Malkajgiri,SECUNDERABAD, 
State Bank Of India,S1N6000847460,17.482683,78.552519,TELANGANA,Medchal Malkajgiri,Hyderabad, 
Union Bank Of India,W0455004,17.48274,78.30437,TELANGANA,Ranga Reddy,HYDERABAD,500032
State Bank Of India,S1NZ000847152,17.482817,78.552387,TELANGANA,Medchal Malkajgiri,Hyderabad, 
Indusind Bank,MN000411,17.48283,78.304495,TELANGANA,Ranga Reddy,Hyderabad, 
State Bank Of India,S1BW021835001,17.483147,80.56962,TELANGANA,Bhadradri Kothagudem,KOTHAGUDEM, 
ICICI Bank Ltd,SACWJ265,17.483268,78.325177,TELANGANA,Ranga Reddy,Hyderabad, 
ICICI Bank Ltd,SACWM053,17.483268,78.32518,TELANGANA,Ranga Reddy, , 
Kotak Mahindra Bank Limited,HYON9194,17.48332,78.55032,TELANGANA,Medchal Malkajgiri,Hyderabad, 
Canara Bank,A3434001,17.48335,78.38707,TELANGANA,Medchal Malkajgiri,HYDERABAD,500072
Axis Bank Ltd,DECN338501,17.483353,78.387066,TELANGANA,Medchal Malkajgiri, , 
HDFC Bank Ltd,P1ENHD01,17.4834,78.2982,TELANGANA,Sangareddy,Hyderabad,NULL
Axis Bank Ltd,DECN306202,17.483399,78.3871,TELANGANA,Medchal Malkajgiri, , 
HDFC Bank Ltd,P3ENHD04,17.4834,78.4101,TELANGANA,Medchal Malkajgiri,Hyderabad,NULL
Karur Vysya Bank Ltd,S1AC0146703,17.483429,78.408604,TELANGANA,Medchal Malkajgiri,HYDERABAD,500072
HDFC Bank Ltd,P3ENHY98,17.483455,78.408537,TELANGANA,Medchal Malkajgiri, , 
Axis Bank Ltd,BPCN145608,17.48346,78.483209,TELANGANA,Medchal Malkajgiri,HYDERABAD, 
State Bank Of India,S5NL010621622,17.483461,78.516052,TELANGANA,Medchal Malkajgiri,TRIMULGHERRY, 
HDFC Bank Ltd,S1ACHD80,17.4835,78.3155,TELANGANA,Ranga Reddy,Hyderabad,NULL
Axis Bank Ltd,APCN19314,17.48355833,78.41115667,TELANGANA,Medchal Malkajgiri,0,500072
HDFC Bank Ltd,P3ENHD40,17.4836,78.4101,TELANGANA,Medchal Malkajgiri,Hyderabad,NULL
HDFC Bank Ltd,P3ENHE03,17.483609,78.3918,TELANGANA,Medchal Malkajgiri, , 
Union Bank Of India,NHYD12511111111,17.48369,78.44938,TELANGANA,Medchal Malkajgiri,Ranga Reddy,500004
State Bank Of India,S1NB000916008,17.483695,78.449719,TELANGANA,Medchal Malkajgiri,Hyderabad, 
HDFC Bank Ltd,P1DCHD15,17.4837,78.4101,TELANGANA,Medchal Malkajgiri,Hyderabad,NULL
Axis Bank Ltd,CPRH70205,17.48371,78.487309,TELANGANA,Medchal Malkajgiri,KOMPALLY, 
Axis Bank Ltd,DPRH181702,17.483727,78.361778,TELANGANA,Ranga Reddy,HYDERABAD, 
Axis Bank Ltd,BPCN181709,17.4837272,78.3617783,TELANGANA,Ranga Reddy,0,500050
ICICI Bank Ltd,SPCNF318,17.483732,78.414118,TELANGANA,Medchal Malkajgiri,Kukatpally, 
ICICI Bank Ltd,SECNL260,17.483787,78.514022,TELANGANA,Medchal Malkajgiri, , 
ICICI Bank Ltd,SACWN749,17.4838,78.416099,TELANGANA,Medchal Malkajgiri, , 
ICICI Bank Ltd,SACWN750,17.4838,78.416099,TELANGANA,Medchal Malkajgiri, , 
ICICI Bank Ltd,SACWN750,17.4838,78.416099,TELANGANA,Medchal Malkajgiri, , 
Axis Bank Ltd,APCN19317,17.483833,78.414148,TELANGANA,Medchal Malkajgiri,0,500072
Axis Bank Ltd,LWCW19359,17.483839,78.4163,TELANGANA,Medchal Malkajgiri,HYDERABAD, 
Axis Bank Ltd,CWCW19366,17.483839,78.4163,TELANGANA,Medchal Malkajgiri,HYDERABAD, 
ICICI Bank Ltd,SACWC443,17.483858,78.402172,TELANGANA,Medchal Malkajgiri,Kukatpally, 
ICICI Bank Ltd,SACWC470,17.483858,78.402172,TELANGANA,Medchal Malkajgiri,Kukatpally, 
ICICI Bank Ltd,SACWC491,17.483858,78.411026,TELANGANA,Medchal Malkajgiri, , 
ICICI Bank Ltd,SACWC492,17.483858,78.411026,TELANGANA,Medchal Malkajgiri, , 
HDFC Bank Ltd,P1EWHY09,17.483994,78.498508,TELANGANA,Medchal Malkajgiri, , 
ICICI Bank Ltd,SACWB660,17.484014,78.390119,TELANGANA,Medchal Malkajgiri,Hyderabad, 
ICICI Bank Ltd,SACWC466,17.484014,78.390119,TELANGANA,Medchal Malkajgiri,Hyderabad, 
Union Bank Of India,NHYD13311111111,17.48413,78.40847,TELANGANA,Medchal Malkajgiri,Ranga Reddy,500072
ICICI Bank Ltd,SACWM276,17.484136,78.498291,TELANGANA,Medchal Malkajgiri, , 
ICICI Bank Ltd,SACWJ263,17.484137,78.498288,TELANGANA,Medchal Malkajgiri,Hyderabad, 
Axis Bank Ltd,BPRH137803,17.48414,78.53755,TELANGANA,Medchal Malkajgiri,SECUNDERABAD, 
State Bank Of India,S1NB008025006,17.484143,78.548763,TELANGANA,Medchal Malkajgiri,SECUNDERABAD, 
State Bank Of India,S1BW000916098,17.484188,78.496789,TELANGANA,Medchal Malkajgiri,HYDERABAD,500003
HDFC Bank Ltd,P1ENVS09,17.4842,78.3163,TELANGANA,Ranga Reddy,Hyderabad,NULL
Axis Bank Ltd,BWCW330502,17.48427,78.41773,TELANGANA,Medchal Malkajgiri,HYDERABAD, 
Axis Bank Ltd,BPRH306201,17.484359,78.411719,TELANGANA,Medchal Malkajgiri,HYDERABAD, 
State Bank Of India,S1BW002714029,17.48436,78.547199,TELANGANA,Medchal Malkajgiri,HYDERABAD, 
Union Bank Of India,W1511001,17.4844,78.4116,TELANGANA,Medchal Malkajgiri,HYDERABAD,500072
Union Bank Of India,Y1511102,17.4844,78.4116,TELANGANA,Medchal Malkajgiri,HYDERABAD,500072
HDFC Bank Ltd,P3ENHD50,17.4844,78.4138,TELANGANA,Medchal Malkajgiri,Hyderabad,NULL
IndusInd Bank,MC000441,17.484422,78.41377,TELANGANA,Medchal Malkajgiri,Hyderabad,500072
State Bank Of India,T1NW000916165,17.484511,78.5536,TELANGANA,Medchal Malkajgiri,HYDERABAD, 
State Bank Of India,S1NB000847561,17.484557,78.411809,TELANGANA,Medchal Malkajgiri,AMEERPET, 
IDBI Bank Ltd,ID028002,17.48457,78.41353,TELANGANA,Medchal Malkajgiri,Rangareddi,500072
State Bank Of India,T1NW005916225,17.484587,78.424067,TELANGANA,Medchal Malkajgiri,HYDERABAD, 
Union Bank Of India,WHYD04101111111,17.48459,78.61163,TELANGANA,Medchal Malkajgiri,Ranga Reddy,501218
ICICI Bank Ltd,S1VDK109,17.4846,78.327598,TELANGANA,Ranga Reddy, , 
ICICI Bank Ltd,S1CNP793,17.4846,78.327598,TELANGANA,Ranga Reddy, , 
Axis Bank Ltd,APCN19312,17.48460833,78.40951167,TELANGANA,Medchal Malkajgiri,0,500072
State Bank Of India,S1BJ000916129,17.484638,78.505308,TELANGANA,Medchal Malkajgiri,MAHBUBNAGAR,500061
Canara Bank,0878E019,17.484715,78.413673,TELANGANA,Medchal Malkajgiri, , 
State Bank Of India,S1NG005916009,17.484716,78.306813,TELANGANA,Ranga Reddy,HYDERABAD, 
State Bank Of India,T1BS005916294,17.48473,78.461159,TELANGANA,Medchal Malkajgiri,Bandlaguda, 
Kotak Mahindra Bank Limited,HYON1647,17.484798,78.39013,TELANGANA,Medchal Malkajgiri,Hyderabad, 
ICICI Bank Ltd,S1VDK533,17.484855,78.407516,TELANGANA,Medchal Malkajgiri, , 
ICICI Bank Ltd,S1VDK522,17.484855,78.407516,TELANGANA,Medchal Malkajgiri, , 
ICICI Bank Ltd,S1CNE503,17.484856,78.401927,TELANGANA,Medchal Malkajgiri,Kukatpally, 
ICICI Bank Ltd,S1CNI592,17.484856,78.401927,TELANGANA,Medchal Malkajgiri,Kukatpally, 
Canara Bank,0878E011,17.484886,78.565957,TELANGANA,Medchal Malkajgiri, , 
Canara Bank,0878EP07,17.484886,78.565957,TELANGANA,Medchal Malkajgiri, , 
Axis Bank Ltd,CECN42721,17.484914,78.565879,TELANGANA,Medchal Malkajgiri, , 
Axis Bank Ltd,BWCW395702,17.48492,78.58088,TELANGANA,Medchal Malkajgiri,HYDERABAD, 
Indian Overseas Bank,IOBD9614,17.484966,78.388977,TELANGANA,Medchal Malkajgiri, , 
Karnataka Bank Ltd,KBNA6790,17.4851,78.357699,TELANGANA,Ranga Reddy,Hyderabad, 
South Indian Bank Ltd,05140001,17.4852,78.389,TELANGANA,Medchal Malkajgiri,Greater Hyderabad,500072
Axis Bank Ltd,LWCW19354,17.485219,78.383999,TELANGANA,Medchal Malkajgiri,RANGAREDDY, 
Axis Bank Ltd,CWCW19343,17.485219,78.384001,TELANGANA,Medchal Malkajgiri, , 
Canara Bank,60253790,17.48523,78.388284,TELANGANA,Medchal Malkajgiri, , 
HDFC Bank Ltd,S1ANHE26,17.485259,78.52632,TELANGANA,Medchal Malkajgiri,HYDERABAD, 
ICICI Bank Ltd,SACWN877,17.48529,78.554756,TELANGANA,Medchal Malkajgiri, , 
Canara Bank,A3316001,17.485326,78.493383,TELANGANA,Medchal Malkajgiri, , 
State Bank Of India,T1NY005916268,17.48533,78.400479,TELANGANA,Medchal Malkajgiri,Malkajgiri, 
State Bank Of India,S1BW017893001,17.485418,78.391871,TELANGANA,Medchal Malkajgiri,Hyderabad, 
Union Bank Of India,N1565001,17.485427,78.554958,TELANGANA,Medchal Malkajgiri,HYDERABAD,500062
State Bank Of India,S1BB003026103,17.485466,78.511263,TELANGANA,Medchal Malkajgiri,HYDERABAD,501510
Kotak Mahindra Bank Limited,HYBD9498,17.485486,78.414718,TELANGANA,Medchal Malkajgiri,Hyderabad, 
ICICI Bank Ltd,S1CNQ715,17.485599,78.388198,TELANGANA,Medchal Malkajgiri, , 
ICICI Bank Ltd,SFCNQ854,17.485599,78.388198,TELANGANA,Medchal Malkajgiri, , 
ICICI Bank Ltd,SFCNQ854,17.485599,78.388198,TELANGANA,Medchal Malkajgiri, , 
HDFC Bank Ltd,S1ANAP42,17.485601,78.537131,TELANGANA,Medchal Malkajgiri, , 
HDFC Bank Ltd,S1ACHE11,17.485609,78.537208,TELANGANA,Medchal Malkajgiri, , 
Bank Of Baroda,1FDHYD69,17.485656,78.411867,TELANGANA,Medchal Malkajgiri,0,500072
ICICI Bank Ltd,S1CWE549,17.48569019,78.50217551,TELANGANA,Medchal Malkajgiri,Hyderabad, 
ICICI Bank Ltd,S1CNQ451,17.485691,78.502174,TELANGANA,Medchal Malkajgiri, , 
Kotak Mahindra Bank Limited,HYBD2262,17.485813,78.387329,TELANGANA,Medchal Malkajgiri,Hyderabad, 
Union Bank Of India,W1307002,17.4859,78.5373,TELANGANA,Medchal Malkajgiri,SECUNDERABAD,500094
Union Bank Of India,H1307101,17.4859,78.5373,TELANGANA,Medchal Malkajgiri,SECUNDERABAD,500094
Union Bank Of India,H1724101,17.4859,78.5996,TELANGANA,Medchal Malkajgiri,HYDERABAD,500083
Union Bank Of India,W1572002,17.485947,78.599603,TELANGANA,Medchal Malkajgiri,HYDERABAD,500083
State Bank Of India,S1BB000916146,17.485953,78.504745,TELANGANA,Medchal Malkajgiri,SECUNDERABAD,500020
Canara Bank,A3410001,17.486,78.2969,TELANGANA,Sangareddy,HYDERABAD,502032
HDFC Bank Ltd,S1ANRD55,17.486,78.4497,TELANGANA,Medchal Malkajgiri,Hyderabad,NULL
HDFC Bank Ltd,S1ANHD64,17.486,78.4497,TELANGANA,Medchal Malkajgiri,Hyderabad,NULL
Axis Bank Ltd,CWCW19340,17.4860188,78.3867557,TELANGANA,Medchal Malkajgiri,0,500072
Axis Bank Ltd,LWCW19360,17.486019,78.386756,TELANGANA,Medchal Malkajgiri, , 
Axis Bank Ltd,SWRO19305,17.486059,78.39056,TELANGANA,Medchal Malkajgiri,HYDERABAD, 
Bank Of Baroda,1FDHYD64,17.486099,78.489905,TELANGANA,Medchal Malkajgiri,0,500011
Union Bank Of India,WHYD06201111111,17.48614,78.31335,TELANGANA,Ranga Reddy,Ranga Reddy,500019
State Bank Of India,S1N6000847547,17.486157,78.56023,TELANGANA,Medchal Malkajgiri,SECUNDERABAD, 
ICICI Bank Ltd,SACWG845,17.486158,78.391014,TELANGANA,Medchal Malkajgiri, , 
Kotak Mahindra Bank Limited,HYOW1697,17.48625,78.36703,TELANGANA,Ranga Reddy,Hyderabad, 
HDFC Bank Ltd,P3ENHY85,17.486477,78.59398,TELANGANA,Medchal Malkajgiri, , 
State Bank Of India,S1BB000847577,17.486499,78.410899,TELANGANA,Medchal Malkajgiri,HYDERABAD, 
Bank Of India,CHY8031,17.486539,0.0,TELANGANA,Medchal Malkajgiri, , 
Axis Bank Ltd,CWRO19313,17.486542,78.390626,TELANGANA,Medchal Malkajgiri,HYDERABAD, 
Axis Bank Ltd,S3RH19301,17.486542,78.390626,TELANGANA,Medchal Malkajgiri, , 
Kotak Mahindra Bank Limited,HYON9350,17.486562,78.392638,TELANGANA,Medchal Malkajgiri,Hyderabad, 
ICICI Bank Ltd,SACWN603,17.486568,78.392463,TELANGANA,Medchal Malkajgiri, , 
ICICI Bank Ltd,SACWN602,17.486568,78.392463,TELANGANA,Medchal Malkajgiri, , 
Canara Bank,B3023001,17.486645,78.544378,TELANGANA,Medchal Malkajgiri, , 
State Bank Of India,T1BW005916277,17.486666,78.383468,TELANGANA,Medchal Malkajgiri,HYDERABAD, 
Canara Bank,A3439001,17.486667,78.54441,TELANGANA,Medchal Malkajgiri, , 
HDFC Bank Ltd,S1AWHA08,17.4867,78.3858,TELANGANA,Medchal Malkajgiri,Hyderabad,NULL
Union Bank Of India,W1034005,17.4867,78.3907,TELANGANA,Medchal Malkajgiri,HYDERABAD,500085
Union Bank Of India,H1034101,17.4867,78.3907,TELANGANA,Medchal Malkajgiri,HYDERABAD,500085
Union Bank Of India,Y1467101,17.4868,78.3908,TELANGANA,Medchal Malkajgiri,HYDERABAD,500072
Union Bank Of India,W2442001,17.4868,78.3909,TELANGANA,Medchal Malkajgiri,HYDERABAD,500072
Union Bank Of India,B2442101,17.4868,78.3909,TELANGANA,Medchal Malkajgiri,HYDERABAD,500072
State Bank Of India,T1NW005916270,17.486833,78.369447,TELANGANA,Ranga Reddy,hyderabad, 
State Bank Of India,S1BW020942002,17.486845,80.656046,TELANGANA,Bhadradri Kothagudem,RUDRAMPUR, 
HDFC Bank Ltd,P1ENHD34,17.486884,78.396188,TELANGANA,Medchal Malkajgiri, , 
State Bank Of India,S5NL021053621,17.486886,78.312114,TELANGANA,Ranga Reddy,Hyderabad, 
ICICI Bank Ltd,S1CNQ054,17.4869,78.313499,TELANGANA,Ranga Reddy, , 
Canara Bank,0878E007,17.486901,78.396136,TELANGANA,Medchal Malkajgiri, , 
Canara Bank,0878E033,17.486901,78.396136,TELANGANA,Medchal Malkajgiri, , 
Canara Bank,0878E023,17.486901,78.396136,TELANGANA,Medchal Malkajgiri, , 
Canara Bank,59012673,17.48691,78.599988,TELANGANA,Medchal Malkajgiri, , 
Indian Overseas Bank,IOBD6556,17.486915,78.396576,TELANGANA,Medchal Malkajgiri, , 
IndusInd Bank,MN000419,17.486935,78.390786,TELANGANA,Medchal Malkajgiri,Hyderabad,500072
ICICI Bank Ltd,S1VDC250,17.486984,78.313573,TELANGANA,Ranga Reddy,Hyderabad, 
HDFC Bank Ltd,P3AWHY84,17.486992,78.404999,TELANGANA,Medchal Malkajgiri, , 
Axis Bank Ltd,APCN19334,17.4869958,78.3678232,TELANGANA,Ranga Reddy,0,500049
Union Bank Of India,W1467005,17.487,78.3952,TELANGANA,Medchal Malkajgiri,HYDERABAD,500072
Union Bank Of India,W2096001,17.487,78.3953,TELANGANA,Medchal Malkajgiri,HYDERABAD,500072
Union Bank Of India,H2096101,17.487,78.3953,TELANGANA,Medchal Malkajgiri,HYDERABAD,500072
HDFC Bank Ltd,P1ENHD04,17.487,78.3963,TELANGANA,Medchal Malkajgiri,Hyderabad,NULL
Union Bank Of India,H0483101,17.486999,80.651,TELANGANA,Bhadradri Kothagudem, , 
Union Bank Of India,N0483002,17.486999,80.651,TELANGANA,Bhadradri Kothagudem, , 
HDFC Bank Ltd,S1ANHE32,17.48701,78.385002,TELANGANA,Medchal Malkajgiri,HYDERABAD, 
Canara Bank,08787886,17.487025,78.599925,TELANGANA,Medchal Malkajgiri, , 
ICICI Bank Ltd,SFCNQ758,17.487047,78.36763,TELANGANA,Ranga Reddy, , 
Karur Vysya Bank Ltd,S1AC0148202,17.4870951,78.33192655,TELANGANA,Ranga Reddy,HYDERABAD,500050
HDFC Bank Ltd,P1EWHY20,17.4871,78.3882,TELANGANA,Medchal Malkajgiri,Hyderabad,NULL
State Bank Of India,S1BB018875001,17.487101,78.369857,TELANGANA,Ranga Reddy,BALANAGAR, 
State Bank Of India,S5NE006314621,17.487113,78.323872,TELANGANA,Ranga Reddy,HYDERABAD, 
Axis Bank Ltd,CWAW19307,17.487164,78.384336,TELANGANA,Medchal Malkajgiri, , 
Axis Bank Ltd,CWCW19309,17.487164,78.384336,TELANGANA,Medchal Malkajgiri, , 
Axis Bank Ltd,LWCW19353,17.487164,78.384336,TELANGANA,Medchal Malkajgiri, , 
Axis Bank Ltd,LWCW42725,17.48722,78.55536,TELANGANA,Medchal Malkajgiri,HYDERABAD, 
Punjab National Bank,H36B107401,17.487431,78.332239,TELANGANA,Ranga Reddy,RANGAREDDY,500050
Karur Vysya Bank Ltd,S1AC0146702,17.48756048,78.39994764,TELANGANA,Medchal Malkajgiri,HYDERABAD,500072
Kotak Mahindra Bank Limited,HYDON233,17.48761,78.391642,TELANGANA,Medchal Malkajgiri,Hyderabad,500072
HDFC Bank Ltd,P3DCHB19,17.487669,78.44936,TELANGANA,Medchal Malkajgiri,HYDERABAD, 
Bank Of Maharashtra,WA1175T1,17.48777,78.462977,TELANGANA,Medchal Malkajgiri,QUBDULLAPUR (M) RANGAREDDY,500055
Union Bank Of India,H2143101,17.4878,79.4752,TELANGANA,Suryapet,THONDA THIRUMALAGIRI,508223
ICICI Bank Ltd,SACWH582,17.487871,78.542139,TELANGANA,Medchal Malkajgiri,Hyderabad, 
Axis Bank Ltd,BPCN130417,17.4879,78.45561,TELANGANA,Medchal Malkajgiri,0,0
Union Bank Of India,N1310003,17.487968,78.450686,TELANGANA,Medchal Malkajgiri,HYDERABAD, 
ICICI Bank Ltd,SACWB659,17.488105,78.322265,TELANGANA,Ranga Reddy, , 
ICICI Bank Ltd,SACWJ219,17.488105,78.322265,TELANGANA,Ranga Reddy, , 
State Bank Of India,T1BS020139037,17.48823,78.382289,TELANGANA,Medchal Malkajgiri,Peddapalle, 
State Bank Of India,S5NG010098622,17.488265,78.399901,TELANGANA,Medchal Malkajgiri,AMEERPET, 
Axis Bank Ltd,BWCW306203,17.488381,78.410913,TELANGANA,Medchal Malkajgiri, , 
Axis Bank Ltd,BPCN130404,17.488429,78.446626,TELANGANA,Medchal Malkajgiri, , 
Canara Bank,B3000001,17.48844,78.39357,TELANGANA,Medchal Malkajgiri, , 
HDFC Bank Ltd,P3AWHY19,17.488452,78.414134,TELANGANA,Medchal Malkajgiri, , 
Axis Bank Ltd,T3RH137801,17.499183,78.510141,TELANGANA,Medchal Malkajgiri,0,500015
State Bank Of India,S1BW032241001,17.488459,78.382607,TELANGANA,Medchal Malkajgiri,HYDERABAD, 
ICICI Bank Ltd,SACWC551,17.488512,78.456013,TELANGANA,Medchal Malkajgiri,Nizamabad, 
Punjab National Bank,DA110048,17.488568,78.389866,TELANGANA,Medchal Malkajgiri, , 
Axis Bank Ltd,BPRH145701,17.48858,78.311789,TELANGANA,Ranga Reddy,SERI-LINGAMPALLY, 
HDFC Bank Ltd,P1DCHY53,17.4886,78.4456,TELANGANA,Medchal Malkajgiri,Hyderabad,NULL
State Bank Of India,S5NL008025621,17.488609,78.539704,TELANGANA,Medchal Malkajgiri,SECUNDERABAD, 
ICICI Bank Ltd,S1CNP388,17.48862,78.355331,TELANGANA,Ranga Reddy, , 
Bank Of Maharashtra,PA117501,17.488625,78.396141,TELANGANA,Medchal Malkajgiri,KUKATPALLI,500072
Axis Bank Ltd,BPCN181714,17.488639,78.39614,TELANGANA,Medchal Malkajgiri,HYDERABAD, 
Bank Of India,IHY8017,17.488639,78.455469,TELANGANA,Medchal Malkajgiri, , 
HDFC Bank Ltd,P3ECHY18,17.488761,78.170326,TELANGANA,Sangareddy, , 
Axis Bank Ltd,APCN19364,17.48878,78.395989,TELANGANA,Medchal Malkajgiri,HYDERABAD, 
Bank Of Maharashtra,WA1442A1,17.48884,78.387328,TELANGANA,Medchal Malkajgiri,NIZAMPET,500072
Axis Bank Ltd,DPRH111402,17.48885,78.832419,TELANGANA,Yadadri Bhuvanagiri,BHONGIR, 
Axis Bank Ltd,BWCW317502,17.488909,78.53687,TELANGANA,Medchal Malkajgiri,SECUNDERABAD, 
Axis Bank Ltd,LWCW53819,17.488929,78.355929,TELANGANA,Ranga Reddy,HYDERABAD, 
HDFC Bank Ltd,P1DCHD02,17.4891,78.3203,TELANGANA,Ranga Reddy,Hyderabad,NULL
State Bank Of India,S1BB020836001,17.489137,79.464677,TELANGANA,Suryapet,SURYAPET, 
Union Bank Of India,WHYD11101111111,17.48924,78.17808,TELANGANA,Sangareddy,Medak,502305
Axis Bank Ltd,BPCN274405,17.489293,78.399223,TELANGANA,Medchal Malkajgiri,0,500078
State Bank Of India,T1BF000916306,17.4893,78.4893,TELANGANA,Medchal Malkajgiri,HYDERABAD, 
Canara Bank,0878W039,17.489395,78.331633,TELANGANA,Ranga Reddy, , 
City Union Bank Ltd,CUBFI119,17.48948,78.400331,TELANGANA,Medchal Malkajgiri,HYDERABAD,500072
ICICI Bank Ltd,SACWH676,17.489483,78.414254,TELANGANA,Medchal Malkajgiri,Kukatpally, 
ICICI Bank Ltd,SECNF025,17.489565,78.571709,TELANGANA,Medchal Malkajgiri,KAPRA, 
Union Bank Of India,W2442002,17.4896,78.3724,TELANGANA,Ranga Reddy,HYDERABAD,500072
Axis Bank Ltd,APCN42720,17.48965361,78.57180193,TELANGANA,Medchal Malkajgiri,0,500062
Axis Bank Ltd,CPRH42711,17.489676,78.571691,TELANGANA,Medchal Malkajgiri,HYDERABAD, 
HDFC Bank Ltd,P3ECHY08,17.489769,78.31398,TELANGANA,Ranga Reddy, , 
State Bank Of India,T1NH000916191,17.489771,78.512761,TELANGANA,Medchal Malkajgiri,SECUNDERABAD, 
State Bank Of India,T1NW005916215,17.489826,78.420805,TELANGANA,Medchal Malkajgiri,HYDERABAD, 
Axis Bank Ltd,AWCW19365,17.48983,78.408929,TELANGANA,Medchal Malkajgiri,HYDERABAD, 
Indian Overseas Bank,IOBD9537,17.489839,78.538939,TELANGANA,Medchal Malkajgiri, , 
ICICI Bank Ltd,SACWN966,17.489856,78.414337,TELANGANA,Medchal Malkajgiri, , 
HDFC Bank Ltd,S1ANHE21,17.48987,78.54043,TELANGANA,Medchal Malkajgiri,HYDERABAD, 
State Bank Of India,S5NL021052621,17.489913,78.601434,TELANGANA,Medchal Malkajgiri,KEESARA, 
RBL Bank ltd,RB208001,17.489964,78.393126,TELANGANA,Medchal Malkajgiri, , 
ICICI Bank Ltd,S1CWI328,17.49005307,78.58279031,TELANGANA,Medchal Malkajgiri,Kushaiguda, 
Bank Of Baroda,1FDHYD71,17.490064,78.393452,TELANGANA,Medchal Malkajgiri,0,500072
HDFC Bank Ltd,S1ACHD79,17.4902,78.3185,TELANGANA,Ranga Reddy,Hyderabad,NULL
Axis Bank Ltd,APCN42710,17.4902498,78.60205036,TELANGANA,Medchal Malkajgiri,0,500083
Axis Bank Ltd,APCN42729,17.49025,78.602049,TELANGANA,Medchal Malkajgiri,HYDERABAD, 
State Bank Of India,T1NW005916224,17.490276,78.421492,TELANGANA,Medchal Malkajgiri,HYDERABAD, 
IndusInd Bank,MW056902,17.490339,78.396437,TELANGANA,Medchal Malkajgiri,Hyderabad,500072
Kotak Mahindra Bank Limited,HYOW9151,17.490401,78.33989,TELANGANA,Ranga Reddy,Hyderabad,500050
State Bank Of India,S5NL012739622,17.490407,78.573108,TELANGANA,Medchal Malkajgiri,SECUNDERABAD, 
Uco Bank,VA190602,17.490416,78.396531,TELANGANA,Medchal Malkajgiri, , 
State Bank Of India,T1NW000916252,17.490474,78.573124,TELANGANA,Medchal Malkajgiri,Secunderabad, 
Axis Bank Ltd,AWCW42727,17.4905,78.600279,TELANGANA,Medchal Malkajgiri,HYDERABAD, 
Punjab National Bank,TS1A031U,17.490541,78.396614,TELANGANA,Medchal Malkajgiri,HYDERABAD, 
Axis Bank Ltd,DPRH130412,17.490545,78.450517,TELANGANA,Medchal Malkajgiri,HYDERABAD, 
Axis Bank Ltd,BPRH130406,17.49055,78.45052,TELANGANA,Medchal Malkajgiri,HYDERABAD, 
Axis Bank Ltd,DPRH130411,17.49055,78.45052,TELANGANA,Medchal Malkajgiri,HYDERABAD, 
State Bank Of India,T1NW000916195,17.490568,78.55978,TELANGANA,Medchal Malkajgiri,SECUNDERABAD, 
State Bank Of India,T1NW000916196,17.49057,78.560874,TELANGANA,Medchal Malkajgiri,SECUNDERABAD, 
Union Bank Of India,W1572001,17.4906,78.6002,TELANGANA,Medchal Malkajgiri,HYDERABAD,500083
Union Bank Of India,H1572101,17.4906,78.6002,TELANGANA,Medchal Malkajgiri,HYDERABAD,500083
Karur Vysya Bank Ltd,S1AC0146704,17.490627,78.400631,TELANGANA,Medchal Malkajgiri,KUKATPALLY,500085
ICICI Bank Ltd,S1CNP485,17.490653,78.505073,TELANGANA,Medchal Malkajgiri, , 
State Bank Of India,S1BB014676002,17.490658,78.394185,TELANGANA,Medchal Malkajgiri,Hyderabad, 
State Bank Of India,T1NF002714125,17.49066,78.600477,TELANGANA,Medchal Malkajgiri,HYDERABAD, 
Union Bank Of India,W1119009,17.4907,78.4076,TELANGANA,Medchal Malkajgiri,HYDERABAD,500072
Union Bank Of India,H1119101,17.4907,78.4076,TELANGANA,Medchal Malkajgiri,HYDERABAD,500072
Union Bank Of India,W1119008,17.490712,78.407642,TELANGANA,Medchal Malkajgiri,HYDERABAD,500072
City Union Bank Ltd,CUB01304,17.490718,78.400193,TELANGANA,Medchal Malkajgiri,Hyderabad,500072
City Union Bank Ltd,CUBFI927,17.490718,78.400193,TELANGANA,Medchal Malkajgiri,NEYVELI,607803
ICICI Bank Ltd,S1CW5713,17.490752,78.352237,TELANGANA,Ranga Reddy,Miyapur, 
Canara Bank,24864069,17.490793,78.40805,TELANGANA,Medchal Malkajgiri, , 
Canara Bank,0878E017,17.490793,78.40805,TELANGANA,Medchal Malkajgiri, , 
ICICI Bank Ltd,SACWC698,17.490802,78.331468,TELANGANA,Ranga Reddy,CHANDANAGAR, 
ICICI Bank Ltd,SACWN886,17.490802,78.331459,TELANGANA,Ranga Reddy, , 
ICICI Bank Ltd,SACWH188,17.490808,78.352188,TELANGANA,Ranga Reddy, , 
Axis Bank Ltd,APCN70203,17.490825,78.45122167,TELANGANA,Medchal Malkajgiri,0,500054
Indusind Bank,MN000409,17.490841,78.397749,TELANGANA,Medchal Malkajgiri,Hyderabad, 
Catholic Syrian Bank Ltd,CSBD036901,17.490941,78.40784,TELANGANA,Medchal Malkajgiri,Kukatpally,500072
BANDHAN BANK LIMITED,BD160801,17.491021,78.392819,TELANGANA,Medchal Malkajgiri, ,500072
Indian Overseas Bank,IOB9614,17.491062,78.396901,TELANGANA,Medchal Malkajgiri,HYDERABAD,0
ICICI Bank Ltd,SPCNL162,17.491064,78.39994,TELANGANA,Medchal Malkajgiri, , 
HDFC Bank Ltd,P3AWHY17,17.491092,78.454341,TELANGANA,Medchal Malkajgiri, , 
State Bank Of India,T1BS005916286,17.491095,78.324508,TELANGANA,Ranga Reddy,HYDERABAD, 
State Bank Of India,S5NL022063621,17.491107,78.351534,TELANGANA,Ranga Reddy,HYDERABAD, 
Axis Bank Ltd,DWCW130437,17.491145,78.393155,TELANGANA,Medchal Malkajgiri,GHMC (M CORP.) (PART), 
Kotak Mahindra Bank Limited,HYON9252,17.491219,78.407874,TELANGANA,Medchal Malkajgiri,Hyderabad, 
Karur Vysya Bank Ltd,S1AC0146705,17.491237,78.407946,TELANGANA,Medchal Malkajgiri,KUKATPALLY,500072
Union Bank Of India,NHYD11211111111,17.49129,78.35186,TELANGANA,Ranga Reddy,Ranga Reddy,500001
HDFC Bank Ltd,S1ANHD48,17.4913,78.4511,TELANGANA,Medchal Malkajgiri,Hyderabad,NULL
Canara Bank,A3062001,17.491399,78.332799,TELANGANA,Ranga Reddy, , 
Axis Bank Ltd,DWCW145702,17.4914257,78.3167681,TELANGANA,Ranga Reddy,0,500019
Axis Bank Ltd,MWCW145706,17.49143,78.31677,TELANGANA,Ranga Reddy,HYDERABAD, 
Axis Bank Ltd,APCN42706,17.49155266,78.598805,TELANGANA,Medchal Malkajgiri,0,500083
HDFC Bank Ltd,P1DCHY73,17.4917,78.5419,TELANGANA,Medchal Malkajgiri,Secunderabad,NULL
State Bank Of India,S1NW040647003,17.491771,78.394599,TELANGANA,Medchal Malkajgiri,RANGAREDDI, 
HDFC Bank Ltd,S1ANKD71,17.4918,78.3521,TELANGANA,Ranga Reddy,Hyderabad,NULL
State Bank Of India,S5NE040647621,17.491802,78.39461,TELANGANA,Medchal Malkajgiri,AMEERPET, 
Axis Bank Ltd,LWCW19352,17.491804,78.413948,TELANGANA,Medchal Malkajgiri, , 
Axis Bank Ltd,CWCW19330,17.491805,78.4139484,TELANGANA,Medchal Malkajgiri,0,500072
State Bank Of India,S1BW017761001,17.491806,78.408436,TELANGANA,Medchal Malkajgiri,HYDERABAD, 
ICICI Bank Ltd,S1CWK493,17.491821,78.413757,TELANGANA,Medchal Malkajgiri, , 
State Bank Of India,T1NH002714116,17.491882,78.602584,TELANGANA,Medchal Malkajgiri,SECUNDERABAD, 
Axis Bank Ltd,BPRH274401,17.4919,78.38866,TELANGANA,Medchal Malkajgiri,HYDERABAD, 
State Bank Of India,S1BW005916105,17.49194,78.40722,TELANGANA,Medchal Malkajgiri,RANGAREDDY,500072
State Bank Of India,S1NZ000847125,17.491969,78.408943,TELANGANA,Medchal Malkajgiri,Hyderabad, 
ICICI Bank Ltd,SACWN890,17.491996,78.516433,TELANGANA,Medchal Malkajgiri, , 
ICICI Bank Ltd,SACWC701,17.491997,78.512935,TELANGANA,Medchal Malkajgiri,Hyderabad, 
State Bank Of India,S1NZ000847156,17.492091,78.304091,TELANGANA,Sangareddy,Hyderabad, 
Kotak Mahindra Bank Limited,HYDBN389,17.492152,78.383701,TELANGANA,Medchal Malkajgiri,Hyderabad,500072
IndusInd Bank,MC000421,17.492207,78.352192,TELANGANA,Ranga Reddy,Hyderabad,500049
ICICI Bank Ltd,S1CWE559,17.49221009,78.53363228,TELANGANA,Medchal Malkajgiri,Secunderabad, 
ICICI Bank Ltd,S1CWK640,17.49221,78.53363,TELANGANA,Medchal Malkajgiri, , 
ICICI Bank Ltd,S1CWK446,17.49221,78.53363,TELANGANA,Medchal Malkajgiri, , 
ICICI Bank Ltd,S1CWK640,17.49221,78.53363,TELANGANA,Medchal Malkajgiri, , 
HDFC Bank Ltd,P1ENHD17,17.4923,78.5084,TELANGANA,Medchal Malkajgiri,Hyderabad,NULL
State Bank Of India,T1NH000916198,17.492348,78.512032,TELANGANA,Medchal Malkajgiri,SECUNDERABAD, 
Union Bank Of India,CBTN077040,17.492379,78.409016,TELANGANA,Medchal Malkajgiri, , 
State Bank Of India,T1NW005916198,17.492487,78.418101,TELANGANA,Medchal Malkajgiri,KUKATPALLI, 
State Bank Of India,T1NW005916213,17.492504,78.328918,TELANGANA,Ranga Reddy,HYDERABAD, 
State Bank Of India,T1NH003026182,17.492547,78.539283,TELANGANA,Medchal Malkajgiri,HYDERABAD, 
ICICI Bank Ltd,SACWF856,17.492557,78.536434,TELANGANA,Medchal Malkajgiri,Secunderabad, 
IndusInd Bank,MW000437,17.492689,78.401903,TELANGANA,Medchal Malkajgiri,Hyderabad,500072
HDFC Bank Ltd,P3ENHE41,17.49271,78.409442,TELANGANA,Medchal Malkajgiri,HYDERABAD, 
Bank Of India,AHY8051,17.492759,78.451209,TELANGANA,Medchal Malkajgiri, , 
Punjab National Bank,NA092401,17.492801,78.400893,TELANGANA,Medchal Malkajgiri,HYDERABAD,500072
Canara Bank,33275147,17.492833,78.327857,TELANGANA,Ranga Reddy, , 
State Bank Of India,S1NG020075004,17.492849,78.30349,TELANGANA,Sangareddy, Hyderabad, 
HDFC Bank Ltd,P3ENHE50,17.492878,78.402504,TELANGANA,Medchal Malkajgiri,HYDERABAD, 
State Bank Of India,S1BB005916002,17.492909,78.315057,TELANGANA,Sangareddy,AMEERPET, 
ICICI Bank Ltd,SACWJ008,17.492926,78.352654,TELANGANA,Ranga Reddy,Hyderabad, 
ICICI Bank Ltd,SACWG755,17.492963,78.433958,TELANGANA,Medchal Malkajgiri,Hyderabad, 
ICICI Bank Ltd,SACWB658,17.492964,78.328681,TELANGANA,Ranga Reddy,Chandanagar, 
ICICI Bank Ltd,SACWH349,17.492964,78.328681,TELANGANA,Ranga Reddy,Chandanagar, 
Canara Bank,A3431001,17.492982,78.39777,TELANGANA,Medchal Malkajgiri, , 
Canara Bank,B3082002,17.492991,78.397769,TELANGANA,Medchal Malkajgiri, , 
Union Bank Of India,DHYD10401111111,17.493,78.397799,TELANGANA,Medchal Malkajgiri, , 
HDFC Bank Ltd,P1ENHD26,17.493,78.4096,TELANGANA,Medchal Malkajgiri,Hyderabad,NULL
Union Bank Of India,DHYD1040111111,17.493009,78.397819,TELANGANA,Medchal Malkajgiri, , 
Union Bank Of India,OHYD00201111111,17.49304,78.397789,TELANGANA,Medchal Malkajgiri, , 
Union Bank Of India,WHYD04301111111,17.49304,78.39781,TELANGANA,Medchal Malkajgiri,Ranga Reddy,500072
State Bank Of India,S1BG004275006,17.493048,78.403715,TELANGANA,Medchal Malkajgiri,SECUNDERABAD, 
State Bank Of India,T1BS005916290,17.49307,78.402109,TELANGANA,Medchal Malkajgiri,Ameerpet, 
HDFC Bank Ltd,S1AWHY62,17.4931,78.3515,TELANGANA,Ranga Reddy,Hyderabad,NULL
ICICI Bank Ltd,SFCNM415,17.493139,78.546737,TELANGANA,Medchal Malkajgiri, , 
Bank Of Baroda,1FDHYD78,17.493158,78.435652,TELANGANA,Medchal Malkajgiri,0,500013
Axis Bank Ltd,CPRH19312,17.493166,78.402793,TELANGANA,Medchal Malkajgiri,HYDERABAD, 
ICICI Bank Ltd,SACWC472,17.493185,78.357566,TELANGANA,Ranga Reddy,hyderabad, 
ICICI Bank Ltd,SACWC473,17.493185,78.357566,TELANGANA,Ranga Reddy,hyderabad, 
ICICI Bank Ltd,SACWB657,17.493185,78.357566,TELANGANA,Ranga Reddy,Miyapur, 
ICICI Bank Ltd,SACWC450,17.493185,78.357566,TELANGANA,Ranga Reddy,Secunderabad, 
ICICI Bank Ltd,SACWJ266,17.493185,78.357566,TELANGANA,Ranga Reddy,Secunderabad, 
Punjab National Bank,H36B108101,17.49322,78.403986,TELANGANA,Medchal Malkajgiri, , 
IndusInd Bank,MC000446,17.493264,78.40204,TELANGANA,Medchal Malkajgiri,Hyderabad,500072
ICICI Bank Ltd,SFCNQ818,17.493295,78.411453,TELANGANA,Medchal Malkajgiri, , 
Bank Of India,CHY8030,17.493332,78.325,TELANGANA,Ranga Reddy,RANGAREDDY, 
State Bank Of India,S5NL012716622,17.493344,78.895696,TELANGANA,Yadadri Bhuvanagiri,BHONGIR, 
Yes Bank Ltd,SKUNC544,17.49335,78.40386,TELANGANA,Medchal Malkajgiri,Hyderabad, 
ICICI Bank Ltd,SACWF720,17.493362,78.393226,TELANGANA,Medchal Malkajgiri, , 
ICICI Bank Ltd,SACWN752,17.4934,78.412399,TELANGANA,Medchal Malkajgiri, , 
State Bank Of India,S5NC002714624,17.493424,78.405618,TELANGANA,Medchal Malkajgiri,HYDERABAD,500062
ICICI Bank Ltd,SACWC752,17.493426,78.401349,TELANGANA,Medchal Malkajgiri,Hyderabad, 
ICICI Bank Ltd,SACWJ230,17.493426,78.401349,TELANGANA,Medchal Malkajgiri,Hyderabad, 
Canara Bank,8787250,17.493445,78.401176,TELANGANA,Medchal Malkajgiri, , 
Indian Overseas Bank,IOBD5984,17.504419,78.487289,TELANGANA,Medchal Malkajgiri, , 
ICICI Bank Ltd,SACWM147,17.493467,78.412414,TELANGANA,Medchal Malkajgiri, , 
ICICI Bank Ltd,SACWM146,17.493467,78.412414,TELANGANA,Medchal Malkajgiri, , 
IDFC Bank,IN802150,17.493494,78.404587,TELANGANA,Medchal Malkajgiri,HYDERABAD, 
Axis Bank Ltd,BPRH181701,17.493549,78.35113,TELANGANA,Ranga Reddy,HYDERABAD, 
Indusind Bank,MN168601,17.493555,78.404568,TELANGANA,Medchal Malkajgiri,Medchal-Malkajgiri, 
State Bank Of India,S5NC030488621,17.49361,78.34,TELANGANA,Ranga Reddy,RANGAREDDY,500095
Lakshmi Vilas Bank Ltd,008DM598,17.493629,0.0,TELANGANA,Medchal Malkajgiri, , 
Axis Bank Ltd,DWCW130426,17.4936388,78.4418106,TELANGANA,Medchal Malkajgiri,0,500055
State Bank Of India,S1NB000847562,17.493641,78.402413,TELANGANA,Medchal Malkajgiri,AMEERPET, 
ICICI Bank Ltd,SACWM057,17.493671,78.328079,TELANGANA,Ranga Reddy, , 
State Bank Of India,T1NW005916246,17.493682,78.305109,TELANGANA,Sangareddy,Ameerpet, 
State Bank Of India,T1NW005916249,17.493684,78.33794,TELANGANA,Ranga Reddy,HYDERABAD, 
ICICI Bank Ltd,SACWD620,17.493706,78.403351,TELANGANA,Medchal Malkajgiri,Kukatpally, 
ICICI Bank Ltd,SACWG001,17.493706,78.403351,TELANGANA,Medchal Malkajgiri,Kukatpally, 
RBL Bank ltd,RB209002,17.49379,78.354224,TELANGANA,Ranga Reddy, , 
State Bank Of India,T1NW005916245,17.4938,78.38056,TELANGANA,Medchal Malkajgiri,Ameerpet, 
Axis Bank Ltd,DPRH181705,17.49407,78.355856,TELANGANA,Ranga Reddy,HYDERABAD, 
Union Bank Of India,W0212005,17.4938,78.4475,TELANGANA,Medchal Malkajgiri,HYDERABAD,500054
State Bank Of India,T1NW005916242,17.493808,78.395884,TELANGANA,Medchal Malkajgiri,Ameerpet, 
Union Bank Of India,NHYD16211111111,17.49381,78.32562,TELANGANA,Ranga Reddy,Ranga Reddy,500032
Canara Bank,0878EP05,17.493809,78.356579,TELANGANA,Ranga Reddy,HYDERABAD,500049
ICICI Bank Ltd,S1CNQ357,17.493839,78.402832,TELANGANA,Medchal Malkajgiri, , 
ICICI Bank Ltd,S1VD7257,17.49384,78.40283,TELANGANA,Medchal Malkajgiri,Hyderabad, 
HDFC Bank Ltd,P1DCHD31,17.4939,78.3256,TELANGANA,Ranga Reddy,Hyderabad,NULL
HDFC Bank Ltd,S1ANHT02,17.4939,78.3509,TELANGANA,Ranga Reddy,Hyderabad,NULL
ICICI Bank Ltd,SACWF672,17.493906,78.316106,TELANGANA,Sangareddy,Hyderabad, 
ICICI Bank Ltd,S1CNQ648,17.493907,78.425964,TELANGANA,Medchal Malkajgiri, , 
ICICI Bank Ltd,S1CNE326,17.493908,78.39548,TELANGANA,Medchal Malkajgiri,Kukatpally, 
HDFC Bank Ltd,P1ENHD46,17.494,78.321,TELANGANA,Ranga Reddy,Hyderabad,NULL
Kotak Mahindra Bank Limited,HYON1857,17.494017,78.512857,TELANGANA,Medchal Malkajgiri,Hyderabad, 
Indian Bank,S1C019561,17.494021,78.459455,TELANGANA,Medchal Malkajgiri, , 
ICICI Bank Ltd,SFCNQ785,17.494041,78.512863,TELANGANA,Medchal Malkajgiri, , 
ICICI Bank Ltd,S1CW5933,17.49404219,78.51286027,TELANGANA,Medchal Malkajgiri,Secunderabad, 
Axis Bank Ltd,TERO424401,17.494098,78.351172,TELANGANA,Ranga Reddy,HYDERABAD, 
Union Bank Of India,COBW123740,17.494113,78.186186,TELANGANA,Sangareddy, , 
ICICI Bank Ltd,SACWN605,17.494134,78.29882,TELANGANA,Sangareddy, , 
ICICI Bank Ltd,S1CWK441,17.49415,78.399757,TELANGANA,Medchal Malkajgiri, , 
Axis Bank Ltd,DWCW296002,17.4942649,78.4047073,TELANGANA,Medchal Malkajgiri,0,500072
ICICI Bank Ltd,SACWE935,17.494331,78.339803,TELANGANA,Ranga Reddy,Hyderabad, 
Axis Bank Ltd,DWCW130431,17.494353,78.447971,TELANGANA,Medchal Malkajgiri, , 
Axis Bank Ltd,DWCW130424,17.4943869,78.4470853,TELANGANA,Medchal Malkajgiri,0,500055
HDFC Bank Ltd,P3FNHY34,17.494535,78.418912,TELANGANA,Medchal Malkajgiri,HYDERABAD, 
IndusInd Bank,MN139901,17.494621,78.326767,TELANGANA,Ranga Reddy,Hyderabad,500050
Canara Bank,60262520,17.494658,78.395203,TELANGANA,Medchal Malkajgiri, , 
ICICI Bank Ltd,SACWM058,17.494682,78.452224,TELANGANA,Medchal Malkajgiri, , 
HDFC Bank Ltd,P1AWHY06,17.4947,78.3432,TELANGANA,Ranga Reddy,Hyderabad,NULL
Union Bank Of India,N1314005,17.4947,78.5043,TELANGANA,Medchal Malkajgiri,HYDERABAD,500015
Union Bank Of India,D1399002,17.4947,78.5128,TELANGANA,Medchal Malkajgiri,HYDERABAD,500010
Union Bank Of India,H1399101,17.4947,78.5128,TELANGANA,Medchal Malkajgiri,HYDERABAD,500010
Union Bank Of India,N1399003,17.4947,78.5128,TELANGANA,Medchal Malkajgiri,HYDERABAD,500010
ICICI Bank Ltd,SECNL257,17.494773,78.401893,TELANGANA,Medchal Malkajgiri, , 
ICICI Bank Ltd,SECNL232,17.494774,78.401893,TELANGANA,Medchal Malkajgiri,Kukatpally, 
Axis Bank Ltd,CPRH53808,17.49478,78.317669,TELANGANA,Ranga Reddy,HYDERABAD, 
Kotak Mahindra Bank Limited,HYOW9165,17.49479,78.39964,TELANGANA,Medchal Malkajgiri,Hyderabad,500072
Indian Bank,S1H016131,17.494793,78.399644,TELANGANA,Medchal Malkajgiri,RANGAREDDY,500085
Union Bank Of India,W1420003,17.4948,78.3192,TELANGANA,Ranga Reddy,HYDERABAD,500050
Union Bank Of India,H1420101,17.4948,78.3192,TELANGANA,Ranga Reddy,HYDERABAD,500050
Fincare Small Finance Bank,FA050001,17.494799,78.3996,TELANGANA,Medchal Malkajgiri,HYDERABAD, 
Axis Bank Ltd,CECN19347,17.494799,78.3996,TELANGANA,Medchal Malkajgiri, , 
Axis Bank Ltd,DECN296003,17.494799,78.3996,TELANGANA,Medchal Malkajgiri, , 
ICICI Bank Ltd,S1CNI193,17.494878,78.332435,TELANGANA,Ranga Reddy,CHANDANAGAR, 
Karur Vysya Bank Ltd,S1AC0148201,17.49487976,78.32725267,TELANGANA,Ranga Reddy,HYDERABAD,500050
State Bank Of India,S1BB005916160,17.494885,78.391959,TELANGANA,Medchal Malkajgiri,HYDERABAD,500046
State Bank Of India,S1NG010689002,17.494888,78.289986,TELANGANA,Sangareddy,RAMACHANDRAPURAM, 
ICICI Bank Ltd,SACWF978,17.494909,78.39479,TELANGANA,Medchal Malkajgiri, , 
State Bank Of India,S1BW020537007,17.494928,78.138449,TELANGANA,Sangareddy,Patancheru, 
Axis Bank Ltd,CWCW19329,17.4949872,78.427559,TELANGANA,Medchal Malkajgiri,0,500072
HDFC Bank Ltd,P1DCHY62,17.495,78.5336,TELANGANA,Medchal Malkajgiri,Hyderabad,NULL
State Bank Of India,T1NS000916235,17.495021,78.446509,TELANGANA,Medchal Malkajgiri,Secunderabad, 
ICICI Bank Ltd,SECNJ054,17.495023,78.432197,TELANGANA,Medchal Malkajgiri, , 
City Union Bank Ltd,CUB01608,17.49508,78.325044,TELANGANA,Ranga Reddy,HYDERABAD,500050
Axis Bank Ltd,CWRO53809,17.49509,78.326069,TELANGANA,Ranga Reddy,HYDERABAD, 
Axis Bank Ltd,CWRO53810,17.49509,78.326069,TELANGANA,Ranga Reddy,HYDERABAD, 
Axis Bank Ltd,CWRO53811,17.49509,78.326069,TELANGANA,Ranga Reddy,HYDERABAD, 
HDFC Bank Ltd,S1ANMG72,17.4951,78.3372,TELANGANA,Ranga Reddy,Hyderabad,NULL
ICICI Bank Ltd,S1CNE511,17.4951,78.394699,TELANGANA,Medchal Malkajgiri, , 
ICICI Bank Ltd,S1CNE511,17.4951,78.394699,TELANGANA,Medchal Malkajgiri, , 
ICICI Bank Ltd,S1CNI926,17.4951,78.394699,TELANGANA,Medchal Malkajgiri, , 
ICICI Bank Ltd,S1VDK521,17.4951,78.394699,TELANGANA,Medchal Malkajgiri, , 
ICICI Bank Ltd,S1VDK557,17.4951,78.394699,TELANGANA,Medchal Malkajgiri, , 
State Bank Of India,S1N3000847322,17.495171,78.325699,TELANGANA,Ranga Reddy,SERLINGAMPALLY, 
Union Bank Of India,N1727002,17.495176,78.266629,TELANGANA,Sangareddy,HYDERABAD, 
ICICI Bank Ltd,SECNM808,17.495222,78.431915,TELANGANA,Medchal Malkajgiri, , 
Axis Bank Ltd,DPRH130409,17.495223,78.464151,TELANGANA,Medchal Malkajgiri,HYDERABAD, 
State Bank Of India,S1NG005916188,17.495227,78.32576,TELANGANA,Ranga Reddy,CHANDANAGAR, 
State Bank Of India,S1NW040950001,17.49525,78.36758,TELANGANA,Ranga Reddy,RANGAREDDI, 
Indian Overseas Bank,IOBD8731,17.495255,78.327457,TELANGANA,Ranga Reddy, , 
HDFC Bank Ltd,P3ENHE52,17.495268,78.324897,TELANGANA,Ranga Reddy,HYDERABAD, 
HDFC Bank Ltd,S1ANHD27,17.4953,78.3249,TELANGANA,Ranga Reddy,Hyderabad,NULL
HDFC Bank Ltd,S1ANHD10,17.4953,78.3249,TELANGANA,Ranga Reddy,Hyderabad,NULL
South Indian Bank Ltd,05480002,17.4953,78.3406,TELANGANA,Ranga Reddy,Greater Hyderabad,500049
South Indian Bank Ltd,05480001,17.4953,78.3406,TELANGANA,Ranga Reddy,Greater Hyderabad,500049
Union Bank Of India,W2492001,17.4953,78.3572,TELANGANA,Ranga Reddy,HYDERABAD,500049
Union Bank Of India,Y2492101,17.4953,78.3572,TELANGANA,Ranga Reddy,HYDERABAD,500049
Axis Bank Ltd,LWCW19349,17.495359,78.396917,TELANGANA,Medchal Malkajgiri, , 
Axis Bank Ltd,CWCW19333,17.495359,78.39692,TELANGANA,Medchal Malkajgiri,HYDERABAD, 
Axis Bank Ltd,CPRH00814,17.495365,78.318564,TELANGANA,Ranga Reddy,HYDERABAD, 
Axis Bank Ltd,CPRH00818,17.495365,78.318564,TELANGANA,Ranga Reddy,HYDERABAD, 
ICICI Bank Ltd,SFCNM564,17.495399,78.335502,TELANGANA,Ranga Reddy, , 
ICICI Bank Ltd,SFCNM954,17.495399,78.335502,TELANGANA,Ranga Reddy, , 
HDFC Bank Ltd,S1ANSD50,17.4954,78.3248,TELANGANA,Ranga Reddy,Hyderabad,NULL
HDFC Bank Ltd,P3ENHD03,17.4954,78.4643,TELANGANA,Medchal Malkajgiri,Hyderabad,NULL
State Bank Of India,T1NW005916218,17.495427,78.402338,TELANGANA,Medchal Malkajgiri,HYDERABAD, 
ICICI Bank Ltd,SACWF757,17.495507,78.396065,TELANGANA,Medchal Malkajgiri,Kukatpally, 
Canara Bank,0878W006,17.495589,78.456257,TELANGANA,Medchal Malkajgiri, , 
Canara Bank,0878WS03,17.495589,78.456257,TELANGANA,Medchal Malkajgiri, , 
ICICI Bank Ltd,SACWC543,17.495591,78.320458,TELANGANA,Ranga Reddy,Chandanagar, 
ICICI Bank Ltd,SACWC577,17.495591,78.320458,TELANGANA,Ranga Reddy,Chandanagar, 
Canara Bank,A3085001,17.495618,78.332869,TELANGANA,Ranga Reddy, , 
ICICI Bank Ltd,SPCNF367,17.495624,78.454109,TELANGANA,Medchal Malkajgiri, , 
Canara Bank,B3085001,17.495643,78.33282,TELANGANA,Ranga Reddy, , 
State Bank Of India,T1BF000916254,17.495645,78.510026,TELANGANA,Medchal Malkajgiri,SECUNDERABAD, 
IndusInd Bank,MC141801,17.495684,78.39499,TELANGANA,Medchal Malkajgiri,Hyderabad,500072
ICICI Bank Ltd,SEVDH856,17.495712,78.446998,TELANGANA,Medchal Malkajgiri, , 
ICICI Bank Ltd,SACWE963,17.495727,78.403957,TELANGANA,Medchal Malkajgiri,Hyderabad, 
Bank Of Baroda,1VD403102,17.495738,78.323345,TELANGANA,Ranga Reddy,HYDERABAD,500050
Bank Of Baroda,1VW403101,17.495738,78.323345,TELANGANA,Ranga Reddy,HYDERABAD,500050
Canara Bank,0496WS09,17.495799,78.3951,TELANGANA,Medchal Malkajgiri, , 
HDFC Bank Ltd,P1DCHY18,17.4958,78.4588,TELANGANA,Medchal Malkajgiri,Hyderabad,NULL
ICICI Bank Ltd,S1VDK558,17.4958,78.359397,TELANGANA,Ranga Reddy, , 
ICICI Bank Ltd,S1VDK523,17.4958,78.359397,TELANGANA,Ranga Reddy, , 
ICICI Bank Ltd,S1VDK559,17.4958,78.359397,TELANGANA,Ranga Reddy, , 
Axis Bank Ltd,SPCN19314,17.495808,78.412997,TELANGANA,Medchal Malkajgiri,0,500072
HDFC Bank Ltd,P1ENHD22,17.4959,78.36,TELANGANA,Ranga Reddy,Hyderabad,NULL
HDFC Bank Ltd,S1ANHY70,17.4959,78.3951,TELANGANA,Medchal Malkajgiri,Hyderabad,NULL
HDFC Bank Ltd,P1ENHY16,17.4959,78.3951,TELANGANA,Medchal Malkajgiri,Hyderabad,NULL
HDFC Bank Ltd,S1ANHD21,17.4959,78.3951,TELANGANA,Medchal Malkajgiri,Hyderabad,NULL
State Bank Of India,T1NW005916197,17.495942,78.315822,TELANGANA,Sangareddy,HYDERABAD, 
State Bank Of India,T1NW005916200,17.496011,78.321512,TELANGANA,Ranga Reddy,HYDERABAD, 
Axis Bank Ltd,BPCN181701,17.49609333,78.31666,TELANGANA,Sangareddy,0,500050
Union Bank Of India,W1314003,17.4961,78.5074,TELANGANA,Medchal Malkajgiri,HYDERABAD,500015
Union Bank Of India,H1314101,17.4961,78.5074,TELANGANA,Medchal Malkajgiri,HYDERABAD,500015
Axis Bank Ltd,DPRH330501,17.49612,78.412279,TELANGANA,Medchal Malkajgiri,HYDERABAD, 
Axis Bank Ltd,APCN42708,17.49617806,78.50722899,TELANGANA,Medchal Malkajgiri,0,501301
Canara Bank,0878E026,17.496199,78.415919,TELANGANA,Medchal Malkajgiri, , 
HDFC Bank Ltd,P1DCHD36,17.4962,78.4056,TELANGANA,Medchal Malkajgiri,Hyderabad,NULL
Axis Bank Ltd,DPRH113502,17.49624,78.50722,TELANGANA,Medchal Malkajgiri,HYDERABAD, 
ICICI Bank Ltd,SACWF117,17.496259,78.336027,TELANGANA,Ranga Reddy,Hyderabad, 
Axis Bank Ltd,CPRH19310,17.496323,78.406439,TELANGANA,Medchal Malkajgiri,KUKATPALLY, 
Axis Bank Ltd,BPCN113504,17.4963235,78.40644,TELANGANA,Medchal Malkajgiri,0,500011
State Bank Of India,T1NW005916217,17.496359,78.323143,TELANGANA,Ranga Reddy,HYDERABAD, 
State Bank Of India,S1NB000847564,17.496384,78.373504,TELANGANA,Ranga Reddy,AMEERPET, 
State Bank Of India,S1BW018062001,17.496404,78.361492,TELANGANA,Ranga Reddy,RANGAREDDY, 
State Bank Of India,S1N6000847108,17.496412,78.292529,TELANGANA,Sangareddy,Hyderabad, 
Bank Of Baroda,1VD415701,17.496429,78.595389,TELANGANA,Medchal Malkajgiri,KEESARA,500083
State Bank Of India,T1NW005916241,17.496437,78.311702,TELANGANA,Sangareddy,HYDERABAD, 
State Bank Of India,S1BW020075010,17.496482,78.315432,TELANGANA,Sangareddy,Ramachandra puram, 
ICICI Bank Ltd,SACWC509,17.496519,78.37992,TELANGANA,Medchal Malkajgiri, , 
ICICI Bank Ltd,SACWJ228,17.496519,78.37992,TELANGANA,Medchal Malkajgiri, , 
ICICI Bank Ltd,SACWC597,17.496524,78.379921,TELANGANA,Medchal Malkajgiri,Hyderabad, 
ICICI Bank Ltd,SACWJ006,17.496545,78.341604,TELANGANA,Ranga Reddy,Miyapur, 
ICICI Bank Ltd,SACWF618,17.496557,78.396423,TELANGANA,Medchal Malkajgiri, , 
ICICI Bank Ltd,SACWF618,17.496557,78.396423,TELANGANA,Medchal Malkajgiri, , 
State Bank Of India,T1BW000916276,17.49659,78.504579,TELANGANA,Medchal Malkajgiri,HYDERABAD, 
HDFC Bank Ltd,P1DCGO26,17.4966,78.4536,TELANGANA,Medchal Malkajgiri,Hyderabad,NULL
HDFC Bank Ltd,P1DCDA04,17.4966,78.4536,TELANGANA,Medchal Malkajgiri,Hyderabad,NULL
HDFC Bank Ltd,S1ANHD80,17.4966,78.4537,TELANGANA,Medchal Malkajgiri,Hyderabad,NULL
ICICI Bank Ltd,SACWF716,17.496677,78.340463,TELANGANA,Ranga Reddy,Hyderabad, 
State Bank Of India,T1NY003026233,17.496699,78.506619,TELANGANA,Medchal Malkajgiri,HYDERBAD, 
Kotak Mahindra Bank Limited,HYON2061,17.496709,78.45379,TELANGANA,Medchal Malkajgiri,hyderabad, 
Axis Bank Ltd,DECN111404,17.4968,78.668239,TELANGANA,Medchal Malkajgiri,HYDERABAD, 
ICICI Bank Ltd,S1VDB764,17.496908,78.452373,TELANGANA,Medchal Malkajgiri,Hyderabad, 
Canara Bank,0659WS02,17.496939,78.494767,TELANGANA,Medchal Malkajgiri, , 
Union Bank Of India,N1420004,17.497,78.3173,TELANGANA,Ranga Reddy,HYDERABAD,500050
State Bank Of India,S5NL021235621,17.497061,78.322883,TELANGANA,Ranga Reddy,HYDERABAD, 
Union Bank Of India,W1308003,17.4971,78.362,TELANGANA,Ranga Reddy,HYDERABAD,500072
Union Bank Of India,H1308101,17.4971,78.362,TELANGANA,Ranga Reddy,HYDERABAD,500072
Union Bank Of India,N1308004,17.4971,78.362,TELANGANA,Ranga Reddy,HYDERABAD,500072
Union Bank Of India,N1308005,17.4971,78.3625,TELANGANA,Ranga Reddy,HYDERABAD,500072
City Union Bank Ltd,CUB01607,17.497115,78.336573,TELANGANA,Ranga Reddy,COIMBATORE,641114
ICICI Bank Ltd,S1CNP176,17.497196,78.317275,TELANGANA,Ranga Reddy, , 
Union Bank Of India,W1774003,17.4972,78.3994,TELANGANA,Medchal Malkajgiri,HYDERABAD,500072
Union Bank Of India,H1774101,17.4972,78.3994,TELANGANA,Medchal Malkajgiri,HYDERABAD,500072
Union Bank Of India,N1119012,17.4972,78.4072,TELANGANA,Medchal Malkajgiri,HYDERABAD,500072
Indian Bank,IAPTH00805D2,17.4972313,78.4572251,TELANGANA,Medchal Malkajgiri,HYDERABAD,500054
Union Bank Of India,W1774004,17.497234,78.399424,TELANGANA,Medchal Malkajgiri,HYDERABAD,500072
HDFC Bank Ltd,P3ENHE61,17.497247,78.406244,TELANGANA,Medchal Malkajgiri,HYDERABAD, 
Canara Bank,0878W019,17.49731,78.38875,TELANGANA,Medchal Malkajgiri, , 
Axis Bank Ltd,CPRH53807,17.497459,78.317331,TELANGANA,Ranga Reddy,HYDERABAD, 
Axis Bank Ltd,APCN53815,17.49746,78.317332,TELANGANA,Ranga Reddy,0,500050
Axis Bank Ltd,SPCN19322,17.49746333,78.388995,TELANGANA,Medchal Malkajgiri,0,500090
Axis Bank Ltd,SPRH19302,17.49746333,78.388995,TELANGANA,Medchal Malkajgiri,0,500090
HDFC Bank Ltd,P3ENHE59,17.497469,78.45914,TELANGANA,Medchal Malkajgiri,HYDERABAD, 
State Bank Of India,S1BW015901001,17.497542,78.38878,TELANGANA,Medchal Malkajgiri,Hyderabad, 
State Bank Of India,S1NG005916003,17.497577,78.376009,TELANGANA,Ranga Reddy,Hyderabad, 
State Bank Of India,T1NW005916196,17.497683,78.393275,TELANGANA,Medchal Malkajgiri,HYDERABAD, 
IndusInd Bank,MC028901,17.497699,78.361971,TELANGANA,Ranga Reddy,Hyderabad,500052
State Bank Of India,T1NY002714110,17.497743,78.610408,TELANGANA,Medchal Malkajgiri,HYDERABAD, 
IDBI Bank Ltd,ID111401,17.49777,78.33169,TELANGANA,Ranga Reddy,Rangareddi,500050
HDFC Bank Ltd,S1ACHD52,17.4978,78.4143,TELANGANA,Medchal Malkajgiri,Hyderabad,NULL
HDFC Bank Ltd,P3FNHY14,17.497884,78.409789,TELANGANA,Medchal Malkajgiri,HYDERABAD, 
HDFC Bank Ltd,S1AWTA02,17.4979,78.3556,TELANGANA,Ranga Reddy,Hyderabad,NULL
HDFC Bank Ltd,P1DCHY14,17.4979,78.5071,TELANGANA,Medchal Malkajgiri,Hyderabad,NULL
Axis Bank Ltd,BWCW181717,17.497959,78.357319,TELANGANA,Ranga Reddy,HYDERABAD, 
State Bank Of India,T1NS000916237,17.497962,78.431189,TELANGANA,Medchal Malkajgiri,Secunderabad, 
Axis Bank Ltd,DPRH130407,17.498,78.462199,TELANGANA,Medchal Malkajgiri,QUTHBULLAPUR, 
Axis Bank Ltd,BPCN130419,17.498,78.4622,TELANGANA,Medchal Malkajgiri,0,0
Union Bank Of India,N2947001,17.498,78.4622,TELANGANA,Medchal Malkajgiri,HYDERABAD,500043
Karnataka Bank Ltd,KBL09093,17.498,78.5027,TELANGANA,Medchal Malkajgiri,alwal, 
ICICI Bank Ltd,SACWN607,17.49802,78.335128,TELANGANA,Ranga Reddy, , 
Indian Overseas Bank,IOB8483,17.498097,78.502704,TELANGANA,Medchal Malkajgiri,HYDERABAD,0
ICICI Bank Ltd,S1VDK573,17.49822,78.410751,TELANGANA,Medchal Malkajgiri, , 
ICICI Bank Ltd,SECNL251,17.498258,78.502655,TELANGANA,Medchal Malkajgiri, , 
Bank Of Baroda,1VW420301,17.498271,78.388658,TELANGANA,Medchal Malkajgiri,HYDERABAD,500072
Canara Bank,A3318001,17.4983,78.394,TELANGANA,Medchal Malkajgiri,RANGAREDDY DIST,500090
Axis Bank Ltd,CWCW19323,17.4983413,78.4105719,TELANGANA,Medchal Malkajgiri,0,500072
State Bank Of India,S1BW021393003,17.498398,78.380634,TELANGANA,Medchal Malkajgiri,HYDERABAD, 
Karur Vysya Bank Ltd,S1AC0146602,17.49848011,78.39528155,TELANGANA,Medchal Malkajgiri,HYDERABAD,500090
HDFC Bank Ltd,S1ACHD21,17.4985,78.4148,TELANGANA,Medchal Malkajgiri,Hyderabad,NULL
State Bank Of India,S1BJ018549001,17.49854,78.542916,TELANGANA,Medchal Malkajgiri,HAYATHNAGAR, 
ICICI Bank Ltd,SPCNF348,17.498578,78.464933,TELANGANA,Medchal Malkajgiri,Hyderabad, 
ICICI Bank Ltd,S1CN5915,17.4986,78.405601,TELANGANA,Medchal Malkajgiri, , 
ICICI Bank Ltd,SFCNQ892,17.4986,78.405601,TELANGANA,Medchal Malkajgiri, , 
Punjab National Bank,DA110049,17.498602,78.458208,TELANGANA,Medchal Malkajgiri,RANGA REDDY - ANDHRA PRADESH,500090
State Bank Of India,S1NB000847563,17.498622,78.388027,TELANGANA,Medchal Malkajgiri,AMEERPET, 
ICICI Bank Ltd,SPCNF140,17.498643,78.408958,TELANGANA,Medchal Malkajgiri, , 
Indian Overseas Bank,IOBD9930,17.498699,78.513209,TELANGANA,Medchal Malkajgiri, , 
ICICI Bank Ltd,SACWC571,17.498858,78.467293,TELANGANA,Medchal Malkajgiri,QUTHBULLAPUR, 
ICICI Bank Ltd,SACWC694,17.49896,78.593605,TELANGANA,Medchal Malkajgiri,Hyderabad, 
ICICI Bank Ltd,SACWN910,17.49896,78.593605,TELANGANA,Medchal Malkajgiri, , 
ICICI Bank Ltd,SPCNQ945,17.499019,78.424148,TELANGANA,Medchal Malkajgiri, , 
Axis Bank Ltd,CPRH19307,17.499035,78.3865,TELANGANA,Medchal Malkajgiri,KUKATPALLY, 
Axis Bank Ltd,APCN19310,17.499035,78.3865,TELANGANA,Medchal Malkajgiri,0,500072
Bank Of Baroda,5DEN12143,17.499076,78.415368,TELANGANA,Medchal Malkajgiri,HYDERABAD,500072
Bank Of Baroda,5DEN12142,17.499076,78.415368,TELANGANA,Medchal Malkajgiri,HYDERABAD,500078
State Bank Of India,T1NF005916263,17.499089,78.423632,TELANGANA,Medchal Malkajgiri,HYDERABAD, 
HDFC Bank Ltd,P3DCHD05,17.4992,78.4763,TELANGANA,Medchal Malkajgiri,Secunderabad,NULL
ICICI Bank Ltd,SACWF777,17.4992,78.47615,TELANGANA,Medchal Malkajgiri, , 
ICICI Bank Ltd,SACWF796,17.4992,78.47615,TELANGANA,Medchal Malkajgiri, , 
ICICI Bank Ltd,SACWG059,17.499214,78.476341,TELANGANA,Medchal Malkajgiri, , 
State Bank Of India,S5NL018872621,17.499306,78.594038,TELANGANA,Medchal Malkajgiri,KEESARA, 
State Bank Of India,T1BS020139036,17.49932,78.46542,TELANGANA,Medchal Malkajgiri,Peddapalle, 
ICICI Bank Ltd,SFCNQ786,17.499326,78.451705,TELANGANA,Medchal Malkajgiri, , 
ICICI Bank Ltd,SACWB646,17.499326,78.451705,TELANGANA,Medchal Malkajgiri, , 
ICICI Bank Ltd,SACWJ223,17.499326,78.451705,TELANGANA,Medchal Malkajgiri, , 
Axis Bank Ltd,DWCW181708,17.499329,78.345871,TELANGANA,Ranga Reddy, , 
Yes Bank Ltd,SVPO1010,17.49933,78.39531,TELANGANA,Medchal Malkajgiri,Hyderabad, 
Lakshmi Vilas Bank Ltd,007DM458,17.49937,0.0,TELANGANA,Medchal Malkajgiri, , 
ICICI Bank Ltd,SACWF911,17.499393,78.385993,TELANGANA,Medchal Malkajgiri, , 
Union Bank Of India,W1727001,17.4994,78.3412,TELANGANA,Ranga Reddy,HYDERABAD,500049
Union Bank Of India,H1727101,17.4994,78.3412,TELANGANA,Ranga Reddy,HYDERABAD,500049
South Indian Bank Ltd,05470002,17.4994,78.476,TELANGANA,Medchal Malkajgiri,Greater Hyderabad,500055
South Indian Bank Ltd,05470001,17.4994,78.476,TELANGANA,Medchal Malkajgiri,Greater Hyderabad,500055
Union Bank Of India,WHYD12301111111,17.499419,78.38471,TELANGANA,Medchal Malkajgiri, , 
Union Bank Of India,HHYD00101111111,17.499419,78.384809,TELANGANA,Medchal Malkajgiri, , 
HDFC Bank Ltd,S1ANHB47,17.4995,78.5132,TELANGANA,Medchal Malkajgiri,Hyderabad,NULL
HDFC Bank Ltd,S1ANHD70,17.4995,78.5132,TELANGANA,Medchal Malkajgiri,Hyderabad,NULL
HDFC Bank Ltd,S1ACHY56,17.4995,78.5134,TELANGANA,Medchal Malkajgiri,Hyderabad,NULL
Axis Bank Ltd,BPCN296005,17.49953,78.467,TELANGANA,Medchal Malkajgiri,HYDERABAD, 
Bank Of Baroda,1FDHYD47,17.49955,78.385084,TELANGANA,Medchal Malkajgiri,0,500072
State Bank Of India,S5NL018872622,17.499565,78.593131,TELANGANA,Medchal Malkajgiri,DAMMAYAGUDA, 
Union Bank Of India,COBW108340,17.49959,78.51011,TELANGANA,Medchal Malkajgiri,RANGA REDDY,500015
HDFC Bank Ltd,P3ENHY62,17.49966,78.362039,TELANGANA,Ranga Reddy, , 
ICICI Bank Ltd,SFCNM579,17.499799,78.5102,TELANGANA,Medchal Malkajgiri, , 
State Bank Of India,S1BW020639002,17.499806,78.616077,TELANGANA,Medchal Malkajgiri,KEESARA, 
State Bank Of India,S1BB005916166,17.499935,78.321402,TELANGANA,Ranga Reddy,RANGAREDDY,500046
State Bank Of India,S5BL004361621,17.500059,78.594159,TELANGANA,Medchal Malkajgiri,HYDERABAD, 
State Bank Of India,T1NS002714134,17.500059,78.594159,TELANGANA,Medchal Malkajgiri,HYDERABAD, 
ICICI Bank Ltd,SECNL300,17.502187,78.538879,TELANGANA,Medchal Malkajgiri, , 
Axis Bank Ltd,DECN377501,17.500069,78.474799,TELANGANA,Medchal Malkajgiri,HYDERABAD, 
ICICI Bank Ltd,SACWM224,17.50007,78.393089,TELANGANA,Medchal Malkajgiri, , 
ICICI Bank Ltd,S1CNQ158,17.50007,78.393089,TELANGANA,Medchal Malkajgiri, , 
State Bank Of India,S1NW000916071,17.500131,78.499842,TELANGANA,Medchal Malkajgiri,HYDERABAD, 
State Bank Of India,S1N6000847106,17.50017,78.501004,TELANGANA,Medchal Malkajgiri,SECUNDERABAD, 
Union Bank Of India,N0195004,17.5002,78.4776,TELANGANA,Medchal Malkajgiri,HYDERABAD,500067
Indian Overseas Bank,IOB9349,17.500213,78.351014,TELANGANA,Ranga Reddy,HYDERABAD,0
HDFC Bank Ltd,S1ANHE03,17.5003,78.5002,TELANGANA,Medchal Malkajgiri, , 
State Bank Of India,S1BW020537005,17.500418,78.143486,TELANGANA,Sangareddy,EDDUMAILARAM, 
State Bank Of India,S1NW020537004,17.500433,78.143482,TELANGANA,Sangareddy,EDDUMAILARAM, 
State Bank Of India,T1BS000916305,17.500457,78.456303,TELANGANA,Medchal Malkajgiri,HYDERABAD, 
ICICI Bank Ltd,SACWF959,17.500463,78.355392,TELANGANA,Ranga Reddy,Miyapur, 
ICICI Bank Ltd,S1CWC358,17.500568,78.355094,TELANGANA,Ranga Reddy, , 
ICICI Bank Ltd,S1VD1887,17.500569,78.355096,TELANGANA,Ranga Reddy,Hyderabad, 
State Bank Of India,S1N6000847392,17.50065,78.504873,TELANGANA,Medchal Malkajgiri,Hyderabad, 
DCB bank Ltd,DCB07205,17.500709,78.508032,TELANGANA,Medchal Malkajgiri, , 
ICICI Bank Ltd,SACWF928,17.500756,78.429002,TELANGANA,Medchal Malkajgiri,Hyderabad, 
HDFC Bank Ltd,P3DCTE03,17.5008,78.4736,TELANGANA,Medchal Malkajgiri,Secunderabad,NULL
State Bank Of India,S1BW022112001,17.500816,78.538596,TELANGANA,Medchal Malkajgiri,TIRUMALAGIRI, 
Axis Bank Ltd,LWCW19350,17.50082,78.402269,TELANGANA,Medchal Malkajgiri,HYDERABAD, 
Axis Bank Ltd,CWCW19331,17.50082,78.40227167,TELANGANA,Medchal Malkajgiri,0,500072
State Bank Of India,T1NW020161038,17.500929,80.118739,TELANGANA,Mahabubabad,GARLA, 
Bank Of Baroda,1VW408301,17.500937,78.389231,TELANGANA,Medchal Malkajgiri,HYDERABAD,500072
Axis Bank Ltd,DWCW130428,17.50094,78.4168,TELANGANA,Medchal Malkajgiri,0,0
Axis Bank Ltd,APCN42723,17.5009883,78.59034,TELANGANA,Medchal Malkajgiri,0,500083
Axis Bank Ltd,APCN42728,17.50099,78.59034,TELANGANA,Medchal Malkajgiri,RANGAREDDI, 
Union Bank Of India,W2658001,17.501,78.402,TELANGANA,Medchal Malkajgiri,SATAVAHANA NAGAR,500074
ICICI Bank Ltd,SACWN894,17.50101,78.457664,TELANGANA,Medchal Malkajgiri, , 
Axis Bank Ltd,BPCN130403,17.501134,78.428064,TELANGANA,Medchal Malkajgiri, , 
ICICI Bank Ltd,SACWG799,17.501285,78.427375,TELANGANA,Medchal Malkajgiri, , 
HDFC Bank Ltd,P3AWHY85,17.501478,78.410527,TELANGANA,Medchal Malkajgiri, , 
State Bank Of India,S1BW002714080,17.50148,78.53956,TELANGANA,Medchal Malkajgiri,RANGAREDDY,500094
Canara Bank,B3020001,17.501516,78.513826,TELANGANA,Medchal Malkajgiri, , 
State Bank Of India,S1NW005916073,17.501704,78.418219,TELANGANA,Medchal Malkajgiri,HYDERABAD, 
Kotak Mahindra Bank Limited,HYON1864,17.501793,78.396162,TELANGANA,Medchal Malkajgiri,Hyderabad, 
Union Bank Of India,Y1513101,17.5018,78.4715,TELANGANA,Medchal Malkajgiri,HYDERABAD,500055
Union Bank Of India,N1513002,17.5018,78.4715,TELANGANA,Medchal Malkajgiri,HYDERABAD,500055
Union Bank Of India,W1513001,17.501825,78.471469,TELANGANA,Medchal Malkajgiri,HYDERABAD,500055
ICICI Bank Ltd,SACWM087,17.501825,78.425971,TELANGANA,Medchal Malkajgiri, , 
ICICI Bank Ltd,SACWM270,17.501825,78.425971,TELANGANA,Medchal Malkajgiri, , 
ICICI Bank Ltd,SACWG761,17.501825,78.425971,TELANGANA,Medchal Malkajgiri, , 
HDFC Bank Ltd,P1ENHD38,17.5019,78.4267,TELANGANA,Medchal Malkajgiri,Hyderabad,NULL
Union Bank Of India,H1595101,17.502,78.1361,TELANGANA,Sangareddy,EDDUMAILARAM,502205
HDFC Bank Ltd,P1ENVS06,17.502,78.426,TELANGANA,Medchal Malkajgiri,Hyderabad,NULL
HDFC Bank Ltd,P1ENVS08,17.5021,78.4231,TELANGANA,Medchal Malkajgiri,Hyderabad,NULL
Union Bank Of India,W1309003,17.502159,78.538838,TELANGANA,Medchal Malkajgiri,HYDERABAD,500087
ICICI Bank Ltd,SECNH484,17.502174,78.538882,TELANGANA,Medchal Malkajgiri,Hyderabad, 
HDFC Bank Ltd,S1ANRM50,17.5023,78.3111,TELANGANA,Sangareddy,Hyderabad,NULL
HDFC Bank Ltd,S1ANRM51,17.5024,78.311,TELANGANA,Sangareddy,Hyderabad,NULL
HDFC Bank Ltd,P1DCHD25,17.5024,78.5392,TELANGANA,Medchal Malkajgiri,Hyderabad,NULL
HDFC Bank Ltd,P1DCHY15,17.5024,78.5392,TELANGANA,Medchal Malkajgiri,Hyderabad,NULL
Axis Bank Ltd,BPCN130411,17.50244,78.45786,TELANGANA,Medchal Malkajgiri,0,0
Axis Bank Ltd,BPCN130405,17.50249,78.42168,TELANGANA,Medchal Malkajgiri,0,500037
ICICI Bank Ltd,S1CWI507,17.502599,78.544601,TELANGANA,Medchal Malkajgiri, , 
Union Bank Of India,W2483001,17.5026,78.5137,TELANGANA,Medchal Malkajgiri,MALKAJGIRI MANDAL,500010
ICICI Bank Ltd,S1CPS160,17.502689,78.513633,TELANGANA,Medchal Malkajgiri, , 
ICICI Bank Ltd,S1CNQ313,17.502689,78.513633,TELANGANA,Medchal Malkajgiri, , 
State Bank Of India,T1NW005916216,17.502831,78.38802,TELANGANA,Medchal Malkajgiri,HYDERABAD, 
State Bank Of India,T1NW005916223,17.503065,78.419489,TELANGANA,Medchal Malkajgiri,HYDERABAD, 
Axis Bank Ltd,BPCN111212,17.50308,78.51273,TELANGANA,Medchal Malkajgiri,HYDERABAD, 
State Bank Of India,S1NG005916192,17.503119,78.386934,TELANGANA,Medchal Malkajgiri,Hyderabad, 
Union Bank Of India,WHYD12801111111,18.00643,79.57051,TELANGANA,Medchal Malkajgiri, , 
Union Bank Of India,W1512002,17.5034,78.3881,TELANGANA,Medchal Malkajgiri,HYDERABAD,500085
Union Bank Of India,H1512101,17.5034,78.3881,TELANGANA,Medchal Malkajgiri,HYDERABAD,500085
ICICI Bank Ltd,S1CNP572,17.503429,78.388023,TELANGANA,Medchal Malkajgiri, , 
State Bank Of India,S1NW005916070,17.503451,78.407037,TELANGANA,Medchal Malkajgiri,PRAGATHI NAGAR, 
IDBI Bank Ltd,ID028013,17.50355,78.39631,TELANGANA,Medchal Malkajgiri,Rangareddi,500085
ICICI Bank Ltd,S1CNE280,17.503572,78.387932,TELANGANA,Medchal Malkajgiri,Kukatpally, 
ICICI Bank Ltd,SFCNM367,17.503572,78.387847,TELANGANA,Medchal Malkajgiri, , 
Indian Overseas Bank,IOBD9348,17.503607,78.310522,TELANGANA,Sangareddy, , 
DCB bank Ltd,DCB05104,17.503653,78.53485,TELANGANA,Medchal Malkajgiri, , 
State Bank Of India,S5NE022112621,17.503707,78.539502,TELANGANA,Medchal Malkajgiri,SECUNDERABAD, 
ICICI Bank Ltd,SACWM327,17.503709,78.36103,TELANGANA,Ranga Reddy, , 
ICICI Bank Ltd,SACWF671,17.503772,78.310544,TELANGANA,Sangareddy,Hyderabad, 
State Bank Of India,T1BW005916275,17.503807,78.415017,TELANGANA,Medchal Malkajgiri,Ameerpet, 
State Bank Of India,S1N6000847107,17.503972,78.287596,TELANGANA,Sangareddy,HYDERABAD, 
Andhra Pradesh Grameena Vikas Bank,APGV811502,17.503999,78.308743,TELANGANA,Sangareddy,AshokNagar, 
Axis Bank Ltd,CPRH68705,17.50421,78.29144,TELANGANA,Sangareddy,RAMACHANDRAPURAM, 
State Bank Of India,T1NY002714124,17.504213,78.539715,TELANGANA,Medchal Malkajgiri,HYDERABAD, 
State Bank Of India,T1NY002714121,17.504213,78.539817,TELANGANA,Medchal Malkajgiri,HYDERABAD, 
State Bank Of India,T1NW005916243,17.504503,78.270729,TELANGANA,Sangareddy,RAMACHANDRAPURAM, 
ICICI Bank Ltd,SPCNF399,17.504543,78.415673,TELANGANA,Medchal Malkajgiri,Kukatpally, 
HDFC Bank Ltd,S1ANHY31,17.5046,78.3036,TELANGANA,Sangareddy,Hyderabad,NULL
ICICI Bank Ltd,SACWK724,17.50472,78.534217,TELANGANA,Medchal Malkajgiri, , 
ICICI Bank Ltd,SACWC482,17.504723,78.53422,TELANGANA,Medchal Malkajgiri,Hyderabad, 
HDFC Bank Ltd,P1DCHY13,17.5048,78.5079,TELANGANA,Medchal Malkajgiri,Hyderabad,NULL
ICICI Bank Ltd,S1CNC290,17.504827,78.328799,TELANGANA,Ranga Reddy,Hyderabad, 
South Indian Bank Ltd,05810001,17.5049,78.507,TELANGANA,Medchal Malkajgiri,Greater Hyderabad,500010
Bank Of Baroda,1VD411601,17.504918,78.358121,TELANGANA,Ranga Reddy,HYDERABAD,500049
State Bank Of India,S1BW010689001,17.504926,78.314259,TELANGANA,Ranga Reddy,Ramachandra puram, 
HDFC Bank Ltd,P3ENHE53,17.504941,78.44329,TELANGANA,Medchal Malkajgiri, , 
ICICI Bank Ltd,SACWC489,17.504954,78.395671,TELANGANA,Medchal Malkajgiri,Hyderabad, 
ICICI Bank Ltd,SACWJ225,17.504954,78.395671,TELANGANA,Medchal Malkajgiri,Hyderabad, 
State Bank Of India,T1BS020148211,17.504969,79.76863,TELANGANA,Mahabubabad,Mahabubabad, 
State Bank Of India,T1BW005916276,17.505004,78.407716,TELANGANA,Medchal Malkajgiri,Ameerpet, 
Axis Bank Ltd,BPCN274406,17.505138,78.412463,TELANGANA,Medchal Malkajgiri,0,500072
Union Bank Of India,NHYD12211111111,17.50514,78.507189,TELANGANA,Medchal Malkajgiri,Hyderabad,500004
Indian Bank,AAA3094A,17.505152,78.362034,TELANGANA,Ranga Reddy,GHMC, 
Union Bank Of India,NHYD12911111111,17.50518,78.54046,TELANGANA,Medchal Malkajgiri,Ranga Reddy,500010
Lakshmi Vilas Bank Ltd,002DM328,17.505189,0.0,TELANGANA,Medchal Malkajgiri, , 
ICICI Bank Ltd,SFCNQ834,17.505199,78.502098,TELANGANA,Medchal Malkajgiri, , 
ICICI Bank Ltd,SFCNQ835,17.505199,78.502098,TELANGANA,Medchal Malkajgiri, , 
HDFC Bank Ltd,P3ENHD05,17.5052,78.3562,TELANGANA,Ranga Reddy,Hyderabad,NULL
RBL Bank Ltd,RE364001,17.50529,78.33188,TELANGANA,Ranga Reddy,HYDERABAD, 
HDFC Bank Ltd,P3ENHD41,17.5053,78.3561,TELANGANA,Ranga Reddy,Hyderabad,NULL
ICICI Bank Ltd,SACWG796,17.505348,78.429204,TELANGANA,Medchal Malkajgiri,Hyderabad, 
HDFC Bank Ltd,P3FNHY01,17.50535,78.501475,TELANGANA,Medchal Malkajgiri,HYDERABAD, 
Indian Overseas Bank,IOB5984,17.505351,78.501476,TELANGANA,Medchal Malkajgiri,HYDERABAD,0
Union Bank Of India,W2934001,17.5054,78.5015,TELANGANA,Medchal Malkajgiri,SECUNDERABAD,500010
Union Bank Of India,Y2934101,17.5054,78.5015,TELANGANA,Medchal Malkajgiri,SECUNDERABAD,500010
Bank Of Baroda,1FNRGR21,17.505457,78.4588,TELANGANA,Medchal Malkajgiri, ,500075
Bank Of Baroda,1CRTSHY07,17.505457,78.4588,TELANGANA,Medchal Malkajgiri, ,500075
State Bank Of India,S1BW012946001,17.508267,78.502829,TELANGANA,Medchal Malkajgiri,HYDERABAD, 
Lakshmi Vilas Bank Ltd,06120243,17.505734,78.309745,TELANGANA,Sangareddy,Medak, 
HDFC Bank Ltd,S1ANHD60,17.5059,78.3626,TELANGANA,Ranga Reddy,Hyderabad,NULL
HDFC Bank Ltd,S1ANHD55,17.5059,78.3627,TELANGANA,Ranga Reddy,Hyderabad,NULL
ICICI Bank Ltd,SACWN606,17.505922,78.362663,TELANGANA,Ranga Reddy, , 
ICICI Bank Ltd,SACWC700,17.505923,78.355037,TELANGANA,Ranga Reddy,Miyapur, 
State Bank Of India,S5NL020075622,17.505928,78.304533,TELANGANA,Sangareddy,RAMACHANDRAPU, 
State Bank Of India,S5NL020075625,17.505938,78.304491,TELANGANA,Sangareddy,HYDERABAD, 
Axis Bank Ltd,CWCW53818,17.505957,78.313806,TELANGANA,Ranga Reddy, , 
Axis Bank Ltd,DPRH336501,17.505959,78.308091,TELANGANA,Sangareddy,RAMACHADRAPURAM, 
Axis Bank Ltd,LWCW53825,17.505959,78.31381,TELANGANA,Ranga Reddy,HYDERABAD, 
State Bank Of India,S5NL020075624,17.505965,78.30444,TELANGANA,Sangareddy,RAMACHANDRAPU, 
HDFC Bank Ltd,P3ENHY88,17.50597,78.407417,TELANGANA,Medchal Malkajgiri, , 
ICICI Bank Ltd,SACWC594,17.506028,78.354538,TELANGANA,Ranga Reddy,Hyderabad, 
State Bank Of India,S5NE020075621,17.506069,78.304572,TELANGANA,Sangareddy,MEDAK, 
State Bank Of India,S5NL020075623,17.506087,78.304516,TELANGANA,Sangareddy,RAMACHANDRAPU, 
HDFC Bank Ltd,P1ENVS12,17.5061,78.3852,TELANGANA,Medchal Malkajgiri,Hyderabad,NULL
State Bank Of India,S1NB020075003,17.506111,78.304442,TELANGANA,Sangareddy,RAMACHANDRAPU, 
State Bank Of India,T1NW020107013,17.506146,78.144312,TELANGANA,Sangareddy,PASHAMAILARAM, 
ICICI Bank Ltd,SFCNM661,17.506162,78.134147,TELANGANA,Sangareddy, , 
ICICI Bank Ltd,S1CNQ140,17.506162,78.134147,TELANGANA,Sangareddy, , 
IDFC Bank,IN802156,17.506169,78.382849,TELANGANA,Medchal Malkajgiri,MADHAVARAM COLONY, 
ICICI Bank Ltd,SFCNQ893,17.506309,78.46112,TELANGANA,Medchal Malkajgiri, , 
ICICI Bank Ltd,SACWC485,17.506389,78.385772,TELANGANA,Medchal Malkajgiri, , 
Axis Bank Ltd,DWCW330503,17.506457,78.426135,TELANGANA,Medchal Malkajgiri,HYDERABAD, 
Karur Vysya Bank Ltd,S1AC0486201,17.50646854,78.49562663,TELANGANA,Medchal Malkajgiri,SECUNDERABAD,500010
Indian Overseas Bank,IOBD8483,17.50647,78.49452,TELANGANA,Medchal Malkajgiri, , 
HDFC Bank Ltd,S1ANHB48,17.5065,78.4969,TELANGANA,Medchal Malkajgiri,Hyderabad,NULL
HDFC Bank Ltd,S1AWHY08,17.5066,78.497,TELANGANA,Medchal Malkajgiri,Hyderabad,NULL
State Bank Of India,S1BG020459003,17.506663,78.497006,TELANGANA,Medchal Malkajgiri,SECUNDERABAD, 
State Bank Of India,T1NH000916189,17.506749,78.504795,TELANGANA,Medchal Malkajgiri,Hyderabad, 
HDFC Bank Ltd,P1ENHD19,17.507,78.4115,TELANGANA,Medchal Malkajgiri,Hyderabad,NULL
Punjab National Bank,N1281800,17.50715,79.54698,TELANGANA,Suryapet,NALGONDA,508247
State Bank Of India,S1N6000847081,17.507175,78.420216,TELANGANA,Medchal Malkajgiri,SECUNDERABAD, 
State Bank Of India,S1BW061794001,17.507181,78.544863,TELANGANA,Medchal Malkajgiri,HYDERABAD, 
Lakshmi Vilas Bank Ltd,01390950,17.507199,0.0,TELANGANA,Medchal Malkajgiri, , 
HDFC Bank Ltd,S1ANHD23,17.5075,78.4788,TELANGANA,Medchal Malkajgiri,Secunderabad,NULL
Union Bank Of India,W1467004,17.507599,78.366055,TELANGANA,Ranga Reddy,HYDERABAD,500072
HDFC Bank Ltd,S1ANHY91,17.5076,78.4788,TELANGANA,Medchal Malkajgiri,Secunderabad,NULL
HDFC Bank Ltd,P3FNHY66,17.507634,78.45993,TELANGANA,Medchal Malkajgiri,HYDERABAD, 
Bank Of India,CHY8036,17.50764,78.46269,TELANGANA,Medchal Malkajgiri,HYDERABAD, 
Union Bank Of India,H1309101,17.5077,78.5348,TELANGANA,Medchal Malkajgiri,HYDERABAD,500087
Lakshmi Vilas Bank Ltd,002DM402,17.507719,0.0,TELANGANA,Medchal Malkajgiri, , 
ICICI Bank Ltd,SACWB647,17.507826,78.452331,TELANGANA,Medchal Malkajgiri,Hyderabad, 
ICICI Bank Ltd,SACWH346,17.507826,78.452331,TELANGANA,Medchal Malkajgiri,Hyderabad, 
State Bank Of India,T1NY000916223,17.507838,78.501576,TELANGANA,Medchal Malkajgiri,OLD ALWAL, 
Canara Bank,19762314,17.508051,78.560407,TELANGANA,Medchal Malkajgiri, , 
Canara Bank,19762314,17.508051,78.560407,TELANGANA,Medchal Malkajgiri, , 
Punjab National Bank,N2463200,17.5081,78.3537,TELANGANA,Ranga Reddy,Hyderabad,500010
Canara Bank,0878EP03,17.508207,78.407732,TELANGANA,Medchal Malkajgiri, , 
Punjab National Bank,DA110004,17.508492,78.503885,TELANGANA,Medchal Malkajgiri, , 
Axis Bank Ltd,DWCW336502,17.50861,78.310587,TELANGANA,Ranga Reddy,RAMACHADRAPURAM, 
State Bank Of India,S1BW005652001,17.50864,79.80466,TELANGANA,Mahabubabad,WARANGAL,506324
Axis Bank Ltd,DWCW130427,17.5086949,78.4831418,TELANGANA,Medchal Malkajgiri,0,500055
Axis Bank Ltd,CWCW70214,17.508727,78.474743,TELANGANA,Medchal Malkajgiri,QUTUBULLAPUR, 
Axis Bank Ltd,S3RH68701,17.5087737,78.2992498,TELANGANA,Sangareddy,0,502319
Indian Overseas Bank,IOB6318,17.508788,78.504251,TELANGANA,Medchal Malkajgiri,HYDERABAD,0
Indian Overseas Bank,IOB9930,17.508789,78.504253,TELANGANA,Medchal Malkajgiri,HYDERABAD,0
Bank Of Baroda,1RDDRGR01,17.508832,78.503768,TELANGANA,Medchal Malkajgiri, ,500010
State Bank Of India,S5NE010689621,17.50895,78.29955,TELANGANA,Sangareddy,MEDAK,502032
HDFC Bank Ltd,P3FNHY22,17.509117,78.504803,TELANGANA,Medchal Malkajgiri,HYDERABAD, 
HDFC Bank Ltd,S1AWHY33,17.5092,78.299,TELANGANA,Sangareddy,Hyderabad,NULL
ICICI Bank Ltd,SACWD622,17.509313,78.29869,TELANGANA,Sangareddy, , 
ICICI Bank Ltd,SACWJ250,17.509313,78.29869,TELANGANA,Sangareddy, , 
Axis Bank Ltd,DWCW130434,17.509449,78.45715,TELANGANA,Medchal Malkajgiri,HYDERABAD, 
Canara Bank,39604885,17.509466,78.508236,TELANGANA,Medchal Malkajgiri, , 
HDFC Bank Ltd,S1ANHE05,17.50953,78.318279,TELANGANA,Sangareddy, , 
Axis Bank Ltd,BPCN274407,17.50958,78.4075817,TELANGANA,Medchal Malkajgiri,0,500072
Punjab National Bank,N2498700,17.509687,78.45573,TELANGANA,Medchal Malkajgiri, , 
Union Bank Of India,W2604001,17.5098,78.5647,TELANGANA,Medchal Malkajgiri,JAWAHAR NAGAR,500087
State Bank Of India,S1BW021563001,17.509977,79.031359,TELANGANA,Yadadri Bhuvanagiri,MUSTYALA, 
Union Bank Of India,CBTD138810,17.51,78.89,TELANGANA,Yadadri Bhuvanagiri,NALGONDA,508116
Axis Bank Ltd,APCN53812,17.51006,78.28678,TELANGANA,Sangareddy,0,0
Punjab National Bank,WC526211,17.510069,78.503886,TELANGANA,Medchal Malkajgiri,HYDERABAD,500010
Canara Bank,66580927,17.510144,78.286639,TELANGANA,Sangareddy, , 
Canara Bank,0878WS06,17.510144,78.286639,TELANGANA,Sangareddy, , 
HDFC Bank Ltd,P1ENHD29,17.5102,78.2865,TELANGANA,Sangareddy,Hyderabad,NULL
Karur Vysya Bank Ltd,S1AC0147404,17.51026817,78.38457679,TELANGANA,Medchal Malkajgiri,HYDERABAD,500090
HDFC Bank Ltd,S1ACHY33,17.5103,78.3845,TELANGANA,Medchal Malkajgiri,Hyderabad,NULL
State Bank Of India,T1BW000916281,17.51031,78.454549,TELANGANA,Medchal Malkajgiri,Qutubullapur, 
Union Bank Of India,H3025101,17.5104,78.285,TELANGANA,Sangareddy,MEDAK,502032
Lakshmi Vilas Bank Ltd,06120909,17.510409,0.0,TELANGANA,Sangareddy, , 
IndusInd Bank,MC026101,17.51057,78.385,TELANGANA,Medchal Malkajgiri,Hyderabad,500090
State Bank Of India,S1NG000916037,17.510642,78.503486,TELANGANA,Medchal Malkajgiri,Secunderabad, 
State Bank Of India,S1BJ000916120,17.51065,78.4795,TELANGANA,Medchal Malkajgiri,MAHBUBNAGAR,500061
Union Bank Of India,W0195002,17.510703,78.483194,TELANGANA,Medchal Malkajgiri,HYDERABAD,500067
ICICI Bank Ltd,SFCNQ806,17.510799,78.475769,TELANGANA,Medchal Malkajgiri, , 
State Bank Of India,T1BY000916273,17.510866,78.51666,TELANGANA,Medchal Malkajgiri,SECUNDERABAD, 
ICICI Bank Ltd,S1CNP341,17.511035,78.456939,TELANGANA,Medchal Malkajgiri, , 
Axis Bank Ltd,BPRH296001,17.51112,78.38221,TELANGANA,Medchal Malkajgiri,NIZAMPET, 
State Bank Of India,S1N6000847074,17.511125,78.425945,TELANGANA,Medchal Malkajgiri,Jaghadri gutta, 
Lakshmi Vilas Bank Ltd,001DM496,17.5112,0.0,TELANGANA,Sangareddy, , 
Axis Bank Ltd,DPRH317501,17.51121,78.569259,TELANGANA,Medchal Malkajgiri,HYDRABAD, 
State Bank Of India,S5NL020173622,17.514432,78.884008,TELANGANA,Yadadri Bhuvanagiri,BHONGIR, 
Axis Bank Ltd,BWCW377503,17.511249,78.456309,TELANGANA,Medchal Malkajgiri,HYDERABAD, 
State Bank Of India,S1BW020651001,17.51133,79.293626,TELANGANA,Jangoan,GUNDALA, 
Union Bank Of India,W3025001,17.511353,78.28325,TELANGANA,Sangareddy,NIZAMABAD, 
State Bank Of India,S1NB000916011,17.511414,78.459375,TELANGANA,Medchal Malkajgiri,QUTUBULLAPUR, 
HDFC Bank Ltd,P1DCHY83,17.5115,78.4481,TELANGANA,Medchal Malkajgiri,Hyderabad,NULL
HDFC Bank Ltd,P1DCHD28,17.5115,78.4481,TELANGANA,Medchal Malkajgiri,Hyderabad,NULL
ICICI Bank Ltd,SACWC480,17.511722,78.459603,TELANGANA,Medchal Malkajgiri,Hyderabad, 
IDBI Bank Ltd,ID090811,17.51173,78.27702,TELANGANA,Sangareddy,Medak,502324
Axis Bank Ltd,DPRH130408,17.511743,78.459597,TELANGANA,Medchal Malkajgiri,HYDERABAD, 
Canara Bank,A3020001,17.5118,78.5079,TELANGANA,Medchal Malkajgiri,ALWAL,500010
ICICI Bank Ltd,S1CNP152,17.511934,78.40792,TELANGANA,Medchal Malkajgiri, , 
Union Bank Of India,H0121101,17.512,79.7292,TELANGANA,Mahabubabad,THORRUR,506324
Union Bank Of India,W0121001,17.512,79.7292,TELANGANA,Mahabubabad,THORRUR,506324
Axis Bank Ltd,CPRH03010,17.512036,78.447934,TELANGANA,Medchal Malkajgiri,HYDERABAD, 
Axis Bank Ltd,SPCN03013,17.512037,78.447934,TELANGANA,Medchal Malkajgiri,0,0
Axis Bank Ltd,CPRH03007,17.512039,78.44793,TELANGANA,Medchal Malkajgiri,HYDERABAD, 
Union Bank Of India,N1770003,17.5121,78.3499,TELANGANA,Ranga Reddy,HYDERABAD,500049
State Bank Of India,T1NS020173003,17.51223,78.887791,TELANGANA,Yadadri Bhuvanagiri,Bhongir, 
State Bank Of India,T1NS005916251,17.512257,78.309712,TELANGANA,Sangareddy,Ramachandrapuram, 
Bank Of India,CHY8041,17.512318,78.559157,TELANGANA,Medchal Malkajgiri,HYDERABAD, 
Union Bank Of India,W2491001,17.5124,78.4472,TELANGANA,Medchal Malkajgiri,QUTBULLAPUR MANDAL,500055
Union Bank Of India,Y2491101,17.5124,78.4472,TELANGANA,Medchal Malkajgiri,QUTBULLAPUR MANDAL,500055
Union Bank Of India,N2408002,17.5124,78.4473,TELANGANA,Medchal Malkajgiri,APUROOPA TOWNSHIP,500055
Canara Bank,0878EP09,17.512484,78.559217,TELANGANA,Medchal Malkajgiri, , 
ICICI Bank Ltd,SACWF121,17.512494,78.445944,TELANGANA,Medchal Malkajgiri,Hyderabad, 
Indian Bank,S1LM2411,17.512511,78.352228,TELANGANA,Ranga Reddy,HYDERABAD,500049
State Bank Of India,T1NH000916177,17.512757,78.509659,TELANGANA,Medchal Malkajgiri,SECUNDERABAD, 
Karur Vysya Bank Ltd,S1AC0147403,17.512909,78.384199,TELANGANA,Medchal Malkajgiri,HYDERABAD,500090
State Bank Of India,S5NL014234621,17.512931,78.300858,TELANGANA,Sangareddy,SANGAREDDY, 
State Bank Of India,T1NY000916211,17.512943,78.51131,TELANGANA,Medchal Malkajgiri,HYDERABAD, 
ICICI Bank Ltd,SACWH787,17.512959,78.375137,TELANGANA,Medchal Malkajgiri,NIZAMPET, 
Karur Vysya Bank Ltd,S1AC0147401,17.5129685,78.3841382,TELANGANA,Medchal Malkajgiri,HYDERABAD,500072
Bank Of Baroda,1FDMDK03,17.513131,78.290313,TELANGANA,Sangareddy,MEDAK,500032
DCB bank Ltd,DCB02714,17.51321,78.31002,TELANGANA,Sangareddy, , 
ICICI Bank Ltd,SACWF801,17.513241,78.288263,TELANGANA,Sangareddy,Hyderabad, 
ICICI Bank Ltd,SACWF620,17.5133,78.28824,TELANGANA,Sangareddy,Medak,0
ICICI Bank Ltd,S1CNQ122,17.51337,78.285888,TELANGANA,Sangareddy, , 
ICICI Bank Ltd,S1CNP371,17.51337,78.285888,TELANGANA,Sangareddy, , 
State Bank Of India,T1NS005916233,17.51339,78.294303,TELANGANA,Sangareddy,HYDERABAD, 
HDFC Bank Ltd,P1DCHD39,17.5134,78.4603,TELANGANA,Medchal Malkajgiri,Hyderabad,NULL
Axis Bank Ltd,BWCW377504,17.51348,78.461399,TELANGANA,Medchal Malkajgiri,HYDERABAD, 
State Bank Of India,S1NG000916007,17.51351,78.486063,TELANGANA,Medchal Malkajgiri,Secunderabad, 
ICICI Bank Ltd,S1CWE665,17.51351816,78.46479851,TELANGANA,Medchal Malkajgiri,Hyderabad, 
ICICI Bank Ltd,S1CWI470,17.51351816,78.46479851,TELANGANA,Medchal Malkajgiri,Hyderabad, 
ICICI Bank Ltd,S1CWI382,17.51351816,78.46479851,TELANGANA,Medchal Malkajgiri,Hyderabad, 
Axis Bank Ltd,BWCW130436,17.513569,78.444519,TELANGANA,Medchal Malkajgiri,HYDERABAD, 
Axis Bank Ltd,APCN42707,17.51359609,78.56540524,TELANGANA,Medchal Malkajgiri,0,500087
Axis Bank Ltd,BPCN113501,17.51364303,78.55247602,TELANGANA,Medchal Malkajgiri,0,500078
State Bank Of India,S1BW021574001,17.513688,80.318215,TELANGANA,Khammam,GANDHINAGAR, 
HDFC Bank Ltd,P3FNHY05,17.513703,78.511109,TELANGANA,Medchal Malkajgiri,HYDERABAD, 
ICICI Bank Ltd,S1VD7281,17.513866,78.288658,TELANGANA,Sangareddy, , 
State Bank Of India,T1BS000916293,17.513866,78.510796,TELANGANA,Medchal Malkajgiri, OLD ALWAL, 
State Bank Of India,T1BW000916270,17.51409,78.510965,TELANGANA,Medchal Malkajgiri,Secunderabad, 
Axis Bank Ltd,MWCW274408,17.514199,78.3973,TELANGANA,Medchal Malkajgiri,KUKATPALLY, 
Axis Bank Ltd,DWCW274403,17.5142,78.3973,TELANGANA,Medchal Malkajgiri,0,0
HDFC Bank Ltd,P3ECHY04,17.51423,78.37748,TELANGANA,Medchal Malkajgiri, , 
State Bank Of India,T1NW005916226,17.514239,78.349891,TELANGANA,Ranga Reddy,HYDERABAD, 
ICICI Bank Ltd,SACWE870,17.514379,78.440917,TELANGANA,Medchal Malkajgiri, , 
State Bank Of India,T1NY000916241,17.51444,78.513609,TELANGANA,Medchal Malkajgiri,Secunderabad, 
Yes Bank Ltd,SABNA151,17.51445,78.44746,TELANGANA,Medchal Malkajgiri,Hyderabad, 
Canara Bank,A3021001,17.514598,78.517948,TELANGANA,Medchal Malkajgiri, , 
ICICI Bank Ltd,S1CNP416,17.5146,78.516601,TELANGANA,Medchal Malkajgiri, , 
HDFC Bank Ltd,P3ENHE17,17.514679,78.47608,TELANGANA,Medchal Malkajgiri, , 
State Bank Of India,S1NG020173001,17.514698,78.883578,TELANGANA,Yadadri Bhuvanagiri,BHONGIR, 
State Bank Of India,S1NW012716002,17.514739,78.883771,TELANGANA,Yadadri Bhuvanagiri,BHONGIR, 
Canara Bank,A3071001,17.514883,78.382741,TELANGANA,Medchal Malkajgiri, , 
State Bank Of India,S1BW005916029,17.51508,78.300821,TELANGANA,Sangareddy,Hyderabad, 
ICICI Bank Ltd,SACWF663,17.515091,78.37762,TELANGANA,Medchal Malkajgiri,NIZAMPET, 
State Bank Of India,S5NL061206621,17.515154,78.391609,TELANGANA,Medchal Malkajgiri,Hyderabad, 
State Bank Of India,S1NG012217002,17.515186,78.570936,TELANGANA,Medchal Malkajgiri,SECUNDERABAD, 
Axis Bank Ltd,TPCN130406,17.51537,78.439474,TELANGANA,Medchal Malkajgiri, , 
ICICI Bank Ltd,SACWG864,17.515388,78.887045,TELANGANA,Yadadri Bhuvanagiri,BHONGIR, 
Axis Bank Ltd,BPCN130433,17.515459,78.439449,TELANGANA,Medchal Malkajgiri,HYDERABAD, 
Axis Bank Ltd,DWCW181720,17.515529,78.34759,TELANGANA,Ranga Reddy,HYDERABAD, 
Axis Bank Ltd,BPCN130416,17.51564,78.42698,TELANGANA,Medchal Malkajgiri,0,0
State Bank Of India,T1BS000916301,17.51571,78.44483,TELANGANA,Medchal Malkajgiri,Secunderabad, 
Axis Bank Ltd,BPCN130418,17.51571,78.46029,TELANGANA,Medchal Malkajgiri,0,0
State Bank Of India,S1NG012217001,17.515734,78.382965,TELANGANA,Medchal Malkajgiri, Hyderabad, 
HDFC Bank Ltd,P3ENHD06,17.5158,78.4603,TELANGANA,Medchal Malkajgiri,Hyderabad,NULL
Union Bank Of India,H0455102,17.5159,78.2988,TELANGANA,Sangareddy,HYDERABAD,500032
Canara Bank,A3437001,17.5159,78.5217,TELANGANA,Medchal Malkajgiri,SUCHITRACIRCLE,500055
Union Bank Of India,L0061003,17.5159,78.8857,TELANGANA,Yadadri Bhuvanagiri,BHONGIR,508116
Union Bank Of India,H0061101,17.5159,78.8857,TELANGANA,Yadadri Bhuvanagiri,BHONGIR,508116
Punjab National Bank,PC107411,17.515987,78.298864,TELANGANA,Sangareddy, , 
South Indian Bank Ltd,05970003,17.5161,78.3766,TELANGANA,Medchal Malkajgiri,Greater Hyderabad,500090
Axis Bank Ltd,DECN130432,17.516199,78.449599,TELANGANA,Medchal Malkajgiri, , 
State Bank Of India,S5NC020080621,17.516225,78.506146,TELANGANA,Medchal Malkajgiri,HYDERABAD, 
Bank Of India,AHY9001,17.51631,0.0,TELANGANA,Medchal Malkajgiri, , 
State Bank Of India,S5NE012716621,17.51646,78.88634,TELANGANA,Yadadri Bhuvanagiri,NALGONDA,508116
Union Bank Of India,W0863001,17.516472,77.893152,TELANGANA,Vikarabad,MOMINIPET,501202
Axis Bank Ltd,BWCW296004,17.516481,78.376628,TELANGANA,Medchal Malkajgiri, , 
Axis Bank Ltd,DWCW181707,17.516481,78.447063,TELANGANA,Medchal Malkajgiri, , 
Union Bank Of India,Y0863101,17.516499,77.898199,TELANGANA,Vikarabad,HYDERABAD-II, 
State Bank Of India,S1BW021831001,17.516551,78.39612,TELANGANA,Medchal Malkajgiri, Hyderabad, 
State Bank Of India,S1NB020106002,17.516592,78.2749,TELANGANA,Sangareddy,RAMACHANDRAPU, 
ICICI Bank Ltd,S1CNQ496,17.516599,78.446601,TELANGANA,Medchal Malkajgiri, , 
HDFC Bank Ltd,P3ENHE70,17.51661,78.424848,TELANGANA,Medchal Malkajgiri,HYDERABAD, 
Canara Bank,0878E020,17.51661,78.513932,TELANGANA,Medchal Malkajgiri, , 
State Bank Of India,S5NC020106621,17.516636,78.274909,TELANGANA,Sangareddy,PATANCHERU, 
HDFC Bank Ltd,P3DCTE01,17.5167,78.5137,TELANGANA,Medchal Malkajgiri,Secunderabad,NULL
State Bank Of India,T1NY000916226,17.516709,78.381827,TELANGANA,Medchal Malkajgiri,HYDERABAD, 
Bank Of India,AHY8059,17.51674,78.461379,TELANGANA,Medchal Malkajgiri,HYDERABAD, 
State Bank Of India,T1NW005916199,17.516754,78.378276,TELANGANA,Medchal Malkajgiri,HYDERABAD, 
South Indian Bank Ltd,05470004,17.5168,78.461,TELANGANA,Medchal Malkajgiri,Greater Hyderabad,500055
State Bank Of India,S5NC060454621,17.51694,78.36556,TELANGANA,Ranga Reddy,RANGAREDDY,500072
ICICI Bank Ltd,SPCNF417,17.517072,78.342262,TELANGANA,Sangareddy, , 
Canara Bank,A3022001,17.5171,78.515,TELANGANA,Medchal Malkajgiri,SECUNDERABAD,500014
State Bank Of India,S1BW012716003,17.51715,78.88714,TELANGANA,Yadadri Bhuvanagiri,NALGONDA,508116
Karur Vysya Bank Ltd,S1AC0146603,17.51715704,78.396107,TELANGANA,Medchal Malkajgiri,HYDERABAD,500090
ICICI Bank Ltd,SACWC502,17.517347,78.512515,TELANGANA,Medchal Malkajgiri,Secunderabad, 
Central Bank Of India,W11F48111S,17.517436,78.887485,TELANGANA,Yadadri Bhuvanagiri, , 
HDFC Bank Ltd,P1ENHD36,17.5175,78.3914,TELANGANA,Medchal Malkajgiri,Hyderabad,NULL
Union Bank Of India,W0195003,17.5175,78.4633,TELANGANA,Medchal Malkajgiri,HYDERABAD,500067
Union Bank Of India,H0195101,17.5175,78.4633,TELANGANA,Medchal Malkajgiri,HYDERABAD,500067
Central Bank Of India,W11F50881S,17.517749,78.295099,TELANGANA,Sangareddy,R C PURAM, 
State Bank Of India,T1BF020094017,17.517999,77.893342,TELANGANA,Vikarabad,VIKARABAD, 
State Bank Of India,S5NE022016621,17.518059,78.301464,TELANGANA,Sangareddy,MEDAK, 
ICICI Bank Ltd,SACWH673,17.518154,78.448341,TELANGANA,Medchal Malkajgiri, , 
Axis Bank Ltd,APCN19316,17.518185,78.39628167,TELANGANA,Medchal Malkajgiri,0,500072
Union Bank Of India,N0352013,17.5183,78.5093,TELANGANA,Medchal Malkajgiri,HYDERABAD,500036
State Bank Of India,S5NE012217621,17.51834,78.37649,TELANGANA,Medchal Malkajgiri,RANGAREDDY,500091
Lakshmi Vilas Bank Ltd,005DM456,17.51845,0.0,TELANGANA,Medchal Malkajgiri, , 
Canara Bank,0878W020,17.518451,78.396469,TELANGANA,Medchal Malkajgiri, , 
Union Bank Of India,W2465001,17.5185,78.3038,TELANGANA,Sangareddy,SANGAREDDY, 
Canara Bank,0878W014,17.518528,78.396353,TELANGANA,Medchal Malkajgiri, , 
Axis Bank Ltd,DECN357401,17.518539,78.88764,TELANGANA,Yadadri Bhuvanagiri,BHONGIR, 
ICICI Bank Ltd,SECNL240,17.518565,78.379313,TELANGANA,Medchal Malkajgiri,NIZAMPET, 
HDFC Bank Ltd,S1AWAP45,17.5188,78.8902,TELANGANA,Yadadri Bhuvanagiri,Bhongir,NULL
HDFC Bank Ltd,S1ACNG21,17.5188,78.8903,TELANGANA,Yadadri Bhuvanagiri,Bhongir,NULL
HDFC Bank Ltd,P3FNHY16,17.519023,78.432042,TELANGANA,Medchal Malkajgiri,HYDERABAD, 
ICICI Bank Ltd,SACWH873,17.519041,78.396133,TELANGANA,Medchal Malkajgiri, , 
Axis Bank Ltd,TWCW377502,17.519169,78.463209,TELANGANA,Medchal Malkajgiri,HYDERABAD, 
HDFC Bank Ltd,P1DCHY87,17.5192,78.4352,TELANGANA,Medchal Malkajgiri,Hyderabad,NULL
Axis Bank Ltd,TPCN13046,17.51926833,78.43527333,TELANGANA,Medchal Malkajgiri,0,500055
HDFC Bank Ltd,P1DCSU17,17.5193,78.4351,TELANGANA,Medchal Malkajgiri,Hyderabad,NULL
Canara Bank,0658WS01,17.519333,78.891276,TELANGANA,Yadadri Bhuvanagiri, , 
Canara Bank,6584065,17.519333,78.891274,TELANGANA,Yadadri Bhuvanagiri, , 
State Bank Of India,T1BS000916300,17.51961,78.446859,TELANGANA,Medchal Malkajgiri,Secunderabad, 
State Bank Of India,T1BS000916299,17.51966,78.446859,TELANGANA,Medchal Malkajgiri,Secunderabad, 
State Bank Of India,T1BS005916293,17.51966,78.446861,TELANGANA,Medchal Malkajgiri,Secunderabad, 
State Bank Of India,S1BB021549001,17.519794,77.893754,TELANGANA,Vikarabad,MOMINPET, 
Axis Bank Ltd,CPRH68706,17.519799,78.278759,TELANGANA,Sangareddy,PATANCHERU, 
Karur Vysya Bank Ltd,S1AC0146601,17.51988366,78.3960899,TELANGANA,Medchal Malkajgiri,HYDERABAD,500072
ICICI Bank Ltd,SPCNF400,17.519992,78.383445,TELANGANA,Medchal Malkajgiri, , 
Union Bank Of India,W1714002,17.52,78.3965,TELANGANA,Medchal Malkajgiri,HYDERABAD,500090
Union Bank Of India,H1714101,17.52,78.3965,TELANGANA,Medchal Malkajgiri,HYDERABAD,500090
State Bank Of India,S1NG021051001,17.520087,78.521104,TELANGANA,Medchal Malkajgiri,SECUNDERABAD, 
HDFC Bank Ltd,P1DCHD29,17.5201,78.4589,TELANGANA,Medchal Malkajgiri,Secunderabad,NULL
State Bank Of India,T1BS000916291,17.52017,78.432779,TELANGANA,Medchal Malkajgiri,Secunderabad, 
Karur Vysya Bank Ltd,S1AC0147405,17.520306,78.383563,TELANGANA,Medchal Malkajgiri,NIZAMPET,500072
Axis Bank Ltd,APCN89014,17.5203674,78.8927076,TELANGANA,Yadadri Bhuvanagiri,0,500039
Canara Bank,0878EP12,17.520549,78.631027,TELANGANA,Medchal Malkajgiri, , 
Bank Of India,IHY8023,17.52088,78.43128,TELANGANA,Medchal Malkajgiri,HYDERABAD,500055
Union Bank Of India,W2175001,17.521,78.4829,TELANGANA,Medchal Malkajgiri,SECUNDERABAD,500015
Axis Bank Ltd,BPCN111402,17.52115,78.89407,TELANGANA,Yadadri Bhuvanagiri,0,508116
Axis Bank Ltd,AWRO70202,17.52118,78.448,TELANGANA,Medchal Malkajgiri,BASHEERABAD, 
HDFC Bank Ltd,S1ANMA93,17.521299,80.633399,TELANGANA,Bhadradri Kothagudem, , 
Axis Bank Ltd,T3RH130402,17.521519,78.447393,TELANGANA,Medchal Malkajgiri,0,500054
Yes Bank Ltd,SJPO1278,17.52158,78.44973,TELANGANA,Medchal Malkajgiri,Hyderabad, 
Axis Bank Ltd,DECN130430,17.5216,78.4497,TELANGANA,Medchal Malkajgiri, , 
State Bank Of India,S5NC020400621,17.521851,78.454277,TELANGANA,Medchal Malkajgiri,QUTUBULLAPUR, 
Axis Bank Ltd,TPCN130401,17.521864,78.454564,TELANGANA,Medchal Malkajgiri,0,500055
State Bank Of India,S5NL020400623,17.521864,78.454282,TELANGANA,Medchal Malkajgiri,QUTUBULLAPUR, 
State Bank Of India,S1BW005916032,17.521873,78.31863,TELANGANA,Sangareddy,Hyderabad, 
State Bank Of India,S5NL062234621,17.521928,78.442868,TELANGANA,Medchal Malkajgiri,RANGA REDDY, 
HDFC Bank Ltd,S1ANHT03,17.522,78.3964,TELANGANA,Medchal Malkajgiri,Hyderabad,NULL
Bank Of India,IHY8022,17.52204,78.39629,TELANGANA,Medchal Malkajgiri,HYDERABAD,500072
State Bank Of India,T1BS000916289,17.52214,78.43875,TELANGANA,Medchal Malkajgiri,SECUNDERABAD, 
State Bank Of India,T1BW000916280,17.52215,78.446341,TELANGANA,Medchal Malkajgiri,Secunderabad, 
Canara Bank,B3318001,17.522185,78.396512,TELANGANA,Medchal Malkajgiri, , 
ICICI Bank Ltd,SACWC446,17.522215,78.299461,TELANGANA,Sangareddy,Hyderabad, 
ICICI Bank Ltd,SACWH345,17.522215,78.299461,TELANGANA,Sangareddy,Hyderabad, 
State Bank Of India,T1BS000916290,17.52227,78.438969,TELANGANA,Medchal Malkajgiri, HYDERABAD, 
Axis Bank Ltd,CWCW23516,17.5223529,78.4296298,TELANGANA,Medchal Malkajgiri,0,500072
Axis Bank Ltd,DECN365901,17.522379,78.32659,TELANGANA,Sangareddy,HYDERABAD, 
ICICI Bank Ltd,SACWC447,17.522989,78.421493,TELANGANA,Medchal Malkajgiri, , 
ICICI Bank Ltd,SACWJ267,17.522989,78.421493,TELANGANA,Medchal Malkajgiri, , 
ICICI Bank Ltd,SACWC467,17.522989,78.421493,TELANGANA,Medchal Malkajgiri, , 
State Bank Of India,S1BW020524001,17.52312,78.439372,TELANGANA,Medchal Malkajgiri,MEDCHAL, 
Kotak Mahindra Bank Limited,HYOD9402,17.523549,78.454971,TELANGANA,Medchal Malkajgiri,Hyderabad, 
HDFC Bank Ltd,S1AWME01,17.5238,78.3218,TELANGANA,Sangareddy,Hyderabad,502032
South Indian Bank Ltd,05970001,17.5238,78.3814,TELANGANA,Medchal Malkajgiri,Greater Hyderabad,500090
Union Bank Of India,W2048001,17.5243,78.3235,TELANGANA,Sangareddy,"AMEENPUR,NIZAMABAD ZONE",502032
Union Bank Of India,N2048002,17.5243,78.3235,TELANGANA,Sangareddy,"AMEENPUR,NIZAMABAD ZONE",502032
State Bank Of India,S5NL020639621,17.52439,78.665605,TELANGANA,Medchal Malkajgiri,KEESARA, 
Axis Bank Ltd,BPCN274409,17.52445,78.422929,TELANGANA,Medchal Malkajgiri,HYDERABAD, 
Karnataka Bank Ltd,KBL19083,17.52459,78.511405,TELANGANA,Medchal Malkajgiri,Hyderabad,500047
Union Bank Of India,W2533001,17.5248,78.5362,TELANGANA,Medchal Malkajgiri,KOWKOOR,500010
Indian Overseas Bank,IOB6956,17.524815,78.449787,TELANGANA,Medchal Malkajgiri,HYDERABAD,0
HDFC Bank Ltd,P3ENHY70,17.524939,78.444289,TELANGANA,Medchal Malkajgiri, , 
Union Bank Of India,H1260101,17.525,78.4231,TELANGANA,Medchal Malkajgiri,HYDERABAD,500055
Union Bank Of India,N1260002,17.525088,78.422933,TELANGANA,Medchal Malkajgiri,HYDERABAD, 
Axis Bank Ltd,BPCN137804,17.52514008,78.51790724,TELANGANA,Medchal Malkajgiri,0,500010
Punjab National Bank,N2214900,17.5255,78.2714,TELANGANA,Sangareddy,Medak,502319
IDFC Bank,IN802151,17.52555,78.392689,TELANGANA,Medchal Malkajgiri,RAJIV GRUHAKALPA, 
Punjab National Bank,N1214900,17.5256,78.27149,TELANGANA,Sangareddy,MEDAK,502319
HDFC Bank Ltd,P3DCHD04,17.5259,78.4841,TELANGANA,Medchal Malkajgiri,Secunderabad,NULL
Bank Of Baroda,5DEN01592,17.525984,78.506113,TELANGANA,Medchal Malkajgiri,HYDERABAD,500014
Union Bank Of India,H1794101,17.5261,78.2708,TELANGANA,Sangareddy,MEDAK,500032
Canara Bank,8787896,17.526225,78.395086,TELANGANA,Medchal Malkajgiri, , 
Canara Bank,41731743,17.52633,78.39493,TELANGANA,Medchal Malkajgiri,"PRAGATHINAGAR, HYDERABAD",500071
Axis Bank Ltd,BPCN181721,17.526459,78.357889,TELANGANA,Medchal Malkajgiri,HYDERABAD, 
State Bank Of India,T1NW005916212,17.526525,78.276106,TELANGANA,Sangareddy,HYDERABAD, 
IDBI Bank Ltd,ID028011,17.52661,78.37112,TELANGANA,Medchal Malkajgiri,Rangareddi,500050
State Bank Of India,S1BG005916184,17.52662,78.327042,TELANGANA,Sangareddy,Hyderabad, 
Axis Bank Ltd,DPRH413701,17.526672,78.369305,TELANGANA,Medchal Malkajgiri,BHUPALPALLY, 
Bank Of India,AHY8023,17.526939,78.36938,TELANGANA,Medchal Malkajgiri, , 
ICICI Bank Ltd,SACWF908,17.526977,78.369486,TELANGANA,Medchal Malkajgiri,Hyderabad, 
Axis Bank Ltd,DPRH396601,17.527249,78.36942,TELANGANA,Medchal Malkajgiri,HYDERABAD, 
State Bank Of India,T1NH002714123,17.527348,78.659182,TELANGANA,Medchal Malkajgiri,SECUNDERABAD, 
Axis Bank Ltd,BPCN137803,17.52744761,78.51758436,TELANGANA,Medchal Malkajgiri,0,500010
Andhra Pradesh Grameena Vikas Bank,APGV816301,17.528008,78.267218,TELANGANA,Sangareddy,Patancheruvu, 
HDFC Bank Ltd,S1ANHB71,17.5282,78.2669,TELANGANA,Sangareddy,Hyderabad,NULL
State Bank Of India,S1BG002714101,17.528282,78.654393,TELANGANA,Medchal Malkajgiri,KEESARA,500062
Union Bank Of India,W1829001,17.5283,80.0081,TELANGANA,Mahabubabad,KURAVI,506105
Axis Bank Ltd,CWCW68709,17.528372,78.266925,TELANGANA,Sangareddy, , 
Uco Bank,NT123901,17.52841,78.26797,TELANGANA,Sangareddy,HYDERABAD,502319
State Bank Of India,S5BC018788621,17.528528,78.266907,TELANGANA,Sangareddy,PATANCHERU,502319
Axis Bank Ltd,CWCW68717,17.528609,78.27139,TELANGANA,Sangareddy,HYDERABAD, 
Union Bank Of India,W1794001,17.528699,78.2667,TELANGANA,Sangareddy,MEDAK, 
HDFC Bank Ltd,P3ENHY68,17.528719,78.514969,TELANGANA,Medchal Malkajgiri, , 
ICICI Bank Ltd,S1CNP930,17.528888,80.636146,TELANGANA,Bhadradri Kothagudem, , 
State Bank Of India,T1NW005916209,17.529053,78.283706,TELANGANA,Sangareddy,HYDERABAD, 
ICICI Bank Ltd,S1CNI936,17.529426,78.356697,TELANGANA,Medchal Malkajgiri, , 
State Bank Of India,S1BJ018640001,17.529461,78.307896,TELANGANA,Sangareddy,PATANCHERU, 
State Bank Of India,S1NW000916075,17.529525,78.519617,TELANGANA,Medchal Malkajgiri,Secunderabad, 
ICICI Bank Ltd,S1CWI402,17.529583,78.444422,TELANGANA,Medchal Malkajgiri,Hyderabad, 
HDFC Bank Ltd,P3ENHD01,17.5296,78.4444,TELANGANA,Medchal Malkajgiri,Hyderabad,NULL
ICICI Bank Ltd,SFCNQ790,17.529689,78.445137,TELANGANA,Medchal Malkajgiri, , 
Axis Bank Ltd,APCN70213,17.52975,78.5181,TELANGANA,Medchal Malkajgiri,SECUNDERABAD CANTONM, 
Axis Bank Ltd,LWCW68710,17.529939,78.262869,TELANGANA,Sangareddy,PATANCHERU, 
Axis Bank Ltd,SWRO68703,17.529939,78.262869,TELANGANA,Sangareddy,PATANCHERU, 
Axis Bank Ltd,CWRO68709,17.529939,78.262869,TELANGANA,Sangareddy,HYDERABAD, 
South Indian Bank Ltd,05970002,17.53,78.36,TELANGANA,Medchal Malkajgiri,Greater Hyderabad,500090
ICICI Bank Ltd,S1CNP686,17.530008,78.376518,TELANGANA,Medchal Malkajgiri, , 
Axis Bank Ltd,BWCW130525,17.530152,78.445283,TELANGANA,Medchal Malkajgiri, , 
State Bank Of India,S1BW008793001,17.53094,80.23279,TELANGANA,Khammam,KHAMMAM,507122
HDFC Bank Ltd,P3ENHE06,17.531279,78.261479,TELANGANA,Sangareddy, , 
Axis Bank Ltd,AWCW68715,17.53147,78.26907,TELANGANA,Sangareddy,PATANCHERU, 
State Bank Of India,T1NY000916184,17.53154,78.537157,TELANGANA,Medchal Malkajgiri,SECUNDERABAD, 
Canara Bank,A3089001,17.531689,78.518533,TELANGANA,Medchal Malkajgiri, , 
HDFC Bank Ltd,P3ENHY91,17.531951,78.268418,TELANGANA,Sangareddy, , 
Axis Bank Ltd,CWCW00864,17.53231,78.487959,TELANGANA,Medchal Malkajgiri,KOMPALLY, 
Axis Bank Ltd,CWRO70206,17.53231,78.487959,TELANGANA,Medchal Malkajgiri,HYDERABAD, 
State Bank Of India,S1BW003768001,17.53285,79.50475,TELANGANA,Jangoan,WARANGAL,506222
Union Bank Of India,W0120001,17.5329,79.3551,TELANGANA,Jangoan,DEVARUPPALA,506302
Union Bank Of India,H0120101,17.5329,79.3551,TELANGANA,Jangoan,DEVARUPPALA,506302
Axis Bank Ltd,AWCW68711,17.532949,78.265389,TELANGANA,Sangareddy,PATANCHERU, 
ICICI Bank Ltd,SACWG746,17.532985,78.265686,TELANGANA,Sangareddy, , 
State Bank Of India,T1BY005916281,17.533152,78.290512,TELANGANA,Sangareddy,Patancheru, 
State Bank Of India,S1NB011082002,17.533307,78.480998,TELANGANA,Medchal Malkajgiri,MEDCHAL, 
State Bank Of India,S1BW021984001,17.533611,80.610582,TELANGANA,Bhadradri Kothagudem,KOTHAGUDEM, 
Axis Bank Ltd,DECN221006,17.5337,78.401289,TELANGANA,Medchal Malkajgiri,HYDERABAD, 
State Bank Of India,S1NB018788002,17.533849,78.23096,TELANGANA,Sangareddy,PATANCHARUVU, 
Axis Bank Ltd,CWCW68716,17.53402,78.25334,TELANGANA,Sangareddy,PATANCHERU, 
Axis Bank Ltd,BWCW424401,17.53484,78.38787,TELANGANA,Medchal Malkajgiri,HYDERABAD, 
State Bank Of India,T1BS000916304,17.535006,78.402285,TELANGANA,Medchal Malkajgiri,HYDERABAD, 
HDFC Bank Ltd,S1ANHY53,17.5353,78.3505,TELANGANA,Medchal Malkajgiri,Hyderabad,NULL
HDFC Bank Ltd,P3ECHY20,17.536443,78.436584,TELANGANA,Medchal Malkajgiri, , 
HDFC Bank Ltd,P3AWHY90,17.53698,78.437096,TELANGANA,Medchal Malkajgiri, , 
IDBI Bank Ltd,ID037402,17.5372,80.29289,TELANGANA,Khammam,Khammam,507001
HDFC Bank Ltd,P3ENHE55,17.537599,78.244599,TELANGANA,Sangareddy, , 
Bank Of India,IHY8028,17.53815,0.0,TELANGANA,Sangareddy, , 
Union Bank Of India,N1654002,17.5382,78.487,TELANGANA,Medchal Malkajgiri,HYDERABAD,500014
State Bank Of India,S1BW020472001,17.538342,77.772544,TELANGANA,Vikarabad,MARPALLE, 
State Bank Of India,T1BS005916298,17.538366,78.263859,TELANGANA,Sangareddy,HYDERABAD, 
HDFC Bank Ltd,P1ENHD28,17.538673,78.383094,TELANGANA,Medchal Malkajgiri, , 
State Bank Of India,S1BJ000916111,17.53879,78.438247,TELANGANA,Medchal Malkajgiri,HYDERABAD,500011
Axis Bank Ltd,AWCW00861,17.53912,78.235349,TELANGANA,Sangareddy,RUDRARAM, 
State Bank Of India,T1NS005916269,17.539152,78.285812,TELANGANA,Sangareddy,Patancheru, 
State Bank Of India,T1NY000916176,17.539212,78.512677,TELANGANA,Medchal Malkajgiri,SECUNDERABAD, 
Punjab National Bank,TS1A010U,17.539223,78.433853,TELANGANA,Medchal Malkajgiri,JEEDIMETLA, 
Union Bank Of India,H1726101,17.5399,78.21,TELANGANA,Sangareddy,MEDAK,502319
South Indian Bank Ltd,06880001,17.54,78.36,TELANGANA,Medchal Malkajgiri,Bachpalle,500090
HDFC Bank Ltd,P1AWBO09,17.54,78.4337,TELANGANA,Medchal Malkajgiri,Secunderabad,NULL
Bank Of India,IHY8005,17.5402,78.4385,TELANGANA,Medchal Malkajgiri, , 
Union Bank Of India,H1620101,17.5404,78.3643,TELANGANA,Medchal Malkajgiri,HYDERABAD,500091
Union Bank Of India,N1620003,17.5404,78.3643,TELANGANA,Medchal Malkajgiri,HYDERABAD,500091
Union Bank Of India,N1620002,17.54042,78.36433,TELANGANA,Medchal Malkajgiri,HYDERABAD,500091
Axis Bank Ltd,APCN68713,17.540619,78.20244,TELANGANA,Sangareddy,HYDERABAD, 
Karur Vysya Bank Ltd,S1AC0147402,17.5406223,78.36414378,TELANGANA,Medchal Malkajgiri,HYDERABAD,500090
Axis Bank Ltd,APCN68707,17.5406233,78.2024433,TELANGANA,Sangareddy,0,500074
Axis Bank Ltd,APCN68708,17.54064667,78.23219833,TELANGANA,Sangareddy,0,502300
Axis Bank Ltd,BPCN181710,17.540653,78.363861,TELANGANA,Medchal Malkajgiri, , 
HDFC Bank Ltd,P1EWHY22,17.5409,78.434,TELANGANA,Medchal Malkajgiri,Secunderabad,NULL
HDFC Bank Ltd,P1AWHY04,17.5412,78.4336,TELANGANA,Medchal Malkajgiri,Secunderabad,NULL
HDFC Bank Ltd,P1AWHY03,17.5412,78.4336,TELANGANA,Medchal Malkajgiri,Secunderabad,NULL
ICICI Bank Ltd,SACWM311,17.541271,78.433624,TELANGANA,Medchal Malkajgiri, , 
ICICI Bank Ltd,SACWN913,17.541271,78.433624,TELANGANA,Medchal Malkajgiri, , 
Axis Bank Ltd,LWCW19348,17.541624,78.386414,TELANGANA,Medchal Malkajgiri, , 
State Bank Of India,S1BW006153001,17.54218,78.22898,TELANGANA,Sangareddy,MEDAK,502300
Kotak Mahindra Bank Limited,MTGBN237,17.542324,78.226208,TELANGANA,Sangareddy,Muthangi,502019
Punjab National Bank,WC219901,17.542371,78.490171,TELANGANA,Medchal Malkajgiri,RANGAREDDY,500014
State Bank Of India,S1BG011078003,17.542409,78.205087,TELANGANA,Sangareddy,SANGAREDDY, 
State Bank Of India,S1BW020160012,17.542561,80.569411,TELANGANA,Bhadradri Kothagudem,KOTHAGUDEM, 
Indian Overseas Bank,IOBD8871,17.54267,78.51901,TELANGANA,Medchal Malkajgiri, , 
State Bank Of India,T1BW020161060,17.54277,80.355825,TELANGANA,Khammam,"SBI, KONIJERLA", 
Bank Of Baroda,1FDHYD70,17.542881,78.481447,TELANGANA,Medchal Malkajgiri,0,500014
South Indian Bank Ltd,05470003,17.5429,78.4814,TELANGANA,Medchal Malkajgiri,Greater Hyderabad,500014
ICICI Bank Ltd,SACWF106,17.542918,78.363829,TELANGANA,Medchal Malkajgiri,Hyderabad, 
State Bank Of India,T1BW020165021,17.542979,80.565991,TELANGANA,Bhadradri Kothagudem,KOTHAGUDEM, 
State Bank Of India,S5NL020905622,17.543056,80.618809,TELANGANA,Bhadradri Kothagudem,KOTHAGUDEM, 
State Bank Of India,T1NS020107019,17.543083,78.227711,TELANGANA,Sangareddy,MUTHANGI, 
State Bank Of India,S5NL020905623,17.543135,80.61867,TELANGANA,Bhadradri Kothagudem,KOTHAGUDEM, 
Axis Bank Ltd,DWCW130425,17.5432,78.4368,TELANGANA,Medchal Malkajgiri,0,0
Canara Bank,41755553,17.543241,78.491083,TELANGANA,Medchal Malkajgiri, , 
Canara Bank,28542073,17.543241,78.491083,TELANGANA,Medchal Malkajgiri, , 
Canara Bank,0878WS09,17.543241,78.491083,TELANGANA,Medchal Malkajgiri, , 
Bank Of India,FHY9006,17.5433,78.433499,TELANGANA,Medchal Malkajgiri,HYDERABAD, 
State Bank Of India,T1NS003026220,17.545383,78.207185,TELANGANA,Sangareddy,Charminar, 
HDFC Bank Ltd,P1DCHY51,17.5433,78.4341,TELANGANA,Medchal Malkajgiri,Secunderabad,NULL
Lakshmi Vilas Bank Ltd,001DM685,17.5433,0.0,TELANGANA,Medchal Malkajgiri, , 
State Bank Of India,S5NE011082621,17.54361,78.48194,TELANGANA,Medchal Malkajgiri,RANGAREDDY,500055
HDFC Bank Ltd,P3DCHD03,17.5437,78.4909,TELANGANA,Medchal Malkajgiri,Secunderabad,NULL
State Bank Of India,T1NW000916169,17.543749,78.430083,TELANGANA,Medchal Malkajgiri,HYDERABAD, 
Bank Of India,CHY9013,17.543879,0.0,TELANGANA,Medchal Malkajgiri, , 
Union Bank Of India,CBTN161801,17.543944,78.49146,TELANGANA,Medchal Malkajgiri, , 
Bank Of India,IHY9010,17.543985,78.492268,TELANGANA,Medchal Malkajgiri,HYDERABAD, 
State Bank Of India,S5NE018331621,17.544117,78.432315,TELANGANA,Medchal Malkajgiri,HYDERABAD, 
Axis Bank Ltd,SPCN7024,17.54449,78.49119,TELANGANA,Medchal Malkajgiri,0,500014
Axis Bank Ltd,CWCW70211,17.544529,78.342701,TELANGANA,Sangareddy, , 
ICICI Bank Ltd,SACWC445,17.544628,78.349494,TELANGANA,Sangareddy, , 
ICICI Bank Ltd,SACWC471,17.544628,78.349494,TELANGANA,Sangareddy, , 
ICICI Bank Ltd,SACWJ268,17.544628,78.349494,TELANGANA,Sangareddy, , 
Dhanlaxmi Bank,DHY12121,17.544885,78.505121,TELANGANA,Medchal Malkajgiri,HYDERABAD, 
State Bank Of India,T1NS003026221,17.545383,78.207185,TELANGANA,Sangareddy,Charminar, 
HDFC Bank Ltd,S1ANAP39,17.545399,80.618,TELANGANA,Bhadradri Kothagudem, , 
HDFC Bank Ltd,S1ANAG42,17.545399,80.618,TELANGANA,Bhadradri Kothagudem, , 
State Bank Of India,S1BB021070001,17.545605,78.471571,TELANGANA,Medchal Malkajgiri,Hyderabad, 
Bank Of Baroda,1FDMDK02,17.546073,78.215664,TELANGANA,Sangareddy,ISNAPUR,502319
HDFC Bank Ltd,S1ACHB04,17.5461,78.2151,TELANGANA,Sangareddy,Hyderabad,NULL
HDFC Bank Ltd,S1ANMD12,17.5462,78.2151,TELANGANA,Sangareddy,Hyderabad,NULL
ICICI Bank Ltd,SACWD766,17.546256,78.356349,TELANGANA,Sangareddy,Bollaram, 
State Bank Of India,S5NL011078621,17.546694,78.213316,TELANGANA,Sangareddy,SANGAREDDY, 
State Bank Of India,T1NS000916246,17.546719,78.432932,TELANGANA,Medchal Malkajgiri,Secunderabad, 
ICICI Bank Ltd,SACWM326,17.547309,78.492248,TELANGANA,Medchal Malkajgiri, , 
IDBI Bank Ltd,ID037401,17.54804,80.47142,TELANGANA,Bhadradri Kothagudem,Khammam,507001
Canara Bank,4498WS01,17.548225,80.615732,TELANGANA,Bhadradri Kothagudem, , 
Axis Bank Ltd,DWCW365902,17.549259,78.36983,TELANGANA,Medchal Malkajgiri,HYDERABAD, 
State Bank Of India,S5NL020160624,17.549359,80.627341,TELANGANA,Bhadradri Kothagudem,KOTHAGUDEM, 
State Bank Of India,S1BW020160013,17.549507,80.6271,TELANGANA,Bhadradri Kothagudem,KOTHAGUDEM, 
Indusind Bank,MN032901,17.54991,78.490879,TELANGANA,Medchal Malkajgiri,Hyderabad, 
State Bank Of India,S1BW021602001,17.550414,78.007668,TELANGANA,Sangareddy,KONDAPUR, 
Axis Bank Ltd,TPCN201206,17.550591,80.618702,TELANGANA,Bhadradri Kothagudem,KHAMMAM, 
Canara Bank,44982541,17.550627,80.618616,TELANGANA,Bhadradri Kothagudem, , 
State Bank Of India,S1BW011085002,17.55118,80.61483,TELANGANA,Bhadradri Kothagudem,KHAMMAM,507101
State Bank Of India,S1BW017760001,17.551517,78.384502,TELANGANA,Medchal Malkajgiri,HYDERABAD, 
Union Bank Of India,H0315101,17.5517,80.616,TELANGANA,Bhadradri Kothagudem, , 
Union Bank Of India,W0315002,17.5517,80.616,TELANGANA,Bhadradri Kothagudem, , 
Union Bank Of India,W0315003,17.5517,80.616,TELANGANA,Bhadradri Kothagudem, , 
Union Bank Of India,H2499101,17.5518,80.616,TELANGANA,Bhadradri Kothagudem, , 
Union Bank Of India,N2499002,17.5518,80.616,TELANGANA,Bhadradri Kothagudem, , 
Canara Bank,0878W024,17.552897,78.350618,TELANGANA,Sangareddy, , 
Axis Bank Ltd,CPRH19309,17.55292,78.350749,TELANGANA,Sangareddy,HYDERABAD, 
State Bank Of India,S1NW005916195,17.553241,78.21117,TELANGANA,Sangareddy,HYDERABAD, 
Axis Bank Ltd,CPRH19306,17.55333,78.345769,TELANGANA,Sangareddy,BOLLARAM, 
Axis Bank Ltd,APCN19327,17.55333,78.34577,TELANGANA,Sangareddy,0,0
State Bank Of India,T1NW020165016,17.553378,80.626456,TELANGANA,Bhadradri Kothagudem,KOTHAGUDEM, 
Axis Bank Ltd,CWCW70208,17.553382,78.443584,TELANGANA,Medchal Malkajgiri, , 
State Bank Of India,T1NW005916210,17.553571,78.382265,TELANGANA,Medchal Malkajgiri,HYDERABAD, 
ICICI Bank Ltd,SPCNJ381,17.553813,78.385131,TELANGANA,Medchal Malkajgiri, , 
Kotak Mahindra Bank Limited,HYON9595,17.554227,78.123156,TELANGANA,Sangareddy,Hyderabad,502281
HDFC Bank Ltd,P3ENHE62,17.554632,78.34941,TELANGANA,Sangareddy,HYDERABAD, 
State Bank Of India,S1BJ018788001,17.555011,78.189673,TELANGANA,Sangareddy,RAMACHANDRAPU, 
State Bank Of India,S1BW005916095,17.55528,78.3625,TELANGANA,Medchal Malkajgiri,RANGAREDDY,500049
Indian Overseas Bank,IOB8871,17.555437,78.52349,TELANGANA,Medchal Malkajgiri,HYDERABAD,0
State Bank Of India,T1NS005916234,17.555454,78.168132,TELANGANA,Sangareddy,PTANCHERU, 
State Bank Of India,S5NE011085621,17.55583,80.61417,TELANGANA,Bhadradri Kothagudem,KHAMMAM,507101
HDFC Bank Ltd,S1ACKD01,17.555999,80.616899,TELANGANA,Bhadradri Kothagudem, , 
HDFC Bank Ltd,S1ANAL88,17.555999,80.616899,TELANGANA,Bhadradri Kothagudem, , 
Axis Bank Ltd,BPCN181703,17.5560112,78.3622774,TELANGANA,Medchal Malkajgiri,0,502325
ICICI Bank Ltd,SACWC444,17.556299,78.340736,TELANGANA,Sangareddy, , 
ICICI Bank Ltd,SACWJ224,17.556299,78.340736,TELANGANA,Sangareddy, , 
Axis Bank Ltd,T3RH201204,17.556359,80.614765,TELANGANA,Bhadradri Kothagudem,BADRADRI, 
Bank Of Baroda,1FDKHM02,17.556587,80.615478,TELANGANA,Bhadradri Kothagudem,KOTHAGUDEM,507101
Karur Vysya Bank Ltd,S1AC0481001,17.556778,80.617174,TELANGANA,Bhadradri Kothagudem,KOTHAGUDEM,507101
Central Bank Of India,D11D481411,17.5573,80.61741,TELANGANA,Bhadradri Kothagudem,"GANESH BASTHI KOTHAGUDEM, KHAM",507101
State Bank Of India,T1NW020165009,17.557738,80.623256,TELANGANA,Bhadradri Kothagudem,KOTHAGUDAM, 
Canara Bank,67730096,17.558595,78.451297,TELANGANA,Medchal Malkajgiri, , 
South Indian Bank Ltd,06910001,17.5586,78.4412,TELANGANA,Medchal Malkajgiri,Greater Hyderabad,500043
Union Bank Of India,DRRD00101111111,17.55906,78.45083,TELANGANA,Medchal Malkajgiri,Ranga Reddy,500011
Union Bank Of India,WHYD14901111111,17.559106,78.45086,TELANGANA,Medchal Malkajgiri,HYDERABAD, 
State Bank Of India,S1BJ063998001,17.559188,78.490156,TELANGANA,Medchal Malkajgiri,RANGAREDDY, 
Axis Bank Ltd,SPCN68714,17.559449,78.361069,TELANGANA,Medchal Malkajgiri,ISNAPUR, 
Axis Bank Ltd,CPRH53806,17.559449,78.361069,TELANGANA,Medchal Malkajgiri,RAMACHANDRAPURAM, 
Axis Bank Ltd,CPRH68707,17.559449,78.361069,TELANGANA,Medchal Malkajgiri,ISNAPUR, 
State Bank Of India,S1BW020554001,17.560278,80.1425,TELANGANA,Mahabubabad,GANDHAMPALLI, 
Union Bank Of India,DHYD03401111111,17.579669,78.601589,TELANGANA,Sangareddy, , 
Union Bank Of India,NHYD08501111111,17.560534,78.164577,TELANGANA,Sangareddy,sangareddy, 
State Bank Of India,T1NW005916220,17.560605,78.365745,TELANGANA,Medchal Malkajgiri,HYDERABAD, 
State Bank Of India,S1BW021662001,17.561886,80.622615,TELANGANA,Bhadradri Kothagudem,KOTHAGUDEM, 
State Bank Of India,S5NL020437621,17.562413,78.401073,TELANGANA,Medchal Malkajgiri,QUTUBULLAPUR, 
State Bank Of India,S5NL011085622,17.563479,80.623314,TELANGANA,Bhadradri Kothagudem, Kothagudem, 
Axis Bank Ltd,BPCN138206,17.563825,78.166645,TELANGANA,Sangareddy,0,502329
State Bank Of India,S5NL020414623,17.563975,80.389883,TELANGANA,Bhadradri Kothagudem,KOTHAGUDEM, 
State Bank Of India,T1NW020161040,17.565708,80.106188,TELANGANA,Mahabubabad,BAYYARAM, 
State Bank Of India,S5NE020662621,17.565726,78.556258,TELANGANA,Medchal Malkajgiri,THUMKUNTA, 
Canara Bank,0878EP13,17.566063,78.451291,TELANGANA,Medchal Malkajgiri, , 
State Bank Of India,S1BG020662002,17.566228,78.553586,TELANGANA,Medchal Malkajgiri,SHAMIRPET, 
State Bank Of India,S1BW018142001,17.56639,78.73694,TELANGANA,Yadadri Bhuvanagiri,NALGONDA,508126
State Bank Of India,S1NG021160002,17.566412,78.5532,TELANGANA,Medchal Malkajgiri,Hyderabad, 
State Bank Of India,S5NL021160621,17.566473,78.553586,TELANGANA,Medchal Malkajgiri,SHAMIRPET, 
Axis Bank Ltd,BPCN174906,17.5668,80.102429,TELANGANA,Mahabubabad,BAYYARAM, 
Axis Bank Ltd,BWCW137808,17.567019,78.55441,TELANGANA,Medchal Malkajgiri,MEDCHAL, 
State Bank Of India,T1NS020107021,17.567444,78.160156,TELANGANA,Sangareddy,RUDRARAM, 
State Bank Of India,T1BW000916303,17.568019,78.51276,TELANGANA,Medchal Malkajgiri,THIRUMALGIRY, 
State Bank Of India,T1BW000916308,17.568019,78.51276,TELANGANA,Medchal Malkajgiri,SECUNDERABAD, 
HDFC Bank Ltd,P1ENVS11,17.5682,78.4855,TELANGANA,Medchal Malkajgiri,Hyderabad,NULL
State Bank Of India,S1BW008505001,17.56944,80.24853,TELANGANA,Bhadradri Kothagudem,KHAMMAM,507122
State Bank Of India,S1BW020435001,17.569641,78.158776,TELANGANA,Sangareddy,CHERIYAL, 
South Indian Bank Ltd,07260001,17.569999,79.298999,TELANGANA,Jangoan,Greater Hyderabad,500081
South Indian Bank Ltd,05380002,17.569999,79.298999,TELANGANA,Jangoan,Warangal,506004
South Indian Bank Ltd,06960001,17.569999,79.298999,TELANGANA,Jangoan,Greater Hyderabad,500097
South Indian Bank Ltd,05480003,17.569999,79.298999,TELANGANA,Jangoan,Greater Hyderabad,500049
Punjab National Bank,N1913900,17.570298,79.913673,TELANGANA,Mahabubabad,WARANGAL, 
State Bank Of India,T1NS005916236,17.57182,78.181521,TELANGANA,Sangareddy,HYDERABAD, 
HDFC Bank Ltd,S1ACHE02,17.5725,78.5567,TELANGANA,Medchal Malkajgiri,Hyderabad,NULL
Bank Of India,CHY9016,17.57358,79.63898,TELANGANA,Mahabubabad, ,506163
State Bank Of India,T1NS005916227,17.57542,78.195941,TELANGANA,Sangareddy,HYDERABAD, 
HDFC Bank Ltd,P1ENVS10,17.5756,78.4232,TELANGANA,Medchal Malkajgiri,Secunderabad,NULL
South Indian Bank Ltd,05980001,17.5757,78.4233,TELANGANA,Medchal Malkajgiri,Greater Hyderabad,500043
State Bank Of India,S1NG018841002,17.576233,78.573543,TELANGANA,Medchal Malkajgiri,SHAMIRPET, 
HDFC Bank Ltd,S1ANRT02,17.5764,78.4231,TELANGANA,Medchal Malkajgiri,Hyderabad,NULL
State Bank Of India,S5NE020105621,17.576871,78.422246,TELANGANA,Medchal Malkajgiri,MEDAK, 
Canara Bank,0658WS02,17.577654,78.94933,TELANGANA,Yadadri Bhuvanagiri, , 
Axis Bank Ltd,CPRH70204,17.578562,78.42866,TELANGANA,Medchal Malkajgiri,HYDERABAD, 
Axis Bank Ltd,APCN70205,17.578562,78.42866,TELANGANA,Medchal Malkajgiri, , 
State Bank Of India,T1NW020161050,17.578889,80.332569,TELANGANA,Bhadradri Kothagudem,"JK COLONY, KHAMMAM", 
Union Bank Of India,DHYD03401111111,17.579669,78.601589,TELANGANA,Medchal Malkajgiri, , 
State Bank Of India,S1BW005685001,17.58017,79.75291,TELANGANA,Mahabubabad,WARANGAL,506368
State Bank Of India,S1BW005916028,17.581475,78.229072,TELANGANA,Sangareddy,Hyderabad, 
City Union Bank Ltd,CUB01541,17.581489,79.657297,TELANGANA,Mahabubabad,KANYAKUMARI,629161
Union Bank Of India,W1551002,17.5815,79.6624,TELANGANA,Mahabubabad,THORRUR,506163
Union Bank Of India,H1551101,17.5815,79.6624,TELANGANA,Mahabubabad,THORRUR,506163
State Bank Of India,S1BW015384001,17.583,78.84047,TELANGANA,Yadadri Bhuvanagiri,NALGONDA,508116
State Bank Of India,S5NL020246622,17.584089,79.755366,TELANGANA,Mahabubabad,THORRUR, 
State Bank Of India,T1BS020161068,17.585081,80.328808,TELANGANA,Bhadradri Kothagudem,YELLANDU, 
State Bank Of India,S1BW015399001,17.58522,78.02487,TELANGANA,Sangareddy,MEDAK,502306
State Bank Of India,T1NF020148141,17.585307,79.65766,TELANGANA,Mahabubabad,WARANGAL, 
Axis Bank Ltd,BPCN201205,17.58585,80.32436,TELANGANA,Bhadradri Kothagudem,0,507123
State Bank Of India,S1BW020473001,17.586132,77.792406,TELANGANA,Vikarabad,PATLOOR, 
Axis Bank Ltd,CPRH42709,17.586257,78.947397,TELANGANA,Yadadri Bhuvanagiri,HYDERABAD, 
Axis Bank Ltd,CPRH42707,17.586257,78.947397,TELANGANA,Yadadri Bhuvanagiri,SECUNDERABAD, 
Axis Bank Ltd,BPCN180811,17.5862579,78.9473976,TELANGANA,Yadadri Bhuvanagiri,0,500083
Canara Bank,61583870,17.586577,78.945158,TELANGANA,Yadadri Bhuvanagiri, , 
Karur Vysya Bank Ltd,S1AC0486301,17.586645,78.945454,TELANGANA,Yadadri Bhuvanagiri,YADAGIRIGUTTA,508115
Andhra Pradesh Grameena Vikas Bank,APGV817501,17.586758,78.089008,TELANGANA,Sangareddy,Pothireddypally X RD, 
State Bank Of India,T1NS020148178,17.587123,79.648062,TELANGANA,Mahabubabad,WARANGAL, 
State Bank Of India,S1BJ003478047,17.587155,78.079226,TELANGANA,Sangareddy,SANGAREDDY,502001
State Bank Of India,S1BW015882002,17.587158,78.947368,TELANGANA,Yadadri Bhuvanagiri,YADAGIRIGUTTA, 
State Bank Of India,S1BW015882001,17.587164,78.9474,TELANGANA,Yadadri Bhuvanagiri,YADAGIRIGUTTA, 
Union Bank Of India,W0653002,17.58774,80.321736,TELANGANA,Bhadradri Kothagudem, , 
Union Bank Of India,W0653003,17.58774,80.321736,TELANGANA,Bhadradri Kothagudem, , 
Axis Bank Ltd,BPCN201202,17.58886,80.32162,TELANGANA,Bhadradri Kothagudem,0,0
Union Bank Of India,N2809001,17.5892,78.9448,TELANGANA,Yadadri Bhuvanagiri,NALGONDA,508115
Axis Bank Ltd,APCN68712,17.589269,78.37728,TELANGANA,Sangareddy,JINNARAM, 
Axis Bank Ltd,DPRH405601,17.589289,80.321919,TELANGANA,Bhadradri Kothagudem,YELLANDU, 
Union Bank Of India,COBW111240,17.589387,78.084305,TELANGANA,Sangareddy, , 
State Bank Of India,T1NW020148196,17.589759,79.65803,TELANGANA,Mahabubabad,Thorrur, 
Axis Bank Ltd,DPRH138203,17.58999,78.07858,TELANGANA,Sangareddy,SANGAREDDY, 
Axis Bank Ltd,T3RH138201,17.589991,78.078578,TELANGANA,Sangareddy,0,502001
Union Bank Of India,W0653004,17.590105,80.320351,TELANGANA,Bhadradri Kothagudem, , 
State Bank Of India,S5NE020246621,17.590559,79.655271,TELANGANA,Mahabubabad,Thorrur, 
State Bank Of India,S5NL020414622,17.59091,80.320509,TELANGANA,Bhadradri Kothagudem,YELLANDU, 
State Bank Of India,T1NW020161049,17.59094,80.317469,TELANGANA,Bhadradri Kothagudem,Khammam, 
Central Bank Of India,SCDH39681S,17.590961,78.942787,TELANGANA,Yadadri Bhuvanagiri, , 
State Bank Of India,S5NL020162623,17.591113,80.3208,TELANGANA,Bhadradri Kothagudem,YELLANDU, 
State Bank Of India,S5NL020162622,17.591194,80.320908,TELANGANA,Bhadradri Kothagudem,YELLANDU, 
State Bank Of India,T1NH020107016,17.591345,78.076288,TELANGANA,Sangareddy,SANGAREDDY, 
Axis Bank Ltd,BPCN174905,17.59169,79.649349,TELANGANA,Mahabubabad,WARANGAL, 
State Bank Of India,T1BS020165030,17.592022,80.697417,TELANGANA,Bhadradri Kothagudem,KHAMMAM, 
State Bank Of India,S5NC007952621,17.59255,79.35342,TELANGANA,Jangoan,WARANGAL,506007
State Bank Of India,S1BW021217002,17.593108,78.084195,TELANGANA,Sangareddy,SANGAREDDY, 
State Bank Of India,S1BG014182002,17.593403,78.125333,TELANGANA,Sangareddy,SANGAREDDY, 
Axis Bank Ltd,BPRH138202,17.59358,78.08441,TELANGANA,Sangareddy,HYDERABAD, 
State Bank Of India,T1BF020107035,17.593719,78.066436,TELANGANA,Sangareddy,SANGAREDDY, 
State Bank Of India,S1BB020165002,17.593738,80.699363,TELANGANA,Bhadradri Kothagudem,Palwancha, 
Bank Of India,IHY9014,17.594056,78.077053,TELANGANA,Sangareddy,SANGAREDDY, 
Canara Bank,34585210,17.594703,78.123105,TELANGANA,Sangareddy, , 
Canara Bank,60552944,17.59482,80.00112,TELANGANA,Mahabubabad,MAHABUBABAD,506101
South Indian Bank Ltd,06970001,17.5949,78.4855,TELANGANA,Medchal Malkajgiri,Kandlakoi,501401
Karur Vysya Bank Ltd,S1AC0483801,17.59495832,78.08428897,TELANGANA,Sangareddy,SANGAREDDY,502001
HDFC Bank Ltd,S1ACHD36,17.595,80.0007,TELANGANA,Mahabubabad,Mahabubabad,NULL
Axis Bank Ltd,BPCN174904,17.59514,80.00109,TELANGANA,Mahabubabad,0,0
State Bank Of India,S1BJ006220001,17.59529,80.00191,TELANGANA,Mahabubabad,MAHBUBNAGAR,506101
State Bank Of India,S5NE006220621,17.59529,80.00194,TELANGANA,Mahabubabad,WARANGAL,506101
South Indian Bank Ltd,05380001,17.5953,79.3316,TELANGANA,Jangoan,Warangal,506001
Canara Bank,41711744,17.5955,78.57023,TELANGANA,Medchal Malkajgiri,"SHAMIRPET, HYDERABAD",500078
State Bank Of India,T1BY000916266,17.595799,78.571298,TELANGANA,Medchal Malkajgiri,THUMKUNTA, 
Central Bank Of India,SCDH45661S,17.595813,78.084846,TELANGANA,Sangareddy, , 
Axis Bank Ltd,BPRH174901,17.59584,79.999659,TELANGANA,Mahabubabad, , 
Union Bank Of India,H0367101,17.5959,79.9999,TELANGANA,Mahabubabad,MAHABUBABAD,506101
Union Bank Of India,N0367002,17.5959,79.9999,TELANGANA,Mahabubabad,MAHABUBABAD,506101
State Bank Of India,T1NW020152009,17.596113,79.977545,TELANGANA,Mahabubabad,GUMUDURU  (TOM CMS), 
Punjab National Bank,N1285400,17.59646,79.4304,TELANGANA,Jangoan,WARANGAL,506222
State Bank Of India,S1BW020165008,17.596757,80.708388,TELANGANA,Bhadradri Kothagudem,PALVANCHA, 
HDFC Bank Ltd,S1ANMH56,17.5975,80.0007,TELANGANA,Mahabubabad,Mahabubabad,NULL
HDFC Bank Ltd,S1ANAP67,17.5975,80.0008,TELANGANA,Mahabubabad,Mahabubabad,NULL
Indian Bank,S1WM0741,17.597528,80.001531,TELANGANA,Mahabubabad,MAHABUBABAD,506101
Canara Bank,A3602001,17.59753,80.00153,TELANGANA,Mahabubabad,ANUMANGAL,506101
State Bank Of India,S5NE021933621,17.597626,80.00233,TELANGANA,Mahabubabad,Mahabubabad, 
Union Bank Of India,W0456004,17.597699,80.703108,TELANGANA,Bhadradri Kothagudem, , 
State Bank Of India,T1NS020152012,17.598015,79.994604,TELANGANA,Mahabubabad,Mahabubabad, 
State Bank Of India,T1NW020165014,17.598761,80.66707,TELANGANA,Bhadradri Kothagudem,Khammam (Urban), 
Union Bank Of India,W0760003,17.5993,80.001,TELANGANA,Mahabubabad,WARANGAL,506012
Union Bank Of India,H0760101,17.5993,80.001,TELANGANA,Mahabubabad,WARANGAL,506012
Axis Bank Ltd,DECN357501,17.59935,80.630859,TELANGANA,Bhadradri Kothagudem,PALWANCHA, 
Bank Of Baroda,1VW420001,17.599356,78.067662,TELANGANA,Sangareddy,MALKAPUR,502295
State Bank Of India,T1NW020165011,17.599543,80.692767,TELANGANA,Bhadradri Kothagudem,HYDERABAD, 
Axis Bank Ltd,DPRH174902,17.599559,80.00193,TELANGANA,Mahabubabad,HYDERABAD, 
Union Bank Of India,W0456005,17.600064,80.703185,TELANGANA,Bhadradri Kothagudem, , 
Union Bank Of India,H0456101,17.600064,80.703185,TELANGANA,Bhadradri Kothagudem, , 
State Bank Of India,T1NY020107014,17.600296,78.078117,TELANGANA,Sangareddy,SANGAREDDY, 
Union Bank Of India,W1311002,17.600332,78.409585,TELANGANA,Medchal Malkajgiri,DUNDIGAL,500043
State Bank Of India,T1BS020165027,17.600501,80.702175,TELANGANA,Bhadradri Kothagudem,KHAMMAM, 
State Bank Of India,T1NS020148158,17.601343,80.138311,TELANGANA,Mahabubabad,KOTHRU, 
State Bank Of India,T1NW020152011,17.601349,79.990592,TELANGANA,Mahabubabad,MARWADI BAZAR MAHABUBABAD, 
HDFC Bank Ltd,S1ANAP83,17.601799,80.699799,TELANGANA,Bhadradri Kothagudem, , 
HDFC Bank Ltd,S1AWAP50,17.601799,80.699799,TELANGANA,Bhadradri Kothagudem, , 
Karur Vysya Bank Ltd,S1AC0481101,17.602046,80.704284,TELANGANA,Bhadradri Kothagudem,PALWANCHA,507115
State Bank Of India,S1NW020165004,17.602127,80.703316,TELANGANA,Bhadradri Kothagudem,PALWANCHA, 
State Bank Of India,S5NC020165621,17.602488,80.673197,TELANGANA,Bhadradri Kothagudem, Palvancha, 
State Bank Of India,S1BW020177002,17.603348,80.005268,TELANGANA,Mahabubabad,ALIR, 
State Bank Of India,S1BG020177001,17.603486,80.005158,TELANGANA,Mahabubabad,ALIR, 
Union Bank Of India,W1549001,17.603862,80.706108,TELANGANA,Bhadradri Kothagudem,PALAVANCHA, 
Union Bank Of India,N1549002,17.603862,80.706108,TELANGANA,Bhadradri Kothagudem,PALAVANCHA, 
Union Bank Of India,W1029003,17.6045,78.0787,TELANGANA,Sangareddy,MEDAK,502001
Union Bank Of India,B1029101,17.6045,78.0787,TELANGANA,Sangareddy,MEDAK,502001
State Bank Of India,S5NL012947622,17.604834,78.3934,TELANGANA,Medchal Malkajgiri,QUTUBULLAPUR, 
State Bank Of India,S5NL012947623,17.604896,78.393169,TELANGANA,Medchal Malkajgiri,QUTUBULLAPUR, 
HDFC Bank Ltd,S1ANHY93,17.6057,78.0275,TELANGANA,Sangareddy,Peddapur,NULL
HDFC Bank Ltd,P3ENHE36,17.605999,78.083339,TELANGANA,Sangareddy,SANGAREDDY, 
Central Bank Of India,D11D502911,17.60602,78.56979,TELANGANA,Medchal Malkajgiri, ,500101
HDFC Bank Ltd,S1ANSH07,17.6061,78.0833,TELANGANA,Sangareddy,Hyderabad,NULL
HDFC Bank Ltd,S1ANSR12,17.6061,78.0833,TELANGANA,Sangareddy,Hyderabad,NULL
Canara Bank,29864608,17.60636,78.08342,TELANGANA,Sangareddy,SANGAREDDY,502001
Kotak Mahindra Bank Limited,SDBN2514,17.606365,78.083801,TELANGANA,Sangareddy,Sangareddy, 
Canara Bank,2986EP01,17.606622,78.077432,TELANGANA,Sangareddy, , 
ICICI Bank Ltd,SACWN685,17.60843,78.386459,TELANGANA,Medchal Malkajgiri, , 
ICICI Bank Ltd,SACWN685,17.60843,78.386459,TELANGANA,Medchal Malkajgiri, , 
Bank Of Baroda,1CRHTSHY03,17.60949,78.08659,TELANGANA,Sangareddy,SANGAREDDY,502001
Bank Of Baroda,1VD410101,17.60949,78.08659,TELANGANA,Sangareddy,SANGAREDDY,502001
State Bank Of India,T1NY020107018,17.611422,78.083867,TELANGANA,Sangareddy,SHANTHI NAGAR SANGA REDDY, 
HDFC Bank Ltd,P3ENHE28,17.611528,78.406639,TELANGANA,Medchal Malkajgiri, , 
IDBI Bank Ltd,ID172301,17.61215,78.08064,TELANGANA,Sangareddy,Medak,502001
State Bank Of India,S5NL018201622,17.612329,78.487708,TELANGANA,Medchal Malkajgiri,MEDCHAL, 
Union Bank Of India,W2464001,17.6125,78.0816,TELANGANA,Sangareddy,SANGAREDDY,502001
State Bank Of India,T1NS005916231,17.613025,77.934282,TELANGANA,Sangareddy,SADASIVAPET, 
Canara Bank,A3403001,17.613116,78.081383,TELANGANA,Sangareddy, , 
State Bank Of India,T1BS020107033,17.613249,78.08936,TELANGANA,Sangareddy,MEDAK, 
State Bank Of India,T1BS020107034,17.613755,78.074747,TELANGANA,Sangareddy,MEDAK, 
Union Bank Of India,N2618001,17.614,78.6184,TELANGANA,Medchal Malkajgiri,SHAMIRPET MANDAL,500078
State Bank Of India,S5NE020586621,17.614124,80.681433,TELANGANA,Bhadradri Kothagudem,PALONCHA, 
Punjab National Bank,WC155301,17.614994,78.081311,TELANGANA,Sangareddy, , 
State Bank Of India,T1BF020134124,17.615064,78.078982,TELANGANA,Sangareddy,VAVILALAPALLY, 
Axis Bank Ltd,BPCN138201,17.615418,78.081204,TELANGANA,Sangareddy,0,502001
State Bank Of India,S1BG020099003,17.615479,77.951104,TELANGANA,Sangareddy,HYDERABAD, 
State Bank Of India,S1BW006620002,17.61586,77.950589,TELANGANA,Sangareddy,SADHASHIVPET, 
Indusind Bank,MC029201,17.615867,77.948309,TELANGANA,Sangareddy,Medak, 
State Bank Of India,S5BL006620621,17.616032,77.957189,TELANGANA,Sangareddy,SADASHIVPET, 
State Bank Of India,S1BW006620003,17.616032,77.957189,TELANGANA,Sangareddy,SADASHIVPET, 
State Bank Of India,T1BS020107031,17.616068,77.948597,TELANGANA,Sangareddy,MEDAK, 
Union Bank Of India,H1566101,17.6161,77.948,TELANGANA,Sangareddy,MEDAK,502219
HDFC Bank Ltd,S1AWHD40,17.6161,77.9566,TELANGANA,Sangareddy,Hyderabad,NULL
HDFC Bank Ltd,S1ANHD76,17.6163,77.9569,TELANGANA,Sangareddy,Hyderabad,NULL
State Bank Of India,S5NL021217621,17.616548,78.085649,TELANGANA,Sangareddy,SANGAREDDY, 
Uco Bank,DT051001,17.61668,78.08516,TELANGANA,Sangareddy,MEDAK,502001
Lakshmi Vilas Bank Ltd,07081031,17.616836,77.946239,TELANGANA,Sangareddy,Sangareddy, 
State Bank Of India,S1BW020107007,17.616875,78.085649,TELANGANA,Sangareddy,SANGAREDDY, 
Union Bank Of India,W0861001,17.6169,77.5006,TELANGANA,Sangareddy,MOGADAMPALLY,502226
Axis Bank Ltd,LWCW02718,17.616905,78.545883,TELANGANA,Medchal Malkajgiri,RANGAREDDY, 
Axis Bank Ltd,CWCW02726,17.616905,78.545883,TELANGANA,Medchal Malkajgiri,RANGAREDDY, 
State Bank Of India,T1NS020107027,17.618319,77.949196,TELANGANA,Sangareddy,SADASHIVPET, 
Bank Of Baroda,1VD411001,17.618496,77.944445,TELANGANA,Sangareddy,SADASIVPET,502291
Axis Bank Ltd,BPCN138205,17.618593,77.9437332,TELANGANA,Sangareddy,0,502291
State Bank Of India,T1NS020107023,17.618768,77.94365,TELANGANA,Sangareddy,Sadasivpet, 
Union Bank Of India,W1029002,17.619089,78.080772,TELANGANA,Sangareddy,MEDAK,502001
State Bank Of India,S5NL018188621,17.619399,78.659857,TELANGANA,Medchal Malkajgiri,MALKAJGIRI, 
Canara Bank,A3409001,17.6194,78.0823,TELANGANA,Sangareddy,SANGAREDDY,502001
Bank Of Baroda,1FDHYD73,17.619416,78.082308,TELANGANA,Sangareddy, ,502001
State Bank Of India,T1NS020107020,17.619896,77.931878,TELANGANA,Sangareddy,SADASIVAPETA, 
State Bank Of India,S1BJ005648001,17.620176,78.079537,TELANGANA,Sangareddy,SANGAREDDY,502001
ICICI Bank Ltd,SECNG174,17.620508,78.082106,TELANGANA,Sangareddy,Sangareddy, 
ICICI Bank Ltd,S1CNQ173,17.6224,78.080596,TELANGANA,Sangareddy, , 
Axis Bank Ltd,BPCN138204,17.62256,78.08647,TELANGANA,Sangareddy,0,0
Indian Overseas Bank,IOB8826,17.624374,79.941654,TELANGANA,Mahabubabad,MAHBUBABAD,0
Canara Bank,B3409001,17.624781,78.086693,TELANGANA,Sangareddy, , 
Central Bank Of India,SCDD19411S,17.624973,78.590914,TELANGANA,Medchal Malkajgiri,ALIABAD, 
Canara Bank,2210WS03,17.624973,78.590914,TELANGANA,Medchal Malkajgiri, , 
State Bank Of India,S5NL020107622,17.625907,78.082624,TELANGANA,Sangareddy,Sangareddy, 
State Bank Of India,T1BS020107030,17.62651,78.15746,TELANGANA,Sangareddy,MEDAK, 
State Bank Of India,T1NS020107022,17.627093,78.080907,TELANGANA,Sangareddy,SANGAREDDY, 
Punjab National Bank,N2658700,17.62873,78.09135,TELANGANA,Sangareddy,VISAKHAPATNAM,530009
Axis Bank Ltd,BPCN259203,17.6288,78.400339,TELANGANA,Medchal Malkajgiri,HYDERABAD, 
Union Bank Of India,H0963101,17.6289,80.761599,TELANGANA,Bhadradri Kothagudem,WARANGAL, 
Union Bank Of India,W0963001,17.6289,80.761599,TELANGANA,Bhadradri Kothagudem,RANGAPURAM, 
Indian Overseas Bank,IOB8753,17.6294,78.0917,TELANGANA,Sangareddy,SANGAREDDY,0
Bank Of Baroda,1FDMDK07,17.6294,78.0917,TELANGANA,Sangareddy, ,502001
HDFC Bank Ltd,S1ACHY91,17.6301,78.4793,TELANGANA,Medchal Malkajgiri,Hyderabad,NULL
HDFC Bank Ltd,S1AWHD07,17.6301,78.4799,TELANGANA,Medchal Malkajgiri,Hyderabad,NULL
State Bank Of India,S5NE020107621,17.630161,78.09743,TELANGANA,Sangareddy,Sangareddy, 
Indian Overseas Bank,IOB9347,17.630222,78.484213,TELANGANA,Medchal Malkajgiri,MEDCHAL,0
Bank Of Baroda,1VD410201,17.630222,78.484213,TELANGANA,Medchal Malkajgiri,MEDCHAL,501401
DCB bank Ltd,DCB17601,17.630294,79.347259,TELANGANA,Jangoan, , 
ICICI Bank Ltd,SACWF717,17.630444,78.480716,TELANGANA,Medchal Malkajgiri,Medchal, 
State Bank Of India,T1NH000916244,17.630496,78.483438,TELANGANA,Medchal Malkajgiri,MEDCHAL, 
Canara Bank,B3084001,17.630537,78.485313,TELANGANA,Medchal Malkajgiri, , 
State Bank Of India,S1NG020504005,17.630652,78.092709,TELANGANA,Sangareddy,Sangareddy, 
Axis Bank Ltd,BWCW259207,17.630768,78.48253,TELANGANA,Medchal Malkajgiri,MEDCHAL, 
Dhanlaxmi Bank,DAP12364,17.631797,80.540113,TELANGANA,Bhadradri Kothagudem, , 
State Bank Of India,T1NS020107026,17.632412,78.332008,TELANGANA,Sangareddy,"NEAR BUS STOP, JINNARAM", 
South Indian Bank Ltd,06180002,17.6325,78.4839,TELANGANA,Medchal Malkajgiri,Medchal,501401
ICICI Bank Ltd,SACWD621,17.632755,78.48523,TELANGANA,Medchal Malkajgiri,Medchal, 
ICICI Bank Ltd,SACWF903,17.632755,78.485229,TELANGANA,Medchal Malkajgiri, , 
Bank Of India,IHY8015,17.633029,78.4827,TELANGANA,Medchal Malkajgiri, , 
Lakshmi Vilas Bank Ltd,03910723,17.6331,0.0,TELANGANA,Medchal Malkajgiri, , 
State Bank Of India,S1BG020504002,17.633106,78.094769,TELANGANA,Sangareddy,Sangareddy, 
Bank Of Baroda,1FNHYD80,17.635011,78.742838,TELANGANA,Yadadri Bhuvanagiri,0,500011
Axis Bank Ltd,DPRH179703,17.63576,78.382659,TELANGANA,Sangareddy,MEDAK, 
Axis Bank Ltd,BPCN137805,17.6370717,78.4851617,TELANGANA,Medchal Malkajgiri,0,500010
Union Bank Of India,COBA090001,17.637618,78.485386,TELANGANA,Medchal Malkajgiri,Medchal, 
State Bank Of India,T1BS020165029,17.637658,80.809634,TELANGANA,Bhadradri Kothagudem,KHAMMAM, 
City Union Bank Ltd,CUB01654,17.638129,78.482924,TELANGANA,Medchal Malkajgiri,RENGA REDDY,501401
State Bank Of India,S5NE020091621,17.638155,78.482801,TELANGANA,Medchal Malkajgiri,MEDCHAL, 
City Union Bank Ltd,CUBFI783,17.638365,78.484997,TELANGANA,Medchal Malkajgiri,Medchal,501401
State Bank Of India,S1BB020091001,17.638432,78.48495,TELANGANA,Medchal Malkajgiri,MEDCHAL, 
Canara Bank,A3084001,17.6399,78.4751,TELANGANA,Medchal Malkajgiri,MEDCHAL,501401
Canara Bank,A3407001,17.640528,77.731232,TELANGANA,Sangareddy, , 
Canara Bank,A3406001,17.6407,77.733,TELANGANA,Sangareddy,KAVELI,502321
HDFC Bank Ltd,S1ANHD16,17.6412,78.1239,TELANGANA,Sangareddy,Hyderabad,NULL
Canara Bank,10858760,17.641404,77.950744,TELANGANA,Sangareddy, , 
Union Bank Of India,COBD148301,17.642007,77.849008,TELANGANA,Sangareddy, , 
State Bank Of India,S5NL021603621,17.642748,77.84902,TELANGANA,Sangareddy,Vikarabad, 
Union Bank Of India,W2475001,17.6437,79.0439,TELANGANA,Yadadri Bhuvanagiri,ALER,508101
Canara Bank,67104960,17.64753,77.806706,TELANGANA,Sangareddy, , 
State Bank Of India,S1NG002687001,17.651784,78.452232,TELANGANA,Medchal Malkajgiri,HYDERABAD, 
State Bank Of India,S1BW008805001,17.65261,78.82647,TELANGANA,Yadadri Bhuvanagiri,NALGONDA,508116
Union Bank Of India,W2251001,17.6544,78.3668,TELANGANA,Sangareddy,"BONTHAPALLI, ZINNARAM MANDAL",502313
Union Bank Of India,H2251101,17.6544,78.3668,TELANGANA,Sangareddy,"BONTHAPALLI, ZINNARAM MANDAL",502313
IDBI Bank Ltd,ID037413,17.65454,80.30113,TELANGANA,Bhadradri Kothagudem,Khammam,508246
State Bank Of India,S1BW014240001,17.65574,79.42955,TELANGANA,Jangoan,WARANGAL,506252
Axis Bank Ltd,DPRH117803,17.659729,77.72698,TELANGANA,Sangareddy,ZAHIRABAD, 
State Bank Of India,S5NE003478621,17.65973,78.05511,TELANGANA,Sangareddy,MEDAK,502001
Axis Bank Ltd,TPCN11781,17.6597343,77.7269773,TELANGANA,Sangareddy,0,502220
State Bank Of India,T1NS020148176,17.660655,79.430634,TELANGANA,Jangoan,Jangaon, 
Axis Bank Ltd,DPRH130410,17.66165,78.371229,TELANGANA,Sangareddy,JINNARAM, 
State Bank Of India,T1NS020098003,17.662076,79.425401,TELANGANA,Jangoan,PALAKURTHI, 
Axis Bank Ltd,APCN00842,17.662211,78.617917,TELANGANA,Medchal Malkajgiri,0,500078
State Bank Of India,S1BW002687004,17.663317,78.372841,TELANGANA,Sangareddy,JINNARAM, 
HDFC Bank Ltd,S1ACHY30,17.6651,78.607,TELANGANA,Medchal Malkajgiri,Secunderabad,NULL
State Bank Of India,S1NW021571002,17.665438,79.085087,TELANGANA,Yadadri Bhuvanagiri,ALAIR, 
State Bank Of India,S1BW006634001,17.66556,77.70765,TELANGANA,Sangareddy,MEDAK,502321
State Bank Of India,S1BW020103001,17.665761,77.707792,TELANGANA,Sangareddy,KOHIR, 
State Bank Of India,T1BS020165031,17.66749,80.866999,TELANGANA,Bhadradri Kothagudem,PALWANCHA, 
Union Bank Of India,COBD308101,17.6683,79.3888,TELANGANA,Jangoan,WARANGAL,506163
Axis Bank Ltd,BPCN117807,17.668539,77.6064,TELANGANA,Sangareddy,ZAHIRABAD, 
State Bank Of India,T1NS020101009,17.668933,77.603989,TELANGANA,Sangareddy,Zahirabad, 
State Bank Of India,S1BJ003478046,17.67019,78.0661,TELANGANA,Sangareddy,Medak,502001
Axis Bank Ltd,S3RH69802,17.67172333,78.46979667,TELANGANA,Medchal Malkajgiri,0,500042
Axis Bank Ltd,BPCN117808,17.67277,77.615209,TELANGANA,Sangareddy,ZAHIRABAD, 
State Bank Of India,T1NY000916232,17.672786,78.470219,TELANGANA,Medchal Malkajgiri,Secunderabad, 
Canara Bank,B3401001,17.67481,77.61638,TELANGANA,Sangareddy,ZAHEERABAD,502220
State Bank Of India,S1BJ007951002,17.67543,77.61369,TELANGANA,Sangareddy,Medak,502220
State Bank Of India,T1BF020101010,17.677149,77.609333,TELANGANA,Sangareddy,ZAHEERABAD, 
Axis Bank Ltd,BPCN117804,17.67777,77.61065,TELANGANA,Sangareddy,0,0
ICICI Bank Ltd,SECNG163,17.677869,77.609153,TELANGANA,Sangareddy, , 
Punjab National Bank,N1998300,17.67798,77.60934,TELANGANA,Sangareddy,MEDAK,502220
State Bank Of India,S5NL021278621,17.677996,78.591498,TELANGANA,Medchal Malkajgiri,MURAHARIPALLI, 
Indian Overseas Bank,IOB5869,17.678843,79.863283,TELANGANA,Mahabubabad,INGURTHY,0
Indian Overseas Bank,IOB5894,17.678843,79.863283,TELANGANA,Mahabubabad,ALAMKHANIPET,0
Bank Of Baroda,1FDMDK05,17.6793825,77.6053668,TELANGANA,Sangareddy,ZAHEERABAD,502220
State Bank Of India,S1BW002687006,17.67944,78.00303,TELANGANA,Sangareddy,MEDAK,502291
Canara Bank,A3401001,17.679474,77.607687,TELANGANA,Sangareddy, , 
Canara Bank,A3605001,17.67949,79.67968,TELANGANA,Warangal,KONDAPUR,506314
Union Bank Of India,H1053101,17.6798,77.6104,TELANGANA,Sangareddy,ZAHEERABAD,502220
HDFC Bank Ltd,P3FNZE01,17.679879,77.61062,TELANGANA,Sangareddy,ZAHEERABAD, 
HDFC Bank Ltd,S1ANZE70,17.6799,77.6105,TELANGANA,Sangareddy,Zaheerabad,NULL
Axis Bank Ltd,T3RH117801,17.680524,77.612032,TELANGANA,Sangareddy,0,502220
State Bank Of India,S1BB020101002,17.680682,77.611513,TELANGANA,Sangareddy,ZAHIRABAD, 
State Bank Of India,S5NE020101622,17.680683,77.611609,TELANGANA,Sangareddy,MEDAK, 
State Bank Of India,S1BW020101003,17.68071,77.611398,TELANGANA,Sangareddy,ZAHIRABAD, 
State Bank Of India,S5NC020101621,17.68072,77.61153,TELANGANA,Sangareddy,ZAHIRABAD, 
Kotak Mahindra Bank Limited,ZHBN2513,17.681006,77.617688,TELANGANA,Sangareddy,Zahirabad, 
ICICI Bank Ltd,S1CNQ207,17.68107,77.611366,TELANGANA,Sangareddy, , 
Axis Bank Ltd,BPCN117805,17.681084,77.609106,TELANGANA,Sangareddy,0,502220
State Bank Of India,T1NS020101008,17.681131,77.610481,TELANGANA,Sangareddy,ZAHEERABAD, 
ICICI Bank Ltd,SACWK974,17.681539,77.61518,TELANGANA,Sangareddy, , 
Axis Bank Ltd,TPCN117802,17.681717,77.626173,TELANGANA,Sangareddy,0,502220
State Bank Of India,S1BG021508002,17.681825,77.634833,TELANGANA,Sangareddy,ZAHIRABAD, 
Canara Bank,A3055001,17.681971,77.619818,TELANGANA,Sangareddy, , 
State Bank Of India,T1NS020101007,17.682276,77.60679,TELANGANA,Sangareddy,ZAHIRABAD, 
Axis Bank Ltd,BPCN117806,17.682909,77.604539,TELANGANA,Sangareddy,ZAHIRABAD, 
Canara Bank,A3607001,17.683002,79.679881,TELANGANA,Warangal, , 
State Bank Of India,S1NW006629001,17.683784,78.370064,TELANGANA,Sangareddy,RAMACHANDRAPU, 
Union Bank Of India,W0642001,17.6847,79.8694,TELANGANA,Mahabubabad,KESAMUDRAM,506112
Union Bank Of India,H0642101,17.6847,79.8694,TELANGANA,Mahabubabad,KESAMUDRAM,506112
Lakshmi Vilas Bank Ltd,09421030,17.688229,79.888089,TELANGANA,Mahabubabad,MAHABUBABAD, 
State Bank Of India,S5NC020156621,17.688329,79.889134,TELANGANA,Mahabubabad,Kesamudram, 
State Bank Of India,T1BS020148229,17.688763,79.874629,TELANGANA,Mahabubabad,WARANGAL, 
State Bank Of India,S5NL020101623,17.688858,77.626746,TELANGANA,Sangareddy,Zaheerabad, 
State Bank Of India,S5NE006629621,17.68982,78.36548,TELANGANA,Sangareddy,MEDAK,502313
Kotak Mahindra Bank Limited,TLBN9248,17.69,80.87,TELANGANA,Bhadradri Kothagudem,Kothagudem,507101
State Bank Of India,T1BS020165028,17.690092,80.867566,TELANGANA,Bhadradri Kothagudem,SARAPAKA, 
HDFC Bank Ltd,P3ENHE39,17.690533,80.866822,TELANGANA,Bhadradri Kothagudem,BHADRACHALAM, 
Union Bank Of India,CBTW139001,17.69166,77.58524,TELANGANA,Sangareddy,MEDAK,502220
Axis Bank Ltd,BPRH117802,17.69192,77.61429,TELANGANA,Sangareddy,HYDERABAD, 
State Bank Of India,T1BS020148210,17.693139,79.700399,TELANGANA,Warangal,THORUR, 
State Bank Of India,T1NW020152010,17.694591,79.881758,TELANGANA,Mahabubabad,KESAMUDRAM, 
State Bank Of India,S5NL020156622,17.694755,79.889998,TELANGANA,Mahabubabad,KESAMUDRAM, 
State Bank Of India,T1BW020152015,17.694805,79.874768,TELANGANA,Mahabubabad,Warangal, 
Indian Bank,S1NK0341,17.69819,80.80602,TELANGANA,Bhadradri Kothagudem,KHAMMAM,507003
State Bank Of India,S5NE006113621,17.69878,80.85668,TELANGANA,Bhadradri Kothagudem,KHAMMAM,507128
State Bank Of India,T1BW020165020,17.698792,80.854528,TELANGANA,Bhadradri Kothagudem,Khammam (Urban), 
Canara Bank,A3412001,17.699,77.5107,TELANGANA,Sangareddy,CHIRAGPALLY,502221
Indian Bank,S1NY0091,17.7,80.56226,TELANGANA,Bhadradri Kothagudem,KHAMMAM,507002
Canara Bank,A3411001,17.7015,77.5333,TELANGANA,Sangareddy,SATWAR,502221
Union Bank Of India,N2444002,17.7022,79.2659,TELANGANA,Jangoan,HANAMKONDA,506001
State Bank Of India,S5NL021370621,17.702305,80.853828,TELANGANA,Bhadradri Kothagudem,KOTHAGUDEM, 
State Bank Of India,S5NL006113623,17.702341,80.853753,TELANGANA,Bhadradri Kothagudem,KOTHAGUDEM, 
State Bank Of India,S5NL006113622,17.702453,80.853968,TELANGANA,Bhadradri Kothagudem,KOTHAGUDEM, 
ICICI Bank Ltd,SACWG837,17.704853,78.610284,TELANGANA,Siddipet,MULUG, 
State Bank Of India,S1BW020475001,17.705336,79.606984,TELANGANA,Warangal,RAIPARTHY, 
Axis Bank Ltd,BPCN138208,17.709569,78.210989,TELANGANA,Sangareddy,MEDAK, 
State Bank Of India,S5NL012905621,17.713609,79.158146,TELANGANA,Jangoan,KARIMNAGAR, 
State Bank Of India,S5NL021371621,17.715589,79.167193,TELANGANA,Jangoan,Jangaon, 
State Bank Of India,S1NW021891001,17.71592,78.092365,TELANGANA,Sangareddy,Sangareddy, 
Lakshmi Vilas Bank Ltd,03280954,17.716469,79.15916,TELANGANA,Jangoan,Warangal, 
State Bank Of India,S5BC017495622,17.71707,79.160615,TELANGANA,Jangoan,JANGAON,506167
Union Bank Of India,COBD299701,17.71784,79.16586,TELANGANA,Jangoan,WARANGAL,506167
HDFC Bank Ltd,S1AWTN10,17.718,79.1621,TELANGANA,Jangoan,Jangaon,NULL
HDFC Bank Ltd,S1ANJG60,17.718,79.1621,TELANGANA,Jangoan,Jangaon,NULL
Axis Bank Ltd,TPCN12352,17.71908,79.16284,TELANGANA,Jangoan,0,0
State Bank Of India,S1BB020151001,17.719666,79.159454,TELANGANA,Jangoan,JANGAON, 
State Bank Of India,S1BW020151005,17.71967,79.159423,TELANGANA,Jangoan,JANGAON, 
State Bank Of India,S5NE020151621,17.719679,79.159392,TELANGANA,Jangoan,JANGAON, 
ICICI Bank Ltd,S1VDB991,17.71976602,79.16550159,TELANGANA,Jangoan,Jangaon, 
ICICI Bank Ltd,S1VDK578,17.719766,79.165504,TELANGANA,Jangoan, , 
State Bank Of India,T1BF020173006,17.7198,79.159572,TELANGANA,Jangoan,JANAGOAN, 
Union Bank Of India,W0261002,17.7202,79.156,TELANGANA,Jangoan,JANGAON,506167
Union Bank Of India,H0261101,17.7202,79.156,TELANGANA,Jangoan,JANGAON,506167
State Bank Of India,S1BW004715001,17.72022,79.15525,TELANGANA,Jangoan,WARANGAL,506168
State Bank Of India,S5NE004715621,17.72356,79.16121,TELANGANA,Jangoan,WARANGAL,506167
Canara Bank,13286910,17.72531,79.15203,TELANGANA,Jangoan,NAWABPET(JANAGAON,506167
State Bank Of India,S5NC021371622,17.725584,79.151276,TELANGANA,Jangoan,JANAGOAN, 
State Bank Of India,S1NW020105004,17.725887,78.254727,TELANGANA,Medak,MEDAK, 
Union Bank Of India,N0261003,17.7259,79.1527,TELANGANA,Jangoan,JANGAON,506167
State Bank Of India,T1NW020165018,17.728235,78.486886,TELANGANA,Medak,"BHAGATSINGH NAGAR, MANUGURU", 
State Bank Of India,T1BS020148216,17.729,78.565479,TELANGANA,Siddipet,MULUGU, 
State Bank Of India,S1BW017495001,17.73225,79.15811,TELANGANA,Jangoan,WARANGAL,506168
Canara Bank,A3400001,17.736,77.5949,TELANGANA,Sangareddy,KOTHUR,502228
State Bank Of India,S1BW004720002,17.73611,78.28333,TELANGANA,Medak,MEDAK,502313
State Bank Of India,S1NG007882001,17.737747,78.638722,TELANGANA,Siddipet,MULUG, 
Union Bank Of India,L1733001,17.7379,78.2731,TELANGANA,Medak,NARSAPUR,502313
Union Bank Of India,H1733101,17.7379,78.2731,TELANGANA,Medak,NARSAPUR,502313
ICICI Bank Ltd,SPCNL196,17.738334,78.483215,TELANGANA,Medak, , 
ICICI Bank Ltd,SECNG144,17.7384474,78.282801,TELANGANA,Medak,NARSAPUR, 
Axis Bank Ltd,BPCN138207,17.7386917,78.2829833,TELANGANA,Medak,0,502313
State Bank Of India,S1NG020105001,17.740109,78.282635,TELANGANA,Medak,NARSAPUR, 
State Bank Of India,S5NE004720621,17.74092,78.28128,TELANGANA,Medak,MEDAK,502313
State Bank Of India,S1BG020105003,17.742076,78.284918,TELANGANA,Medak,NARSAPUR, 
State Bank Of India,S1BW020675001,17.742366,78.166699,TELANGANA,Sangareddy,HATHNOORA, 
State Bank Of India,T1NS020098012,17.742893,78.277021,TELANGANA,Medak,NARSAPUR, 
Union Bank Of India,K1733102,17.742983,78.280451,TELANGANA,Medak,NIZAMABAD, 
Central Bank Of India,D11D180811,17.74585,79.30994,TELANGANA,Jangoan, ,506244
State Bank Of India,S1BW020709001,17.75475,80.436729,TELANGANA,Bhadradri Kothagudem,KACHANAPALLI, 
State Bank Of India,T1NH020100016,17.756941,78.810881,TELANGANA,Siddipet,JAGDEVPUR, 
Canara Bank,A3408001,17.7575,77.6822,TELANGANA,Sangareddy,BARDIPUR,502246
State Bank Of India,S5NL006529621,17.75773,79.254371,TELANGANA,Jangoan,RAGHUNATHPALL, 
State Bank Of India,S1BW003478003,17.760513,77.860083,TELANGANA,Sangareddy,SANGAREDDY, 
Union Bank Of India,L1944001,17.7611,78.7548,TELANGANA,Siddipet,ERRAVALLI CHOWRASTHA,509125
Canara Bank,A3402001,17.7638,77.7123,TELANGANA,Sangareddy,JARASANGAM,502246
State Bank Of India,T1NW020100024,17.765825,78.80691,TELANGANA,Siddipet,JAGDEVPUR, 
State Bank Of India,S1BB004698002,17.7683,78.8063,TELANGANA,Siddipet,Medak,502281
Bank Of Baroda,1FDWAR04,17.76856,79.48586,TELANGANA,Jangoan,WARANGAL,506316
Indian Overseas Bank,IOB9807,17.769321,80.499385,TELANGANA,Bhadradri Kothagudem,KOTHAGUDEM,0
Union Bank Of India,W0375001,17.770599,80.832199,TELANGANA,Bhadradri Kothagudem, , 
State Bank Of India,S5NL020303621,17.77418,79.577249,TELANGANA,Warangal,WARDHANNAPET, 
Bank Of Baroda,1FDRGR20,17.77511,78.621,TELANGANA,Siddipet,0,502271
State Bank Of India,S1NG004821002,17.776563,78.618228,TELANGANA,Siddipet,WARGAL, 
State Bank Of India,T1NS000916251,17.776808,78.618365,TELANGANA,Siddipet,WARGAL, 
Indian Overseas Bank,IOB5982,17.779274,79.549104,TELANGANA,Warangal,LAIBARTHY,0
Axis Bank Ltd,TPCN138202,17.782257,78.046339,TELANGANA,Sangareddy,0,502001
State Bank Of India,T1NS020148177,17.784057,79.252768,TELANGANA,Jangoan,WARANGAL, 
Indian Bank,S1WS0631,17.785359,78.370001,TELANGANA,Medak,SHIVAMPET,502334
State Bank Of India,S5NE007082621,17.7892,79.0391,TELANGANA,Jangoan,WARANGAL,506223
State Bank Of India,T1NS020148150,17.790025,79.795524,TELANGANA,Warangal,NEKKONDA, 
Union Bank Of India,W2516001,17.7941,79.5951,TELANGANA,Warangal,ELLENDA,506313
Union Bank Of India,W2866001,17.7942,79.6376,TELANGANA,Warangal,NALLABELLY,506349
Union Bank Of India,W2972001,17.7952,79.8022,TELANGANA,Warangal, , 
State Bank Of India,S5NL020315621,17.798398,79.801838,TELANGANA,Warangal,NEKKONDA, 
Union Bank Of India,W0163003,17.7995,79.9788,TELANGANA,Mahabubabad,GUDUR,506134
Union Bank Of India,H0163101,17.7995,79.9788,TELANGANA,Mahabubabad,GUDUR,506134
Axis Bank Ltd,BPRH261101,17.80084,79.167839,TELANGANA,Jangoan,JANGAON, 
Union Bank Of India,W0796001,17.8158,78.4195,TELANGANA,Medak,DONTI,502334
Indian Overseas Bank,IOB8805,17.817415,79.177426,TELANGANA,Jangoan,JANGAON,0
State Bank Of India,T1NW020165010,17.829165,80.823765,TELANGANA,Bhadradri Kothagudem,ASWAPURAM KHAMMAM, 
State Bank Of India,S5NC020960621,17.83028,80.831711,TELANGANA,Bhadradri Kothagudem,MANUGURU, 
State Bank Of India,S5NL020566622,17.830529,80.83002,TELANGANA,Bhadradri Kothagudem,ASWAPURAM, 
State Bank Of India,T1NW020165015,17.830545,80.819784,TELANGANA,Bhadradri Kothagudem,"ASWAPURAM, KHAMMAM", 
State Bank Of India,S5NL020960622,17.830638,80.830586,TELANGANA,Bhadradri Kothagudem,MANUGURU, 
State Bank Of India,S5NL020566623,17.830775,80.83002,TELANGANA,Bhadradri Kothagudem,ASWAPURAM, 
Union Bank Of India,W1568001,17.8325,78.0722,TELANGANA,Sangareddy,MEDAK,502270
State Bank Of India,S1BJ011985001,17.8325,78.07222,TELANGANA,Sangareddy,MEDAK,502270
State Bank Of India,S1BG003729001,17.832985,78.072066,TELANGANA,Sangareddy,JOGIPET, 
Bank Of Baroda,1FDMDK04,17.833333,78.066667,TELANGANA,Sangareddy,JOGIPET,502270
State Bank Of India,T1NS020100023,17.83342,78.704718,TELANGANA,Siddipet,SIDDIPET, 
State Bank Of India,T1NH020107025,17.833614,78.071286,TELANGANA,Sangareddy,JOGIPET, 
Axis Bank Ltd,BPCN259204,17.8344,78.47665,TELANGANA,Medak,TUPRAN, 
State Bank Of India,T1NH020100029,17.834795,78.700359,TELANGANA,Siddipet,Gajwel, 
State Bank Of India,T1NH020107024,17.835575,78.0712,TELANGANA,Sangareddy,JOGIPET, 
State Bank Of India,T1BS020107029,17.835817,78.070838,TELANGANA,Sangareddy,MEDAK, 
State Bank Of India,S5NL006649622,17.836025,78.477009,TELANGANA,Medak,TUPRAN, 
HDFC Bank Ltd,S1AWMK01,17.8361,78.0713,TELANGANA,Sangareddy,Jogipet,NULL
Union Bank Of India,L1574001,17.8389,78.6948,TELANGANA,Siddipet,GAJWEL,502278
Union Bank Of India,H1574101,17.8389,78.6948,TELANGANA,Siddipet,GAJWEL,502278
State Bank Of India,T1NH020100018,17.839247,78.680448,TELANGANA,Siddipet,GAJWEL, 
State Bank Of India,S1NB006221003,17.839348,78.692145,TELANGANA,Siddipet,GAJWEL, 
State Bank Of India,S5NL020102622,17.84001,78.690893,TELANGANA,Siddipet,GAJWEL, 
State Bank Of India,S1BW020695001,17.841188,80.914179,TELANGANA,Bhadradri Kothagudem,LAXMINAGARAM, 
Canara Bank,41745567,17.84256,78.6867,TELANGANA,Siddipet,GAJWEL,502278
Union Bank Of India,COBA010801,17.844175,78.477545,TELANGANA,Medak,Toopran, 
Punjab National Bank,N1994700,17.84502,78.68176,TELANGANA,Siddipet,GAJWAL,502277
Union Bank Of India,H1482101,17.8451,78.4761,TELANGANA,Medak,MEDAK,502334
IDBI Bank Ltd,ID134611,17.84516,78.68183,TELANGANA,Siddipet,Medak,502278
State Bank Of India,T1NW020100030,17.845818,78.6804,TELANGANA,Siddipet,GAJWEL, 
State Bank Of India,S5NE020102621,17.847017,78.681869,TELANGANA,Siddipet,GAJWEL, 
Union Bank Of India,N2958001,17.8471,79.3972,TELANGANA,Jangoan,STATION GHANPUR,506144
State Bank Of India,T1BS020098019,17.847526,78.47763,TELANGANA,Medak,MEDAK, 
State Bank Of India,S5NC003729621,17.85198,78.05374,TELANGANA,Sangareddy,MEDAK,502270
IDBI Bank Ltd,TC134601,17.85222,77.67265,TELANGANA,Sangareddy,Medak,502311
State Bank Of India,T1BF020148238,17.853729,79.376157,TELANGANA,Jangoan,Station Ghanapur, 
ICICI Bank Ltd,SACWN906,17.854787,77.669868,TELANGANA,Sangareddy, , 
State Bank Of India,T1NS020098011,17.854877,78.477126,TELANGANA,Medak,TOOPRAN, 
IDBI Bank Ltd,ID021001,17.85536,79.41948,TELANGANA,Jangoan,Warangal,506001
Axis Bank Ltd,BPCN123512,17.8565617,79.373275,TELANGANA,Jangoan,0,506143
Indian Bank,S1AS2651,17.85699,78.28503,TELANGANA,Medak,MEDAK,502001
State Bank Of India,T1NF020148174,17.857024,79.371534,TELANGANA,Jangoan,WARANGAL, 
State Bank Of India,S5NE006221621,17.85721,78.67584,TELANGANA,Siddipet,MEDAK,502278
Axis Bank Ltd,BPCN179718,17.857749,78.841599,TELANGANA,Siddipet,GAJWEL, 
State Bank Of India,S5NL020447621,17.866078,78.76079,TELANGANA,Siddipet,SIDDIPET, 
Bank Of Baroda,1VW419001,17.874493,78.305683,TELANGANA,Medak,MANGALPARTHY,502109
State Bank Of India,S5NL021352621,17.881391,79.869889,TELANGANA,Warangal,CHENNARAOPET, 
Central Bank Of India,SCRD16441S,17.881409,78.367159,TELANGANA,Medak,YELDURTHY, 
State Bank Of India,T1BS020173005,17.884244,79.162123,TELANGANA,Jangoan,WARANGAL, 
Union Bank Of India,W0549002,17.8852,79.7112,TELANGANA,Warangal,SANGAM,506330
Union Bank Of India,H0549101,17.8852,79.7112,TELANGANA,Warangal,SANGAM,506330
Bank Of Baroda,1FDWAR03,17.886111,79.161111,TELANGANA,Jangoan,NARMETTA,506167
State Bank Of India,S1BW006633001,17.88649,77.84843,TELANGANA,Sangareddy,MEDAK,502269
Union Bank Of India,N2664002,17.8888,79.403,TELANGANA,Jangoan,CHINNAPENDYALA KARUNAPURAM,506144
Punjab National Bank,WC172401,17.889312,79.601173,TELANGANA,Warangal, , 
IDBI Bank Ltd,ID168201,17.89041,79.57878,TELANGANA,Hanumakonda,Warangal,506167
State Bank Of India,T1BS020100039,17.894202,78.797613,TELANGANA,Siddipet,SIDDIPET, 
State Bank Of India,S1NG006630001,17.899518,78.205833,TELANGANA,Medak,KOWDIPALLE, 
Canara Bank,13200050,17.901666,78.438643,TELANGANA,Medak, , 
IDBI Bank Ltd,ID134601,17.90259,77.93083,TELANGANA,Medak,Medak,502311
State Bank Of India,S5NL020514623,17.911019,80.796056,TELANGANA,Bhadradri Kothagudem,MANUGURU, 
State Bank Of India,S5NE021816621,17.91108,80.795914,TELANGANA,Bhadradri Kothagudem,KHAMMAM, 
State Bank Of India,S5NC020160622,17.911188,80.799595,TELANGANA,Bhadradri Kothagudem,KOTHAGUDEM, 
Union Bank Of India,N0853004,17.911199,80.798199,TELANGANA,Bhadradri Kothagudem, , 
Canara Bank,0621W004,18.003676,79.578453,TELANGANA,Hanumakonda, , 
State Bank Of India,T1BS020148209,17.915229,78.26024,TELANGANA,Medak,OLGAPUR DHARMARAM, 
Indian Overseas Bank,IOB5978,17.91593,79.588436,TELANGANA,Warangal,MAMNOOR,0
State Bank Of India,T1NS020148097,17.919528,79.575033,TELANGANA,Warangal,WARANGAL, 
Axis Bank Ltd,CWCW29229,17.920559,79.59619,TELANGANA,Warangal,WARANGAL, 
State Bank Of India,S1BW007082002,17.92189,78.97234,TELANGANA,Siddipet,WARANGAL,506223
State Bank Of India,S5NL020153622,17.921933,78.972193,TELANGANA,Siddipet,CHERIAL, 
State Bank Of India,S1BW020153003,17.922021,78.9724,TELANGANA,Siddipet,CHERIYAL, 
Union Bank Of India,WHYD62681111111,17.92227,79.53707,TELANGANA,Hanumakonda,Warangal,506003
State Bank Of India,T1BS020100037,17.925744,78.964436,TELANGANA,Siddipet,CHERIAL, 
Union Bank Of India,H2049101,17.9225,78.971,TELANGANA,Siddipet,CHERIAL,506223
Union Bank Of India,W2049001,17.9225,78.971,TELANGANA,Siddipet,CHERIAL,506223
State Bank Of India,T1BS020148221,17.922713,79.884932,TELANGANA,Warangal,WARANGAL, 
State Bank Of India,T1BS020148223,17.922843,79.888371,TELANGANA,Warangal,NARSAMPET, 
Union Bank Of India,W0395002,17.9234,79.8881,TELANGANA,Warangal,WARANGAL,506132
Union Bank Of India,H0395101,17.9234,79.8881,TELANGANA,Warangal,WARANGAL,506132
State Bank Of India,T1BS020100042,17.924105,78.968547,TELANGANA,Siddipet,SIDDIPET, 
HDFC Bank Ltd,S1ANNS73,17.9245,79.8861,TELANGANA,Warangal,Narasampet,NULL
State Bank Of India,S5NL020158622,17.92601,79.887434,TELANGANA,Warangal,Narsampet, 
Union Bank Of India,W0395003,17.9267,79.888,TELANGANA,Warangal,WARANGAL,506132
Union Bank Of India,N0395004,17.9267,79.888,TELANGANA,Warangal,WARANGAL,506132
ICICI Bank Ltd,S1CNP950,17.927797,79.889038,TELANGANA,Warangal, , 
State Bank Of India,S5NE013325621,17.927984,80.816231,TELANGANA,Bhadradri Kothagudem,MANUGURU, 
State Bank Of India,S1BW020514007,17.928964,80.814171,TELANGANA,Bhadradri Kothagudem,MANUGURU, 
State Bank Of India,T1NS020100020,17.929296,78.964091,TELANGANA,Siddipet,SIDDIPET, 
ICICI Bank Ltd,SPCNF427,17.929637,78.895736,TELANGANA,Siddipet, , 
Kotak Mahindra Bank Limited,NSBN1759,17.9303149,79.8949301,TELANGANA,Warangal,Narasampet,505132
ICICI Bank Ltd,S1VD6737,17.930637,79.893234,TELANGANA,Warangal, , 
Union Bank Of India,H0853101,17.941999,80.8106,TELANGANA,Bhadradri Kothagudem, , 
State Bank Of India,S5NL020514624,17.930951,80.8129,TELANGANA,Bhadradri Kothagudem,MANUGURU, 
Canara Bank,A3413001,17.932,78.145,TELANGANA,Medak,POTHANSETTYPALLY,502109
State Bank Of India,T1BS020148222,17.933601,79.896175,TELANGANA,Warangal,WARANGAL, 
ICICI Bank Ltd,SACWG757,17.934796,78.449083,TELANGANA,Medak,Medak, 
State Bank Of India,S1BW005876001,17.935356,79.890065,TELANGANA,Warangal,Narsampet, 
IDBI Bank Ltd,ID163801,17.93572,79.41412,TELANGANA,Hanumakonda,Warangal,506151
State Bank Of India,T1NS020148171,17.940089,79.598923,TELANGANA,Warangal,WARANGAL, 
State Bank Of India,S5NE020158621,17.940256,79.917789,TELANGANA,Warangal,Narasmper, 
Union Bank Of India,W0853003,17.940529,80.816669,TELANGANA,Bhadradri Kothagudem, , 
Canara Bank,66230872,18.01899,79.552277,TELANGANA,Hanumakonda, , 
Union Bank Of India,W1382001,17.9424,79.5917,TELANGANA,Warangal,WARANGAL,506005
Union Bank Of India,H1382101,17.9424,79.5917,TELANGANA,Warangal,WARANGAL,506005
Union Bank Of India,COBD030201,17.943841,79.701802,TELANGANA,Warangal, , 
State Bank Of India,S5NE020153621,17.944811,78.990012,TELANGANA,Siddipet,Cheriyal, 
State Bank Of India,T1BS020165024,17.94484,80.813529,TELANGANA,Bhadradri Kothagudem,Kothagudem, 
Axis Bank Ltd,CPRH29202,17.948729,79.599469,TELANGANA,Warangal,SAMUNIPET, 
Axis Bank Ltd,SPCN29205,17.948734,79.599469,TELANGANA,Warangal,0,506005
Central Bank Of India,SCRH12221S,17.97299,79.60546,TELANGANA,Warangal,HANAMKONDA, 
Canara Bank,A3405001,17.9553,78.1989,TELANGANA,Medak,KULCHARAM,502381
State Bank Of India,T1NS020148198,17.955345,79.593714,TELANGANA,Warangal,Warangal, 
State Bank Of India,T1NS020148085,17.95672,79.603618,TELANGANA,Warangal,WARANGAL, 
State Bank Of India,T1NF020148136,17.956924,79.605313,TELANGANA,Warangal,WARANGAL, 
State Bank Of India,S1BW005650001,17.96003,77.92664,TELANGANA,Medak,MEDAK,502269
Axis Bank Ltd,APCN29220,17.9611783,79.6007983,TELANGANA,Warangal,0,506002
Union Bank Of India,W0923001,17.9613,79.6968,TELANGANA,Warangal,GEESUKONDA,506330
State Bank Of India,T1BS020148207,17.96281,79.60461,TELANGANA,Warangal,WAANGAL, 
State Bank Of India,T1BS020148206,17.962869,79.604599,TELANGANA,Warangal,Warangal, 
ICICI Bank Ltd,SCVDJ964,17.962968,79.484428,TELANGANA,Hanumakonda, , 
State Bank Of India,T1BF020148204,17.964342,79.591009,TELANGANA,Warangal,Warangal, 
Union Bank Of India,W2431001,17.9645,79.6974,TELANGANA,Warangal,KOMMALA,506131
State Bank Of India,T1NS020148190,17.964667,79.48069,TELANGANA,Hanumakonda,Hanamkonda, 
State Bank Of India,S1NB004722001,17.966925,78.462598,TELANGANA,Medak,CHEGUNTA, 
ICICI Bank Ltd,SACWG756,17.967331,78.462849,TELANGANA,Medak,CHEGUNTA, 
State Bank Of India,S5NE020777621,17.967684,79.607185,TELANGANA,Warangal,WARANGAL, 
State Bank Of India,S5NE020801621,17.968152,79.59614,TELANGANA,Warangal,Warangal, 
Union Bank Of India,N1828002,17.9682,79.4922,TELANGANA,Hanumakonda,MADIKONDA,506142
Union Bank Of India,W0630003,17.9683,79.5943,TELANGANA,Warangal,WARANGAL,506002
Union Bank Of India,H0630101,17.9683,79.5943,TELANGANA,Warangal,WARANGAL,506002
Bank Of India,AHY8054,17.968888,79.593887,TELANGANA,Warangal,WARANGAL, 
Bank Of India,CHY8018,17.968888,79.593887,TELANGANA,Warangal,WARANGAL, 
IDBI Bank Ltd,ID021011,17.9689,79.59405,TELANGANA,Warangal,Warangal,506332
Indian Overseas Bank,IOB6276,17.968901,79.594054,TELANGANA,Warangal,PARVATHAGIRI,0
Indian Overseas Bank,IOB7483,17.968901,79.594054,TELANGANA,Warangal,WARANGAL,506331
Punjab National Bank,N1911500,17.968901,79.594054,TELANGANA,Warangal,WARANGLE, 
Canara Bank,13276158,17.969175,79.494989,TELANGANA,Hanumakonda, , 
State Bank Of India,T1NS020148184,17.969276,79.492026,TELANGANA,Hanumakonda,WARANGAL, 
State Bank Of India,T1NS020148075,17.969357,79.493013,TELANGANA,Hanumakonda,WARANGAL, 
Indian Bank,S1C030821,17.9694,79.5008,TELANGANA,Hanumakonda, , 
State Bank Of India,T1NF020148091,17.970014,79.499906,TELANGANA,Hanumakonda,KAJIPET, 
State Bank Of India,S5NE004722621,17.97028,78.46194,TELANGANA,Medak,MEDAK,502255
State Bank Of India,S1BJ013331001,17.970434,79.59867,TELANGANA,Warangal,HANUMAKONDA, 
State Bank Of India,T1NS020148100,17.9705,79.492928,TELANGANA,Hanumakonda,HANMKONDA, 
Axis Bank Ltd,APCN29208,17.97055,79.58106,TELANGANA,Warangal,0,0
State Bank Of India,S5NE013331621,17.97098,79.60103,TELANGANA,Warangal,WARANGAL,506002
Union Bank Of India,H1704101,17.971,78.4643,TELANGANA,Medak,MEDAK,502255
Canara Bank,64870894,17.971147,79.620982,TELANGANA,Warangal, , 
State Bank Of India,T1NS020148099,17.971194,79.49164,TELANGANA,Hanumakonda,WARANGAL, 
State Bank Of India,T1NS020148095,17.971334,79.62316,TELANGANA,Warangal,HANAMKONDA, 
State Bank Of India,T1NS020148183,17.971521,79.601768,TELANGANA,Warangal,WARANGAL, 
State Bank Of India,T1BS020098016,17.97204,78.462166,TELANGANA,Medak,MEDAK, 
Axis Bank Ltd,APCN29225,17.9721317,79.60138,TELANGANA,Warangal,0,506002
HDFC Bank Ltd,P3DCWR02,17.9722,79.6003,TELANGANA,Warangal,Warangal,NULL
Bank Of Baroda,1FDWAR07,17.972245,79.600214,TELANGANA,Warangal,WARANGAL,506002
Bank Of Baroda,1RDWWAR02,17.97225,79.60021,TELANGANA,Warangal,INOLE,506310
Kotak Mahindra Bank Limited,WABD2331,17.972369,79.503449,TELANGANA,Hanumakonda,Warangal, 
Bank Of Baroda,1CRHTSWR01,17.97237,79.50345,TELANGANA,Hanumakonda,WARANGAL,506003
Karur Vysya Bank Ltd,S1AC0482702,17.972646,79.503956,TELANGANA,Hanumakonda,KAZIPET,506003
Bank Of India,STS8037,17.972665,79.618918,TELANGANA,Warangal,WARANGAL, 
State Bank Of India,T1BF020148005,17.972759,79.601336,TELANGANA,Warangal,WARANGAL, 
State Bank Of India,S5NE022078621,17.973018,79.583434,TELANGANA,Warangal,Warangal, 
State Bank Of India,T1NS020148125,17.973211,79.499949,TELANGANA,Hanumakonda,KAZIPET, 
State Bank Of India,S1BG020148011,17.973499,79.605352,TELANGANA,Warangal,HANAMKONDA, 
Central Bank Of India,SCDD08191S,17.973509,79.593199,TELANGANA,Warangal,WARANGAL, 
HDFC Bank Ltd,P3DCWG02,17.973918,79.602371,TELANGANA,Warangal, , 
HDFC Bank Ltd,P3ENWL79,17.9746,79.60758,TELANGANA,Warangal, , 
State Bank Of India,T1BS020148208,17.974744,79.59398,TELANGANA,Warangal,Warangal, 
Union Bank Of India,H0661101,17.9748,78.8578,TELANGANA,Siddipet,KONDAPAKA,502227
Canara Bank,A3600001,17.97485,79.60072,TELANGANA,Warangal,WARANGAL,506002
HDFC Bank Ltd,P1ENWA01,17.975,79.5075,TELANGANA,Hanumakonda,Warangal,NULL
Karnataka Bank Ltd,KBNA8260,17.975,79.599399,TELANGANA,Warangal,Warangal, 
Karnataka Bank Ltd,KBL19094,17.975,79.599399,TELANGANA,Warangal,Warrangal, 
Karnataka Bank Ltd,KBL04024,17.975,79.5994,TELANGANA,Warangal,Warangal,506002
State Bank Of India,T1NF020148143,17.975025,79.619821,TELANGANA,Warangal,WARANGAL, 
Canara Bank,8783057,17.975056,79.599672,TELANGANA,Warangal, , 
DCB bank Ltd,DCB01504,17.975056,79.599672,TELANGANA,Warangal, , 
DCB bank Ltd,DCB01501,17.975187,79.60304,TELANGANA,Warangal, , 
State Bank Of India,T1NF020148134,17.975244,79.600773,TELANGANA,Warangal,WARANGAL, 
State Bank Of India,T1NF020148135,17.975244,79.600901,TELANGANA,Warangal,WARANGAL, 
Canara Bank,6211690,17.975647,79.6001,TELANGANA,Warangal, , 
Canara Bank,66691054,17.975647,79.6001,TELANGANA,Warangal, , 
Canara Bank,0621W007,17.975649,79.600099,TELANGANA,Warangal, , 
Canara Bank,0621W006,17.975649,79.600099,TELANGANA,Warangal, , 
State Bank Of India,T1NF020148156,17.975651,79.615525,TELANGANA,Warangal,WARANGAL, 
Lakshmi Vilas Bank Ltd,002DM342,17.975709,0.0,TELANGANA,Hanumakonda, , 
ICICI Bank Ltd,SACWN820,17.975748,79.61193,TELANGANA,Warangal, , 
HDFC Bank Ltd,P3ENWL80,17.975864,79.600953,TELANGANA,Warangal,WARANGAL, 
State Bank Of India,T1NF020148104,17.976556,79.595517,TELANGANA,Warangal,WARANGAL, 
Union Bank Of India,N0630004,17.9766,79.5986,TELANGANA,Warangal,WARANGAL,506002
Canara Bank,0621W002,17.976929,79.610717,TELANGANA,Warangal, , 
Axis Bank Ltd,CWAW29204,17.97694,79.59839,TELANGANA,Warangal,0,0
Kotak Mahindra Bank Limited,WABN2002,17.977162,79.598496,TELANGANA,Warangal,Warangal, 
Lakshmi Vilas Bank Ltd,001DM090,17.97728,0.0,TELANGANA,Warangal, , 
State Bank Of India,T1BF020148237,17.977319,79.534678,TELANGANA,Hanumakonda,KHAZIPET, 
Central Bank Of India,SCDD39691S,17.977349,79.615119,TELANGANA,Warangal,AZ Mills, 
Union Bank Of India,W0299003,17.9774,79.5111,TELANGANA,Hanumakonda,WARANGAL,506003
Union Bank Of India,H0299101,17.9774,79.5111,TELANGANA,Hanumakonda,WARANGAL,506003
ICICI Bank Ltd,SACWC725,17.97775,79.510398,TELANGANA,Hanumakonda, , 
ICICI Bank Ltd,SACWH191,17.97775,79.510398,TELANGANA,Hanumakonda, , 
City Union Bank Ltd,CUB01175,17.978006,79.596065,TELANGANA,Warangal,Warangal,506002
City Union Bank Ltd,CUB01128,17.978006,79.596065,TELANGANA,Warangal,SALEM,637101
Bank Of Baroda,1FDWAR05,17.9780416,79.5122869,TELANGANA,Hanumakonda,KADIPIKONDA,506003
Karur Vysya Bank Ltd,S1AC0482701,17.978377,79.508316,TELANGANA,Hanumakonda,KAZIPET,506003
Axis Bank Ltd,SPCN2927,17.97838,79.51281,TELANGANA,Hanumakonda,0,0
State Bank Of India,T1NS020148073,17.978576,79.621753,TELANGANA,Warangal,WARANGAL, 
Axis Bank Ltd,APCN29223,17.978675,79.6059317,TELANGANA,Warangal,0,506002
State Bank Of India,T1NF020148186,17.979185,79.606462,TELANGANA,Warangal,Warangal, 
State Bank Of India,S5NE020913621,17.979334,79.513001,TELANGANA,Hanumakonda,Warangal, 
ICICI Bank Ltd,S1VD7253,17.980023,79.601502,TELANGANA,Warangal,Warangal, 
Union Bank Of India,W0573001,17.9802,78.0293,TELANGANA,Medak,TEKMAL,502302
State Bank Of India,S5NL020148621,17.98037,79.601386,TELANGANA,Warangal,WARANGAL, 
Karur Vysya Bank Ltd,S1AC0141503,17.98061167,79.60794,TELANGANA,Warangal,WARANGAL,506002
State Bank Of India,S1NW020148072,17.980697,79.601386,TELANGANA,Warangal,WARANGAL, 
ICICI Bank Ltd,S1CNI842,17.9808,79.598899,TELANGANA,Warangal, , 
ICICI Bank Ltd,S1VD7248,17.9808,79.598899,TELANGANA,Warangal, , 
ICICI Bank Ltd,S1CNE324,17.9808,79.598899,TELANGANA,Warangal, , 
Canara Bank,0621W008,17.980826,79.596585,TELANGANA,Warangal, , 
State Bank Of India,S1NZ020148049,17.980976,79.607564,TELANGANA,Warangal,NARSAMPET, 
HDFC Bank Ltd,P3DCWG01,17.980989,79.607649,TELANGANA,Warangal, , 
State Bank Of India,S5NL005876622,17.980995,79.607543,TELANGANA,Warangal,NARSAMPET, 
Union Bank Of India,COBW018440,17.980996,79.598816,TELANGANA,Warangal, , 
HDFC Bank Ltd,S1ACWG01,17.9811,79.5988,TELANGANA,Warangal,Warangal,NULL
HDFC Bank Ltd,S1AWWA01,17.9811,79.5989,TELANGANA,Warangal,Warangal,NULL
State Bank Of India,T1NF020148148,17.981117,79.598405,TELANGANA,Warangal,WARANGAL, 
ICICI Bank Ltd,SACWN821,17.98125,79.598823,TELANGANA,Warangal, , 
State Bank Of India,S1BW003478045,17.98131,77.73464,TELANGANA,Sangareddy,MEDAK,502286
State Bank Of India,T1NF020148105,17.981688,79.507802,TELANGANA,Hanumakonda,KAJIPET, 
State Bank Of India,S1NG020199001,17.981752,79.599113,TELANGANA,Warangal,Warangal, 
Axis Bank Ltd,APCN29221,17.9817683,79.6060867,TELANGANA,Warangal,0,506002
State Bank Of India,T1BS020148231,17.981976,79.610115,TELANGANA,Warangal,WARANGAL, 
State Bank Of India,S1NW020148071,17.982263,79.602221,TELANGANA,Warangal,WARANGAL, 
City Union Bank Ltd,CUBFI387,17.982276,79.598941,TELANGANA,Warangal,WARANGAL,506002
IDBI Bank Ltd,ID021012,17.98231,79.59895,TELANGANA,Warangal,Warangal,506002
Canara Bank,A3522001,17.982315,79.598951,TELANGANA,Warangal, , 
State Bank Of India,S1NG020148116,17.982345,79.595784,TELANGANA,Warangal,WARANGAL, 
State Bank Of India,T1NF020148108,17.982586,79.507588,TELANGANA,Hanumakonda,KAZIPET, 
City Union Bank Ltd,CUBFI720,17.982675,79.595327,TELANGANA,Warangal,WARRANGAL,506002
Canara Bank,0621W003,17.982708,79.599002,TELANGANA,Warangal, , 
State Bank Of India,S1NG020913004,17.982994,79.519052,TELANGANA,Hanumakonda,HANAMKONDA, 
Yes Bank Ltd,SWAPB353,17.98301,79.5995,TELANGANA,Warangal,Warangal, 
Union Bank Of India,DWRG00101111111,17.98307,79.59941,TELANGANA,Warangal,Warangal,506002
Karur Vysya Bank Ltd,S1AC0141502,17.983104,79.599187,TELANGANA,Warangal,WARANGAL,506002
State Bank Of India,S1NZ020148046,17.989618,79.61473,TELANGANA,Warangal,Warangal, 
Karur Vysya Bank Ltd,S1AC0141501,17.983104,79.599187,TELANGANA,Warangal,WARANGAL,506002
State Bank Of India,T1NF020148155,17.983161,79.593209,TELANGANA,Warangal,WARANGAL, 
State Bank Of India,T1NS020148074,17.983488,79.595956,TELANGANA,Warangal,WARANGAL, 
State Bank Of India,S1BG011984002,17.983942,79.609352,TELANGANA,Warangal,Hyderabad, 
Kotak Mahindra Bank Limited,WABN2735,17.98429,79.599484,TELANGANA,Warangal,Warangal, 
Union Bank Of India,H0094101,17.9845,79.522,TELANGANA,Hanumakonda,WARANGAL,506004
Union Bank Of India,N0094004,17.9845,79.522,TELANGANA,Hanumakonda,WARANGAL,506004
State Bank Of India,T1NF020148145,17.984631,79.59853,TELANGANA,Warangal,WARANGAL, 
State Bank Of India,S1NZ020148047,17.984752,79.601194,TELANGANA,Warangal,Warangal, 
Union Bank Of India,W0094003,17.98479,79.52305,TELANGANA,Hanumakonda,WARANGAL,506004
Union Bank Of India,W1560002,17.9848,79.5232,TELANGANA,Hanumakonda,WARANGAL,506004
Union Bank Of India,H1560101,17.9848,79.5232,TELANGANA,Hanumakonda,WARANGAL,506004
State Bank Of India,S1NZ020148045,17.984854,79.602031,TELANGANA,Warangal,Warangal, 
Axis Bank Ltd,AWCW29227,17.984889,79.610479,TELANGANA,Warangal,WARANGAL, 
Andhra Pradesh Grameena Vikas Bank,APGV511501,17.98521,79.599598,TELANGANA,Warangal,Kashibugga, 
Canara Bank,61543865,17.985286,79.593406,TELANGANA,Warangal, , 
Indian Bank,S1AW0042,17.985608,79.598618,TELANGANA,Warangal,WARANGAL,506002
State Bank Of India,T1NF020148123,17.9861,79.590806,TELANGANA,Warangal,WARANGAL, 
State Bank Of India,S1NW020148122,17.9861,79.596985,TELANGANA,Warangal,WARANGAL, 
State Bank Of India,T1NS020148181,17.986157,79.599794,TELANGANA,Warangal,WARANGAL, 
State Bank Of India,T1NS020148160,17.986203,79.613209,TELANGANA,Warangal,WARANGAL, 
State Bank Of India,S1BW006628001,17.98651,78.40217,TELANGANA,Medak,MEDAK,502248
State Bank Of India,S1NG020149001,17.986613,79.526015,TELANGANA,Hanumakonda,HANAMKONDA, 
State Bank Of India,T1BS020148228,17.986701,79.60371,TELANGANA,Warangal,HYDERABAD, 
IDBI Bank Ltd,ID021013,17.9868,79.54629,TELANGANA,Hanumakonda,Warangal,506001
State Bank Of India,S5NL020271621,17.986808,78.401883,TELANGANA,Medak,SHANKARAMPET, 
Punjab National Bank,TS1A228U,17.986974,79.602521,TELANGANA,Warangal,WARANGAL, 
State Bank Of India,T1NF020148193,17.987045,79.602044,TELANGANA,Warangal,NEKKONDA, 
State Bank Of India,T1NF020148194,17.987309,79.547475,TELANGANA,Hanumakonda,Warangal, 
Punjab National Bank,N2301600,17.987702,79.571943,TELANGANA,Hanumakonda,WARANGAL, 
Punjab National Bank,N1046800,17.98782,79.60122,TELANGANA,Warangal,WARANGAL,506002
State Bank Of India,S1NB020148113,17.987926,79.601158,TELANGANA,Warangal,WARANGAL, 
State Bank Of India,S1BW021108001,17.987954,79.602075,TELANGANA,Warangal,Warangal, 
State Bank Of India,T1BY020138012,17.987959,79.422175,TELANGANA,Hanumakonda,Karimnagar, 
State Bank Of India,T1NF020148147,17.98802,79.553481,TELANGANA,Hanumakonda,WARANGAL, 
State Bank Of India,T1BF020148236,17.988149,79.564705,TELANGANA,Hanumakonda,SHAYAMPET, 
State Bank Of India,S1NW020148117,17.988293,79.591856,TELANGANA,Warangal,HANAMKONDA, 
Punjab National Bank,WA099101,17.988392,79.601998,TELANGANA,Warangal, , 
Axis Bank Ltd,CWRO29204,17.988419,79.60036,TELANGANA,Warangal,WARANGAL, 
Axis Bank Ltd,CWCW29230,17.988419,79.60036,TELANGANA,Warangal,WARANGAL, 
State Bank Of India,T1NS020148180,17.988549,79.598187,TELANGANA,Warangal,WARANGAL, 
Union Bank Of India,N0760004,17.989,79.5986,TELANGANA,Warangal,WARANGAL,506012
ICICI Bank Ltd,S1CNP410,17.989099,79.596,TELANGANA,Warangal, , 
ICICI Bank Ltd,S1CWE554,17.989099,79.596,TELANGANA,Warangal, , 
Lakshmi Vilas Bank Ltd,002DM351,17.9893,0.0,TELANGANA,Warangal, , 
State Bank Of India,S5NL020148622,17.989366,79.593552,TELANGANA,Warangal,WARANGAL, 
HDFC Bank Ltd,S1AWTZ05,17.9894,79.599,TELANGANA,Warangal,Warangal,506002
State Bank Of India,T1NS020148164,17.989561,79.530869,TELANGANA,Hanumakonda,KAZIPETA, 
Bank Of India,CHY8042,17.990039,79.59599,TELANGANA,Warangal,WARANGAL, 
HDFC Bank Ltd,P3DCHK03,17.9901,79.5333,TELANGANA,Hanumakonda,Warangal,NULL
State Bank Of India,S1BB020148019,17.990107,79.533228,TELANGANA,Hanumakonda,Warangal, 
State Bank Of India,T1NF020148169,17.990345,79.600075,TELANGANA,Warangal,WARANGAL, 
Kotak Mahindra Bank Limited,WARBN415,17.990646,79.594121,TELANGANA,Warangal,Warangal,506002
State Bank Of India,S1BB020148024,17.991181,79.5951,TELANGANA,Warangal,Warangal, 
State Bank Of India,T1NF020148138,17.991377,79.603933,TELANGANA,Warangal,WARANGAL, 
State Bank Of India,T1NF020148187,17.991523,79.536506,TELANGANA,Hanumakonda,HANUMAKONDA, 
Axis Bank Ltd,DPRH330701,17.99172,79.535849,TELANGANA,Hanumakonda,WARANGAL, 
Union Bank Of India,N0206008,17.9919,79.557,TELANGANA,Hanumakonda,WARANGAL,506001
Union Bank Of India,W2147001,17.9919,79.557,TELANGANA,Hanumakonda,HANAMKONDA,506001
Union Bank Of India,H2147101,17.9919,79.557,TELANGANA,Hanumakonda,HANAMKONDA,506001
State Bank Of India,T1BS020148219,17.991916,79.624069,TELANGANA,Warangal,WARANGAL, 
Punjab National Bank,N2046800,17.99206,79.60372,TELANGANA,Warangal,WARANGAL,506002
State Bank Of India,S1NB020148115,17.992305,79.594926,TELANGANA,Warangal,WARANGAL, 
State Bank Of India,T1NS020148077,17.992794,79.598702,TELANGANA,Warangal,WARANGAL, 
State Bank Of India,S5NL007165622,17.992851,79.539694,TELANGANA,Hanumakonda,Warangal Urban, 
State Bank Of India,T1NS020148126,17.99303,79.536967,TELANGANA,Hanumakonda,WARANGAL, 
State Bank Of India,S5NL020886621,17.993036,79.594993,TELANGANA,Warangal,Warangal, 
State Bank Of India,S1NG020148060,17.993261,79.593738,TELANGANA,Warangal,Warangal, 
Union Bank Of India,W1318002,17.9934,79.5415,TELANGANA,Hanumakonda,WARANGAL,506001
Union Bank Of India,H1318101,17.9934,79.5415,TELANGANA,Hanumakonda,WARANGAL,506001
State Bank Of India,T1NS020148165,17.993447,79.602479,TELANGANA,Warangal,WARANGAL, 
HDFC Bank Ltd,P3DCWR03,17.9935,79.5419,TELANGANA,Hanumakonda,Warangal,NULL
State Bank Of India,T1NS020148086,17.993611,79.593896,TELANGANA,Warangal,WARANGAL, 
Union Bank Of India,WHYD07801111111,17.9937,79.53997,TELANGANA,Hanumakonda,Warangal,506002
State Bank Of India,T1NS020148128,17.994039,79.540382,TELANGANA,Hanumakonda,HANAMKONDA, 
State Bank Of India,T1NS020148163,17.9941,79.614495,TELANGANA,Warangal,WARANGAL, 
State Bank Of India,S1BG020148017,17.994262,79.543163,TELANGANA,Hanumakonda,HANAMKONDA, 
Canara Bank,2450EP02,17.994354,79.567618,TELANGANA,Hanumakonda, , 
State Bank Of India,T1BS020098018,17.994625,78.381242,TELANGANA,Medak,MEDAK, 
State Bank Of India,S5NC007167621,17.9947,79.54558,TELANGANA,Hanumakonda,WARANGAL,506001
State Bank Of India,T1NS020148079,17.994917,79.601105,TELANGANA,Warangal,WARANGAL, 
State Bank Of India,T1NY020148137,17.995015,79.589064,TELANGANA,Hanumakonda,WARANGAL, 
Indian Bank,S1AH0311,17.995107,79.553409,TELANGANA,Hanumakonda,HANAMKONDA,506001
Indian Bank,S1H016591,17.995107,79.553409,TELANGANA,Hanumakonda,WARANGAL,506001
Lakshmi Vilas Bank Ltd,003DM352,17.995139,0.0,TELANGANA,Hanumakonda, , 
State Bank Of India,T1NF020148088,17.995243,79.601964,TELANGANA,Warangal,WARANGAL, 
State Bank Of India,S5NC013436621,17.995972,79.54955,TELANGANA,Hanumakonda,HANAMKONDA, 
State Bank Of India,S1NG013436001,17.995995,79.549573,TELANGANA,Hanumakonda,HANAMKONDA, 
Karnataka Bank Ltd,KBL19040,17.996,79.5547,TELANGANA,Hanumakonda,Hanumakonda,506001
State Bank Of India,S1BG020150003,17.996021,79.549624,TELANGANA,Hanumakonda,HANAMKONDA, 
Indian Overseas Bank,IOB7344,17.996038,79.554724,TELANGANA,Hanumakonda,WARANGAL,0
Indian Overseas Bank,IOB8730,17.996038,79.554724,TELANGANA,Hanumakonda,HANAMKONDA,0
Indian Overseas Bank,IOB9312,17.996038,79.554724,TELANGANA,Hanumakonda,WARANGAL,0
Indian Bank,S1AH0541,17.99604,79.55472,TELANGANA,Hanumakonda,HANAMKONDA,506002
State Bank Of India,T1NF020148087,17.996083,79.544563,TELANGANA,Hanumakonda,HANUMANKONDA, 
State Bank Of India,S1BB020148020,17.996305,79.611748,TELANGANA,Warangal,Warangal, 
State Bank Of India,T1NF020148093,17.996386,79.605912,TELANGANA,Warangal,WARANGAL, 
Canara Bank,0621W005,17.996694,79.565535,TELANGANA,Hanumakonda,WARANGAL URBAN, 
State Bank Of India,T1BS020148227,17.996861,79.535023,TELANGANA,Hanumakonda,WARANGAL, 
State Bank Of India,S1NG020777001,17.996958,79.620417,TELANGANA,Warangal,Warangal, 
HDFC Bank Ltd,P3DCHK05,17.9973,79.5883,TELANGANA,Hanumakonda,Warangal,NULL
State Bank Of India,T1NS020148166,17.9974,79.554599,TELANGANA,Hanumakonda,WARANGAL, 
Axis Bank Ltd,DECN366101,17.997559,79.55521,TELANGANA,Hanumakonda,WARANGAL, 
ICICI Bank Ltd,SPCNF314,17.997604,79.540541,TELANGANA,Hanumakonda,KODAKANDLA, 
State Bank Of India,T1NF020148103,17.997756,79.553156,TELANGANA,Hanumakonda,KAZIPET, 
Union Bank Of India,W2867001,17.998,79.5425,TELANGANA,Hanumakonda,HANAMKONDA,506001
Union Bank Of India,H2867101,17.998,79.5425,TELANGANA,Hanumakonda,HANAMKONDA,506001
Karur Vysya Bank Ltd,S1AC0144503,17.998139,79.558009,TELANGANA,Hanumakonda,WARANGAL,506001
Karur Vysya Bank Ltd,S1AC0144501,17.998146,79.557968,TELANGANA,Hanumakonda,HANAMKONDA,506001
Karur Vysya Bank Ltd,S1AC0144502,17.998146,79.557968,TELANGANA,Hanumakonda,WANRANGAL,506001
Canara Bank,24502363,17.99829,79.55775,TELANGANA,Hanumakonda,HANANKONDA WARANGAL,506001
Lakshmi Vilas Bank Ltd,001DM286,17.998659,0.0,TELANGANA,Hanumakonda, , 
State Bank Of India,T1NF020148146,17.999267,79.554563,TELANGANA,Hanumakonda,WARANGAL, 
State Bank Of India,T1NF020148168,17.999525,79.553324,TELANGANA,Hanumakonda,WARANGAL, 
HDFC Bank Ltd,S1AWAP46,17.9998,79.5837,TELANGANA,Hanumakonda,Warangal,NULL
HDFC Bank Ltd,S1ANWG01,17.999851,79.583645,TELANGANA,Hanumakonda,WARANGAL, 
Union Bank Of India,W0881005,17.9999,79.553,TELANGANA,Hanumakonda,HANAMKONDA,506001
Union Bank Of India,H0881101,17.9999,79.553,TELANGANA,Hanumakonda,HANAMKONDA,506001
Union Bank Of India,W0302002,18.0,79.5845,TELANGANA,Hanumakonda,WARANGAL,506002
Union Bank Of India,H0302101,18.0,79.5845,TELANGANA,Hanumakonda,WARANGAL,506002
State Bank Of India,T1NS020148094,18.000152,79.584948,TELANGANA,Hanumakonda,WARANGAL, 
Union Bank Of India,D0302001,18.00021,79.58375,TELANGANA,Hanumakonda,WARANGAL,506002
Union Bank Of India,N2867002,18.0005,79.5487,TELANGANA,Hanumakonda,HANAMKONDA,506001
ICICI Bank Ltd,S1CNP421,18.000583,79.588562,TELANGANA,Hanumakonda, , 
Canara Bank,62243974,18.00065,79.54866,TELANGANA,Hanumakonda,WARANGAL,506009
Canara Bank,2450EP01,18.000716,79.54864,TELANGANA,Hanumakonda, , 
State Bank Of India,S5NL006638621,18.000739,79.07129,TELANGANA,Siddipet,MADDUR, 
Fincare Small Finance Bank,FA053101,18.000784,79.550765,TELANGANA,Hanumakonda,WARANGAL - HANAMKONDA, 
State Bank Of India,T1BF020148235,18.001122,79.53924,TELANGANA,Hanumakonda,WADEPALLY, 
State Bank Of India,T1BS020148215,18.001279,79.52929,TELANGANA,Hanumakonda,SUBEDARI WARANGAL, 
Union Bank Of India,L0797001,18.0014,78.6166,TELANGANA,Siddipet,DOMMAT,502247
State Bank Of India,T1NF020148133,18.001408,79.540435,TELANGANA,Hanumakonda,HANAMKONDA, 
State Bank Of India,T1NS020148102,18.001531,79.610125,TELANGANA,Warangal,WARANGAL, 
State Bank Of India,T1NH020148140,18.001664,79.581442,TELANGANA,Hanumakonda,WARANGAL, 
State Bank Of India,S1BW021851001,18.001692,79.612435,TELANGANA,Warangal,Warangal, 
State Bank Of India,S5NL021331621,18.001855,79.615954,TELANGANA,Warangal,Warangal, 
ICICI Bank Ltd,S1CNP755,18.002031,79.574859,TELANGANA,Hanumakonda, , 
ICICI Bank Ltd,SFCNM638,18.002489,79.58329,TELANGANA,Hanumakonda, , 
Canara Bank,B3601001,18.002695,79.555381,TELANGANA,Hanumakonda, , 
Canara Bank,A3302001,18.002731,79.555419,TELANGANA,Hanumakonda, , 
State Bank Of India,S5NC007165621,18.002867,79.56299,TELANGANA,Hanumakonda,Hanumkonda, 
State Bank Of India,S1NW020148110,18.002917,79.623593,TELANGANA,Warangal,WARANGAL, 
Canara Bank,0621W001,18.003439,79.542781,TELANGANA,Hanumakonda, , 
Indian Overseas Bank,IOB5837,18.003443,79.369083,TELANGANA,Hanumakonda,WARANGAL,0
DCB bank Ltd,DCB01506,18.003467,79.576156,TELANGANA,Hanumakonda, , 
State Bank Of India,S5NL021326621,18.00353,79.566117,TELANGANA,Hanumakonda,HANAMKONDA, 
State Bank Of India,T1BS020148232,18.003546,79.584066,TELANGANA,Hanumakonda,WARANGAL, 
Canara Bank,48136832,18.00368,79.57846,TELANGANA,Hanumakonda,WARANGAL KAKATIYA COLONY,506011
Bank Of India,IHY8018,18.003787,79.542958,TELANGANA,Hanumakonda,WARANGAL, 
State Bank Of India,S5NE022052621,18.00386,79.597451,TELANGANA,Warangal,WARANGAL, 
State Bank Of India,S1BB021301001,18.00386,79.585793,TELANGANA,Hanumakonda,HANAMKONDA, 
HDFC Bank Ltd,S1ACGT01,18.00396,79.557206,TELANGANA,Hanumakonda, , 
HDFC Bank Ltd,S1ACWA02,18.004,79.5572,TELANGANA,Hanumakonda,Warangal,NULL
State Bank Of India,S1BG020148059,18.004045,79.574752,TELANGANA,Hanumakonda,HANAMKONDA, 
State Bank Of India,S1BG020148056,18.004074,79.574899,TELANGANA,Hanumakonda,HANAMKONDA, 
ICICI Bank Ltd,SACWN819,18.00418,79.566581,TELANGANA,Hanumakonda, , 
State Bank Of India,T1NF020148092,18.004468,79.572755,TELANGANA,Hanumakonda,HANAMKONDA, 
Punjab & Sind Bank,SPSBW153001,18.004524,79.548596,TELANGANA,Hanumakonda, , 
State Bank Of India,S1NB020148111,18.00458,79.57379,TELANGANA,Hanumakonda,WARANGAL, 
State Bank Of India,T1NS020148127,18.004631,79.573266,TELANGANA,Hanumakonda,HANAMKONDA, 
Union Bank Of India,DWRG00201111111,18.00466,79.56337,TELANGANA,Hanumakonda,Warangal,506002
State Bank Of India,S1NB020716001,18.004672,79.54269,TELANGANA,Hanumakonda,HANAMKONDA, 
Axis Bank Ltd,APCN29224,18.00471,79.5631767,TELANGANA,Hanumakonda,0,506001
State Bank Of India,T1NS020148076,18.004712,79.615525,TELANGANA,Warangal,WARANGAL, 
Axis Bank Ltd,DECN123515,18.004717,79.571505,TELANGANA,Hanumakonda,WARANGAL (M.CORP. + OG) (PART), 
HDFC Bank Ltd,P1EWWA02,18.0048,79.5479,TELANGANA,Hanumakonda,Warangal,NULL
Indian Bank,S1AL0091,18.0048307,79.5465897,TELANGANA,Hanumakonda,WARANGAL,506001
Kotak Mahindra Bank Limited,TLBD9588,18.004835,79.557559,TELANGANA,Hanumakonda,Hanamkonda,506009
State Bank Of India,T1NS020148197,18.004968,79.537481,TELANGANA,Hanumakonda,Hanamkonda, 
Axis Bank Ltd,BPCN123513,18.0049767,79.5377367,TELANGANA,Hanumakonda,0,506370
HDFC Bank Ltd,P3DCHK01,18.0052,79.5727,TELANGANA,Hanumakonda,Warangal,NULL
State Bank Of India,S5NE020606621,18.005305,79.572448,TELANGANA,Hanumakonda,Warangal, 
Canara Bank,0621W009,18.005467,79.552287,TELANGANA,Hanumakonda, , 
Union Bank Of India,N0206009,18.0056,79.5572,TELANGANA,Hanumakonda,WARANGAL,506001
IDBI Bank Ltd,ID021014,18.00562,79.55725,TELANGANA,Hanumakonda,Warangal,506010
Kotak Mahindra Bank Limited,TLOW9128,18.00562,79.55725,TELANGANA,Hanumakonda,Hanamkonda,506001
Indian Overseas Bank,IOB8528,18.005623,79.557246,TELANGANA,Hanumakonda,HANAMKONDA,0
State Bank Of India,S1NG007167002,18.008186,79.534266,TELANGANA,Hanumakonda,Waddepally, 
Indian Overseas Bank,IOB9667,18.005623,79.557246,TELANGANA,Hanumakonda,WARANGAL,0
Federal Bank,CD175601,18.006159,79.59146,TELANGANA,Hanumakonda, , 
State Bank Of India,T1NS020148098,18.006261,79.584398,TELANGANA,Hanumakonda,WARANGAL, 
State Bank Of India,S1BJ007167001,18.00639,79.53229,TELANGANA,Hanumakonda,HANAMKONDA, 
Union Bank Of India,WHYD12801111111,18.00643,79.57051,TELANGANA,Hanumakonda, , 
State Bank Of India,S1BW020148018,18.006504,79.569808,TELANGANA,Hanumakonda,HANAMKONDA, 
State Bank Of India,S1BW070985001,18.006561,79.572803,TELANGANA,Hanumakonda,Hanumkonda, 
State Bank Of India,S1BB020148031,18.006836,79.558198,TELANGANA,Hanumakonda,HANAMKONDA, 
State Bank Of India,S1BG020148053,18.006863,79.558229,TELANGANA,Hanumakonda,HANAMKONDA, 
State Bank Of India,T1NF020148132,18.006891,79.544163,TELANGANA,Hanumakonda,HANAMKONDA, 
Bank Of Baroda,1VD406401,18.007103,79.570661,TELANGANA,Hanumakonda,WARANGAL,506011
Punjab National Bank,D1301600,18.0076,79.56855,TELANGANA,Hanumakonda,WARANGAL,506015
State Bank Of India,S1BB005326001,18.008157,79.325683,TELANGANA,Hanumakonda,Dharmasagar, 
Union Bank Of India,W0206004,18.0082,79.5681,TELANGANA,Hanumakonda,WARANGAL,506001
Union Bank Of India,W0206005,18.0082,79.5681,TELANGANA,Hanumakonda,WARANGAL,506001
Union Bank Of India,W0206006,18.0082,79.5681,TELANGANA,Hanumakonda,WARANGAL,506001
Union Bank Of India,B0206101,18.0082,79.5681,TELANGANA,Hanumakonda,WARANGAL,506001
Union Bank Of India,H0206102,18.008199,79.5681,TELANGANA,Hanumakonda,WARANGAL, 
State Bank Of India,T1NW020139027,18.008944,78.06553,TELANGANA,Medak,Ramagundam, 
State Bank Of India,T1NY020139032,18.008944,78.06553,TELANGANA,Medak,Ramagundam, 
State Bank Of India,T1NH020134048,18.008951,79.565636,TELANGANA,Hanumakonda,KARIMNAGAR, 
Union Bank Of India,L2345002,18.0091,78.8893,TELANGANA,Siddipet, ,502372
IndusInd Bank,MW013401,18.01002,79.56448,TELANGANA,Hanumakonda,Warangal,506001
ICICI Bank Ltd,SACWC674,18.010145,79.560272,TELANGANA,Hanumakonda, , 
ICICI Bank Ltd,SCVDL447,18.010168,79.560043,TELANGANA,Hanumakonda, , 
ICICI Bank Ltd,S1CWK616,18.010299,79.560096,TELANGANA,Hanumakonda, , 
ICICI Bank Ltd,S1CWK661,18.010299,79.560096,TELANGANA,Hanumakonda, , 
ICICI Bank Ltd,S1CNP929,18.010299,79.560096,TELANGANA,Hanumakonda, , 
ICICI Bank Ltd,S1CNQ290,18.010299,79.560096,TELANGANA,Hanumakonda, , 
ICICI Bank Ltd,S1CNQ290,18.010299,79.560096,TELANGANA,Hanumakonda, , 
State Bank Of India,T1NS020148161,18.010386,79.560081,TELANGANA,Hanumakonda,WARANGAL, 
HDFC Bank Ltd,P3DCHK02,18.0106,79.5685,TELANGANA,Hanumakonda,Warangal,NULL
State Bank Of India,T1NS020148157,18.010957,79.559781,TELANGANA,Hanumakonda,WARANGAL, 
Axis Bank Ltd,BPRH123502,18.01106,79.55889,TELANGANA,Hanumakonda,WARANGAL, 
Axis Bank Ltd,T3RH123501,18.011157,79.559013,TELANGANA,Hanumakonda,0,506001
State Bank Of India,T1NS020148189,18.011166,79.549132,TELANGANA,Hanumakonda,Hanamkonda, 
State Bank Of India,T1NS020148101,18.011529,79.547301,TELANGANA,Hanumakonda,HANAMKONDA, 
State Bank Of India,T1NS020148170,18.011568,79.559089,TELANGANA,Hanumakonda,NIIT WARANGAL, 
HDFC Bank Ltd,P3DCHK04,18.0116,79.5683,TELANGANA,Hanumakonda,Warangal,NULL
Canara Bank,A3601001,18.01174,79.57439,TELANGANA,Hanumakonda,HANAMKONDA,506011
Punjab National Bank,N1591800,18.0121,79.5612,TELANGANA,Hanumakonda,Hyderabad,506001
City Union Bank Ltd,CUBFI719,18.012855,79.55698,TELANGANA,Hanumakonda,WARRANGAL,506002
State Bank Of India,S5NL017893621,18.012872,79.53446,TELANGANA,Hanumakonda,HANAMKONDA, 
City Union Bank Ltd,CUB01675,18.012892,79.556963,TELANGANA,Hanumakonda,ALAPPUZHA,688011
State Bank Of India,T1NF020148109,18.013152,79.560709,TELANGANA,Hanumakonda,HANAMKONDA, 
State Bank Of India,T1NS020148159,18.013371,79.533037,TELANGANA,Hanumakonda,WARANGAL, 
Union Bank Of India,D0787001,18.0141,78.3768,TELANGANA,Medak,MADOOR,502248
State Bank Of India,T1NS020148124,18.014141,79.553481,TELANGANA,Hanumakonda,HANAMKONDA, 
State Bank Of India,T1NS020148130,18.014989,79.561525,TELANGANA,Hanumakonda,HANAMKONDA, 
City Union Bank Ltd,CUB02037,18.015294,79.565819,TELANGANA,Hanumakonda,WARRANGAL,506001
State Bank Of India,T1NS020148078,18.016881,79.568638,TELANGANA,Hanumakonda,WARANGAL, 
Canara Bank,2450EP03,18.017183,79.553702,TELANGANA,Hanumakonda, , 
State Bank Of India,S5NE020150621,18.017787,79.565837,TELANGANA,Hanumakonda,HANAMKONDA, 
State Bank Of India,S5NG020150622,18.017799,79.565795,TELANGANA,Hanumakonda,HANAKONDA, 
Union Bank Of India,N1224005,18.0184,79.5452,TELANGANA,Hanumakonda,WARANGAL,509009
State Bank Of India,T1NS020148142,18.018612,79.560453,TELANGANA,Hanumakonda,HANAMKONDA, 
State Bank Of India,T1NF020148106,18.018712,79.538375,TELANGANA,Hanumakonda,HANAMKONDA, 
ICICI Bank Ltd,SACWM229,18.019079,78.13755,TELANGANA,Medak, , 
ICICI Bank Ltd,SACWM229,18.019079,78.13755,TELANGANA,Medak, , 
ICICI Bank Ltd,SACWJ214,18.019084,78.137554,TELANGANA,Medak,Medak, 
Union Bank Of India,W1224003,18.019118,79.551961,TELANGANA,Hanumakonda,WARANGAL,509009
State Bank Of India,S5NE020455621,18.019202,79.586955,TELANGANA,Hanumakonda,Warangal, 
Union Bank Of India,W1224002,18.0193,79.5515,TELANGANA,Hanumakonda,WARANGAL,509009
Union Bank Of India,H1224101,18.0193,79.5515,TELANGANA,Hanumakonda,WARANGAL,509009
Union Bank Of India,N1224004,18.0193,79.5515,TELANGANA,Hanumakonda,WARANGAL,509009
State Bank Of India,S5NE007166621,18.019811,79.552894,TELANGANA,Hanumakonda,Warangal, 
State Bank Of India,S1BB007166006,18.019974,79.553345,TELANGANA,Hanumakonda,Warangal, 
State Bank Of India,T1BF020148004,18.020121,79.542647,TELANGANA,Hanumakonda,HANUMAKONDA, 
State Bank Of India,T1NS020148096,18.020323,79.551583,TELANGANA,Hanumakonda,HANAMKONDA, 
HDFC Bank Ltd,S1ACVZ10,18.0204,79.5513,TELANGANA,Hanumakonda,Warangal,NULL
Bank Of India,AWL8001,18.020832,79.589721,TELANGANA,Hanumakonda,WARANGAL, 
HDFC Bank Ltd,P1EWWA01,18.0214,79.5498,TELANGANA,Hanumakonda,Warangal,NULL
State Bank Of India,S1NW020148114,18.021977,79.571677,TELANGANA,Hanumakonda,HANMKONDA, 
State Bank Of India,S1BW020655001,18.022045,79.806464,TELANGANA,Warangal,DUGGONDI, 
State Bank Of India,S1BG020148007,18.025549,79.555544,TELANGANA,Hanumakonda,HANAMKONDA, 
State Bank Of India,S1NW020148112,18.025895,79.550735,TELANGANA,Hanumakonda,HANAMKONDA, 
State Bank Of India,S5NL020455622,18.027364,79.602061,TELANGANA,Warangal,Hanumkonda, 
State Bank Of India,T1NW020165012,18.027591,80.697086,TELANGANA,Bhadradri Kothagudem,PINAPAKA, 
State Bank Of India,S1NW020148119,18.027835,79.55615,TELANGANA,Hanumakonda,WARANGAL, 
Union Bank Of India,H1224102,18.028183,79.526288,TELANGANA,Hanumakonda,WARANGAL, 
State Bank Of India,T1NS020148162,18.028609,79.569246,TELANGANA,Hanumakonda,WARANGAL, 
State Bank Of India,S5NE020262621,18.028834,79.563853,TELANGANA,Hanumakonda,Warangal, 
State Bank Of India,T1NH020100014,18.030875,78.703748,TELANGANA,Siddipet,MEDAK, 
State Bank Of India,S1BW064000001,18.031519,78.877878,TELANGANA,Siddipet,SIDDIPET, 
Fincare Small Finance Bank,FA046401,18.032799,77.7732,TELANGANA,Sangareddy,SANGAREDDY, 
State Bank Of India,S5NL020274621,18.033776,78.264613,TELANGANA,Medak,Medak, 
State Bank Of India,T1NF020148090,18.035362,79.583007,TELANGANA,Hanumakonda,HANAMKONDA, 
State Bank Of India,T1NS020148179,18.035393,79.537816,TELANGANA,Hanumakonda,BHEEMARAM, 
South Indian Bank Ltd,06900002,18.036253,78.434022,TELANGANA,Medak,Manchirevula,500089
Axis Bank Ltd,DECN357201,18.036389,78.26175,TELANGANA,Medak,MEDAK, 
State Bank Of India,S5NE020104621,18.036484,77.77228,TELANGANA,Sangareddy,MEDAK, 
Union Bank Of India,W2232001,18.0365,77.7725,TELANGANA,Sangareddy,"NARAYANAKHED, NIZAMABAD",502286
Union Bank Of India,H2232101,18.0365,77.7725,TELANGANA,Sangareddy,"NARAYANAKHED, NIZAMABAD",502286
State Bank Of India,S1NW020148121,18.036668,79.553138,TELANGANA,Hanumakonda,HANAMKONDA, 
IDBI Bank Ltd,ID077401,18.0368,78.26163,TELANGANA,Medak,Medak,502110
HDFC Bank Ltd,S1ANAP46,18.0371,78.2623,TELANGANA,Medak,Medak,NULL
State Bank Of India,T1NH020100017,18.037187,78.254385,TELANGANA,Medak,MEDAK, 
HDFC Bank Ltd,S1ANRT39,18.0378,78.2642,TELANGANA,Medak,Narsapur,NULL
State Bank Of India,S1BW020104002,18.039124,77.780629,TELANGANA,Sangareddy,NARAYANKHED, 
State Bank Of India,T1BS020140017,18.040448,78.817847,TELANGANA,Siddipet,SIRICILLA, 
Union Bank Of India,W2090001,18.0431,79.3191,TELANGANA,Hanumakonda,"KOTHAKONDA, KARIMNAGAR DIST",505471
State Bank Of India,S5NG020098622,18.043418,78.257426,TELANGANA,Medak,MEDAK, 
Union Bank Of India,W1405002,18.0443,78.2625,TELANGANA,Medak,MEDAK,502110
Union Bank Of India,H1405101,18.0443,78.2625,TELANGANA,Medak,MEDAK,502110
Union Bank Of India,N1405004,18.0443,78.2625,TELANGANA,Medak,MEDAK,502110
State Bank Of India,S1BW005649001,18.04471,78.42611,TELANGANA,Medak,MEDAK,502248
State Bank Of India,T1NS020098005,18.04477,78.263186,TELANGANA,Medak,AZAMPURA, 
State Bank Of India,T1BS020098020,18.045261,78.265095,TELANGANA,Medak,MEDAK, 
State Bank Of India,T1NY020107017,18.045411,78.260065,TELANGANA,Medak,MEDAK, 
ICICI Bank Ltd,S1CWK483,18.04552,78.26416,TELANGANA,Medak, , 
ICICI Bank Ltd,S1CWI712,18.045529,78.264165,TELANGANA,Medak,Medak, 
Indian Overseas Bank,IOB6266,18.045588,78.261798,TELANGANA,Medak,MEDAK,0
State Bank Of India,T1BY020098013,18.045999,78.2634,TELANGANA,Medak,Medak, 
Indian Overseas Bank,IOB7277,18.046377,79.72877,TELANGANA,Hanumakonda,ATHMAKUR,0
Union Bank Of India,W1405003,18.046815,78.258335,TELANGANA,Medak,MEDAK,502110
Karur Vysya Bank Ltd,S1AC0483701,18.04683605,78.26607168,TELANGANA,Medak,MEDAK,502110
ICICI Bank Ltd,S1VD6790,18.04696073,78.26851855,TELANGANA,Medak,Medak, 
ICICI Bank Ltd,S1CNP969,18.04696,78.268516,TELANGANA,Medak, , 
Bank Of Baroda,1VD414501,18.04734,78.26304,TELANGANA,Medak,ZAHIRABAD,502220
State Bank Of India,T1NS020098010,18.047446,78.265956,TELANGANA,Medak,RAMAYAMPETA, 
IndusInd Bank,MC025301,18.04923,78.26815,TELANGANA,Medak,Medak,502110
Union Bank Of India,N2666001,18.0502,77.9125,TELANGANA,Medak,SHANKARAMPET(A),502271
ICICI Bank Ltd,SACWC572,18.05142,78.26977,TELANGANA,Medak,Medak, 
State Bank Of India,T1NS020098004,18.052593,78.258691,TELANGANA,Medak,MEDAK, 
State Bank Of India,T1NS020098008,18.052919,78.255945,TELANGANA,Medak,MEDAK, 
IDBI Bank Ltd,TC077411,18.05294,78.26185,TELANGANA,Medak,Medak,521100
State Bank Of India,S1NW020148044,18.054163,79.538703,TELANGANA,Hanumakonda,HUZURABAD, 
State Bank Of India,T1NS020148129,18.055056,79.538719,TELANGANA,Hanumakonda,WARANGAL, 
Union Bank Of India,COBD028801,18.05589,79.767016,TELANGANA,Hanumakonda, , 
Bank Of India,CHY9025,18.06045,78.505739,TELANGANA,Medak,SIDDIPET, 
Union Bank Of India,H0874101,18.0629,79.0366,TELANGANA,Siddipet,NANGUNUR,502260
State Bank Of India,T1NW020134070,18.067219,79.247529,TELANGANA,Siddipet,Husnabad, 
Union Bank Of India,W1912001,18.06836,79.52133,TELANGANA,Hanumakonda,WARANGAL,506371
Lakshmi Vilas Bank Ltd,05630790,18.06843,0.0,TELANGANA,Siddipet, , 
State Bank Of India,S5NL005879622,18.069593,79.710027,TELANGANA,Hanumakonda,PARKAL, 
State Bank Of India,S1BB020159004,18.069718,79.709628,TELANGANA,Hanumakonda,PARKAL, 
State Bank Of India,T1BS020148230,18.069986,79.520437,TELANGANA,Hanumakonda,WARANGAL, 
Canara Bank,13256534,18.07217,79.73366,TELANGANA,Hanumakonda,ATMAKUR,506011
Union Bank Of India,L0896001,18.0751,78.6608,TELANGANA,Siddipet,MIRDODDI,502108
State Bank Of India,S5NL020098623,18.075832,78.281439,TELANGANA,Medak,MEDAK, 
State Bank Of India,S5NE005881622,18.08183,78.8541,TELANGANA,Siddipet,SIDDIPET, 
Union Bank Of India,N2859001,18.0848,79.5396,TELANGANA,Hanumakonda,PEMBARTHY,506201
State Bank Of India,S5NL020277621,18.086985,79.368583,TELANGANA,Hanumakonda,BHEEMADEVARPA, 
Indian Overseas Bank,IOB8666,18.088187,78.85242,TELANGANA,Siddipet,SIDDIPET,0
Punjab National Bank,N2590000,18.088187,78.85242,TELANGANA,Siddipet,Medak, 
Canara Bank,A3416001,18.088461,78.854624,TELANGANA,Siddipet, , 
State Bank Of India,S1BW020528001,18.091277,79.368066,TELANGANA,Hanumakonda,MUTHARAM, 
State Bank Of India,S1BW020277003,18.091383,79.368063,TELANGANA,Hanumakonda,MULKANOOR, 
Axis Bank Ltd,BPCN179705,18.09226,78.85449667,TELANGANA,Siddipet,0,502103
Canara Bank,A3046001,18.092816,78.960818,TELANGANA,Siddipet, , 
Union Bank Of India,N1912002,18.09306,79.469951,TELANGANA,Hanumakonda,WARANGAL, 
Union Bank Of India,W0075001,18.093199,80.839399,TELANGANA,Bhadradri Kothagudem, , 
Union Bank Of India,H0075101,18.093199,80.839399,TELANGANA,Bhadradri Kothagudem, , 
State Bank Of India,S1BW017194001,18.09361,78.85056,TELANGANA,Siddipet,MEDAK,502103
State Bank Of India,S1BW006631001,18.09376,77.88376,TELANGANA,Sangareddy,MEDAK,502371
ICICI Bank Ltd,SACWG760,18.094375,77.884188,TELANGANA,Sangareddy,NIZAMPET, 
State Bank Of India,S5NE005879621,18.0948,79.5674,TELANGANA,Hanumakonda,WARANGAL,506164
State Bank Of India,S5NL021261621,18.09519,79.449067,TELANGANA,Hanumakonda,DHARMARAM, 
Canara Bank,A3404001,18.095299,78.9635,TELANGANA,Siddipet, , 
State Bank Of India,S5NC004723622,18.0956,78.83789,TELANGANA,Siddipet,MEDAK,502103
Union Bank Of India,W2559001,18.0982,78.8493,TELANGANA,Siddipet,SIDDIPET,502103
State Bank Of India,T1BS020100035,18.099549,78.84741,TELANGANA,Siddipet,Siddipet, 
State Bank Of India,T1BW020100031,18.099852,78.850012,TELANGANA,Siddipet,Siddipet, 
State Bank Of India,S1BG022028001,18.09996,79.449348,TELANGANA,Hanumakonda,ELKATHURTHI, 
State Bank Of India,T1BF020100043,18.100113,78.840346,TELANGANA,Siddipet,SIDDIPET, 
Bank Of Baroda,1FDMDK06,18.10093,78.852077,TELANGANA,Siddipet, ,502103
Union Bank Of India,W0524003,18.100951,78.85215,TELANGANA,Siddipet,SIDDIPET,502103
Union Bank Of India,L1991001,18.1012,78.8486,TELANGANA,Siddipet,SIDDIPET,502103
Union Bank Of India,H1991101,18.1012,78.8486,TELANGANA,Siddipet,SIDDIPET,502103
Union Bank Of India,N0882001,18.1012,78.8487,TELANGANA,Siddipet,SIDDIPET,502103
HDFC Bank Ltd,S1ACME54,18.1013,78.8501,TELANGANA,Siddipet,Siddipet,NULL
Union Bank Of India,W0524004,18.1013,78.8521,TELANGANA,Siddipet,SIDDIPET,502103
Union Bank Of India,H0524103,18.1013,78.8521,TELANGANA,Siddipet,SIDDIPET,502103
Union Bank Of India,B0524101,18.1013,78.8521,TELANGANA,Siddipet,SIDDIPET,502103
Punjab National Bank,WC181401,18.101544,78.429157,TELANGANA,Siddipet,SIDDIPET DISTT:MEDAK,&nbsp;
Bank Of India,CHY8044,18.101666,78.851943,TELANGANA,Siddipet,SIDDIPET, 
State Bank Of India,T1BS020100034,18.101849,78.84743,TELANGANA,Siddipet,SIDDIPET, 
State Bank Of India,T1BS020100038,18.101849,78.84743,TELANGANA,Siddipet,Siddipet, 
HDFC Bank Ltd,P3FNHY09,18.101856,78.851936,TELANGANA,Siddipet,SIDDIPET, 
Canara Bank,4496EP01,18.101899,78.8511,TELANGANA,Siddipet, , 
Karnataka Bank Ltd,KBNA9850,18.101899,78.851999,TELANGANA,Siddipet,siddipet, 
ICICI Bank Ltd,SACWC748,18.102292,78.852083,TELANGANA,Siddipet,Siddipet, 
State Bank Of India,S5NE004723621,18.10244,78.84858,TELANGANA,Siddipet,MEDAK,502103
Axis Bank Ltd,BPCN179701,18.10312667,78.84853,TELANGANA,Siddipet,0,502103
Canara Bank,44964319,18.103456,78.855748,TELANGANA,Siddipet, , 
HDFC Bank Ltd,S1ACSP08,18.1038,78.849,TELANGANA,Siddipet,Siddipet,NULL
HDFC Bank Ltd,S1ANAP52,18.1038,78.849,TELANGANA,Siddipet,Siddipet,NULL
HDFC Bank Ltd,P3DCHB15,18.103809,78.849,TELANGANA,Siddipet,SIDDIPET, 
HDFC Bank Ltd,P3DCHB16,18.103809,78.849,TELANGANA,Siddipet,SIDDIPET, 
State Bank Of India,S1NG020100002,18.104126,78.848555,TELANGANA,Siddipet,SIDDIPET, 
State Bank Of India,S1BG020100011,18.104167,78.849241,TELANGANA,Siddipet,SIDDIPET, 
ICICI Bank Ltd,SPCNQ929,18.105194,78.870643,TELANGANA,Siddipet, , 
State Bank Of India,T1NS020100019,18.105222,78.855688,TELANGANA,Siddipet,SIDDIPETA, 
Axis Bank Ltd,BPRH179702,18.105359,78.84502,TELANGANA,Siddipet,HYDERABAD, 
Axis Bank Ltd,DPRH179704,18.105359,78.84502,TELANGANA,Siddipet,HYDERABAD, 
Karur Vysya Bank Ltd,S1AC0485201,18.105586,78.850824,TELANGANA,Siddipet,MEDAK,502103
Axis Bank Ltd,BPCN179711,18.10559,78.85229667,TELANGANA,Siddipet,0,502103
State Bank Of India,S1BW004723003,18.105595,78.858769,TELANGANA,Siddipet,SIDDIPET, 
Union Bank Of India,W0524005,18.1057,78.8522,TELANGANA,Siddipet,SIDDIPET,502103
Union Bank Of India,H0524102,18.1057,78.8522,TELANGANA,Siddipet,SIDDIPET,502103
State Bank Of India,T1NF020100028,18.106243,78.831818,TELANGANA,Siddipet,Siddipet, 
Bank Of India,CHY8038,18.106327,78.853621,TELANGANA,Siddipet,MEDAK, 
State Bank Of India,S1NG020100013,18.10641,78.85173,TELANGANA,Siddipet,SIDDIPET, 
State Bank Of India,T1NF020100027,18.106879,78.855227,TELANGANA,Siddipet,Siddipet, 
State Bank Of India,S1BW020100008,18.106941,78.853984,TELANGANA,Siddipet,SIDDIPET, 
State Bank Of India,S1BW020100007,18.107145,78.85467,TELANGANA,Siddipet,SIDDIPET, 
State Bank Of India,S1BW020100010,18.107267,78.855528,TELANGANA,Siddipet,SIDDIPET, 
Union Bank Of India,COBD306901,18.10759,78.86908,TELANGANA,Siddipet,MEDAK,502103
State Bank Of India,T1BS020100041,18.108114,78.824537,TELANGANA,Siddipet,SIDDIPET, 
State Bank Of India,T1NW020134058,18.108961,78.875885,TELANGANA,Siddipet,Husnabad, 
State Bank Of India,S5NG020100622,18.109662,78.774148,TELANGANA,Siddipet,MEDAKN, 
State Bank Of India,S1BW020100001,18.110653,78.855722,TELANGANA,Siddipet,SIDDIPET, 
State Bank Of India,T1BS020100032,18.11253,78.82426,TELANGANA,Siddipet,Siddipet, 
Union Bank Of India,W0788001,18.1136,78.7235,TELANGANA,Siddipet,THIMMAPUR,502108
State Bank Of India,S5NL021135621,18.114999,78.427693,TELANGANA,Medak,HUSNABAD, 
State Bank Of India,S5NE020504621,18.115467,78.430392,TELANGANA,Medak,RAMAYAMPET, 
Axis Bank Ltd,BPCN103007,18.1158706,78.4301573,TELANGANA,Medak,0,503111
ICICI Bank Ltd,SACWH378,18.116172,78.431379,TELANGANA,Medak,Medak, 
Central Bank Of India,SCDD08171S,18.116609,78.429769,TELANGANA,Medak,RAMAYANPET, 
State Bank Of India,S1BG005325001,18.11788,79.737104,TELANGANA,Hanumakonda,SHAYAMPET, 
State Bank Of India,T1BS020098015,18.12122,78.428235,TELANGANA,Medak,RAMAYAMPET, 
State Bank Of India,S1BW021758001,18.122963,78.080318,TELANGANA,Kamareddy,NAGIREDDYPET, 
Union Bank Of India,H1481101,18.1231,78.4211,TELANGANA,Medak,MEDAK,502101
Union Bank Of India,W2887001,18.1231,78.4211,TELANGANA,Medak,MEDAK,502276
Union Bank Of India,H0876101,18.1254,78.1419,TELANGANA,Kamareddy,NAGIREDDIPET,503108
Union Bank Of India,H1113101,18.1258,79.211,TELANGANA,Siddipet,HUSNABAD,505467
Union Bank Of India,W1113001,18.1258,79.211,TELANGANA,Siddipet,HUSNABAD,505467
State Bank Of India,T1NY020134054,18.127521,79.211383,TELANGANA,Siddipet,Karimnagar, 
Axis Bank Ltd,AWCW29228,18.12755,79.210409,TELANGANA,Siddipet,KARIMNAGAR, 
State Bank Of India,T1NY020134052,18.127815,79.209551,TELANGANA,Siddipet,Siddipet, 
State Bank Of India,T1BS020134097,18.128648,79.20653,TELANGANA,Siddipet,KARIMNAGAR, 
HDFC Bank Ltd,S1AWKG01,18.129,79.2124,TELANGANA,Siddipet,Husnabad,NULL
Canara Bank,64710833,18.12904,79.212115,TELANGANA,Siddipet, , 
State Bank Of India,T1BS020148214,18.13012,79.33487,TELANGANA,Hanumakonda,Huzurabad, 
HDFC Bank Ltd,S1ACHD61,18.1363,79.4044,TELANGANA,Hanumakonda,Jeelgul,NULL
State Bank Of India,T1BY020148203,18.138793,79.719833,TELANGANA,Hanumakonda,SHAYAMPET PARKAL, 
Union Bank Of India,NHYD05401111111,18.1578,78.89906,TELANGANA,Siddipet,Medak,502110
State Bank Of India,S1BW021135002,18.158569,79.244463,TELANGANA,Siddipet,Husnabad, 
State Bank Of India,T1BY020100036,18.168456,79.097616,TELANGANA,Siddipet,Koheda, 
State Bank Of India,T1BS020100040,18.171428,78.662919,TELANGANA,Siddipet,DUBBAKA, 
State Bank Of India,S1BW021594001,18.17146,79.093824,TELANGANA,Siddipet,KOHEDA, 
Union Bank Of India,WHYD06101111111,18.17204,79.52506,TELANGANA,Hanumakonda,Karimnagar,505504
State Bank Of India,S5NE011988621,18.17207,79.2826,TELANGANA,Karimnagar,KARIMNAGAR,505122
Axis Bank Ltd,BPCN179710,18.17218333,78.66512167,TELANGANA,Siddipet,0,502108
State Bank Of India,S1BW020275002,18.172829,78.663397,TELANGANA,Siddipet,DUBBAK, 
Union Bank Of India,W2231001,18.1735,78.6628,TELANGANA,Siddipet,DUBBAKA MEDAK(DIST.),502108
Union Bank Of India,H2231101,18.1735,78.6628,TELANGANA,Siddipet,DUBBAKA MEDAK(DIST.),502108
Canara Bank,A3531001,18.1755,78.4648,TELANGANA,Kamareddy,BASVAPUR,503101
Indian Bank,S1C005001,18.175822,78.569357,TELANGANA,Medak, , 
Indian Bank,S1LM0261,18.175822,78.569358,TELANGANA,Medak,MEDAK,502110
State Bank Of India,S5NL021788621,18.17896,79.93593,TELANGANA,Mulugu,MULUGU, 
Union Bank Of India,WHYD62581111111,18.17934,79.52759,TELANGANA,Hanumakonda,Kottayam,505102
State Bank Of India,S1BW021031002,18.18259,79.566459,TELANGANA,Hanumakonda,CHELPUR, 
State Bank Of India,S5BE020275621,18.182882,78.662381,TELANGANA,Siddipet,DUBBAK, 
State Bank Of India,T1NY020100015,18.184897,78.634397,TELANGANA,Siddipet,SIDDIPET, 
State Bank Of India,S1BW021559001,18.185016,79.70813,TELANGANA,Hanumakonda,WARANGAL, 
Union Bank Of India,WHYD10701111111,18.18531,79.59558,TELANGANA,Hanumakonda,Karimnagar,505102
State Bank Of India,S1BW021942001,18.185412,78.735781,TELANGANA,Siddipet,CHINTAMADAKA, 
Canara Bank,A3046002,18.185779,78.397788,TELANGANA,Kamareddy, , 
Canara Bank,A3518001,18.185848,78.397742,TELANGANA,Kamareddy, , 
State Bank Of India,S5NL021359621,18.188169,78.399952,TELANGANA,Kamareddy,BHIKNOOR, 
State Bank Of India,S1N6020111008,18.188335,78.399802,TELANGANA,Kamareddy,BHIKNOOR, 
State Bank Of India,T1NS020159005,18.190678,79.703715,TELANGANA,Hanumakonda,PARKAL, 
State Bank Of India,T1BS020148220,18.190953,79.944182,TELANGANA,Mulugu,MULUGU, 
Union Bank Of India,W2674001,18.1912,78.0214,TELANGANA,Kamareddy,YELLAREDDY,503122
State Bank Of India,T1BW020148202,18.192519,79.095909,TELANGANA,Siddipet,Warangal, 
State Bank Of India,S1BG020157001,18.193125,79.943572,TELANGANA,Mulugu,MULUG, 
Canara Bank,A3606001,18.19324,79.941369,TELANGANA,Mulugu, , 
Union Bank Of India,W2634001,18.1933,79.9441,TELANGANA,Mulugu,MULUG,506343
Union Bank Of India,H2634101,18.1933,79.9441,TELANGANA,Mulugu,MULUG,506343
HDFC Bank Ltd,S1ANHZ61,18.1937,79.4004,TELANGANA,Karimnagar,Huzurabad,NULL
State Bank Of India,S5NL020118621,18.194166,78.014076,TELANGANA,Kamareddy,YELLAREDDY, 
State Bank Of India,S5NL005651621,18.194167,77.844333,TELANGANA,Sangareddy,KALHER, 
State Bank Of India,S1BG020118001,18.194188,78.01409,TELANGANA,Kamareddy,YELLAREDDY, 
HDFC Bank Ltd,S1ACHE13,18.194366,79.400062,TELANGANA,Karimnagar,HUZURABAD, 
Union Bank Of India,W0267002,18.1959,79.9833,TELANGANA,Mulugu,JANGAMPALLI,506352
Kotak Mahindra Bank Limited,HZBD2477,18.196129,79.402049,TELANGANA,Karimnagar,Huzurabad, 
State Bank Of India,S1BW003769001,18.19631,80.12917,TELANGANA,Mulugu,WARANGAL,506344
State Bank Of India,T1NY020148192,18.196669,79.39874,TELANGANA,Karimnagar,HUZURABAD, 
Axis Bank Ltd,DWRO459501,18.196784,79.703712,TELANGANA,Hanumakonda,WARANGAL, 
HDFC Bank Ltd,S1AWAP60,18.1979,79.702,TELANGANA,Hanumakonda,Parkal,NULL
HDFC Bank Ltd,S1ANAP90,18.1979,79.702,TELANGANA,Hanumakonda,Parkal,NULL
Union Bank Of India,H0213101,18.1997,79.3973,TELANGANA,Karimnagar,HUZURABAD,505468
ICICI Bank Ltd,SECNG146,18.199717,79.397485,TELANGANA,Karimnagar,HUZURABAD, 
State Bank Of India,S5NL011988622,18.203908,79.394858,TELANGANA,Karimnagar,JAMMIKUNTA, 
Union Bank Of India,N0213003,18.1998,79.3971,TELANGANA,Karimnagar,HUZURABAD,505468
Canara Bank,64850923,18.199966,79.397475,TELANGANA,Karimnagar, , 
State Bank Of India,T1BS020148217,18.201465,79.394179,TELANGANA,Karimnagar,HUZURABAD, 
Union Bank Of India,H1385101,18.202,79.702,TELANGANA,Hanumakonda,PARAKALA,506164
State Bank Of India,T1BF020148009,18.202553,79.396711,TELANGANA,Karimnagar,HUZURABAD, 
State Bank Of India,T1NS020148154,18.202909,79.698908,TELANGANA,Hanumakonda,PARKAL, 
State Bank Of India,T1NY020148191,18.203426,79.399046,TELANGANA,Karimnagar,JAMMIKUNTA HUZURABAD, 
State Bank Of India,S5NG020143621,18.203779,79.394879,TELANGANA,Karimnagar,HUZURABAD, 
State Bank Of India,S5NE020143622,18.203782,79.394853,TELANGANA,Karimnagar,HUZURABAD, 
State Bank Of India,S1BB020143003,18.203889,79.394815,TELANGANA,Karimnagar,HUZURABAD, 
State Bank Of India,T1BS020148225,18.204049,79.395355,TELANGANA,Karimnagar,KARIMNAGAR, 
State Bank Of India,S5NL020143623,18.204304,79.395211,TELANGANA,Karimnagar,HUZURABAD, 
State Bank Of India,T1NF020148195,18.204807,79.400662,TELANGANA,Karimnagar,HUZURABAD WARANGAL, 
State Bank Of India,S1BW021560001,18.205657,79.982022,TELANGANA,Mulugu,INCHERLA, 
State Bank Of India,T1NF020159007,18.206985,79.706804,TELANGANA,Hanumakonda,PARKAL, 
State Bank Of India,T1NS020159006,18.209268,79.703371,TELANGANA,Hanumakonda,PARKAL, 
State Bank Of India,S5NE017194621,18.209294,79.010485,TELANGANA,Siddipet,SIDDIPET, 
Canara Bank,A3603002,18.210212,80.315401,TELANGANA,Mulugu,TADVAI, 
Canara Bank,A3603001,18.21021,80.31759,TELANGANA,Mulugu,TADVAI,506344
Union Bank Of India,H0743101,18.2107,78.5222,TELANGANA,Kamareddy,BIBIPET,503125
State Bank Of India,S1NG021809001,18.216437,79.381703,TELANGANA,Karimnagar,SAIDAPUR, 
Union Bank Of India,W0449001,18.2189,77.8173,TELANGANA,Kamareddy,NIZAMABAD,503310
Union Bank Of India,H0449101,18.2189,77.8173,TELANGANA,Kamareddy,NIZAMABAD,503310
State Bank Of India,S1BB020143001,18.219181,79.426435,TELANGANA,Karimnagar,Huzurabad, 
Indian Overseas Bank,IOB5976,18.222976,78.133638,TELANGANA,Kamareddy,LINGAMPET,0
Canara Bank,A3514001,18.2238,78.450799,TELANGANA,Kamareddy, , 
State Bank Of India,T1BS005324093,18.226829,77.824525,TELANGANA,Kamareddy,NIZAMABAD, 
State Bank Of India,S1BW020552001,18.229822,77.938304,TELANGANA,Kamareddy,NIZAMSAGAR, 
Union Bank Of India,W0291001,18.235598,78.06717,TELANGANA,Kamareddy,LAKSHMAPUR,503122
Union Bank Of India,H0776101,18.2369,79.1953,TELANGANA,Karimnagar,KARIMNAGAR,505467
Union Bank Of India,W0276001,18.24,78.3808,TELANGANA,Kamareddy,NIZAMABAD,503102
Union Bank Of India,W0866001,18.2448,80.5048,TELANGANA,Mulugu,MANGAPETA,506172
Union Bank Of India,H0866101,18.2448,80.5048,TELANGANA,Mulugu,MANGAPETA,506172
State Bank Of India,T1BS020148218,18.2449,79.995668,TELANGANA,Mulugu,WARANGAL, 
Union Bank Of India,H0735101,18.24783,79.01251,TELANGANA,Siddipet,BEJJANKI,505528
Union Bank Of India,W0735001,18.24783,79.01251,TELANGANA,Siddipet,BEJJANKI,505528
State Bank Of India,S1N3020111013,18.248134,78.424848,TELANGANA,Kamareddy,DOMAKONDA, 
State Bank Of India,S1N6020111009,18.248362,78.442528,TELANGANA,Kamareddy,KAMAREDDY, 
Canara Bank,A3081001,18.250771,78.435847,TELANGANA,Kamareddy, , 
State Bank Of India,S1BJ011087003,18.25423,79.08237,TELANGANA,Siddipet,MAHBUBNAGAR,505001
Union Bank Of India,W0181001,18.2554,77.9524,TELANGANA,Kamareddy,NIZAMABAD,503302
State Bank Of India,T1NF005916260,18.258151,78.360386,TELANGANA,Kamareddy,HYDERABAD, 
State Bank Of India,T1BY020148201,18.258151,78.584359,TELANGANA,Rajanna Sircilla,DHARMARAM, 
State Bank Of India,S5NC004903622,18.2615,79.07464,TELANGANA,Siddipet,KARIMNAGAR,505001
State Bank Of India,S1BJ004903039,18.26401,79.0713,TELANGANA,Siddipet,MAHBUBNAGAR,505001
Indian Bank,S1WT0711,18.266211,79.074392,TELANGANA,Siddipet,KARIMNAGAR,505530
State Bank Of India,S1NW006294002,18.268611,80.484304,TELANGANA,Mulugu,Mangapet, 
Union Bank Of India,H0811101,18.27667,79.29221,TELANGANA,Karimnagar,KESAVAPATNAM,505490
Canara Bank,A3527001,18.276797,77.761698,TELANGANA,Kamareddy, , 
Union Bank Of India,W0844001,18.281049,78.712289,TELANGANA,Rajanna Sircilla,MUSTABAD,505404
State Bank Of India,S5NL006521622,18.281624,78.708397,TELANGANA,Rajanna Sircilla,MUSTABAD, 
State Bank Of India,S5NE014238621,18.28177,79.07054,TELANGANA,Siddipet,KARIMNAGAR,505002
Union Bank Of India,H0844101,18.28185,78.70251,TELANGANA,Rajanna Sircilla,MUSTABAD,505404
State Bank Of India,S5NL020157621,18.286112,80.327268,TELANGANA,Mulugu,MULUG, 
ICICI Bank Ltd,SACWL040,18.286651,79.472515,TELANGANA,Karimnagar,JAMMIKUNTA, 
Union Bank Of India,COBW340601,18.28732,79.472937,TELANGANA,Karimnagar, , 
Punjab National Bank,N1284800,18.28756,78.40867,TELANGANA,Kamareddy,NIZAMABAD,503123
State Bank Of India,T1BF020148234,18.287611,79.47187,TELANGANA,Karimnagar,JAMMIKUNTA, 
Union Bank Of India,W0263002,18.2879,79.4744,TELANGANA,Karimnagar,KARIMNAGAR,505122
Union Bank Of India,H0263101,18.2879,79.4744,TELANGANA,Karimnagar,KARIMNAGAR,505122
Karur Vysya Bank Ltd,S1AC0483901,18.288354,79.474012,TELANGANA,Karimnagar,JAMMIKUNTA,505122
Lakshmi Vilas Bank Ltd,03330999,18.28908,79.469419,TELANGANA,Karimnagar,Karimnagar, 
HDFC Bank Ltd,S1AWAP37,18.2895,79.4732,TELANGANA,Karimnagar,Jammikunta,NULL
HDFC Bank Ltd,S1ANAP78,18.2895,79.4732,TELANGANA,Karimnagar,Jammikunta,NULL
Axis Bank Ltd,DPRH292301,18.28991,79.475299,TELANGANA,Karimnagar,KARIMNAGAR, 
State Bank Of India,T1NY020148199,18.290735,79.472056,TELANGANA,Karimnagar,Jammikunta, 
State Bank Of India,T1NF020111015,18.290905,78.095004,TELANGANA,Kamareddy,KAMAREDDY, 
State Bank Of India,T1BY020134076,18.29207,79.50799,TELANGANA,Karimnagar,Ellanthakunta, 
Union Bank Of India,W0811001,18.292948,79.301891,TELANGANA,Karimnagar,KESAVAPATNAM,505490
State Bank Of India,S1BW020480001,18.293433,78.222861,TELANGANA,Kamareddy,YERRAPAHAD, 
DCB bank Ltd,DCB28501,18.294069,79.482029,TELANGANA,Karimnagar, , 
Indian Bank,IAPTM07601D0,18.295265,79.328248,TELANGANA,Karimnagar,KARIMNAGAR,505470
State Bank Of India,T1BS020134116,18.29535,79.301956,TELANGANA,Karimnagar,KARIMNAGAR, 
HDFC Bank Ltd,S1ACKU99,18.2961,79.1683,TELANGANA,Karimnagar,Kothapalle,NULL
State Bank Of India,T1NH020111012,18.296585,78.341864,TELANGANA,Kamareddy,KAMA REDDY, 
State Bank Of India,S1BW006520001,18.30185,79.08931,TELANGANA,Siddipet,KARIMNAGAR,505530
ICICI Bank Ltd,SACWC928,18.303957,79.489414,TELANGANA,Karimnagar,Karimnagar, 
State Bank Of India,S1NG021675001,18.305336,79.488737,TELANGANA,Karimnagar,DHARMARAM, 
State Bank Of India,T1BS020111029,18.306703,78.575328,TELANGANA,Rajanna Sircilla,KARIMNAGAR, 
State Bank Of India,T1BW020148205,18.30702,79.45503,TELANGANA,Karimnagar,Jammikunta, 
State Bank Of India,T1BS020140018,18.308991,78.953306,TELANGANA,Rajanna Sircilla,ELLANTHULKUNTA, 
Bank Of Baroda,1CRHTSKM01,18.30931,78.95506,TELANGANA,Rajanna Sircilla,KARIMNAGAR,505001
Punjab National Bank,N1285600,18.31032,78.95232,TELANGANA,Rajanna Sircilla,KARIMNAGAR,505402
Union Bank Of India,H0985101,18.3108,78.2547,TELANGANA,Kamareddy,NIZAMABAD,503120
HDFC Bank Ltd,S1AWBL19,18.3112,79.29,TELANGANA,Karimnagar,Thadikal,NULL
Union Bank Of India,W0849002,18.3117,79.8705,TELANGANA,Jayashankar,MULUGU GHANPUR,506345
Union Bank Of India,H0849101,18.3117,79.8705,TELANGANA,Jayashankar,MULUGU GHANPUR,506345
Axis Bank Ltd,BPCN103005,18.31175667,78.32584333,TELANGANA,Kamareddy,0,503111
State Bank Of India,S5NC020136621,18.313479,79.520035,TELANGANA,Karimnagar,Jammikunta, 
State Bank Of India,T1BF020134125,18.31442,79.175216,TELANGANA,Karimnagar,KARIMNAGAR, 
State Bank Of India,S1BG020136003,18.315435,79.503899,TELANGANA,Karimnagar,Jammikunta, 
State Bank Of India,S1BG020154001,18.315448,79.877086,TELANGANA,Jayashankar,GHANPUR (STAT, 
City Union Bank Ltd,CUBFI784,18.31608,78.335886,TELANGANA,Kamareddy,Kamareddy,503111
State Bank Of India,S1NW005073001,18.31638,78.335243,TELANGANA,Kamareddy,Kamareddy, 
Bank Of Baroda,1VD410301,18.316444,79.176108,TELANGANA,Karimnagar,NUSTULAPUR,505481
State Bank Of India,S5NE005073621,18.31656,78.33529,TELANGANA,Kamareddy,NIZAMABAD,503111
State Bank Of India,S5NL021353621,18.316752,79.885325,TELANGANA,Jayashankar,GHANPUR (STAT, 
Axis Bank Ltd,DWRO103003,18.317129,78.402299,TELANGANA,Kamareddy,KAMAREDDY, 
State Bank Of India,S1BW020166001,18.317234,80.54499,TELANGANA,Mulugu,VENKATAPURAM, 
Axis Bank Ltd,DWCW103002,18.31761,78.33493,TELANGANA,Kamareddy,0,0
Axis Bank Ltd,BPCN103006,18.31869667,78.33287667,TELANGANA,Kamareddy,0,503111
State Bank Of India,S1BW006639001,18.31894,79.63983,TELANGANA,Jayashankar,WARANGAL,506366
State Bank Of India,T1BS020111023,18.318949,78.330389,TELANGANA,Kamareddy,Kamareddy, 
Axis Bank Ltd,BPCN292303,18.319289,79.639119,TELANGANA,Jayashankar,WARANGAL, 
Axis Bank Ltd,DWAW103001,18.31951389,78.33014372,TELANGANA,Kamareddy,0,503111
State Bank Of India,T1BS020111025,18.319995,78.656408,TELANGANA,Rajanna Sircilla,KAMAREDDY, 
State Bank Of India,S1BW020319001,18.337696,80.42983,TELANGANA,Mulugu,ETURNAGARAM, 
State Bank Of India,S1N6020111003,18.320491,78.33663,TELANGANA,Kamareddy, , 
State Bank Of India,T1BY020111020,18.320509,78.337098,TELANGANA,Kamareddy,Kamareddy, 
State Bank Of India,T1NS020111016,18.320645,78.334004,TELANGANA,Kamareddy,NIZAM SAGAR ROAD   KAMA R, 
Union Bank Of India,W0215003,18.32088,78.33379,TELANGANA,Kamareddy,KAMAREDDY,503111
Union Bank Of India,W0215002,18.320888,78.333745,TELANGANA,Kamareddy,KAMAREDDY,503111
Karur Vysya Bank Ltd,S1AC0481201,18.321042,78.3340679,TELANGANA,Kamareddy,KAMAREDDY,503111
State Bank Of India,S1BW021514001,18.321966,79.883952,TELANGANA,Jayashankar,GHANPUR (MD), 
Indian Overseas Bank,IOB9342,18.32231,78.418346,TELANGANA,Kamareddy,KAMAREDDY,0
State Bank Of India,T1BS020111026,18.322805,78.326642,TELANGANA,Kamareddy,NIZAMABAD, 
Kotak Mahindra Bank Limited,KMBN2512,18.323033,78.332856,TELANGANA,Kamareddy,Kamareddy, 
State Bank Of India,T1BS020111021,18.32335,78.368309,TELANGANA,Kamareddy,Kamareddy, 
Central Bank Of India,D11D481211,18.324,78.33431,TELANGANA,Kamareddy, ,503111
Canara Bank,A3520001,18.324,78.3343,TELANGANA,Kamareddy,KAMAREDDY,503111
State Bank Of India,T1NY020111018,18.324092,78.332198,TELANGANA,Kamareddy,Kamareddy, 
City Union Bank Ltd,CUB01653,18.324192,78.33258,TELANGANA,Kamareddy,NIZAMABAD,503111
HDFC Bank Ltd,S1AWHY48,18.3242,78.3329,TELANGANA,Kamareddy,Kamareddy,NULL
HDFC Bank Ltd,S1AWHY49,18.3242,78.3329,TELANGANA,Kamareddy,Kamareddy,NULL
State Bank Of India,T1NS020175062,18.324297,79.651855,TELANGANA,Jayashankar,CHITYAL, 
Bank Of Baroda,1FDNZB03,18.324465,78.331411,TELANGANA,Kamareddy,KAMAREDDY,503111
HDFC Bank Ltd,P3ENHY95,18.324467,78.330095,TELANGANA,Kamareddy, , 
Bank Of Baroda,1VW404201,18.32447,78.33141,TELANGANA,Kamareddy,KAMAREDDY,503111
State Bank Of India,T1NH020122021,18.3249,78.328805,TELANGANA,Kamareddy,KAMAREDDY, 
ICICI Bank Ltd,S1CNP431,18.325359,78.359558,TELANGANA,Kamareddy, , 
Union Bank Of India,W1989001,18.3254,78.3379,TELANGANA,Kamareddy,NEWTOWN - KAMAREDDY,503111
Union Bank Of India,H1989101,18.3254,78.3379,TELANGANA,Kamareddy,NEWTOWN - KAMAREDDY,503111
Union Bank Of India,W0215004,18.3255,78.338,TELANGANA,Kamareddy,KAMAREDDY,503111
Union Bank Of India,B0215101,18.3255,78.338,TELANGANA,Kamareddy,KAMAREDDY,503111
Axis Bank Ltd,DPRH103002,18.325749,78.3384,TELANGANA,Kamareddy,NIZAMABAD, 
State Bank Of India,S5NC006513621,18.325861,79.178593,TELANGANA,Karimnagar,Timmapur, 
State Bank Of India,S1NW040926001,18.325984,78.339374,TELANGANA,Kamareddy, , 
Axis Bank Ltd,TPCN103004,18.326026,78.341009,TELANGANA,Kamareddy,0,503111
Axis Bank Ltd,BPCN103011,18.326569,78.33636,TELANGANA,Kamareddy,HYDERABAD, 
Indian Bank,S1WG0931,18.32692,79.087101,TELANGANA,Siddipet,KARIMNAGAR,505530
Axis Bank Ltd,BPCN103010,18.32706,78.329469,TELANGANA,Kamareddy,KAMAREDDY, 
State Bank Of India,S1N6020111010,18.327707,78.336588,TELANGANA,Kamareddy,KAMAREDDY, 
State Bank Of India,S1N6020111011,18.327768,78.336566,TELANGANA,Kamareddy,KAMAREDDY, 
State Bank Of India,S5NL020531621,18.328997,78.496077,TELANGANA,Kamareddy,MACHAREDDY, 
Union Bank Of India,W0096001,18.32952,79.67532,TELANGANA,Jayashankar,CHITYAL,506356
Union Bank Of India,H0096101,18.3297,79.6746,TELANGANA,Jayashankar,CHITYAL,506356
State Bank Of India,S5NE021885621,18.332502,78.326081,TELANGANA,Kamareddy, , 
State Bank Of India,S1BB020567001,18.332536,79.679295,TELANGANA,Jayashankar,CHITYALA, 
State Bank Of India,S1BW020567002,18.33257,79.679141,TELANGANA,Jayashankar,CHITYAL, 
State Bank Of India,T1BS020111027,18.333798,78.332585,TELANGANA,Kamareddy,KAMAREDDY, 
State Bank Of India,T1NS020111014,18.333873,78.336358,TELANGANA,Kamareddy,"SHIVAJINAGAR, KAMAREDDY", 
State Bank Of India,S1NB020835001,18.333949,78.344363,TELANGANA,Kamareddy, , 
Axis Bank Ltd,BPCN103012,18.334089,78.332819,TELANGANA,Kamareddy,HYDERABAD, 
State Bank Of India,S1BG020111004,18.334682,78.347504,TELANGANA,Kamareddy,KAMAREDDY, 
State Bank Of India,S1BW020111005,18.334691,78.347514,TELANGANA,Kamareddy,KAMAREDDY, 
State Bank Of India,T1BS020111022,18.335799,78.344129,TELANGANA,Kamareddy,Kamareddy, 
Canara Bank,A3524001,18.3373,78.0024,TELANGANA,Kamareddy,GANDIVET,503122
Union Bank Of India,N2393001,18.3387,79.6759,TELANGANA,Jayashankar,TEKUMATLA,506356
State Bank Of India,S1BW021593001,18.340243,78.992999,TELANGANA,Rajanna Sircilla,GALIPALLE, 
State Bank Of India,S5NL005073622,18.344136,78.353745,TELANGANA,Kamareddy,KAMAREDDY, 
State Bank Of India,S5NE014237621,18.34497,79.10083,TELANGANA,Siddipet,KARIMNAGAR,505415
State Bank Of India,S1N6020111007,18.345849,78.363996,TELANGANA,Kamareddy,Kamareddy, 
State Bank Of India,S1BW021663001,18.35286,79.41553,TELANGANA,Karimnagar,VEENAVANKA,505502
Union Bank Of India,W0624001,18.3537,79.424,TELANGANA,Karimnagar,VEENAVANKA,505502
Union Bank Of India,H0624101,18.3537,79.424,TELANGANA,Karimnagar,VEENAVANKA,505502
Indian Bank,S1C029921,18.3593,80.558999,TELANGANA,Mulugu, , 
Indian Overseas Bank,IOB9271,18.362172,78.690926,TELANGANA,Rajanna Sircilla,YELLAREDDIPET,0
State Bank Of India,S5NL020561621,18.363389,77.685819,TELANGANA,Kamareddy,JUKKAL, 
State Bank Of India,S1BW020569001,18.36661,79.15564,TELANGANA,Karimnagar,TIMMAPUR,505527
HDFC Bank Ltd,S1ANAP38,18.3712,79.4118,TELANGANA,Karimnagar,Reddipalle,NULL
State Bank Of India,T1BS020148226,18.372404,79.835411,TELANGANA,Jayashankar,WARANGAL, 
State Bank Of India,S1BW021808001,18.373511,79.153434,TELANGANA,Siddipet,BEJJANKI, 
Union Bank Of India,H2511101,18.3739,79.178,TELANGANA,Karimnagar,ALUGUNUR,505469
State Bank Of India,T1BH020111024,18.374269,78.5711,TELANGANA,Rajanna Sircilla,KARIMNAGAR, 
State Bank Of India,T1BS020134107,18.37439,79.153545,TELANGANA,Siddipet,THIMMAPUR, 
Canara Bank,67114688,18.374972,77.883212,TELANGANA,Kamareddy, , 
State Bank Of India,T1NY020134067,18.375994,79.164894,TELANGANA,Karimnagar,KARIMNAGAR, 
State Bank Of India,T1NW020134064,18.375994,79.164894,TELANGANA,Karimnagar,KARIMNAGAR, 
Canara Bank,A3513001,18.377251,77.880073,TELANGANA,Kamareddy, , 
State Bank Of India,S5NE020112621,18.377285,77.877,TELANGANA,Kamareddy,BANSWADA, 
State Bank Of India,T1NY020111019,18.378293,78.659312,TELANGANA,Rajanna Sircilla,Yellareddipet, 
Canara Bank,B3081001,18.378524,77.876877,TELANGANA,Kamareddy, , 
Union Bank Of India,N0197001,18.3793,77.8785,TELANGANA,Kamareddy,NIZAMABAD,503187
Union Bank Of India,H0197101,18.3793,77.8785,TELANGANA,Kamareddy,NIZAMABAD,503187
State Bank Of India,S5NL020112622,18.382022,77.875248,TELANGANA,Kamareddy,BANSWADA, 
State Bank Of India,S1BG020111002,18.379468,78.587114,TELANGANA,Rajanna Sircilla,KAMAREDDY, 
State Bank Of India,S5NC020111621,18.379489,78.587133,TELANGANA,Rajanna Sircilla,KAMAREDDY, 
State Bank Of India,T1BS020111028,18.379524,78.656408,TELANGANA,Rajanna Sircilla,SIRICILLA, 
Union Bank Of India,COBD167401,18.381,79.9053,TELANGANA,Mulugu,WARANGAL,506342
Union Bank Of India,COBD317101,18.3818,77.8758,TELANGANA,Kamareddy,NIZAMABAD,503187
State Bank Of India,S5NL012903622,18.381808,78.799619,TELANGANA,Rajanna Sircilla,Sricilla, 
State Bank Of India,S1NG020112003,18.381928,77.875611,TELANGANA,Kamareddy,BANSWADA, 
State Bank Of India,S5NE012968621,18.381935,77.875684,TELANGANA,Kamareddy, , 
State Bank Of India,S1NB012968002,18.381998,77.875587,TELANGANA,Kamareddy,BANSWADA, 
HDFC Bank Ltd,S1AWVE06,18.383,77.8753,TELANGANA,Kamareddy,Banswada,NULL
State Bank Of India,T1BS020140010,18.38318,78.815239,TELANGANA,Rajanna Sircilla,Sircilla, 
State Bank Of India,T1BY020140019,18.383334,78.817583,TELANGANA,Rajanna Sircilla,SIRICILLA TOWN, 
State Bank Of India,S5NL020140622,18.384002,78.798505,TELANGANA,Rajanna Sircilla,Sricella, 
State Bank Of India,S1NB020140006,18.384247,78.799234,TELANGANA,Rajanna Sircilla,Sricella, 
State Bank Of India,T1BS005324088,18.384409,77.87323,TELANGANA,Kamareddy,BANSWADA, 
Axis Bank Ltd,BPCN274202,18.384489,78.633039,TELANGANA,Rajanna Sircilla,HYDERABAD, 
Union Bank Of India,N2358002,18.3849,78.633,TELANGANA,Rajanna Sircilla,KARIMNAGAR,505305
State Bank Of India,T1BS020140013,18.386176,78.808509,TELANGANA,Rajanna Sircilla,SIRICILLA, 
Union Bank Of India,K2744101,18.3865,78.803899,TELANGANA,Rajanna Sircilla,KARIMNAGAR, 
ICICI Bank Ltd,SECNG176,18.386878,78.804346,TELANGANA,Rajanna Sircilla,SIRCILLA, 
Lakshmi Vilas Bank Ltd,07071034,18.387159,78.81203,TELANGANA,Rajanna Sircilla,Sircilla, 
Bank Of Baroda,1FDKAR05,18.387176,78.811897,TELANGANA,Rajanna Sircilla,SIRCILLA,505301
State Bank Of India,T1BS020140015,18.387317,78.801317,TELANGANA,Rajanna Sircilla,KARIMNAGAR, 
HDFC Bank Ltd,S1ANHB88,18.3877,78.806,TELANGANA,Rajanna Sircilla,Sircilla,NULL
Axis Bank Ltd,DPRH274201,18.389351,78.809118,TELANGANA,Rajanna Sircilla,KARIMNAGAR, 
State Bank Of India,T1BS020140011,18.389699,78.8085,TELANGANA,Rajanna Sircilla,Sircilla, 
Indian Bank,S1GS2891,18.389699,78.8085,TELANGANA,Rajanna Sircilla, , 
Canara Bank,61593876,18.3908,78.8091,TELANGANA,Rajanna Sircilla, , 
Canara Bank,41705559,18.3908,78.8091,TELANGANA,Rajanna Sircilla, , 
State Bank Of India,S5NE020140621,18.391199,78.809384,TELANGANA,Rajanna Sircilla,KARIMNAGAR, 
Canara Bank,A3525001,18.3931,78.0538,TELANGANA,Kamareddy,POTHANGAL,503114
Union Bank Of India,W0618001,18.3968,79.5505,TELANGANA,Karimnagar,VAVILALA,505475
State Bank Of India,S5NC020140623,18.39742,78.814617,TELANGANA,Rajanna Sircilla,SIRICILLA, 
State Bank Of India,T1BF020140020,18.39742,78.814617,TELANGANA,Rajanna Sircilla,SIRICILLA, 
State Bank Of India,T1NY020134071,18.397651,79.18949,TELANGANA,Karimnagar,Manakondur, 
State Bank Of India,S5NL020285621,18.400076,77.699434,TELANGANA,Kamareddy,BICHKUNDA, 
HDFC Bank Ltd,P3FNKN01,18.400568,79.184103,TELANGANA,Karimnagar,KARIMNAGAR, 
State Bank Of India,T1NH020134044,18.40106,79.188231,TELANGANA,Karimnagar,KARIMNAGAR, 
State Bank Of India,T1BS020111032,18.401228,77.70147,TELANGANA,Kamareddy,NIZAMABAD, 
State Bank Of India,S1BW020508001,18.401637,78.273136,TELANGANA,Kamareddy,RANGAMPET, 
Union Bank Of India,HHYD00401111111,18.402319,79.18757,TELANGANA,Karimnagar, , 
Union Bank Of India,NHYD05601111111,18.40232,79.18757,TELANGANA,Karimnagar,Karimnagar,505469
Indian Overseas Bank,IOB5977,18.402957,78.985381,TELANGANA,Rajanna Sircilla,POTTUR,0
State Bank Of India,T1BS020140016,18.404488,78.817847,TELANGANA,Rajanna Sircilla,KARIMNAGAR, 
State Bank Of India,T1BS020111031,18.404488,78.817847,TELANGANA,Rajanna Sircilla,KARIMNAGAR, 
Union Bank Of India,H0785101,18.4073,79.362,TELANGANA,Karimnagar,CHALLUR,505505
State Bank Of India,S5NE006521621,18.41056,79.14276,TELANGANA,Karimnagar,POTHUGAL,505404
State Bank Of India,T1NW020134060,18.411209,79.136077,TELANGANA,Karimnagar,Karimnagar, 
HDFC Bank Ltd,P3FNKN02,18.413437,79.137767,TELANGANA,Karimnagar,KARIMNAGAR, 
HDFC Bank Ltd,S1AWTH82,18.4136,77.7297,TELANGANA,Kamareddy,Gopanapalle,NULL
State Bank Of India,T1NW020111017,18.414263,78.419096,TELANGANA,Kamareddy,KAMAREDDY, 
State Bank Of India,S1BW020509001,18.414853,78.424207,TELANGANA,Kamareddy, , 
Union Bank Of India,W0541001,18.415,78.2676,TELANGANA,Kamareddy,NIZAMABAD,503145
Union Bank Of India,H0541101,18.415,78.2676,TELANGANA,Kamareddy,NIZAMABAD,503145
State Bank Of India,S1BW020476001,18.418512,79.385712,TELANGANA,Karimnagar,MALLAREDDIPALLY, 
State Bank Of India,T1BS020134088,18.419339,79.11839,TELANGANA,Karimnagar,Karimnagar, 
State Bank Of India,T1BS020134115,18.41967,79.135151,TELANGANA,Karimnagar,KARIMNAGAR, 
Union Bank Of India,L0457001,18.4205,79.4701,TELANGANA,Peddapalli,POTHAKAPALLI,505152
Union Bank Of India,H0457101,18.4205,79.4701,TELANGANA,Peddapalli,POTHAKAPALLI,505152
HDFC Bank Ltd,S1ACUP81,18.4213,79.1128,TELANGANA,Karimnagar,Karim Nagar,NULL
Union Bank Of India,H2215101,18.4222,79.1394,TELANGANA,Karimnagar,KARIMNAGAR,505001
Union Bank Of India,W2215001,18.4222,79.1394,TELANGANA,Karimnagar,KARIMNAGAR,505001
Union Bank Of India,W0944001,18.423008,78.906416,TELANGANA,Rajanna Sircilla,RUDRAMPUR,505402
Canara Bank,A3526001,18.4238,77.8725,TELANGANA,Kamareddy, , 
State Bank Of India,T1BW020134074,18.42412,79.117279,TELANGANA,Karimnagar,Karimnagar, 
State Bank Of India,T1BS020134106,18.424675,79.118344,TELANGANA,Karimnagar,KARIMNAGAR, 
State Bank Of India,S5BE020887622,18.426869,79.13298,TELANGANA,Karimnagar,KARIMNAGAR, 
HDFC Bank Ltd,S1ANKP34,18.426939,79.862249,TELANGANA,Jayashankar, , 
Axis Bank Ltd,SPCN2916,18.426963,78.2477925,TELANGANA,Kamareddy,0,503003
Axis Bank Ltd,APCN29028,18.427315,79.12523,TELANGANA,Karimnagar,0,505001
HDFC Bank Ltd,S1AWJA02,18.4277,79.3028,TELANGANA,Karimnagar,Pachchunur,NULL
ICICI Bank Ltd,SACWG725,18.427872,79.135867,TELANGANA,Karimnagar,Karimnagar, 
ICICI Bank Ltd,SECNG024,18.427972,79.135787,TELANGANA,Karimnagar, , 
Axis Bank Ltd,APCN29019,18.42809,79.13682,TELANGANA,Karimnagar,0,0
Union Bank Of India,N1123003,18.428174,79.13578,TELANGANA,Karimnagar,KARIMNAGAR,505001
Union Bank Of India,H1123101,18.428174,79.13578,TELANGANA,Karimnagar,KARIMNAGAR,505001
State Bank Of India,S1BW020134038,18.428192,79.135409,TELANGANA,Karimnagar,KARIMNAGAR, 
State Bank Of India,S1BB020776002,18.428288,79.13495,TELANGANA,Karimnagar,KARIMNAGAR, 
Bank Of India,AKK9001,18.4284,79.14,TELANGANA,Karimnagar, ,505001
Canara Bank,2498EP02,18.42843,79.13344,TELANGANA,Karimnagar,KARIMNAGAR,505001
State Bank Of India,T1BS020134099,18.428559,79.118722,TELANGANA,Karimnagar,KARIMNAGAR, 
ICICI Bank Ltd,S1CNP069,18.428598,79.133354,TELANGANA,Karimnagar, , 
Canara Bank,66222412,18.428653,79.863282,TELANGANA,Jayashankar, , 
Axis Bank Ltd,CECN29036,18.428711,79.109398,TELANGANA,Karimnagar,KARIMNAGAR, 
City Union Bank Ltd,CUB01303,18.428777,79.132899,TELANGANA,Karimnagar,Karim Nagar,505001
State Bank Of India,T1BF020134128,18.428808,79.143231,TELANGANA,Karimnagar,KARIMNAGAR, 
State Bank Of India,S1NB020134001,18.428873,79.133084,TELANGANA,Karimnagar,Karimnagar, 
State Bank Of India,T1NY020134053,18.42913,79.135369,TELANGANA,Karimnagar,Karimnagar, 
State Bank Of India,S5NC011087621,18.42913,79.1419,TELANGANA,Karimnagar,KARIMNAGAR,505001
Bank Of Baroda,1VD407501,18.429288,79.130074,TELANGANA,Karimnagar,KARIMNAGAR,505001
ICICI Bank Ltd,SACWC782,18.429521,79.12002,TELANGANA,Karimnagar,Karimnagar, 
State Bank Of India,S5NE022051621,18.429784,79.121905,TELANGANA,Karimnagar,KARIMNAGAR, 
Union Bank Of India,W1591001,18.4301,79.1357,TELANGANA,Karimnagar,KARIMNAGAR,505001
Union Bank Of India,H1591101,18.4301,79.1357,TELANGANA,Karimnagar,KARIMNAGAR,505001
State Bank Of India,T1BS020134090,18.43032,79.1133,TELANGANA,Karimnagar,KASHMIRGADDA KARIMNAGAR TOM, 
State Bank Of India,S1NB020134039,18.43037,79.142065,TELANGANA,Karimnagar,KARIMNAGAR, 
Union Bank Of India,H1336101,18.4314,79.1254,TELANGANA,Karimnagar,KARIMNAGAR,505001
Union Bank Of India,N1336002,18.4314,79.1254,TELANGANA,Karimnagar,KARIMNAGAR,505001
Axis Bank Ltd,CWCW29034,18.431509,79.132099,TELANGANA,Karimnagar,KARIMNAGAR, 
State Bank Of India,T1BS020134102,18.431635,79.016168,TELANGANA,Karimnagar,BHAVUPETA, 
State Bank Of India,S1BJ006641002,18.43167,79.86056,TELANGANA,Jayashankar,WARANGAL,506169
State Bank Of India,S1N6020134011,18.43188,79.130596,TELANGANA,Karimnagar,KARIMNAGAR, 
State Bank Of India,S1N6020134010,18.432039,79.130092,TELANGANA,Karimnagar,KARIMNAGAR, 
State Bank Of India,T1NH020134045,18.432536,79.137838,TELANGANA,Karimnagar,ASHOK NAGAR KARIMNAGAR, 
ICICI Bank Ltd,S1CWK392,18.432619,79.13478,TELANGANA,Karimnagar, , 
State Bank Of India,S1BW020893001,18.432782,79.139289,TELANGANA,Karimnagar,KARIMNAGAR, 
Canara Bank,24984302,18.433275,79.132515,TELANGANA,Karimnagar, , 
State Bank Of India,T1BS020134113,18.433562,79.142577,TELANGANA,Karimnagar,KARIMNAGAR, 
HDFC Bank Ltd,P1ECKR01,18.4336,79.1352,TELANGANA,Karimnagar,Karim Nagar,NULL
Axis Bank Ltd,LWCW29029,18.433693,79.116241,TELANGANA,Karimnagar,0,505002
State Bank Of India,S5NL020887621,18.433824,79.129364,TELANGANA,Karimnagar,KARIMNAGAR, 
State Bank Of India,T1BS020134096,18.433825,79.118014,TELANGANA,Karimnagar,KARIMNAGAR, 
State Bank Of India,S1NJ011087002,18.43391,79.13474,TELANGANA,Karimnagar,KARIMNAGAR,505001
Bank Of Baroda,1RDNHYD20,18.4341,79.1291,TELANGANA,Karimnagar,KARIMNAGAR,505001
Union Bank Of India,W0306002,18.4341,79.1367,TELANGANA,Karimnagar,KARIMNAGAR,505001
Union Bank Of India,H0306101,18.4341,79.1367,TELANGANA,Karimnagar,KARIMNAGAR,505001
State Bank Of India,S1BG020134083,18.43418,79.119689,TELANGANA,Karimnagar,Karimnagar, 
State Bank Of India,S1BG020134026,18.434399,79.126217,TELANGANA,Karimnagar,KARIMNAGAR, 
State Bank Of India,T1BS020134092,18.434455,79.12271,TELANGANA,Karimnagar,Karimnagar, 
Union Bank Of India,WHYD10201111111,18.43455,79.13545,TELANGANA,Karimnagar,Karimnagar,505001
Punjab National Bank,AP1D084U,18.43455,79.1355,TELANGANA,Karimnagar,Karimnagar, 
Union Bank Of India,DHYD10301111111,18.43458,79.13543,TELANGANA,Karimnagar,Karimnagar,505001
Lakshmi Vilas Bank Ltd,001DM225,18.43459,0.0,TELANGANA,Karimnagar, , 
State Bank Of India,T1BS020134108,18.434646,78.969961,TELANGANA,Rajanna Sircilla,KARIMNAGAR, 
Lakshmi Vilas Bank Ltd,01410336,18.434663,79.866302,TELANGANA,Jayashankar,JAYASHANKAR, 
State Bank Of India,T1BS020134114,18.434815,79.145167,TELANGANA,Karimnagar,KARIMNAGAR, 
HDFC Bank Ltd,P3ENKI01,18.434885,79.135079,TELANGANA,Karimnagar, , 
HDFC Bank Ltd,P1ECKR02,18.4349,79.135,TELANGANA,Karimnagar,Karim Nagar,NULL
Union Bank Of India,H1290101,18.435,79.8738,TELANGANA,Jayashankar,BHUPALAPALLY,506169
Union Bank Of India,N1290003,18.435,79.8738,TELANGANA,Jayashankar,BHUPALAPALLY,506169
Union Bank Of India,WHYD11401111111,17.401249,78.508939,TELANGANA,Karimnagar, , 
Axis Bank Ltd,APCN29027,18.435225,79.1201743,TELANGANA,Karimnagar,0,505001
South Indian Bank Ltd,06280002,18.4353,79.1326,TELANGANA,Karimnagar,Karimnagar,505001
State Bank Of India,T1NH020134047,18.435306,79.132517,TELANGANA,Karimnagar,PRAKASAM GUNJ, 
Central Bank Of India,SCDD34571S,18.435319,79.11942,TELANGANA,Karimnagar,KARIMNAGAR, 
Union Bank Of India,N0736008,18.435468,79.134056,TELANGANA,Karimnagar,KARIMNAGAR,505001
Union Bank Of India,W0736007,18.4355,79.1341,TELANGANA,Karimnagar,KARIMNAGAR,505001
Union Bank Of India,W0736005,18.4355,79.1341,TELANGANA,Karimnagar,KARIMNAGAR,505001
Union Bank Of India,W0736006,18.4355,79.1341,TELANGANA,Karimnagar,KARIMNAGAR,505001
Union Bank Of India,B0736101,18.4355,79.1341,TELANGANA,Karimnagar,KARIMNAGAR,505001
Indian Overseas Bank,IOB5864,18.435534,79.143564,TELANGANA,Karimnagar,THIMMAPUR MANDAL,0
Indian Overseas Bank,IOB8577,18.435534,79.143564,TELANGANA,Karimnagar,KARIM NAGAR,0
ICICI Bank Ltd,S1CW4745,18.436582,79.136543,TELANGANA,Karimnagar, , 
Indian Overseas Bank,IOB9789,18.435534,79.143564,TELANGANA,Karimnagar,KARIM NAGAR,0
Punjab National Bank,N2363000,18.43561,79.12587,TELANGANA,Karimnagar,KARIMNAGAR,505001
Punjab National Bank,N1878800,18.43561,79.12587,TELANGANA,Karimnagar,KARIMNAGAR,504208
Kotak Mahindra Bank Limited,TLBD2271,18.43606,79.11463,TELANGANA,Karimnagar,Karimnagar, 
Kotak Mahindra Bank Limited,TLBD2271,18.43606,79.11463,TELANGANA,Karimnagar,Karimnagar, 
State Bank Of India,T1NH020134041,18.436175,79.109394,TELANGANA,Karimnagar,KARIM NAGAR, 
State Bank Of India,T1BS020134095,18.436199,79.13237,TELANGANA,Karimnagar,Karimnagar, 
State Bank Of India,T1NH020138005,18.436283,79.127882,TELANGANA,Karimnagar,KARIMNAGAR, 
State Bank Of India,T1NH020134043,18.436378,79.134628,TELANGANA,Karimnagar,KARIMNAGAR, 
State Bank Of India,S1N6020134013,18.436396,79.132242,TELANGANA,Karimnagar,KARIMNAGAR, 
State Bank Of India,S1N6020134016,18.436452,79.132092,TELANGANA,Karimnagar,KARIMNAGAR, 
Union Bank Of India,NHYD07101111111,18.43712,79.12367,TELANGANA,Karimnagar,Karimnagar,505001
Union Bank Of India,WHYD62381111111,18.43713,79.12367,TELANGANA,Karimnagar,Karimnagar,505001
State Bank Of India,S5NG020134621,18.437142,79.131277,TELANGANA,Karimnagar,KARIMNAGAR, 
State Bank Of India,S1BB004903040,18.437163,79.131284,TELANGANA,Karimnagar,KARIMNAGAR, 
State Bank Of India,S5NC020776621,18.437178,79.131301,TELANGANA,Karimnagar,KARIMNAGAR, 
State Bank Of India,S1BW020134005,18.437191,79.131291,TELANGANA,Karimnagar,KARIMNAGAR, 
HDFC Bank Ltd,P1ECKR04,18.4372,79.1202,TELANGANA,Karimnagar,Karim Nagar,NULL
State Bank Of India,S1NW020134037,18.437219,79.132611,TELANGANA,Karimnagar,Karimnagar, 
State Bank Of India,T1BS020148213,18.437299,79.86507,TELANGANA,Jayashankar,BHUPALAPALLE, 
ICICI Bank Ltd,S1CNP927,18.437486,79.108909,TELANGANA,Karimnagar, , 
State Bank Of India,S1BB020907001,18.437503,79.875747,TELANGANA,Jayashankar,BHUPALPALLE, 
South Indian Bank Ltd,06280001,18.4378,79.1275,TELANGANA,Karimnagar,Karimnagar,505001
Axis Bank Ltd,CWRO29003,18.43804,79.127189,TELANGANA,Karimnagar,KARIMNAGAR, 
Punjab National Bank,N1589900,18.43807,79.12685,TELANGANA,Karimnagar,KARIMNAGAR,505301
Lakshmi Vilas Bank Ltd,03290953,18.43809,0.0,TELANGANA,Karimnagar, , 
State Bank Of India,S1NZ020139021,18.438174,79.162337,TELANGANA,Karimnagar,KARIMNAGAR, 
State Bank Of India,S5NE012903621,18.43833,79.12861,TELANGANA,Karimnagar,KARIMNAGAR,505301
Canara Bank,A3336001,18.438345,79.116901,TELANGANA,Karimnagar, , 
Union Bank Of India,N0306001,18.4384,79.129231,TELANGANA,Karimnagar,KARIMNAGAR,505001
State Bank Of India,T1BY020134075,18.438547,79.115948,TELANGANA,Karimnagar,KARIMNAGAR, 
Indian Overseas Bank,IOB6985,18.438555,79.128841,TELANGANA,Karimnagar,KARIM NAGAR,0
Indian Overseas Bank,IOB9745,18.438555,79.128841,TELANGANA,Karimnagar,GODHAVARIKHANI,0
Indian Bank,S1H004761,18.438555,79.128841,TELANGANA,Karimnagar,KARIMNAGAR,505001
Bank Of Baroda,1FDKAR01,18.438555,79.128841,TELANGANA,Karimnagar,KARIMNAGAR,503112
Bank Of Baroda,1FDKAR03,18.438555,79.128841,TELANGANA,Karimnagar,KARIMNAGAR,505445
Kotak Mahindra Bank Limited,ALBD2480,18.438554,79.128841,TELANGANA,Karimnagar,Alugunur, 
Kotak Mahindra Bank Limited,ALBD2480,18.438554,79.128841,TELANGANA,Karimnagar,Alugunur, 
Bank Of Maharashtra,NA1742T1,18.4386,79.137671,TELANGANA,Karimnagar,KARIMNAGAR,505001
Punjab National Bank,WA071601,18.438609,79.128656,TELANGANA,Karimnagar, , 
State Bank Of India,T1NF020148153,18.438657,79.86701,TELANGANA,Jayashankar,BHUPALAPALLI, 
Bank Of Baroda,1VW420501,18.438921,79.116343,TELANGANA,Karimnagar,KARIMNAGAR,505001
IndusInd Bank,MC146801,18.439018,79.136769,TELANGANA,Karimnagar,Karimnagar ,505001
State Bank Of India,T1NH020134050,18.439052,79.125822,TELANGANA,Karimnagar,KARIMNAGAR, 
Canara Bank,A3300001,18.43913,79.1367,TELANGANA,Karimnagar,KARIMNAGAR,505001
IDBI Bank Ltd,TC043311,18.43928,79.10795,TELANGANA,Karimnagar,Karimnagar,520500
Union Bank Of India,W1478001,18.4393,79.1135,TELANGANA,Karimnagar,KARIMNAGAR,505001
Union Bank Of India,H1478101,18.4393,79.1135,TELANGANA,Karimnagar,KARIMNAGAR,505001
Canara Bank,66530950,18.439444,79.113793,TELANGANA,Karimnagar, , 
State Bank Of India,S1N6020134034,18.439602,79.139526,TELANGANA,Karimnagar,KARIMNAGAR, 
Axis Bank Ltd,AWCW29031,18.43963,79.140199,TELANGANA,Karimnagar, , 
State Bank Of India,S1BW020907003,18.439677,79.869263,TELANGANA,Jayashankar,BHOOPALAPALLY, 
Axis Bank Ltd,SPCN29009,18.43979,79.10999,TELANGANA,Karimnagar,0,0
State Bank Of India,S5NE020907621,18.43982,79.869263,TELANGANA,Jayashankar,Bhupalpally, 
Kotak Mahindra Bank Limited,TLBW9169,18.44,79.13,TELANGANA,Karimnagar,Karim Nagar,505001
Union Bank Of India,N0736003,18.440281,79.129565,TELANGANA,Karimnagar,KARIMNAGAR,505001
Karur Vysya Bank Ltd,S1AC0145201,18.44032768,79.12752374,TELANGANA,Karimnagar,KARIMNAGAR,505001
State Bank Of India,T1NW020134062,18.440801,79.108785,TELANGANA,Karimnagar,Karimnagar, 
HDFC Bank Ltd,S1AWTZ04,18.4409,79.8695,TELANGANA,Jayashankar,Bhupalpalle,506169
Indian Bank,S1AK0211,18.44108,79.126993,TELANGANA,Karimnagar,KARIMNAGAR,505001
Canara Bank,2498EP01,18.44163,79.12239,TELANGANA,Karimnagar,KARIMNAGAR,505001
ICICI Bank Ltd,S1CWI287,18.441822,79.128648,TELANGANA,Karimnagar,Karimnagar, 
HDFC Bank Ltd,P3DCKN01,18.4419,79.1228,TELANGANA,Karimnagar,Karim Nagar,NULL
State Bank Of India,S1BW006641001,18.44229,79.86799,TELANGANA,Jayashankar,WARANGAL,506169
Union Bank Of India,W1123002,18.442378,79.133062,TELANGANA,Karimnagar,KARIMNAGAR,505001
State Bank Of India,T1BF020134081,18.44239,79.12118,TELANGANA,Karimnagar,Karimnagar, 
State Bank Of India,T1BF020134129,18.442424,79.123972,TELANGANA,Karimnagar,KARIMNAGAR, 
State Bank Of India,S1BG021604001,18.442424,79.123972,TELANGANA,Karimnagar,RAVIRALA, 
HDFC Bank Ltd,P1ECKR03,18.4429,79.1319,TELANGANA,Karimnagar,Karim Nagar,NULL
HDFC Bank Ltd,P3ENKI04,18.443246,79.165046,TELANGANA,Karimnagar, , 
State Bank Of India,T1NH020134049,18.443401,79.147702,TELANGANA,Karimnagar,KARIMNAGAR, 
ICICI Bank Ltd,S1CWK371,18.443597,79.128631,TELANGANA,Karimnagar, , 
ICICI Bank Ltd,S1CW5435,18.44359853,79.12863253,TELANGANA,Karimnagar,Karimnagar, 
State Bank Of India,T1NH020138006,18.443685,79.133009,TELANGANA,Karimnagar,KAMAN ROAD PEDDAPALLI, 
HDFC Bank Ltd,P3FNHY59,18.443799,79.128489,TELANGANA,Karimnagar,KARIMNAGAR, 
HDFC Bank Ltd,P3FNHY61,18.443799,79.128489,TELANGANA,Karimnagar,KARIMNAGAR, 
HDFC Bank Ltd,P3FNHY63,18.443799,79.128489,TELANGANA,Karimnagar,KARIMNAGAR, 
HDFC Bank Ltd,S1ANKN01,18.4438,79.1285,TELANGANA,Karimnagar,Karim Nagar,NULL
Union Bank Of India,NHYD06701111111,18.44388,79.12809,TELANGANA,Karimnagar,Karimnagar,505469
Union Bank Of India,W1583001,18.4441,79.1277,TELANGANA,Karimnagar,KARIMNAGAR,505001
Union Bank Of India,H1583101,18.4441,79.1277,TELANGANA,Karimnagar,KARIMNAGAR,505001
State Bank Of India,T1BS020148224,18.444221,78.870949,TELANGANA,Rajanna Sircilla,BHUPALAPALLY, 
ICICI Bank Ltd,S1CNP057,18.444295,79.126678,TELANGANA,Karimnagar, , 
State Bank Of India,S1NG020134036,18.444335,79.124695,TELANGANA,Karimnagar,KARIMNAGAR, 
State Bank Of India,S1BB020884002,18.444549,79.124623,TELANGANA,Karimnagar,KARIMNAGAR, 
HDFC Bank Ltd,S1ANKM01,18.4448,79.1249,TELANGANA,Karimnagar,Karim Nagar,NULL
State Bank Of India,T1NH020138003,18.444954,79.132585,TELANGANA,Karimnagar,PEDDAPALLI, 
State Bank Of India,S1BW021786001,18.445503,79.091106,TELANGANA,Karimnagar,CHINTHAKUNTA, 
State Bank Of India,S1BB020907002,18.445746,79.851984,TELANGANA,Jayashankar,Bhupalpally, 
State Bank Of India,T1BF020134127,18.44615,79.120882,TELANGANA,Karimnagar,KARIMNAGAR, 
Union Bank Of India,W2317001,18.4462,79.1167,TELANGANA,Karimnagar,SITARAMPUR,505001
Union Bank Of India,B2317101,18.4462,79.1167,TELANGANA,Karimnagar,SITARAMPUR,505001
Union Bank Of India,H0890101,18.44628334,79.11665344,TELANGANA,Karimnagar,MAIDPALLY,505215
Union Bank Of India,W1048003,18.4463,79.1166,TELANGANA,Karimnagar,KARIMNAGAR,505001
Union Bank Of India,H1048101,18.4463,79.1166,TELANGANA,Karimnagar,KARIMNAGAR,505001
Union Bank Of India,W1048004,18.446339,79.116635,TELANGANA,Karimnagar,KARIMNAGAR,505001
State Bank Of India,T1BS020134117,18.446382,79.113641,TELANGANA,Karimnagar,KARIMNAGAR, 
Union Bank Of India,WHYD62181111111,18.44663,79.26112,TELANGANA,Karimnagar,Karimnagar,505469
State Bank Of India,T1NH020134040,18.447031,79.125136,TELANGANA,Karimnagar,KARIM NAGAR, 
State Bank Of India,T1NH020134046,18.447084,79.132139,TELANGANA,Karimnagar,KARIMNAGAR, 
State Bank Of India,T1BF020134123,18.447326,79.126704,TELANGANA,Karimnagar,KARIMNAGAR, 
State Bank Of India,S1NB020134004,18.447357,79.151314,TELANGANA,Karimnagar,Karimnagar, 
HDFC Bank Ltd,S1ACHY61,18.4476,79.1637,TELANGANA,Karimnagar,Bommakal,NULL
State Bank Of India,T1NY020134065,18.448089,79.077229,TELANGANA,Karimnagar,Karimnagar, 
State Bank Of India,T1NW020134068,18.448589,79.12906,TELANGANA,Karimnagar,KARIMNAGAR, 
Axis Bank Ltd,CECN29035,18.44875,79.132125,TELANGANA,Karimnagar,KARIMNAGAR, 
State Bank Of India,T1NH020140008,18.449216,79.141891,TELANGANA,Karimnagar,SIRCILLA, 
Axis Bank Ltd,APCN29021,18.44965,79.1215,TELANGANA,Karimnagar,0,0
State Bank Of India,T1NH020134042,18.44968,79.075192,TELANGANA,Karimnagar,KARIM NAGAR, 
State Bank Of India,S1BB020134006,18.450206,79.144705,TELANGANA,Karimnagar,Karim nagar, 
State Bank Of India,S5NE013338621,18.4504,79.30222,TELANGANA,Karimnagar,KARIMNAGAR,505209
State Bank Of India,T1BS020134109,18.450539,79.134912,TELANGANA,Karimnagar,KARIMNAGAR, 
State Bank Of India,S1BB020134003,18.451329,79.082724,TELANGANA,Karimnagar,Karimnagar, 
State Bank Of India,S5NC020884621,18.451477,79.120596,TELANGANA,Karimnagar,KARIMNAGAR, 
HDFC Bank Ltd,P3FNKN03,18.451781,79.13068,TELANGANA,Karimnagar,KARIMNAGAR, 
Axis Bank Ltd,DPRH274301,18.4519,79.120299,TELANGANA,Karimnagar,KARIMNAGAR, 
ICICI Bank Ltd,SCVDL345,18.452049,79.107124,TELANGANA,Karimnagar, , 
State Bank Of India,T1BS020134120,18.45216,79.126056,TELANGANA,Karimnagar,VAVILALAPALLY, 
State Bank Of India,T1BS020134104,18.452174,79.107057,TELANGANA,Karimnagar,KARIMNAGAR, 
State Bank Of India,T1BF020134023,18.452189,79.114688,TELANGANA,Karimnagar,KARIMNAGAR, 
Axis Bank Ltd,APCN29012,18.45229,79.11152,TELANGANA,Karimnagar,0,0
State Bank Of India,T1NW020134069,18.452715,79.10742,TELANGANA,Karimnagar,KARIMNAGAR, 
State Bank Of India,T1BS020134121,18.453566,79.122627,TELANGANA,Karimnagar,KARIMNAGAR, 
State Bank Of India,S1NG020139014,18.455406,79.0449,TELANGANA,Karimnagar,Karimnagar, 
HDFC Bank Ltd,S1ACHE19,18.455479,79.120869,TELANGANA,Karimnagar,KARIMNAGAR, 
HDFC Bank Ltd,P3ECKI01,18.455859,79.109679,TELANGANA,Karimnagar, , 
HDFC Bank Ltd,P3DCKN02,18.456,79.1352,TELANGANA,Karimnagar,Karim Nagar,NULL
Axis Bank Ltd,CPRH29002,18.45709,79.13493,TELANGANA,Karimnagar,KARIMNAGAR, 
State Bank Of India,T1BS020134087,18.45921,79.136209,TELANGANA,Karimnagar,DHARMARAM TOM, 
State Bank Of India,T1BS020134085,18.45926,79.13624,TELANGANA,Karimnagar,KARIMNAGAR, 
State Bank Of India,T1BF020134080,18.45926,79.13624,TELANGANA,Karimnagar,KARIMNAGAR, 
Axis Bank Ltd,DERO426301,18.45926,79.13624,TELANGANA,Karimnagar,KARIMNAGAR, 
State Bank Of India,T1BS020134105,18.460568,79.184433,TELANGANA,Karimnagar,KARIMNAGAR, 
State Bank Of India,T1NW020134059,18.460946,79.115266,TELANGANA,Karimnagar,Karimnagar, 
Union Bank Of India,W0455007,18.461995,77.801804,TELANGANA,Kamareddy,HYDERABAD,500032
Union Bank Of India,B0455101,18.461995,77.801804,TELANGANA,Kamareddy,HYDERABAD,500032
State Bank Of India,S1NZ005324019,18.462647,77.801434,TELANGANA,Kamareddy,BIRKUR, 
State Bank Of India,T1BF020134122,18.464132,79.137364,TELANGANA,Karimnagar,KARIMNAGAR, 
Union Bank Of India,H0738101,18.4657,77.8027,TELANGANA,Kamareddy,BHIRKUR,503321
Union Bank Of India,W2889001,18.4657,77.8027,TELANGANA,Kamareddy,NIZAMABAD,503101
State Bank Of India,S1BW020148036,18.466121,79.911033,TELANGANA,Jayashankar,Warangal, 
State Bank Of India,T1BS020140009,18.466859,78.87705,TELANGANA,Rajanna Sircilla,Sircilla, 
Union Bank Of India,N0623003,18.4674,78.8701,TELANGANA,Rajanna Sircilla,KARIMNAGAR,505302
Union Bank Of India,H0623101,18.4674,78.8701,TELANGANA,Rajanna Sircilla,KARIMNAGAR,505302
Union Bank Of India,W0623002,18.467435,78.870129,TELANGANA,Rajanna Sircilla,KARIMNAGAR,505302
State Bank Of India,T1BS020140012,18.46929,78.86523,TELANGANA,Rajanna Sircilla,VEMULAWADA, 
HDFC Bank Ltd,S1AWTH78,18.4699,78.8646,TELANGANA,Rajanna Sircilla,Vemulawada,NULL
Indian Overseas Bank,IOB5868,18.470303,77.802416,TELANGANA,Kamareddy,NASURULLABAD,0
DCB bank Ltd,DCB15501,18.470418,79.113925,TELANGANA,Karimnagar, , 
State Bank Of India,S5NL020147622,18.472963,78.861199,TELANGANA,Rajanna Sircilla,VEMULAWADA, 
State Bank Of India,S5NC020147621,18.472981,78.861172,TELANGANA,Rajanna Sircilla,VEMULAWADA, 
Bank Of Baroda,1VW405101,18.473186,78.860871,TELANGANA,Rajanna Sircilla,KARIMNAGAR,505302
State Bank Of India,S1BW020477001,18.473487,79.379484,TELANGANA,Peddapalli,UTOOR, 
State Bank Of India,T1BS020140014,18.474088,78.863039,TELANGANA,Rajanna Sircilla,VEMULAVADA, 
Indian Bank,S1C004421,18.475664,78.730616,TELANGANA,Rajanna Sircilla, , 
State Bank Of India,T1BS020134089,18.476669,79.14158,TELANGANA,Karimnagar,Karimnagar, 
Union Bank Of India,N0647002,18.4832,78.6888,TELANGANA,Rajanna Sircilla,KONARAOPET,505301
State Bank Of India,T1NY020138008,18.486021,79.527035,TELANGANA,Peddapalli,Peddapalle, 
Indian Bank,S1AS0651,18.48778,78.271397,TELANGANA,Nizamabad,NIZAMABAD,503164
Union Bank Of India,NHYD06801111111,18.49406,79.0929,TELANGANA,Karimnagar,Karimnagar,505451
State Bank Of India,T1BS020134112,18.496318,79.09441,TELANGANA,Karimnagar,KARIMNAGAR, 
State Bank Of India,S1BW020146002,18.49713,79.25171,TELANGANA,Peddapalli,SULTHANABAD, 
Union Bank Of India,H0810101,18.498,79.0897,TELANGANA,Karimnagar,KARIMNAGAR,505451
Union Bank Of India,DKRM00201111111,18.49803,79.15034,TELANGANA,Karimnagar,Karimnagar,505001
Union Bank Of India,WHYD12801111111,18.00643,79.57051,TELANGANA,Karimnagar, , 
Union Bank Of India,W2148001,18.5011,79.1505,TELANGANA,Karimnagar,NAGUNUR KARIMNAGAR,505417
State Bank Of India,S1BW021797001,18.505739,79.471567,TELANGANA,Peddapalli,ADILABAD, 
Canara Bank,A3530001,18.507,77.623,TELANGANA,Kamareddy,MENOOR,503309
State Bank Of India,S5NF020146621,18.507496,79.248522,TELANGANA,Peddapalli,Sulthanabad, 
Union Bank Of India,H1990101,18.5081,77.6277,TELANGANA,Kamareddy,MADNOOR,503309
Union Bank Of India,H0748101,18.5114,78.9375,TELANGANA,Rajanna Sircilla,KARIMNAGAR,505524
Indian Overseas Bank,IOB7278,18.511615,79.041905,TELANGANA,Karimnagar,MALKAPUR,0
State Bank Of India,S1BW020115002,18.514386,77.618936,TELANGANA,Kamareddy,MADNOOR, 
Punjab National Bank,N1287800,18.52207,80.34177,TELANGANA,Mulugu,WARANGAL,506165
State Bank Of India,S5NL021316621,18.522539,79.305343,TELANGANA,Peddapalli,POOSALA, 
IDBI Bank Ltd,ID043311,18.52464,79.16405,TELANGANA,Karimnagar,Karimnagar,505001
State Bank Of India,T1BS020138013,18.525999,79.319359,TELANGANA,Peddapalli,Sultanabad, 
HDFC Bank Ltd,S1ANSB68,18.5274,79.3192,TELANGANA,Peddapalli,Sultanabad,NULL
Union Bank Of India,H1227101,18.5295,79.3197,TELANGANA,Peddapalli,SULTANABAD,505185
Union Bank Of India,W1227001,18.5295,79.3197,TELANGANA,Peddapalli,SULTANABAD,505185
Axis Bank Ltd,BPCN169405,18.52956,79.3198531,TELANGANA,Peddapalli,0,505186
Union Bank Of India,WHYD13901111111,18.530227,79.42864,TELANGANA,Peddapalli, , 
Punjab National Bank,DA211001,16.528972,80.47112,TELANGANA,Peddapalli,GUNTUR,522237
State Bank Of India,T1BS020138014,18.530234,79.320399,TELANGANA,Peddapalli,PEDDAPALLI, 
State Bank Of India,S5NL021327621,18.530826,77.901806,TELANGANA,Nizamabad,VARNI, 
State Bank Of India,S1BW020436001,18.530888,78.948924,TELANGANA,Rajanna Sircilla,Boinpalli, 
Canara Bank,A3519001,18.5323,77.8959,TELANGANA,Nizamabad,VARNI,503201
State Bank Of India,S5NL020368621,18.53272,77.895637,TELANGANA,Nizamabad,VARNI, 
State Bank Of India,S5NE020910621,18.53312,79.569573,TELANGANA,Peddapalli,ADILABAD, 
Bank Of Maharashtra,WA0579A1,18.53775,78.105125,TELANGANA,Nizamabad,NIZAMABAD,503002
State Bank Of India,S1BW007532001,18.53798,78.114,TELANGANA,Nizamabad,NIZAMABAD,503230
Union Bank Of India,H0030101,18.5385,78.2398,TELANGANA,Nizamabad,INDALWAI,503164
HDFC Bank Ltd,P3ECNB02,18.53942,77.91751,TELANGANA,Nizamabad, , 
Union Bank Of India,H1732101,18.5432,77.907,TELANGANA,Nizamabad,NIZAMABAD,503201
State Bank Of India,S1NZ005324007,18.54895,77.88466,TELANGANA,Nizamabad,NIZAMABAD,503007
IDBI Bank Ltd,ID043301,18.55035,78.99925,TELANGANA,Karimnagar,Karimnagar,505001
State Bank Of India,T1NW020139029,18.551041,79.3856,TELANGANA,Peddapalli,Peddapalle, 
State Bank Of India,T1BF020134082,18.551419,79.00059,TELANGANA,Karimnagar,GANGADHARA, 
State Bank Of India,S5NL020474621,18.55334,79.260726,TELANGANA,Peddapalli,ELIGAID, 
State Bank Of India,S1BW020146004,18.555632,79.354637,TELANGANA,Peddapalli,Sulthanabad, 
Union Bank Of India,N0886002,18.5563,78.817,TELANGANA,Rajanna Sircilla,NARASINGAPUR,505415
State Bank Of India,S1BG020146001,18.563118,79.356182,TELANGANA,Peddapalli,Peddapalli, 
State Bank Of India,T1BS020134098,18.566103,78.989235,TELANGANA,Karimnagar,GANGADHAR, 
State Bank Of India,T1NY020134072,18.568584,78.992979,TELANGANA,Karimnagar,GANGADHARA, 
Indian Overseas Bank,IOB5981,18.569872,78.452459,TELANGANA,Nizamabad,DUBBAK,0
State Bank Of India,S1NG020114002,18.575119,77.818924,TELANGANA,Nizamabad,KOTGIRI, 
State Bank Of India,T1NY005324061,18.575391,78.366131,TELANGANA,Nizamabad,NIZAMABAD, 
State Bank Of India,S5NL020113621,18.575533,78.369782,TELANGANA,Nizamabad,DARPALLY, 
Union Bank Of India,H2441101,18.5767,79.0098,TELANGANA,Karimnagar,KURIKYALA,505445
State Bank Of India,T1BF020134126,18.577456,79.171581,TELANGANA,Karimnagar,CHOPPADANDI, 
Axis Bank Ltd,BPCN274303,18.578079,79.17182,TELANGANA,Karimnagar,CHOPPADANDI, 
Indian Overseas Bank,IOB7276,18.578176,79.594054,TELANGANA,Peddapalli,KALWACHERLA,0
State Bank Of India,S1BG020142001,18.578397,78.987033,TELANGANA,Jagitial,GANGADHARA, 
State Bank Of India,S1NG014237002,18.580309,79.17053,TELANGANA,Karimnagar,CHOPPADANDI, 
Canara Bank,A3517001,18.5817,77.8782,TELANGANA,Nizamabad,RUDRUR,503188
State Bank Of India,S1BW020142002,18.582662,79.010746,TELANGANA,Karimnagar,GANGADHARA, 
Union Bank Of India,NHYD04501111111,18.585,79.16632,TELANGANA,Karimnagar,Karimnagar,505415
Axis Bank Ltd,APCN29020,18.58508,79.16611,TELANGANA,Karimnagar,0,0
Union Bank Of India,W1069002,18.5853,79.1659,TELANGANA,Karimnagar,CHOPPADANDI,505415
State Bank Of India,T1BS020134100,18.588077,79.010139,TELANGANA,Karimnagar,KARIMNAGAR, 
Union Bank Of India,N2313002,18.5881,79.0628,TELANGANA,Karimnagar,"RAMADUGU,KARIMNAGAR",505531
Dhanlaxmi Bank,DAP12178,18.590849,78.371105,TELANGANA,Nizamabad, , 
Canara Bank,A3515001,18.614883,77.972066,TELANGANA,Nizamabad, , 
HDFC Bank Ltd,S1ANNI78,18.6048,78.2133,TELANGANA,Nizamabad,Nizamabad,NULL
State Bank Of India,S5NE020389621,18.607512,78.212035,TELANGANA,Nizamabad,NIZAMABAD, 
Union Bank Of India,N0448003,18.6083,79.3787,TELANGANA,Peddapalli,PEDDAPALLI,505172
Bank Of Baroda,1FDKAR04,18.6085047,79.3769635,TELANGANA,Peddapalli,PEDDAPALLI,505172
ICICI Bank Ltd,SEVDH864,18.60853,79.377296,TELANGANA,Peddapalli, , 
HDFC Bank Ltd,S1AWKG02,18.6086,79.3772,TELANGANA,Peddapalli,Peddapalle,NULL
State Bank Of India,T1NY020138007,18.608792,79.377051,TELANGANA,Peddapalli,Peddapalle, 
State Bank Of India,T1NW020139031,18.608889,79.376678,TELANGANA,Peddapalli,PEDDAPALLI, 
State Bank Of India,T1BS005324091,18.608932,78.207703,TELANGANA,Nizamabad,NIZAMABAD, 
Axis Bank Ltd,TPCN16941,18.60997,79.37949,TELANGANA,Peddapalli,0,0
State Bank Of India,T1BF020138016,18.610077,79.372881,TELANGANA,Peddapalli,PEDDAPALLY, 
State Bank Of India,T1BS005324082,18.610346,78.197289,TELANGANA,Nizamabad,NIZAMABAD, 
Union Bank Of India,W0448002,18.6104,79.3745,TELANGANA,Peddapalli,PEDDAPALLI,505172
Union Bank Of India,H0448101,18.6104,79.3745,TELANGANA,Peddapalli,PEDDAPALLI,505172
State Bank Of India,S5NC020138621,18.610488,79.406218,TELANGANA,Peddapalli,PEDDAPALLE, 
State Bank Of India,T1NW020138009,18.610609,79.368515,TELANGANA,Peddapalli,PEDDAPALLE, 
State Bank Of India,S1BB020138002,18.611789,79.398665,TELANGANA,Peddapalli,PEDDAPALLE, 
State Bank Of India,T1BF020138015,18.614239,79.377225,TELANGANA,Peddapalli,PEDDAPALLY, 
Union Bank Of India,COBD307301,18.614319,79.381796,TELANGANA,Peddapalli, , 
State Bank Of India,T1BS020138010,18.615079,79.38232,TELANGANA,Peddapalli,Peddapalle, 
State Bank Of India,S1BW013804001,18.61544,78.210524,TELANGANA,Nizamabad,DICHPALLE, 
State Bank Of India,S1NB004829003,18.615693,79.382872,TELANGANA,Peddapalli,PEDDAPALLE, 
State Bank Of India,S5NL012945622,18.615693,79.417891,TELANGANA,Peddapalli,PEDDAPALLE, 
Axis Bank Ltd,BPCN169401,18.61698,79.38608,TELANGANA,Peddapalli,0,0
IDBI Bank Ltd,ID043312,18.61702,78.80699,TELANGANA,Jagitial,Karimnagar,505001
HDFC Bank Ltd,S1ANAP98,18.6171,78.1224,TELANGANA,Nizamabad,Mugpal,NULL
HDFC Bank Ltd,S1ANAP97,18.6175,78.2059,TELANGANA,Nizamabad,Nadepalle,NULL
State Bank Of India,S1NZ005324018,18.61825,77.96922,TELANGANA,Nizamabad,NIZAMABAD,503206
State Bank Of India,T1BY020138017,18.621523,79.390827,TELANGANA,Peddapalli,PEDDAPALLY, 
State Bank Of India,S5NE012945621,18.62278,79.3925,TELANGANA,Peddapalli,KARIMNAGAR,505172
State Bank Of India,T1BS020137015,18.623577,78.955774,TELANGANA,Jagitial,KARIMNAGAR, 
State Bank Of India,S1BW007374001,18.62383,78.30858,TELANGANA,Nizamabad,NIZAMABAD,503164
Indian Bank,S1WP0881,18.624352,78.954043,TELANGANA,Jagitial,KARIMNAGAR,505501
Union Bank Of India,N2858001,18.62524,79.945849,TELANGANA,Jayashankar,KARIMNAGAR, 
State Bank Of India,T1NY020139033,18.626656,79.947252,TELANGANA,Jayashankar,Bhupalpalle, 
State Bank Of India,S5NL020529621,18.62672,79.947213,TELANGANA,Jayashankar,HYDERABAD, 
Union Bank Of India,W0497001,18.6275,78.7078,TELANGANA,Rajanna Sircilla,CHANDIGARH,505307
Canara Bank,44976889,18.655957,77.894951,TELANGANA,Nizamabad, , 
Union Bank Of India,W0804001,18.6311,78.896996,TELANGANA,Jagitial,KODIMIAL,505501
Union Bank Of India,N0270002,18.6315,79.2403,TELANGANA,Peddapalli,JULLAPALLY,505525
Union Bank Of India,H0804101,18.631659,78.899335,TELANGANA,Jagitial,KODIMIAL,505501
Bank Of Baroda,1VW412401,18.631869,78.251962,TELANGANA,Nizamabad,YANAMPALLE,503175
Union Bank Of India,H0248101,18.6323,79.5622,TELANGANA,Peddapalli,KARIMNAGAR,505212
Axis Bank Ltd,CWAW29104,18.6324,78.05433,TELANGANA,Nizamabad,0,0
Union Bank Of India,L0173001,18.6326,79.0938,TELANGANA,Karimnagar,GUNDI GOPALRAOPET,505531
Union Bank Of India,H0173101,18.6326,79.0938,TELANGANA,Karimnagar,GUNDI GOPALRAOPET,505531
Union Bank Of India,N0943001,18.6332,79.5437,TELANGANA,Peddapalli,KARIMNAGAR,505212
HDFC Bank Ltd,P3ENPL01,18.635219,79.54729,TELANGANA,Peddapalli, , 
State Bank Of India,S1NZ020139007,18.638992,79.554775,TELANGANA,Peddapalli,Pannur, 
Indian Bank,S1AP0331,18.6404384,79.3872973,TELANGANA,Peddapalli,KARIMNAGAR,505172
Axis Bank Ltd,BPCN169404,18.642199,79.55051,TELANGANA,Peddapalli,0,505212
State Bank Of India,T1BH020137001,18.64327,78.91609,TELANGANA,Jagitial,JNTU KARIMNAGAR, 
State Bank Of India,S1NB020134002,18.64539,79.664582,TELANGANA,Peddapalli,KARIMNAGAR, 
Union Bank Of India,H0733101,18.646,77.885,TELANGANA,Nizamabad,BODHAN,503185
State Bank Of India,T1BS005324075,18.6462,77.888199,TELANGANA,Nizamabad,Bodhan, 
State Bank Of India,T1BS005324080,18.64872,77.891519,TELANGANA,Nizamabad,BODHAN, 
Canara Bank,66571000,18.650031,79.667525,TELANGANA,Peddapalli, , 
HDFC Bank Ltd,S1ACNZ26,18.6509,79.666,TELANGANA,Peddapalli,Manthani,NULL
Union Bank Of India,H0843101,18.6509,79.6684,TELANGANA,Peddapalli,MANTHANI,505184
HDFC Bank Ltd,S1ANHD41,18.651,79.666,TELANGANA,Peddapalli,Manthani,NULL
State Bank Of India,S5NE011986621,18.65111,78.11194,TELANGANA,Nizamabad,NIZAMABAD,503003
State Bank Of India,T1NY020139026,18.653307,79.668436,TELANGANA,Peddapalli,Manthani, 
State Bank Of India,S5NE005324621,18.653504,78.09114,TELANGANA,Nizamabad,Nizamabad, 
State Bank Of India,S1NZ005324014,18.65432,77.89424,TELANGANA,Nizamabad,NIZAMABAD,503185
HDFC Bank Ltd,S1AWAP58,18.6544,77.8927,TELANGANA,Nizamabad,Bodhan,NULL
HDFC Bank Ltd,S1ANAP47,18.6545,77.8926,TELANGANA,Nizamabad,Bodhan,NULL
State Bank Of India,S1N6005324017,18.654534,77.893198,TELANGANA,Nizamabad,VARNI, 
State Bank Of India,S1BW020533001,18.654633,77.892919,TELANGANA,Nizamabad,Bodhan, 
State Bank Of India,S5NG020109621,18.654685,77.893111,TELANGANA,Nizamabad,BODHAN, 
State Bank Of India,S1BW020109005,18.654733,77.893038,TELANGANA,Nizamabad,BODHAN, 
State Bank Of India,S1BW020109014,18.654769,77.892923,TELANGANA,Nizamabad,BODHAN, 
State Bank Of India,T1BF005324105,18.654906,78.115905,TELANGANA,Nizamabad,NIZAMABAD, 
State Bank Of India,S5NL021906621,18.654996,78.164832,TELANGANA,Nizamabad,MAKLOOR, 
Bank Of Baroda,1FDNZB05,18.655609,77.922897,TELANGANA,Nizamabad,NIZAMABAD,503185
State Bank Of India,T1BS005324095,18.65594,78.081439,TELANGANA,Nizamabad,NIZAMABAD, 
State Bank Of India,S5NE020144621,18.655999,79.668704,TELANGANA,Peddapalli,KARIMNAGAR, 
Union Bank Of India,H1479101,18.656,77.895,TELANGANA,Nizamabad,BODHAN,503185
Canara Bank,A3532001,18.656,77.9727,TELANGANA,Nizamabad,MANGAL PAHAD,503002
Canara Bank,A3511001,18.6566,77.8917,TELANGANA,Nizamabad,BODHAN,503185
Union Bank Of India,N0733002,18.6568,77.8882,TELANGANA,Nizamabad,BODHAN,503185
State Bank Of India,S1BJ011986001,18.65694,78.11361,TELANGANA,Nizamabad,NIZAMABAD,503003
State Bank Of India,S1BW020144001,18.657066,79.667949,TELANGANA,Peddapalli,MANTHANI, 
Union Bank Of India,CBTN154610,18.65709,78.12488,TELANGANA,Nizamabad,NIZAMABAD,503230
Indian Bank,S1AB1691,18.657099,78.121132,TELANGANA,Nizamabad,NIZAMABAD,503230
State Bank Of India,S1NZ005324009,18.657525,77.892255,TELANGANA,Nizamabad,Nizamabad, 
State Bank Of India,S1NZ005324013,18.65795,77.89534,TELANGANA,Nizamabad,NIZAMABAD,503185
State Bank Of India,S1NZ005324015,18.65854,77.88545,TELANGANA,Nizamabad,NIZAMABAD,503185
State Bank Of India,T1BS005324092,18.659346,78.083533,TELANGANA,Nizamabad,NIZAMABAD, 
Canara Bank,A3540001,18.659348,78.119073,TELANGANA,Nizamabad, , 
ICICI Bank Ltd,S1CW3653,18.659751,78.117645,TELANGANA,Nizamabad,Nizamabad, 
State Bank Of India,T1BS005324078,18.66031,78.09172,TELANGANA,Nizamabad,Nandipet, 
Indian Overseas Bank,IOB8619,18.660626,79.391605,TELANGANA,Peddapalli,PEDDAPALLI,0
IDBI Bank Ltd,TC043312,18.66063,79.39161,TELANGANA,Peddapalli,Karimnagar,520500
Axis Bank Ltd,APCN29109,18.6615227,78.1162585,TELANGANA,Nizamabad,0,503001
State Bank Of India,T1NY020139025,18.661634,78.661633,TELANGANA,Jagitial,KAMANPUR, 
Union Bank Of India,L1793001,18.6617,78.1144,TELANGANA,Nizamabad,NIZAMABAD,503001
Union Bank Of India,H1793101,18.6617,78.1144,TELANGANA,Nizamabad,NIZAMABAD,503001
State Bank Of India,S5NE020881621,18.661865,78.119646,TELANGANA,Nizamabad,Nizamabad, 
State Bank Of India,T1NH005324053,18.669313,78.099491,TELANGANA,Nizamabad,NIZAMABAD, 
City Union Bank Ltd,CUB01435,18.662279,78.112374,TELANGANA,Nizamabad,TIRUVARUR,609501
HDFC Bank Ltd,S1ANWB33,18.6623,78.1133,TELANGANA,Nizamabad,Nizamabad,NULL
State Bank Of India,S1NZ005324010,18.66308,78.08895,TELANGANA,Nizamabad,NIZAMABAD,503001
State Bank Of India,T1BS005324089,18.663189,78.091454,TELANGANA,Nizamabad,NIZAMABAD, 
HDFC Bank Ltd,S1ANNZ62,18.6633,78.1109,TELANGANA,Nizamabad,Nizamabad,NULL
Axis Bank Ltd,APCN29111,18.6633235,78.0955255,TELANGANA,Nizamabad,0,503001
Union Bank Of India,DNZM00101111111,18.66378,78.09343,TELANGANA,Nizamabad,Nizamabad,503001
Union Bank Of India,H0749101,18.6641,78.0939,TELANGANA,Nizamabad,NIZAMABAD,503001
Union Bank Of India,N0749003,18.6641,78.0939,TELANGANA,Nizamabad,NIZAMABAD,503001
Axis Bank Ltd,APCN29110,18.6642775,78.0941557,TELANGANA,Nizamabad,0,503001
State Bank Of India,S1NZ005324011,18.66431,78.09337,TELANGANA,Nizamabad,NIZAMABAD,503001
Union Bank Of India,WHYD13201111111,18.664442,78.09327,TELANGANA,Nizamabad,NIZAMABAD, 
State Bank Of India,S5NL020385621,18.664481,79.502068,TELANGANA,Peddapalli,KAMANPUR, 
State Bank Of India,S1BZ005324107,18.664585,78.099618,TELANGANA,Nizamabad,NIZAMABAD, 
State Bank Of India,S1BZ005324106,18.664585,78.099618,TELANGANA,Nizamabad,NIZAMABAD, 
Axis Bank Ltd,APCN29107,18.664956,78.1078479,TELANGANA,Nizamabad,0,503002
Union Bank Of India,L2608001,18.665,77.9065,TELANGANA,Nizamabad,BODHAN,503185
State Bank Of India,T1NH005324049,18.665138,78.083431,TELANGANA,Nizamabad,NIZAMABAD, 
State Bank Of India,T1BS005324085,18.666386,78.087713,TELANGANA,Nizamabad,NIZAMABAD, 
Canara Bank,16572364,18.666556,78.093582,TELANGANA,Nizamabad, , 
Bank Of Baroda,1RDWNZB01,18.66683,78.10316,TELANGANA,Nizamabad,NIZAMABAD,503003
State Bank Of India,S1BB020109008,18.666849,77.89995,TELANGANA,Nizamabad,BODHAN, 
City Union Bank Ltd,CUB01642,18.667891,78.103702,TELANGANA,Nizamabad,HYDERABAD,503003
City Union Bank Ltd,CUBFI508,18.667891,78.103702,TELANGANA,Nizamabad,ELURU,534001
DCB bank Ltd,DCB19201,18.669353,78.082307,TELANGANA,Nizamabad, , 
HDFC Bank Ltd,P3ENNB01,18.66805,78.095877,TELANGANA,Nizamabad, , 
State Bank Of India,T1NY005324064,18.668206,78.093216,TELANGANA,Nizamabad,Nizamabad, 
Indian Overseas Bank,IOB7275,18.668244,79.526621,TELANGANA,Peddapalli,SABITHAM,0
State Bank Of India,T1BS005324090,18.6683,78.086935,TELANGANA,Nizamabad,NIZAMABAD, 
State Bank Of India,T1BS005324079,18.66839,78.098469,TELANGANA,Nizamabad,NIZAMABAD, 
Indian Overseas Bank,IOB9716,18.669353,78.082308,TELANGANA,Nizamabad,NIZAMABAD,0
IDBI Bank Ltd,ID043911,18.66935,78.08231,TELANGANA,Nizamabad,Nizamabad,503001
State Bank Of India,S5NE022038621,18.669635,78.11214,TELANGANA,Nizamabad, , 
State Bank Of India,T1NH005324051,18.669679,78.09874,TELANGANA,Nizamabad,NIZAMABAD, 
State Bank Of India,T1BF005324101,18.669815,78.097173,TELANGANA,Nizamabad,NIZAMABAD, 
HDFC Bank Ltd,P3ECNB01,18.67058,78.10311,TELANGANA,Nizamabad, , 
State Bank Of India,S1BW008482001,18.67064,78.48214,TELANGANA,Nizamabad,NIZAMABAD,503307
Bank Of India,FHY9004,18.67074,78.11407,TELANGANA,Nizamabad,VINAYAK NAGAR NIZAMABAD, 
HDFC Bank Ltd,S1AWBL31,18.6711,77.7788,TELANGANA,Nizamabad,Hunsa,NULL
State Bank Of India,S5NG020961621,18.67122,78.105797,TELANGANA,Nizamabad,NIZAMABAD, 
Union Bank Of India,NHYD15811111111,18.67132,78.10642,TELANGANA,Nizamabad,Nizamabad,503002
HDFC Bank Ltd,S1ANAP53,18.6714,78.1061,TELANGANA,Nizamabad,Nizamabad,NULL
HDFC Bank Ltd,S1ANNZ01,18.6714,78.1061,TELANGANA,Nizamabad,Nizamabad,NULL
Bank Of India,AHY8028,18.6715,78.0988,TELANGANA,Nizamabad, ,503001
State Bank Of India,S1NZ005324008,18.6719,78.09904,TELANGANA,Nizamabad,NIZAMABAD,503003
Union Bank Of India,W0387005,18.672018,78.105744,TELANGANA,Nizamabad,NIZAMABAD,503003
Union Bank Of India,W0596002,18.6721,78.1058,TELANGANA,Nizamabad,NIZAMABAD,503001
Union Bank Of India,H0596102,18.6721,78.1058,TELANGANA,Nizamabad,NIZAMABAD,503001
Union Bank Of India,B0596101,18.6721,78.1058,TELANGANA,Nizamabad,NIZAMABAD,503001
Union Bank Of India,W2510001,18.6721,78.1058,TELANGANA,Nizamabad,MORTHAD,503225
Union Bank Of India,H2888101,18.6725,78.0941,TELANGANA,Nizamabad,NIZAMABAD,503002
State Bank Of India,S1N6005324005,18.672753,78.10277,TELANGANA,Nizamabad,NIZAMABAD, 
State Bank Of India,S1N6005324027,18.672777,78.102846,TELANGANA,Nizamabad,NIZAMABAD, 
State Bank Of India,S5NC020723621,18.672864,78.091553,TELANGANA,Nizamabad,NIZAMABAD, 
HDFC Bank Ltd,P3FNNZ02,18.673799,78.082082,TELANGANA,Nizamabad,NIZAMABAD, 
State Bank Of India,S1BW020723001,18.67383,78.089563,TELANGANA,Nizamabad,NIZAMABAD, 
Punjab National Bank,N2272200,18.6739,78.10134,TELANGANA,Nizamabad,NIZAMABAD,503003
Punjab National Bank,D1804400,18.6739,78.10134,TELANGANA,Nizamabad,NIZAMABAD,503185
HDFC Bank Ltd,S1ACHD60,18.6741,78.9328,TELANGANA,Jagitial,Kondagattu,NULL
Union Bank Of India,COBD018311,18.6742,78.1016,TELANGANA,Nizamabad,NIZAMABAD,503001
Kotak Mahindra Bank Limited,TLBD9419,18.674285,78.103554,TELANGANA,Nizamabad,Nizamabad, 
Canara Bank,A3510001,18.6743,78.0974,TELANGANA,Nizamabad,NIZAMABAD,503001
Bank Of India,IHY8009,18.67461,78.10133,TELANGANA,Nizamabad, ,503002
State Bank Of India,T1NY005324070,18.674846,78.674846,TELANGANA,Jagitial,Nizamabad, 
HDFC Bank Ltd,P3ECNB03,18.67491,78.097489,TELANGANA,Nizamabad, , 
Union Bank Of India,N0387003,18.67518,78.10715,TELANGANA,Nizamabad,NIZAMABAD,503003
State Bank Of India,T1NH005324066,18.675222,78.084738,TELANGANA,Nizamabad,NIZAMABAD, 
Union Bank Of India,N0387002,18.675433,78.10026,TELANGANA,Nizamabad,NIZAMABAD,503003
HDFC Bank Ltd,S1ACAG48,18.6756,78.0848,TELANGANA,Nizamabad,Nizamabad,NULL
Bank Of Baroda,1VD401801,18.675623,78.097513,TELANGANA,Nizamabad,NIZAMABAD,503001
Bank Of Baroda,1DBA05971,18.675623,78.097513,TELANGANA,Nizamabad,NIZAMABAD,503001
State Bank Of India,S1BW020873002,18.675659,78.083977,TELANGANA,Nizamabad,ARSAPALLY, 
IDBI Bank Ltd,ID043901,18.67589,78.10451,TELANGANA,Nizamabad,Nizamabad,503002
Lakshmi Vilas Bank Ltd,04960165,18.675999,0.0,TELANGANA,Nizamabad, , 
Canara Bank,6146919,18.676135,78.096989,TELANGANA,Nizamabad, , 
Canara Bank,0614E001,18.676135,78.096989,TELANGANA,Nizamabad, , 
State Bank Of India,S1BB005324045,18.676284,78.096497,TELANGANA,Nizamabad,NIZAMABAD,503001
Union Bank Of India,DHYD08601111111,18.67651,78.0982,TELANGANA,Nizamabad,Nizamabad,503001
Bank Of Baroda,1FDNZB02,18.676594,78.098643,TELANGANA,Nizamabad,NIZAMABAD,503001
State Bank Of India,S1BJ005324081,18.677218,78.108259,TELANGANA,Nizamabad,NIZAMABAD, 
State Bank Of India,T1NY005324068,18.677228,77.955549,TELANGANA,Nizamabad,Yedpalle, 
Union Bank Of India,H0387101,18.6774,78.1024,TELANGANA,Nizamabad,NIZAMABAD,503003
Union Bank Of India,N0387006,18.6774,78.1024,TELANGANA,Nizamabad,NIZAMABAD,503003
Punjab National Bank,WA086201,18.677662,78.096318,TELANGANA,Nizamabad, , 
Indian Bank,S1C030781,18.6785,78.1086,TELANGANA,Nizamabad, , 
Punjab National Bank,PC082602,18.678856,78.096078,TELANGANA,Nizamabad,Nizamabad, 
State Bank Of India,T1NY005324050,18.678885,78.086629,TELANGANA,Nizamabad,NIZAMABAD, 
State Bank Of India,S1N6005324003,18.678895,78.10631,TELANGANA,Nizamabad,Nizamabad, 
Canara Bank,A3516001,18.6789,77.9505,TELANGANA,Nizamabad,EDAPALLI,503202
State Bank Of India,S5NL020959621,18.679053,79.506381,TELANGANA,Peddapalli,PEPAADAPALLI, 
State Bank Of India,S1NB005324001,18.679281,78.103542,TELANGANA,Nizamabad,Nizamabad, 
Axis Bank Ltd,DERO430701,18.67944,77.876747,TELANGANA,Nizamabad,BODHAN, 
Union Bank Of India,W2266001,18.6797,78.0678,TELANGANA,Nizamabad,NIZAMABAD,503001
Union Bank Of India,H2266101,18.6797,78.0678,TELANGANA,Nizamabad,NIZAMABAD,503001
Bank Of Baroda,1FDNZB04,18.6797159,78.0974538,TELANGANA,Nizamabad,NIZAMABAD,503001
ICICI Bank Ltd,SACWE899,18.679956,78.097169,TELANGANA,Nizamabad,Nizamabad, 
Union Bank Of India,WHYD12201111111,18.680186,78.097411,TELANGANA,Nizamabad,NIZAMABAD, 
HDFC Bank Ltd,S1AWND01,18.6802,78.098,TELANGANA,Nizamabad,Nizamabad,NULL
State Bank Of India,S5NL005324622,18.680338,78.105495,TELANGANA,Nizamabad,Nizamabad, 
Axis Bank Ltd,CWDW29106,18.68040873,78.09613406,TELANGANA,Nizamabad,0,503001
State Bank Of India,T1BF005324103,18.680522,78.075827,TELANGANA,Nizamabad,NIZAMABAD, 
Canara Bank,0614E002,18.680707,78.100082,TELANGANA,Nizamabad, , 
Karur Vysya Bank Ltd,S1AC0144901,18.68075667,78.09619167,TELANGANA,Nizamabad,NIZAMABAD,503001
State Bank Of India,S1BW020110001,18.681191,78.109755,TELANGANA,Nizamabad,ARMUR, 
State Bank Of India,S1BG020873001,18.681344,78.074057,TELANGANA,Nizamabad,NIZAMABAD, 
State Bank Of India,S1NB020560002,18.681554,77.944756,TELANGANA,Nizamabad,YEDAPALLY, 
State Bank Of India,S1BB020961002,18.681796,78.110821,TELANGANA,Nizamabad,nizamabad, 
State Bank Of India,S5NL020310621,18.681897,78.096691,TELANGANA,Nizamabad,NIZAMABAD, 
State Bank Of India,S1NZ005324012,18.68251,78.09709,TELANGANA,Nizamabad,NIZAMABAD,503002
Punjab National Bank,AP1D087U,18.68293,78.11033,TELANGANA,Nizamabad,Nizamabad, 
Union Bank Of India,L1792001,18.683,78.1116,TELANGANA,Nizamabad,NIZAMABAD,503001
Union Bank Of India,H1792101,18.683,78.1116,TELANGANA,Nizamabad,NIZAMABAD,503001
IDBI Bank Ltd,TC043911,18.68337,78.10726,TELANGANA,Nizamabad,Nizamabad,503002
State Bank Of India,S5NE020108621,18.683413,78.200528,TELANGANA,Nizamabad,NIZAMABAD, 
State Bank Of India,S5BL020376621,18.683568,78.10463,TELANGANA,Nizamabad,NIZAMABAD, 
State Bank Of India,T1NW005324059,18.683568,78.10463,TELANGANA,Nizamabad,Nizamabad, 
State Bank Of India,T1BS005324084,18.683661,78.10143,TELANGANA,Nizamabad,NIZAMABAD, 
State Bank Of India,S5NL009789621,18.683701,78.116141,TELANGANA,Nizamabad,NIZAMABAD, 
Indian Bank,S1C029911,18.684199,78.1135,TELANGANA,Nizamabad, , 
State Bank Of India,S1BW020376006,18.6843,78.108498,TELANGANA,Nizamabad,NIZAMABAD, 
State Bank Of India,S1BW020376005,18.684302,78.108521,TELANGANA,Nizamabad,NIZAMABAD, 
HDFC Bank Ltd,S1AWTH79,18.6851,78.3278,TELANGANA,Nizamabad,Kaligote,NULL
State Bank Of India,S1BB005324046,18.685584,78.09395,TELANGANA,Nizamabad,NIZAMABAD,503001
State Bank Of India,T1BF005324102,18.685721,78.10093,TELANGANA,Nizamabad,NIZAMABAD, 
State Bank Of India,T1NH005324052,18.685912,78.153278,TELANGANA,Nizamabad,NIZAMABAD, 
State Bank Of India,S1BW020108017,18.686665,78.203017,TELANGANA,Nizamabad,NIZAMABAD, 
State Bank Of India,S1NG020959003,18.686858,79.58586,TELANGANA,Peddapalli,Kamanpur, 
Axis Bank Ltd,DPRH296201,18.6869,78.115969,TELANGANA,Nizamabad,NIZAMABAD, 
HDFC Bank Ltd,S1ANHY55,18.687,78.1163,TELANGANA,Nizamabad,Nizamabad,NULL
HDFC Bank Ltd,P3FNNZ01,18.687991,78.11041,TELANGANA,Nizamabad,NIZAMABAD, 
State Bank Of India,T1NY005324067,18.688148,78.117222,TELANGANA,Nizamabad,Nizamabad, 
State Bank Of India,T1BF005324104,18.689682,78.108734,TELANGANA,Nizamabad,NIZAMABAD, 
Indian Bank,S1WM0661,18.689914,78.93731,TELANGANA,Jagitial,KARIMNAGAR,505331
State Bank Of India,T1NY005324065,18.690316,78.111386,TELANGANA,Nizamabad,Nizamabad, 
State Bank Of India,T1NY005324063,18.691391,78.413733,TELANGANA,Nizamabad,Bheemgal, 
State Bank Of India,S5NL021374621,18.69352,78.285379,TELANGANA,Nizamabad,JAKRANPALLE, 
State Bank Of India,T1NW005324060,18.694142,78.093937,TELANGANA,Nizamabad,Nizamabad, 
State Bank Of India,S1BG020996001,18.696773,78.122763,TELANGANA,Nizamabad,NIZAMABAD, 
Union Bank Of India,H1386101,18.6969,78.4452,TELANGANA,Nizamabad,BHEEMGAL,503307
State Bank Of India,T1BS005324097,18.699243,78.451568,TELANGANA,Nizamabad,BHEEMGHAL, 
State Bank Of India,S5NE020374621,18.700678,78.454515,TELANGANA,Nizamabad,BHEEMGAL, 
State Bank Of India,T1BS020137016,18.702185,79.06403,TELANGANA,Jagitial,KARIMNAGAR, 
HDFC Bank Ltd,S1AWHD03,18.7031,79.0635,TELANGANA,Jagitial,Pegadapalli,NULL
Union Bank Of India,NHYD04601111111,18.70438,78.952,TELANGANA,Jagitial,Karimnagar,505469
State Bank Of India,T1BS005324096,18.705687,78.447567,TELANGANA,Nizamabad,NIZAMABAD, 
HDFC Bank Ltd,S1AWTH80,18.706,78.0229,TELANGANA,Nizamabad,Jankampet,NULL
State Bank Of India,T1BS005324100,18.708718,78.022806,TELANGANA,Nizamabad,NIZAMABAD, 
State Bank Of India,T1BS005324077,18.70982,78.551349,TELANGANA,Nizamabad,"MRO OFFICE ROAD,BHEEMGAL", 
State Bank Of India,T1BS005324083,18.715348,78.064623,TELANGANA,Nizamabad,NIZAMABAD, 
State Bank Of India,T1BS020134101,18.715348,79.075442,TELANGANA,Jagitial,KARIMNAGAR, 
Indian Bank,IAPTM11001D0,18.715722,78.166415,TELANGANA,Nizamabad,NIZAMABAD,503213
Union Bank Of India,WHYD11201111111,18.71613,79.02683,TELANGANA,Jagitial,Karimnagar,505452
HDFC Bank Ltd,S1ACMY02,18.7172,78.2779,TELANGANA,Nizamabad,Munpalle,NULL
State Bank Of India,S5NE004190621,18.717227,78.086316,TELANGANA,Nizamabad,ARMOOR, 
Union Bank Of India,N2791001,18.7183,78.2775,TELANGANA,Nizamabad,NIZAMABAD,503175
Axis Bank Ltd,LWCW29115,18.718709,78.14826,TELANGANA,Nizamabad,NIZAMABAD, 
Axis Bank Ltd,CWRO29102,18.718709,78.14826,TELANGANA,Nizamabad,NIZAMABAD, 
State Bank Of India,T1NH005324057,18.720373,78.465491,TELANGANA,Nizamabad,NIZAMABAD, 
State Bank Of India,S5NL020574621,18.720706,78.27275,TELANGANA,Nizamabad,"Jakranpalle,", 
State Bank Of India,S1NG020139004,18.723389,79.54467,TELANGANA,Peddapalli,RAMAGUNDAM, 
State Bank Of India,S5NE020609621,18.723477,79.544656,TELANGANA,Peddapalli,KARIMNAGAR, 
State Bank Of India,S5NL020609622,18.723508,79.544584,TELANGANA,Peddapalli,JALLARAM, 
Bank Of Baroda,1VW405601,18.726628,77.988141,TELANGANA,Nizamabad,DUPALLE,503245
State Bank Of India,T1NY020134055,18.731451,79.191097,TELANGANA,Peddapalli,Peddapalle, 
Union Bank Of India,NHYD04901111111,18.7315,79.98452,TELANGANA,Jayashankar,Karimnagar,505415
State Bank Of India,S1BW020956002,18.733998,79.521845,TELANGANA,Peddapalli,GODAVARIKHANI, 
Union Bank Of India,D0115001,18.7348,79.1913,TELANGANA,Peddapalli,DHARMARAM,505416
Union Bank Of India,H0115101,18.7348,79.1913,TELANGANA,Peddapalli,DHARMARAM,505416
State Bank Of India,S1BB020139009,18.736559,79.517409,TELANGANA,Peddapalli,RAMAGUNDAM, 
State Bank Of India,S1NW020124014,18.738428,79.519888,TELANGANA,Peddapalli,Srirampur, 
State Bank Of India,T1BF020139046,18.738918,79.515234,TELANGANA,Peddapalli,GODAVARIKHANI, 
State Bank Of India,S1NW005324054,18.740541,78.182117,TELANGANA,Nizamabad,HYDERABAD, 
Axis Bank Ltd,CECN86809,18.74115,79.571579,TELANGANA,Peddapalli,GODAVARIKHANI, 
State Bank Of India,T1NH020139024,18.741431,79.494809,TELANGANA,Peddapalli,GODHAVARI KHANI, 
State Bank Of India,T1BS020139041,18.742718,79.498512,TELANGANA,Peddapalli,KARIMNAGAR, 
State Bank Of India,S1NW020139019,18.744252,79.50341,TELANGANA,Peddapalli,GODAVARIKHANI, 
ICICI Bank Ltd,SCVDL424,18.745889,79.500732,TELANGANA,Peddapalli, , 
State Bank Of India,T1BF020139045,18.74619,79.508759,TELANGANA,Peddapalli,GODAVARIKHANI, 
State Bank Of India,T1NW020139030,18.747098,79.510011,TELANGANA,Peddapalli,Ramagundam, 
State Bank Of India,T1NW020139028,18.747345,79.473474,TELANGANA,Peddapalli,GODAVARIKHANI, 
Union Bank Of India,H1229101,18.7478,79.5111,TELANGANA,Peddapalli,GODAVARIKHANI,505209
State Bank Of India,T1BF020139044,18.74786,79.514458,TELANGANA,Peddapalli,GODAVARIKHANI, 
State Bank Of India,S5NL013338622,18.747892,79.516633,TELANGANA,Peddapalli,RAMAGUNDAM, 
State Bank Of India,T1NH020139023,18.748045,79.520168,TELANGANA,Peddapalli,RAMAGUNDAM, 
State Bank Of India,S5NE020708622,18.748057,79.51097,TELANGANA,Peddapalli,KARIMNAGAR, 
Union Bank Of India,W1167004,18.748168,79.510139,TELANGANA,Peddapalli,GODAVARIKHANI,505211
Union Bank Of India,H1167101,18.7482,79.5101,TELANGANA,Peddapalli,GODAVARIKHANI,505211
Union Bank Of India,N2330001,18.7486,78.686,TELANGANA,Jagitial,KATHALAPUR,505462
State Bank Of India,S1NW020139003,18.7486,79.516414,TELANGANA,Peddapalli,RAMAGUNDAM, 
State Bank Of India,S1BJ013338003,18.74861,79.51083,TELANGANA,Peddapalli,KARIMNAGAR,505212
State Bank Of India,S1NG021653001,18.749267,78.119809,TELANGANA,Nizamabad, , 
State Bank Of India,S5NC020708621,18.749278,79.520698,TELANGANA,Peddapalli,RAMAGUNDAM, 
State Bank Of India,S5NL020321622,18.749562,79.520698,TELANGANA,Peddapalli,RAMAGUNDAM, 
ICICI Bank Ltd,SACWG747,18.749927,79.507731,TELANGANA,Peddapalli,Godavarikhani, 
State Bank Of India,T1BF020139043,18.749951,79.510257,TELANGANA,Peddapalli,GODAVARIKHANI, 
State Bank Of India,S5NC020321621,18.749968,79.52044,TELANGANA,Peddapalli,RAMAGUNDAM, 
State Bank Of India,S5NL020801622,18.750385,79.518512,TELANGANA,Peddapalli,RAMAGUNDAM, 
State Bank Of India,S1BG020139002,18.750415,79.520054,TELANGANA,Peddapalli,RAMAGUNDAM, 
State Bank Of India,S1BG020956001,18.7507,79.520612,TELANGANA,Peddapalli,RAMAGUNDAM, 
Indian Bank,S1AG1121,18.751127,79.505922,TELANGANA,Peddapalli,KARIMNAGAR,505209
State Bank Of India,S1NZ020139006,18.751188,79.520655,TELANGANA,Peddapalli,RAMAGUNDAM, 
State Bank Of India,S1BW020139020,18.751228,79.520011,TELANGANA,Peddapalli,RAMAGUNDAM, 
State Bank Of India,S1BG020451005,18.751472,79.520312,TELANGANA,Peddapalli,RAMAGUNDAM, 
State Bank Of India,S5NE061777621,18.751869,79.51337,TELANGANA,Peddapalli,RAMAGUNDAM, 
State Bank Of India,S1NG020139022,18.752285,79.519968,TELANGANA,Peddapalli,RAMAGUNDAM, 
Union Bank Of India,D0157002,18.7527,79.512,TELANGANA,Peddapalli,KARIMNAGAR,505209
Union Bank Of India,D0157003,18.7527,79.512,TELANGANA,Peddapalli,KARIMNAGAR,505209
Union Bank Of India,H0157101,18.7527,79.512,TELANGANA,Peddapalli,KARIMNAGAR,505209
Union Bank Of India,N0157004,18.7527,79.512,TELANGANA,Peddapalli,KARIMNAGAR,505209
State Bank Of India,S1NW020139010,18.752976,79.519882,TELANGANA,Peddapalli,RAMAGUNDAM, 
State Bank Of India,S1BG020139015,18.753001,79.511039,TELANGANA,Peddapalli,RAMAGUNDAM, 
Indian Bank,S1AG0381,18.753153,79.369083,TELANGANA,Peddapalli,GESALATHAKALAPALLI,505187
State Bank Of India,S1NW020139012,18.753707,79.519754,TELANGANA,Peddapalli,RAMAGUNDAM, 
Union Bank Of India,W1167003,18.75424,79.51553,TELANGANA,Peddapalli,GODAVARIKHANI,505211
State Bank Of India,S5NL020139622,18.75452,79.519539,TELANGANA,Peddapalli,RAMAGUNDAM, 
State Bank Of India,T1BW020134079,18.754854,79.193027,TELANGANA,Jagitial,RAJARAMPALLI, 
Union Bank Of India,H1178101,18.7551,79.5051,TELANGANA,Peddapalli,GODAVARIKHANI,505209
State Bank Of India,T1NY020134066,18.755712,79.191701,TELANGANA,Jagitial,RAJARAMPALLY, 
Bank Of India,CHY8046,18.75572,79.48429,TELANGANA,Peddapalli, ,505215
State Bank Of India,S5NE020139621,18.756514,79.484288,TELANGANA,Peddapalli,KARIMNAGAR, 
State Bank Of India,S5NL011086621,18.756518,79.484256,TELANGANA,Peddapalli,KARIMNAGAR, 
Union Bank Of India,W1957001,18.7567,78.2376,TELANGANA,Nizamabad,MUNIPALLI,503224
State Bank Of India,T1BS020139034,18.756729,79.516199,TELANGANA,Peddapalli,Peddapalle, 
State Bank Of India,T1BS020139035,18.756731,79.51629,TELANGANA,Peddapalli,GODAVARIKHANI, 
State Bank Of India,T1BF020139042,18.757485,79.500263,TELANGANA,Peddapalli,GODAVARIKHANI, 
Indian Bank,S1C029811,18.757799,79.217899,TELANGANA,Jagitial, , 
State Bank Of India,S1BW011086001,18.758461,79.461217,TELANGANA,Peddapalli,RAMAGUNDAM, 
Bank Of India,AJY8001,18.7586,79.4782,TELANGANA,Peddapalli, ,505215
State Bank Of India,T1BS020139038,18.761613,79.480693,TELANGANA,Peddapalli,KARIMNAGAR, 
Axis Bank Ltd,BPRH169401,18.76204,79.478909,TELANGANA,Peddapalli,PEDDAPALLI, 
Axis Bank Ltd,CWRO86806,18.762197,79.478863,TELANGANA,Peddapalli,RAMAGUNDAM, 
State Bank Of India,S5NL020510621,18.7622,77.924295,TELANGANA,Nizamabad,SATTAPUR, 
Axis Bank Ltd,SWRO86802,18.7622,79.478859,TELANGANA,Peddapalli,RAMAGUNDAM, 
HDFC Bank Ltd,S1AWHY50,18.7623,79.4788,TELANGANA,Peddapalli,Ramagundam,NULL
HDFC Bank Ltd,S1AWHY65,18.7624,79.4788,TELANGANA,Peddapalli,Ramagundam,NULL
ICICI Bank Ltd,SACWH926,18.762599,79.473709,TELANGANA,Peddapalli, , 
State Bank Of India,T1NY005324062,18.762858,77.924396,TELANGANA,Nizamabad,Ranjal, 
Union Bank Of India,W2602001,18.7636,78.3942,TELANGANA,Nizamabad,"VELPUR VILLAGE, VELPUR MANDAL",503311
State Bank Of India,S1NG020399001,18.764936,78.397475,TELANGANA,Nizamabad,VELPUR, 
Union Bank Of India,LHYD00201111111,18.76666,78.01595,TELANGANA,Nizamabad,Nizamabad,503224
State Bank Of India,S5NL021373621,18.766799,78.256083,TELANGANA,Nizamabad,ARMUR, 
State Bank Of India,S5NL021367621,18.768933,78.014622,TELANGANA,Nizamabad,NAVIPET, 
Union Bank Of India,L0708002,18.769,78.2516,TELANGANA,Nizamabad,NIZAMABAD,503224
Canara Bank,4490E001,18.769399,78.294299,TELANGANA,Nizamabad, , 
Union Bank Of India,W1517001,18.7701,79.5101,TELANGANA,Peddapalli,GODAVARIKHANI,505209
State Bank Of India,T1BS020139039,18.770282,79.511252,TELANGANA,Peddapalli,GODAVARIKHANI, 
Axis Bank Ltd,APCN86806,18.7707437,79.5117154,TELANGANA,Peddapalli,0,505209
State Bank Of India,T1NY005324069,18.771667,78.013992,TELANGANA,Nizamabad,NIZAMABAD, 
Union Bank Of India,WHYD05901111111,18.77287,78.01559,TELANGANA,Nizamabad,Nizamabad,503245
IndusInd Bank,MN161601,18.774119,78.912619,TELANGANA,Jagitial,Jagtial,505327
State Bank Of India,S1BW020961003,18.775,78.41489,TELANGANA,Nizamabad,Nizamabad, 
ICICI Bank Ltd,SECNG179,18.776173,78.297111,TELANGANA,Nizamabad,ARMOOR, 
Canara Bank,A3538001,18.7769,78.2964,TELANGANA,Nizamabad,ARMOOR,503224
State Bank Of India,T1BS020139040,18.77743,79.444884,TELANGANA,Peddapalli,KARIMNAGAR, 
City Union Bank Ltd,CUB01269,18.778665,78.912972,TELANGANA,Jagitial,WARRANGAL,506002
City Union Bank Ltd,CUB01663,18.779015,78.913101,TELANGANA,Jagitial,KARIMNAGAR,505327
City Union Bank Ltd,CUB01270,18.779137,78.913076,TELANGANA,Jagitial,KARIMNAGAR,505327
State Bank Of India,T1BS005324099,18.779197,78.299142,TELANGANA,Nizamabad,NIZAMABAD, 
State Bank Of India,S1BW020523001,18.77951,78.521779,TELANGANA,Nizamabad,CHOUTPALLY, 
State Bank Of India,T1BY005324073,18.779862,78.299388,TELANGANA,Nizamabad,Armur, 
Canara Bank,44922542,18.780537,78.913356,TELANGANA,Jagitial, , 
Canara Bank,44905554,18.782199,78.299399,TELANGANA,Nizamabad, , 
State Bank Of India,T1BY005324074,18.783354,78.300721,TELANGANA,Nizamabad,ARMOOR, 
Bank Of Baroda,1FDNZB06,18.783405,78.293715,TELANGANA,Nizamabad, ,503224
Bank Of India,IHY9002,18.78408,78.29553,TELANGANA,Nizamabad, ,503224
State Bank Of India,S1BW005365004,18.786057,78.913669,TELANGANA,Jagitial,JAGTIAL, 
State Bank Of India,S1NG005365012,18.78609,78.913674,TELANGANA,Jagitial,JAGTIAL, 
State Bank Of India,T1BY020137019,18.786396,78.916078,TELANGANA,Jagitial,KARIMNAGAR, 
State Bank Of India,S1BW020961004,18.786702,78.475315,TELANGANA,Nizamabad,Nizamabad, 
State Bank Of India,T1BW005324072,18.786922,78.290923,TELANGANA,Nizamabad,Nizamabad, 
ICICI Bank Ltd,S1VD7217,18.786985,78.914001,TELANGANA,Jagitial, , 
Union Bank Of India,H1571101,18.7873,78.2922,TELANGANA,Nizamabad,NIZAMABAD,503224
State Bank Of India,T1BS020137007,18.787669,78.91241,TELANGANA,Jagitial,Jagtial, 
State Bank Of India,S5NE020110621,18.787804,78.292642,TELANGANA,Nizamabad, , 
HDFC Bank Ltd,S1ANAM65,18.7881,78.2907,TELANGANA,Nizamabad,Armoor,NULL
State Bank Of India,S1NB005324056,18.788179,78.28727,TELANGANA,Nizamabad,ARMOOR, 
State Bank Of India,T1BS020137012,18.788199,78.9136,TELANGANA,Jagitial,JAGITYAL, 
State Bank Of India,T1NY005324071,18.788208,78.290964,TELANGANA,Nizamabad,Armur, 
State Bank Of India,S5NE020135621,18.788269,78.914101,TELANGANA,Jagitial,KARIMNAGAR, 
HDFC Bank Ltd,S1ANBE47,18.7883,78.2908,TELANGANA,Nizamabad,Govindpet,NULL
HDFC Bank Ltd,S1AWVZ02,18.7884,78.2905,TELANGANA,Nizamabad,Armoor,NULL
State Bank Of India,T1BS005324087,18.788723,78.17687,TELANGANA,Nizamabad,NIZAMABAD, 
Union Bank Of India,W1191002,18.7889,78.9144,TELANGANA,Jagitial,KARIMNAGAR,505327
Union Bank Of India,H1191101,18.7889,78.9144,TELANGANA,Jagitial,KARIMNAGAR,505327
State Bank Of India,S5NC004903621,18.78899,78.91479,TELANGANA,Jagitial,JAGTIAL,505001
ICICI Bank Ltd,S1VDK563,18.789079,78.291008,TELANGANA,Nizamabad, , 
Union Bank Of India,W0737001,18.7891,78.2997,TELANGANA,Nizamabad,BALKONDA,503217
Union Bank Of India,H0737101,18.7891,78.2997,TELANGANA,Nizamabad,BALKONDA,503217
Canara Bank,4490E002,18.789244,78.29003,TELANGANA,Nizamabad, , 
HDFC Bank Ltd,S1ANJG03,18.7893,78.9125,TELANGANA,Jagitial,Jagityala,NULL
HDFC Bank Ltd,S1ANJG61,18.7893,78.9125,TELANGANA,Jagitial,Jagityala,NULL
HDFC Bank Ltd,P3FNHY60,18.789309,78.91262,TELANGANA,Jagitial,JAGITIAL, 
Punjab National Bank,N1893600,18.7894,78.2892,TELANGANA,Nizamabad,ARMUR, 
Axis Bank Ltd,BPRH211201,18.7894,78.913499,TELANGANA,Jagitial,JAGTIAL, 
State Bank Of India,S1BW020894003,18.789616,78.289124,TELANGANA,Nizamabad,ARMOOR, 
State Bank Of India,S1BW004190001,18.789884,78.290054,TELANGANA,Nizamabad,ARMUR, 
State Bank Of India,S5NL021901621,18.789919,78.288743,TELANGANA,Nizamabad,ARMUR, 
State Bank Of India,T1BS005324094,18.790022,78.305879,TELANGANA,Nizamabad,ARMOOR, 
IDBI Bank Ltd,ID164101,18.79089,78.91185,TELANGANA,Jagitial,Karimnagar,505327
State Bank Of India,S5NC005365622,18.7909,78.91518,TELANGANA,Jagitial,JAGTIAL,505327
Union Bank Of India,H0171101,18.791,79.0552,TELANGANA,Jagitial,GOLLAPALLI,505532
State Bank Of India,T1BY020137020,18.792308,78.923237,TELANGANA,Jagitial,JAGITYAL, 
Union Bank Of India,K0708101,18.792358,78.286072,TELANGANA,Nizamabad,NIZAMABAD, 
Indian Overseas Bank,IOB9372,18.792386,78.270395,TELANGANA,Nizamabad,ARMOOR,0
State Bank Of India,S5NE005365621,18.79242,78.91817,TELANGANA,Jagitial,KARIMNAGAR,505327
Karur Vysya Bank Ltd,S1AC0480802,18.792506,78.918016,TELANGANA,Jagitial,JAGTIAL,505327
Karur Vysya Bank Ltd,S1AC0480801,18.792519,78.918077,TELANGANA,Jagitial,JAGTIAL,505327
Punjab National Bank,WC219701,18.794357,78.919763,TELANGANA,Jagitial,KARIMNAGAR,505327
State Bank Of India,T1BW020137014,18.795113,78.916429,TELANGANA,Jagitial,Jagtial, 
ICICI Bank Ltd,S1CPS387,18.795555,78.920295,TELANGANA,Jagitial, , 
Axis Bank Ltd,BPCN211202,18.79574833,78.91641833,TELANGANA,Jagitial,0,505327
State Bank Of India,T1NH005324055,18.795791,78.282721,TELANGANA,Nizamabad,ARMOOR, 
Union Bank Of India,W0258003,18.7962,78.9206,TELANGANA,Jagitial,JAGTIAL,505327
Union Bank Of India,H0258102,18.7962,78.9206,TELANGANA,Jagitial,JAGTIAL,505327
HDFC Bank Ltd,S1ANJT90,18.7963,78.9233,TELANGANA,Jagitial,Jagityala,NULL
State Bank Of India,S1NG005365011,18.796449,78.918394,TELANGANA,Jagitial,Jagitial, 
Union Bank Of India,W0528002,18.7973,78.9213,TELANGANA,Jagitial,SIRCILLA,505301
Union Bank Of India,H0528101,18.7973,78.9213,TELANGANA,Jagitial,SIRCILLA,505301
State Bank Of India,S1BW020135007,18.797366,78.923724,TELANGANA,Jagitial,JAGTIAL, 
State Bank Of India,T1BH020137002,18.79759,78.916096,TELANGANA,Jagitial,Jagtial, 
Union Bank Of India,WHYD14201111111,18.79799,78.92041,TELANGANA,Jagitial, , 
State Bank Of India,S1BW020658001,18.798026,79.08327,TELANGANA,Jagitial,GUNJAPADUGU, 
State Bank Of India,T1BH020137006,18.798207,78.92663,TELANGANA,Jagitial,Jagtial, 
State Bank Of India,T1BS005324076,18.798649,78.28295,TELANGANA,Nizamabad,Armur, 
Union Bank Of India,NHYD05801111111,18.79865,78.92076,TELANGANA,Jagitial,Karimnagar,505327
Union Bank Of India,H0850101,18.79918,78.81313,TELANGANA,Jagitial,KARIMNAGAR,505453
Union Bank Of India,W2615001,18.7992,78.8131,TELANGANA,Jagitial,JAGTIAL,505455
State Bank Of India,S1BW007481001,18.80153,79.08714,TELANGANA,Jagitial,KARIMNAGAR,505532
Indian Overseas Bank,IOB5863,18.803285,78.923166,TELANGANA,Jagitial,JAGTIAL,0
Axis Bank Ltd,DPRH260201,18.805869,78.271934,TELANGANA,Nizamabad,ARMOOR, 
Canara Bank,A3523001,18.807508,78.193908,TELANGANA,Nizamabad, , 
Union Bank Of India,H0716101,18.811,78.3929,TELANGANA,Nizamabad,NIZAMABAD,503311
Union Bank Of India,LHYD00101111111,18.81102,79.90545,TELANGANA,Jayashankar,Karimnagar,505504
Indian Overseas Bank,IOB5867,18.812275,78.588795,TELANGANA,Jagitial,METPALLY,0
Canara Bank,A3529001,18.8123,78.061399,TELANGANA,Nizamabad, , 
State Bank Of India,S1BW020268002,18.815112,78.461694,TELANGANA,Nizamabad,MORTAD, 
Union Bank Of India,L0901002,18.8156,78.3286,TELANGANA,Nizamabad,NIZAMABAD,503224
Union Bank Of India,H0901101,18.8156,78.3286,TELANGANA,Nizamabad,NIZAMABAD,503224
State Bank Of India,S1BW020522001,18.821342,78.434295,TELANGANA,Nizamabad,DONKAL, 
State Bank Of India,T1BS005324098,18.821343,78.460814,TELANGANA,Nizamabad,NIZAMABAD, 
State Bank Of India,T1BS020124045,18.821906,79.527606,TELANGANA,Mancherial,ADILABAD, 
State Bank Of India,S5NL020587621,18.822457,78.724889,TELANGANA,Jagitial,KORATLA, 
Axis Bank Ltd,DWRO442301,18.822929,78.722855,TELANGANA,Jagitial,KORATLA, 
Canara Bank,66682410,18.823596,78.719965,TELANGANA,Jagitial, , 
State Bank Of India,T1BF020137021,18.824059,78.718013,TELANGANA,Jagitial,KORATLA, 
State Bank Of India,T1BS020137013,18.824799,78.7082,TELANGANA,Jagitial,Jagtial, 
Union Bank Of India,WHYD03901111111,18.82541,78.71455,TELANGANA,Jagitial,Karimnagar,505326
State Bank Of India,S5NG020137621,18.82627,78.711017,TELANGANA,Jagitial,KARIMNAGAR, 
State Bank Of India,S5NE020137622,18.826281,78.710958,TELANGANA,Jagitial,KORATLA, 
HDFC Bank Ltd,S1AWAP62,18.8263,78.7154,TELANGANA,Jagitial,Koratla,NULL
HDFC Bank Ltd,S1ANAP43,18.8263,78.7154,TELANGANA,Jagitial,Koratla,NULL
Union Bank Of India,H0330101,18.8268,78.7139,TELANGANA,Jagitial,KORATLA,505326
Union Bank Of India,W0330002,18.8268,78.7139,TELANGANA,Jagitial,KORATLA,505326
State Bank Of India,S1NW020148120,18.827048,78.710972,TELANGANA,Jagitial,KAJIPET, 
State Bank Of India,S1BW020482001,18.829508,78.455235,TELANGANA,Nizamabad, , 
Union Bank Of India,H0823101,18.8383,78.5153,TELANGANA,Nizamabad,NIZAMABAD,503308
State Bank Of India,S1BW021583001,18.839074,78.501113,TELANGANA,Nizamabad,THIMMAPUR, 
State Bank Of India,T1BY020137005,18.843199,79.171216,TELANGANA,Jagitial,Jagtial, 
State Bank Of India,T1BH020137004,18.844762,79.171462,TELANGANA,Jagitial,Jagtial, 
Union Bank Of India,COBW030101,18.84562,78.11825,TELANGANA,Nizamabad, , 
HDFC Bank Ltd,S1ANAP76,18.8467,78.6246,TELANGANA,Jagitial,Metpalle,NULL
HDFC Bank Ltd,S1AWMP50,18.8467,78.6246,TELANGANA,Jagitial,Metpalle,NULL
State Bank Of India,S1NW020145003,18.847142,78.625632,TELANGANA,Jagitial,METPALLE, 
Union Bank Of India,H0368101,18.847146,78.625861,TELANGANA,Jagitial,METPALLY,505325
Union Bank Of India,W0368002,18.847146,78.625861,TELANGANA,Jagitial,METPALLY,505325
ICICI Bank Ltd,SECNG122,18.847173,78.626518,TELANGANA,Jagitial, , 
Axis Bank Ltd,BPCN211212,18.84734,78.62251,TELANGANA,Jagitial,0,0
State Bank Of India,T1BS020137018,18.847477,78.635187,TELANGANA,Jagitial,METPALLY, 
State Bank Of India,T1BS020137011,18.847779,78.637979,TELANGANA,Jagitial,Koratla, 
State Bank Of India,S1NB020494001,18.848234,79.667579,TELANGANA,Mancherial,BHIMARAM, 
Canara Bank,44951742,18.848689,78.63173,TELANGANA,Jagitial, , 
Central Bank Of India,D11D481011,18.84923,78.62616,TELANGANA,Jagitial, ,505325
State Bank Of India,T1BS020137017,18.851099,78.629271,TELANGANA,Jagitial,KARIMNAGAR, 
State Bank Of India,S1NW020128003,18.852599,79.780709,TELANGANA,Mancherial,CHINNOOR, 
State Bank Of India,S1BW007944001,18.85314,78.03388,TELANGANA,Nizamabad,NIZAMABAD,503246
State Bank Of India,S1NW020128002,18.853815,79.788959,TELANGANA,Mancherial,CHINNOOR, 
State Bank Of India,S1NB020128001,18.853872,79.78899,TELANGANA,Mancherial,CHENNUR, 
Canara Bank,A3301001,18.8552,78.6333,TELANGANA,Jagitial,VEMPET,505331
State Bank Of India,S1BB018873001,18.855766,79.786425,TELANGANA,Mancherial,ADILABAD, 
State Bank Of India,T1BY020128004,18.856267,79.791898,TELANGANA,Mancherial,Mancherial, 
State Bank Of India,S5NE020923621,18.856601,79.492349,TELANGANA,Mancherial,ADILABAD, 
State Bank Of India,T1BS020124028,18.857062,79.484312,TELANGANA,Mancherial,Adilabad, 
HDFC Bank Ltd,P3ENMC01,18.857166,79.481818,TELANGANA,Mancherial, , 
State Bank Of India,T1BS020124031,18.857338,79.480498,TELANGANA,Mancherial,Mancherial, 
State Bank Of India,T1BY020124021,18.857338,79.480498,TELANGANA,Mancherial,Mancherial, 
State Bank Of India,T1BS005324086,18.857474,78.295653,TELANGANA,Nizamabad,ARMOOR, 
Karur Vysya Bank Ltd,S1AC0480902,18.85796428,79.48229627,TELANGANA,Mancherial,MANCHERIAL,504302
State Bank Of India,S1BW006267002,18.85806,79.44944,TELANGANA,Mancherial,ADILABAD,504208
State Bank Of India,T1BS020124039,18.858344,79.470731,TELANGANA,Mancherial,ADILABAD, 
Union Bank Of India,W0098001,18.8586,79.7937,TELANGANA,Mancherial,CHENNUR,504201
Union Bank Of India,H0098101,18.8586,79.7937,TELANGANA,Mancherial,CHENNUR,504201
Axis Bank Ltd,BPCN171807,18.8586733,79.4823919,TELANGANA,Mancherial,0,504302
State Bank Of India,S1BG020923003,18.858835,79.499529,TELANGANA,Mancherial,Naspur, 
State Bank Of India,S1BG020910004,18.858972,79.508877,TELANGANA,Mancherial,Manchiryal, 
State Bank Of India,S1BW020592001,18.859194,78.382108,TELANGANA,Nizamabad,VANNEL, 
State Bank Of India,S5NL020923622,18.859769,79.499379,TELANGANA,Mancherial,Naspur, 
State Bank Of India,S1BW020124001,18.860094,79.497512,TELANGANA,Mancherial,Naspur, 
State Bank Of India,T1BF020124046,18.862284,79.484208,TELANGANA,Mancherial,MANCHERIAL, 
State Bank Of India,S1NW020145004,18.864062,78.616028,TELANGANA,Jagitial,METPALLI, 
Union Bank Of India,W2314001,18.8642,79.3031,TELANGANA,Mancherial,ADILABAD,504207
State Bank Of India,S1BG020145002,18.864387,78.624697,TELANGANA,Jagitial,Metpalli, 
State Bank Of India,S1BW020738001,18.864518,78.440515,TELANGANA,Nizamabad, , 
IDBI Bank Ltd,ID179601,18.86787,79.46394,TELANGANA,Mancherial,Adilabad,504208
Central Bank Of India,D11D481311,18.86787,79.46394,TELANGANA,Mancherial, ,504208
ICICI Bank Ltd,SACWG804,18.868603,78.699048,TELANGANA,Jagitial,Karimnagar, 
Punjab National Bank,DA137801,18.86905,79.446577,TELANGANA,Mancherial, , 
Kotak Mahindra Bank Limited,MCBN2754,18.86906,79.45575,TELANGANA,Mancherial,Mancherial, 
Axis Bank Ltd,TPCN17181,18.86988,79.44588,TELANGANA,Mancherial,0,0
State Bank Of India,S1NZ005324020,18.87019,78.34132,TELANGANA,Nizamabad,NIZAMABAD,503217
HDFC Bank Ltd,S1AWAP98,18.8702,79.4443,TELANGANA,Mancherial,Mancherial,NULL
HDFC Bank Ltd,S1ANMC01,18.8705,79.4449,TELANGANA,Mancherial,Mancherial,NULL
State Bank Of India,S1N6020139008,18.870636,79.434717,TELANGANA,Mancherial,RAMAGUNDAM, 
State Bank Of India,S5NE020917621,18.870918,79.447483,TELANGANA,Mancherial,ADILABAD, 
Union Bank Of India,NHYD07001111111,18.87116,79.44393,TELANGANA,Mancherial,Adilabad,504208
Union Bank Of India,HHYD00601111111,18.871159,79.443929,TELANGANA,Mancherial, , 
City Union Bank Ltd,CUB01614,18.871459,79.44372,TELANGANA,Mancherial,ADILABAD,504208
State Bank Of India,S5NG020124622,18.871528,79.443372,TELANGANA,Mancherial,MANCHERIAL, 
City Union Bank Ltd,CUB01271,18.871759,79.442926,TELANGANA,Mancherial,ADILABAD,504208
Indian Bank,S1WP0751,18.87177,78.771706,TELANGANA,Jagitial,KARIMNAGAR,505460
State Bank Of India,S1BW020124006,18.872645,79.369221,TELANGANA,Mancherial,MANCHERIAL, 
State Bank Of India,S5NL014238622,18.872768,79.435218,TELANGANA,Mancherial,KARIMNAGAR, 
ICICI Bank Ltd,S1CNP252,18.87294,79.445205,TELANGANA,Mancherial, , 
State Bank Of India,S5NE006267621,18.87417,79.44806,TELANGANA,Mancherial,ADILABAD,504208
Indian Overseas Bank,IOB5866,18.874312,79.436632,TELANGANA,Mancherial,MANCHERIAL,0
Union Bank Of India,H1750101,18.8746,78.1396,TELANGANA,Nizamabad,NIZAMABAD,503212
ICICI Bank Ltd,S1CNI837,18.87474023,79.44030768,TELANGANA,Mancherial,Adilabad, 
ICICI Bank Ltd,S1CNP928,18.87474,79.440307,TELANGANA,Mancherial, , 
State Bank Of India,T1BS020124041,18.875326,79.452661,TELANGANA,Mancherial,MANCHERIAL, 
Union Bank Of India,N0363002,18.8755,79.4447,TELANGANA,Mancherial,MANCHERIAL,504208
Union Bank Of India,H0363101,18.8755,79.4447,TELANGANA,Mancherial,MANCHERIAL,504208
City Union Bank Ltd,CUB01800,18.875502,79.445798,TELANGANA,Mancherial,HYDERABAD,500050
Axis Bank Ltd,BPRH171801,18.875528,79.445561,TELANGANA,Mancherial, , 
State Bank Of India,S1BG020124013,18.875539,79.43936,TELANGANA,Mancherial,MANCHERIAL, 
State Bank Of India,T1BS020124040,18.875556,79.441188,TELANGANA,Mancherial,ADILABAD, 
State Bank Of India,S5NL020124623,18.875576,79.439344,TELANGANA,Mancherial,MANCHERIAL, 
South Indian Bank Ltd,08670001,18.8756,79.4591,TELANGANA,Mancherial,Mancherial,504208
HDFC Bank Ltd,S1AWAN64,18.8757,78.1434,TELANGANA,Nizamabad,Chimrajpalle,NULL
State Bank Of India,T1BS020124030,18.876669,79.45621,TELANGANA,Mancherial,MANCHERIAL, 
State Bank Of India,S1NW020124007,18.877206,79.44893,TELANGANA,Mancherial,Mancherial, 
State Bank Of India,S1BW014154002,18.87722,77.95667,TELANGANA,Nirmal,ADILABAD,504101
Union Bank Of India,H1485101,18.877251,77.950654,TELANGANA,Nirmal,ADILABAD,504104
State Bank Of India,S1BG020124012,18.877946,79.442787,TELANGANA,Mancherial,Manchiryal, 
Indian Bank,IAPTM21101D2,18.8786863,79.4433296,TELANGANA,Mancherial,ADILABAD,504208
Lakshmi Vilas Bank Ltd,09650952,18.879013,79.445252,TELANGANA,Mancherial,Manchirial, 
State Bank Of India,T1BY020124024,18.879138,79.443046,TELANGANA,Mancherial,Mancherial, 
State Bank Of India,S5NE006267622,18.87924,79.44907,TELANGANA,Mancherial,ADILABAD,504208
State Bank Of India,T1BS020124034,18.879299,79.448399,TELANGANA,Mancherial,Mancherial, 
HDFC Bank Ltd,S1ACHD63,18.8799,78.21,TELANGANA,Nizamabad,Vannel,NULL
State Bank Of India,S1BG020124003,18.880036,79.449178,TELANGANA,Mancherial,Manchiryala, 
HDFC Bank Ltd,S1ANAP36,18.8811,79.4448,TELANGANA,Mancherial,Mancherial,NULL
Axis Bank Ltd,DPRH171802,18.881459,79.444529,TELANGANA,Mancherial,MANCHERIAL, 
Union Bank Of India,N0363003,18.8815,79.444,TELANGANA,Mancherial,MANCHERIAL,504208
Union Bank Of India,COBD297201,18.88164,78.10013,TELANGANA,Nizamabad,NIZAMABAD,503212
Canara Bank,41695715,18.88169,79.44249,TELANGANA,Mancherial,MANCHERIAL,504208
Union Bank Of India,H1486101,18.8817,79.4441,TELANGANA,Mancherial,ADILABAD,504208
State Bank Of India,S1BW014154001,18.88175,77.91751,TELANGANA,Nirmal,ADILABAD,504104
State Bank Of India,S1BG020124011,18.881816,79.447709,TELANGANA,Mancherial,MANCHIRYAL, 
Karur Vysya Bank Ltd,S1AC0480901,18.88195488,79.44316223,TELANGANA,Mancherial,MANCHERIAL,504208
State Bank Of India,S5NE020358621,18.882139,77.952929,TELANGANA,Nirmal,BASAR, 
Union Bank Of India,W2119001,18.8824,79.2062,TELANGANA,Mancherial,MEDARIPET,504206
State Bank Of India,S5NL020895622,18.882506,79.447033,TELANGANA,Mancherial,Manchiryal, 
Bank Of Baroda,1CRHTLMN01,18.883246,79.441924,TELANGANA,Mancherial,MANCHERIAL,504208
State Bank Of India,S1BB020124002,18.884655,79.452661,TELANGANA,Mancherial,Mancherial, 
State Bank Of India,T1NH020124015,18.885074,79.415782,TELANGANA,Mancherial,MANCHERIYAL, 
Lakshmi Vilas Bank Ltd,04111000,18.888226,79.185531,TELANGANA,Mancherial,Manchirial, 
State Bank Of India,S1BB020122012,18.890292,79.440048,TELANGANA,Mancherial,ADILABAD, 
State Bank Of India,S5NL020912621,18.891434,79.443235,TELANGANA,Mancherial,MACHIRYAL, 
State Bank Of India,S1BB020130003,18.891556,79.20701,TELANGANA,Mancherial,LUXETTIPET, 
State Bank Of India,S1BW020124010,18.892383,79.461444,TELANGANA,Mancherial,Mancherial, 
Axis Bank Ltd,BPCN171809,18.89645118,79.20626995,TELANGANA,Mancherial,0,504215
Canara Bank,61533864,18.89659,79.207443,TELANGANA,Mancherial, , 
State Bank Of India,S5NC020130621,18.897181,79.205849,TELANGANA,Mancherial,MANCHERIAL, 
State Bank Of India,T1NY020124016,18.897279,79.206196,TELANGANA,Mancherial,Luxettipet, 
State Bank Of India,S5NL020119621,18.898031,78.352174,TELANGANA,Nizamabad,BALKONDA, 
State Bank Of India,T1BF020124047,18.898504,79.441962,TELANGANA,Mancherial,MANCHERIYAL, 
State Bank Of India,S1NW020124005,18.90094,79.202141,TELANGANA,Mancherial,MANCHERIAL, 
State Bank Of India,S5NL020130622,18.900957,79.202137,TELANGANA,Mancherial,MANCHERIAL, 
State Bank Of India,T1BS020137008,18.903029,78.80769,TELANGANA,Jagitial,HYDERABAD, 
State Bank Of India,T1BY020137003,18.90343,78.807213,TELANGANA,Jagitial,RAIKAL, 
Union Bank Of India,H2847101,18.905,78.8128,TELANGANA,Jagitial,"RAIKAL,KARIMNAGAR",505460
State Bank Of India,S1BW021035002,18.905925,79.443927,TELANGANA,Mancherial,GOLETI, 
State Bank Of India,S1BW020124009,18.906025,79.483073,TELANGANA,Mancherial,Mancherial, 
Union Bank Of India,W1970001,18.9072,78.8104,TELANGANA,Jagitial,RAYKAL,505460
State Bank Of India,S1BW020264002,18.9075,78.808129,TELANGANA,Jagitial,RAIKAL, 
State Bank Of India,S5NE011084621,18.9084,79.4919,TELANGANA,Mancherial,ADILABAD,504301
State Bank Of India,T1BS020124042,18.916682,79.446418,TELANGANA,Mancherial,ADILABAD, 
HDFC Bank Ltd,S1ANBN85,18.9208,78.658,TELANGANA,Jagitial,Raghavapet,NULL
Union Bank Of India,L2466001,18.9211,78.4347,TELANGANA,Nizamabad,BALKONDA,503219
State Bank Of India,S5NE020895621,18.92435,79.448129,TELANGANA,Mancherial,ADILABAD, 
Indian Overseas Bank,IOB5979,18.926927,78.179243,TELANGANA,Nizamabad,NANDIPET,0
Union Bank Of India,H0488101,18.9295,79.4649,TELANGANA,Mancherial,ADILABAD,504301
Union Bank Of India,W0374001,18.934,78.2005,TELANGANA,Nizamabad,NIZAMABAD,503212
Union Bank Of India,W0878002,18.939981,79.471342,TELANGANA,Mancherial,NASPUR,504302
Union Bank Of India,N0878003,18.939981,79.471342,TELANGANA,Mancherial,NASPUR,504302
Union Bank Of India,H0878101,18.94,79.4713,TELANGANA,Mancherial,NASPUR,504302
Canara Bank,A3521001,18.9412,78.1857,TELANGANA,Nizamabad,DONKESHWAR,503212
State Bank Of India,S1NW020141001,18.943479,79.094939,TELANGANA,Jagitial,DHARMAPURI, 
State Bank Of India,T1NY020124020,18.944554,79.095101,TELANGANA,Jagitial,JAGITYAL, 
State Bank Of India,T1BY020124025,18.948,79.0948,TELANGANA,Jagitial,Dharmapuri, 
Union Bank Of India,W1354001,18.9481,79.097,TELANGANA,Jagitial,KARIMNAGAR,505425
Union Bank Of India,H1354101,18.9481,79.097,TELANGANA,Jagitial,KARIMNAGAR,505425
Union Bank Of India,W0767001,18.9561,79.2204,TELANGANA,Mancherial,DOWDEPALLI,504215
HDFC Bank Ltd,S1ANBE38,18.9607,78.5983,TELANGANA,Jagitial,Vemulakurthi,NULL
State Bank Of India,T1BS020124029,18.960939,79.069619,TELANGANA,Jagitial,Dharmapuri, 
Union Bank Of India,W0868001,18.9663,78.7063,TELANGANA,Jagitial,MALLAPUR,505331
State Bank Of India,S1BW020116002,18.966743,78.349504,TELANGANA,Nizamabad,POCHAMPAD, 
Canara Bank,A3101001,18.969475,78.653833,TELANGANA,Jagitial, , 
ICICI Bank Ltd,SACWJ158,18.976774,77.91378,TELANGANA,Nirmal, , 
State Bank Of India,S1BW020131002,18.97913,77.916132,TELANGANA,Nirmal,MUDHOLE, 
Union Bank Of India,H0803101,18.9824,79.4833,TELANGANA,Mancherial,ADILABAD,504231
Union Bank Of India,W0803002,18.9824,79.4833,TELANGANA,Mancherial,ADILABAD,504231
State Bank Of India,S5NL020593621,18.982438,78.376639,TELANGANA,Nizamabad,BALKONDA, 
State Bank Of India,S5NL020799622,18.987914,79.481713,TELANGANA,Mancherial,MANCHERIAL, 
State Bank Of India,S5NC020799621,18.98792,79.481708,TELANGANA,Mancherial,MANCHERIAL, 
State Bank Of India,T1BY020124022,18.994248,79.469577,TELANGANA,Mancherial,MANDAMARRI, 
State Bank Of India,T1BS020124036,18.997336,79.471429,TELANGANA,Mancherial,ADILABAD, 
Union Bank Of India,W1516001,18.9993,79.4728,TELANGANA,Mancherial,MANDAMARRI,504231
Canara Bank,41766799,19.0047,78.3551,TELANGANA,Nirmal,NIRMAL,504106
Union Bank Of India,W2282001,19.0097,78.401,TELANGANA,Nirmal,NEW BOPPARAM,504105
Indian Bank,S1LA1391,19.011055,78.100847,TELANGANA,Nirmal,ADILABAD,504001
State Bank Of India,T1BS020124027,19.02893,79.351409,TELANGANA,Mancherial,MANDAMARRI, 
State Bank Of India,T1BS020124026,19.02893,79.351409,TELANGANA,Mancherial,Mandamarri, 
Union Bank Of India,W2011001,19.033,78.0864,TELANGANA,Nirmal,"LOKESWARAM,ADILABAD",505104
State Bank Of India,S1NB061346001,19.037033,79.36475,TELANGANA,Mancherial,ADILABAD, 
Union Bank Of India,D0135001,19.037241,79.355729,TELANGANA,Mancherial,DEVAPUR,504218
State Bank Of India,T1BS020125019,19.038594,78.647199,TELANGANA,Nirmal,KHANAPUR, 
State Bank Of India,S1BB020129001,19.041968,78.647923,TELANGANA,Nirmal,KHANAPUR, 
State Bank Of India,T1NY020125011,19.044334,78.642757,TELANGANA,Nirmal,KHANAPUR, 
Union Bank Of India,H2132101,19.045,78.6475,TELANGANA,Nirmal,"KHANAPUR,ADILABAD-DIST",504203
ICICI Bank Ltd,SACWH897,19.051796,79.485007,TELANGANA,Mancherial,BELLAMPALLE, 
State Bank Of India,T1BS020124032,19.0529,79.485199,TELANGANA,Mancherial,Bellampalle, 
Axis Bank Ltd,DPRH396501,19.05292,79.537959,TELANGANA,Mancherial,BELLAMPALLY, 
HDFC Bank Ltd,S1ANAP84,19.0553,79.4845,TELANGANA,Mancherial,Bellampalle,NULL
HDFC Bank Ltd,S1AWAP83,19.0554,79.4844,TELANGANA,Mancherial,Bellampalle,NULL
Axis Bank Ltd,TPCN171808,19.057975,79.48411,TELANGANA,Mancherial,0,504251
State Bank Of India,S1BG020909001,19.059094,79.483144,TELANGANA,Mancherial,MANCHERIAL, 
State Bank Of India,S5NL020909621,19.05912,79.483159,TELANGANA,Mancherial,MANCHERIAL, 
Union Bank Of India,COBW341901,19.06366,78.30456,TELANGANA,Nirmal,ADILABAD,504106
Union Bank Of India,W2089001,19.0638,78.1979,TELANGANA,Nirmal,ADILABAD,504306
State Bank Of India,T1BS020124043,19.063873,79.483366,TELANGANA,Mancherial,ADILABAD, 
State Bank Of India,T1NH020129002,19.065543,78.606414,TELANGANA,Nirmal,KHANAPUR, 
State Bank Of India,S1BW021497001,19.070809,79.492454,TELANGANA,Mancherial,BELLAMPALLY, 
State Bank Of India,S1BW015911001,19.070839,79.492535,TELANGANA,Mancherial,BELLAMPALLE, 
State Bank Of India,S5NC020120621,19.075038,79.476775,TELANGANA,Mancherial,MANCHERIAL, 
State Bank Of India,S1NG020120002,19.075062,79.47675,TELANGANA,Mancherial,MANCHERIAL, 
State Bank Of India,S5NE015911621,19.075492,79.489365,TELANGANA,Mancherial,ADILABAD, 
Union Bank Of India,H0068101,19.0763,79.4888,TELANGANA,Mancherial,BELLARY,504251
Union Bank Of India,N0068002,19.0763,79.4888,TELANGANA,Mancherial,BELLARY,504251
Bank Of India,CHY9021,19.083279,78.355938,TELANGANA,Nirmal,NIRMALK, 
State Bank Of India,T1BS020125016,19.083599,78.337889,TELANGANA,Nirmal,Nirmal, 
State Bank Of India,T1NY020125008,19.084766,78.335105,TELANGANA,Nirmal,HYDERABAD, 
State Bank Of India,T1NY020122018,19.086867,78.348496,TELANGANA,Nirmal,NIRMAL, 
Bank Of Maharashtra,DA0626T1,19.0876,78.542473,TELANGANA,Nirmal,PONKAL,504310
State Bank Of India,T1BS020125018,19.087987,78.334614,TELANGANA,Nirmal,NIRMAL, 
State Bank Of India,S1BW020125006,19.088199,78.339455,TELANGANA,Nirmal,NIRMAL, 
ICICI Bank Ltd,S1CNQ502,19.089809,78.345024,TELANGANA,Nirmal, , 
ICICI Bank Ltd,S1CNQ046,19.089809,78.345024,TELANGANA,Nirmal, , 
Axis Bank Ltd,DECN380101,19.09152,78.363219,TELANGANA,Nirmal,HYDERABAD, 
Indian Bank,S1DN1641,19.092,78.3439,TELANGANA,Nirmal, , 
Union Bank Of India,WHYD60781111111,19.09358,78.34492,TELANGANA,Nirmal,Adilabad,504106
State Bank Of India,S1BB006405008,19.094,78.34351,TELANGANA,Nirmal,NIRMAL, 
State Bank Of India,T1BS020125017,19.095442,78.339134,TELANGANA,Nirmal,NIRMAL, 
State Bank Of India,S1NG020742001,19.096271,78.343339,TELANGANA,Nirmal,NIRMAL, 
City Union Bank Ltd,CUB01673,19.096492,78.342925,TELANGANA,Nirmal,ADILABAD,504106
State Bank Of India,S1BG006405001,19.096515,78.343253,TELANGANA,Nirmal,NIRMAL, 
State Bank Of India,T1BF020125021,19.098244,78.345944,TELANGANA,Nirmal,NIRMAL, 
State Bank Of India,S5NL021382621,19.098336,78.782262,TELANGANA,Nirmal,KADDAM (PEDDU, 
State Bank Of India,T1NY020125015,19.098573,78.780251,TELANGANA,Nirmal,Nirmal, 
Bank Of Baroda,1FDADI01,19.0995467,78.3428877,TELANGANA,Nirmal,Nirmal,504106
DCB bank Ltd,DCB26901,19.099711,78.34228,TELANGANA,Nirmal, , 
Union Bank Of India,W1972001,19.0999,78.3432,TELANGANA,Nirmal,NIRMAL,504106
Union Bank Of India,H1972101,19.0999,78.3432,TELANGANA,Nirmal,NIRMAL,504106
Union Bank Of India,N0391002,19.0999,78.3433,TELANGANA,Nirmal,ADILABAD,504106
Union Bank Of India,H0391101,19.0999,78.3433,TELANGANA,Nirmal,ADILABAD,504106
State Bank Of India,S1NW020689001,19.100101,78.777115,TELANGANA,Nirmal,KADDAM, 
HDFC Bank Ltd,S1ANNZ12,19.1003,78.3425,TELANGANA,Nirmal,Nirmal,NULL
HDFC Bank Ltd,S1ANNZ13,19.1004,78.3425,TELANGANA,Nirmal,Nirmal,NULL
State Bank Of India,S5NL021530621,19.100908,78.711471,TELANGANA,Nirmal,Khanapur, 
Union Bank Of India,W0067001,19.1042,77.9632,TELANGANA,Nirmal,BHAINSA,504103
Union Bank Of India,H0067101,19.1042,77.9632,TELANGANA,Nirmal,BHAINSA,504103
State Bank Of India,S5NL020973622,19.105566,78.341008,TELANGANA,Nirmal,NIRMAL, 
State Bank Of India,S5NE020973621,19.105579,78.341113,TELANGANA,Nirmal,NIRMAL, 
State Bank Of India,T1NY020125010,19.105733,78.340416,TELANGANA,Nirmal,NIRMAL, 
State Bank Of India,T1BS020125020,19.108695,78.335693,TELANGANA,Nirmal,NIRMAL, 
State Bank Of India,S1NB011084002,19.108713,77.961052,TELANGANA,Nirmal,BHAINSA, 
State Bank Of India,S5NE020123621,19.108721,77.960997,TELANGANA,Nirmal,ADILABAD, 
State Bank Of India,S5NL020123622,19.108864,77.960661,TELANGANA,Nirmal,BHAINSA, 
State Bank Of India,S1BW020123003,19.108925,77.960591,TELANGANA,Nirmal,BHAINSA, 
Union Bank Of India,H0414101,19.1174,78.9954,TELANGANA,Mancherial,PONKAL JANNARAM,504205
State Bank Of India,S5NL020908621,19.118485,78.99395,TELANGANA,Mancherial,MANCHERIAL, 
Union Bank Of India,H0579101,19.1534,79.4441,TELANGANA,Mancherial,TANDUR,504272
State Bank Of India,T1BY020124035,19.155808,79.439297,TELANGANA,Mancherial,Tandur, 
State Bank Of India,T1BS020124044,19.160287,79.438106,TELANGANA,Mancherial,ADILABAD, 
Union Bank Of India,W2315001,19.1759,78.1005,TELANGANA,Nirmal,KUNTALA,504103
State Bank Of India,S1BW020394001,19.195783,78.6354,TELANGANA,Nirmal,PEMBI, 
State Bank Of India,S1BG021035003,19.202006,79.427374,TELANGANA,Kumuram Bheem Asifabad,MANCHERIAL, 
State Bank Of India,T1NY020125012,19.214337,78.253678,TELANGANA,Nirmal,Sarangapur, 
State Bank Of India,S1BW020395001,19.216659,78.252114,TELANGANA,Nirmal,SARANGAPUR, 
State Bank Of India,T1BS020124038,19.230937,79.387631,TELANGANA,Kumuram Bheem Asifabad,ADILABAD, 
Union Bank Of India,NHYD05201111111,19.26021,77.94475,TELANGANA,Nirmal,Adilabad,504103
State Bank Of India,S5NL021847621,19.292356,78.404968,TELANGANA,Adilabad,NERADIGONDA, 
State Bank Of India,S5NL020127621,19.345481,78.318629,TELANGANA,Adilabad,BOATH, 
Union Bank Of India,H0536101,19.346928,79.481796,TELANGANA,Kumuram Bheem Asifabad,SIRPUR KAGAZNAGAR,504296
Union Bank Of India,W0536003,19.346928,79.481796,TELANGANA,Kumuram Bheem Asifabad,SIRPUR KAGAZNAGAR,504296
Union Bank Of India,H0826101,19.3471,79.4818,TELANGANA,Kumuram Bheem Asifabad,SIRPUR KAGAZNAGAR,504296
State Bank Of India,S5NL020132621,19.349792,79.480655,TELANGANA,Kumuram Bheem Asifabad,MANCHERIAL, 
State Bank Of India,S5NL020121622,19.350246,79.489462,TELANGANA,Kumuram Bheem Asifabad,MANCHERIAL, 
State Bank Of India,S5NC020121621,19.35381,79.488775,TELANGANA,Kumuram Bheem Asifabad,MANCHERIAL, 
State Bank Of India,S1BW020359001,19.354504,78.50229,TELANGANA,Adilabad,NARSAPUR, 
State Bank Of India,S1BW021609001,19.357437,79.532262,TELANGANA,Kumuram Bheem Asifabad,NAZRULNAGAR, 
Lakshmi Vilas Bank Ltd,001DM158,19.360919,0.0,TELANGANA,Kumuram Bheem Asifabad, , 
Union Bank Of India,W0022003,19.3611,79.2949,TELANGANA,Kumuram Bheem Asifabad,ADILABAD,504001
Union Bank Of India,H2010101,19.3611,79.2949,TELANGANA,Kumuram Bheem Asifabad,ASIFABAD,504293
State Bank Of India,T1BS020124037,19.361129,79.300041,TELANGANA,Kumuram Bheem Asifabad,ADILABAD, 
State Bank Of India,S1BB020126001,19.36709,79.295141,TELANGANA,Kumuram Bheem Asifabad,ASIFABAD, 
State Bank Of India,S1BW020126002,19.368385,79.297888,TELANGANA,Kumuram Bheem Asifabad,ASIFABAD, 
State Bank Of India,T1BY020122029,19.368971,78.775846,TELANGANA,Adilabad,Utnoor, 
State Bank Of India,S1BW020133002,19.369306,78.776061,TELANGANA,Adilabad,UTNOOR, 
Union Bank Of India,N0022004,19.37,78.3,TELANGANA,Adilabad,ADILABAD,504001
State Bank Of India,S1BB020133001,19.370202,78.780599,TELANGANA,Adilabad,Utnoor, 
State Bank Of India,S1NG020478003,19.375147,78.907854,TELANGANA,Kumuram Bheem Asifabad,MANCHERIAL, 
State Bank Of India,S1BW020746001,19.37592,79.288087,TELANGANA,Kumuram Bheem Asifabad,JANKAPUR, 
State Bank Of India,S1NB020122025,19.39528,78.31445,TELANGANA,Adilabad,ADILABAD, 
State Bank Of India,S1NW020122024,19.39528,78.31445,TELANGANA,Adilabad,Adilabad, 
Union Bank Of India,D2677001,19.409,79.7512,TELANGANA,Kumuram Bheem Asifabad,REBBENA,504292
State Bank Of India,S1BW020284002,19.435642,78.456311,TELANGANA,Adilabad,ICHODA, 
State Bank Of India,S1BW012966001,19.436126,78.451284,TELANGANA,Adilabad,ADILABAD, 
State Bank Of India,S5NC020284621,19.444408,78.451928,TELANGANA,Adilabad,ICHODA, 
State Bank Of India,S1BG020361001,19.484422,79.322019,TELANGANA,Kumuram Bheem Asifabad,MANCHERIAL, 
Union Bank Of India,W0235001,19.4918,78.6723,TELANGANA,Adilabad,INDRAVALLY,504346
State Bank Of India,S5NL020479621,19.501258,78.850839,TELANGANA,Adilabad,NARNOOR, 
State Bank Of India,S1BW061739001,19.517473,79.733296,TELANGANA,Kumuram Bheem Asifabad,Kouthala, 
Bank Of Maharashtra,WA0494A1,19.529267,78.512132,TELANGANA,Adilabad,GUDIHATNUR,504308
State Bank Of India,S5NL022103621,19.64988,78.509816,TELANGANA,Adilabad,ADILABAD, 
State Bank Of India,T1BS020122032,19.653323,78.52121,TELANGANA,Adilabad,ADILABAD, 
State Bank Of India,S1NG011987001,19.654489,78.529836,TELANGANA,Adilabad,ADILABAD, 
Axis Bank Ltd,APCN72704,19.65752,78.52364,TELANGANA,Adilabad,0,0
Union Bank Of India,L1971001,19.6601,78.5253,TELANGANA,Adilabad,DASNAPUR,504001
Union Bank Of India,H1971101,19.6601,78.5253,TELANGANA,Adilabad,DASNAPUR,504001
State Bank Of India,T1BS020122033,19.660659,78.52223,TELANGANA,Adilabad,ADILABAD, 
ICICI Bank Ltd,S1VD7250,19.661753,78.525395,TELANGANA,Adilabad,Adilabad, 
State Bank Of India,S1BJ020122010,19.66276,78.525934,TELANGANA,Adilabad,ADILABAD, 
State Bank Of India,S5NG011987621,19.663558,78.528219,TELANGANA,Adilabad,Adilabad, 
Axis Bank Ltd,APCN72709,19.663869,78.52867,TELANGANA,Adilabad,ADILABAD, 
State Bank Of India,T1BY020122028,19.664099,78.532,TELANGANA,Adilabad,MAVALA, 
Punjab National Bank,D1608800,19.66482,78.52909,TELANGANA,Adilabad,ADILABAD,504001
State Bank Of India,S1NB020122023,19.665877,78.534372,TELANGANA,Adilabad,ADILABAD, 
Union Bank Of India,COBW324101,19.66629,78.5295,TELANGANA,Adilabad,ADILABAD,504001
State Bank Of India,T1BY020122027,19.66667,78.533299,TELANGANA,Adilabad,Adilabad, 
City Union Bank Ltd,CUB01650,19.667813,78.531926,TELANGANA,Adilabad,ADILABAD,504001
State Bank Of India,T1BS020122031,19.668024,78.538968,TELANGANA,Adilabad,ADILABAD, 
State Bank Of India,T1BF020122035,19.668385,78.518827,TELANGANA,Adilabad,ADILABAD, 
Axis Bank Ltd,CWCW72710,19.66855,78.528949,TELANGANA,Adilabad,ADILABAD, 
Axis Bank Ltd,S3RH72701,19.66855,78.528949,TELANGANA,Adilabad,ADILABAD, 
State Bank Of India,T1NY020122017,19.668564,78.522529,TELANGANA,Adilabad,ADILABAD, 
Axis Bank Ltd,APCN72707,19.669226,78.53473,TELANGANA,Adilabad,0,504001
ICICI Bank Ltd,SACWM034,19.669509,78.535133,TELANGANA,Adilabad, , 
ICICI Bank Ltd,SACWL039,19.669762,78.528904,TELANGANA,Adilabad,Bhainsa, 
ICICI Bank Ltd,S1CNP035,19.669799,78.5288,TELANGANA,Adilabad, , 
HDFC Bank Ltd,S1ACHE04,19.6699,78.5289,TELANGANA,Adilabad,Adilabad,NULL
Bank Of Maharashtra,DA0433T1,19.67,78.513,TELANGANA,Adilabad,ADILABAD,504001
Indian Overseas Bank,IOB5862,19.67,78.53,TELANGANA,Adilabad,ADILABAD,0
Indian Overseas Bank,IOB7373,19.67,78.53,TELANGANA,Adilabad,KAGAZ NAGAR,504296
Lakshmi Vilas Bank Ltd,001DM049,19.67052,0.0,TELANGANA,Adilabad, , 
Lakshmi Vilas Bank Ltd,01170753,19.670749,0.0,TELANGANA,Adilabad, , 
State Bank Of India,T1NH020122019,19.67092,78.532565,TELANGANA,Adilabad,ADILABAD, 
State Bank Of India,S1NW020122009,19.67096,78.531906,TELANGANA,Adilabad,ADILABAD, 
State Bank Of India,S1BW020122007,19.670971,78.531924,TELANGANA,Adilabad,ADILABAD, 
Canara Bank,48121739,19.67123,78.5327,TELANGANA,Adilabad,ADILABAD,504001
Union Bank Of India,DHYD08001111111,19.67133,78.53264,TELANGANA,Adilabad,Adilabad,504001
Bank Of India,FHY9008,19.67192,78.533079,TELANGANA,Adilabad, , 
HDFC Bank Ltd,S1ANPZ76,19.672,78.5334,TELANGANA,Adilabad,Laxittipet,NULL
Bank Of Baroda,1VW409901,19.672086,78.530282,TELANGANA,Adilabad,ADILABAD,504106
HDFC Bank Ltd,S1ACAL12,19.6721,78.5334,TELANGANA,Adilabad,Adilabad,NULL
Union Bank Of India,H0022102,19.672168,78.533599,TELANGANA,Adilabad,ADILABAD,504001
Union Bank Of India,H0022101,19.6722,78.5336,TELANGANA,Adilabad,ADILABAD,504001
Union Bank Of India,W2091001,19.6722,78.5337,TELANGANA,Adilabad,ADILABAD,504305
State Bank Of India,T1NY020122020,19.672548,78.528158,TELANGANA,Adilabad,HYDERABAD, 
IDBI Bank Ltd,ID109001,19.67355,78.5313,TELANGANA,Adilabad,Adilabad,504001
State Bank Of India,S5NL006513622,19.67374,78.54879,TELANGANA,Adilabad,KHANAPUR, 
Union Bank Of India,NHYD04401111111,19.67587,78.53532,TELANGANA,Adilabad,Adilabad,504001
State Bank Of India,S1BW020122011,19.67721,78.53287,TELANGANA,Adilabad,ADILABAD, 
State Bank Of India,S5NE021848621,19.677379,78.535451,TELANGANA,Adilabad,ADILABAD, 
State Bank Of India,S5NG020122621,19.67743,78.53529,TELANGANA,Adilabad,ADILABAD, 
State Bank Of India,S5NL020122622,19.677465,78.535601,TELANGANA,Adilabad,ADILABAD, 
State Bank Of India,S5NC006644621,19.678132,78.534821,TELANGANA,Adilabad,ADILABAD, 
Karur Vysya Bank Ltd,S1AC0145901,19.678673,78.536341,TELANGANA,Adilabad,ADILABAD,504001
State Bank Of India,T1BS020122030,19.68131,78.54144,TELANGANA,Adilabad,Adilabad, 
State Bank Of India,T1BS020122034,19.68549,78.536914,TELANGANA,Adilabad,ADILABAD, 
State Bank Of India,S1BW021383001,19.717263,78.771521,TELANGANA,Adilabad,BELA VILLAGE, 
Bank Of Maharashtra,DA0487T1,19.732735,78.642711,TELANGANA,Adilabad,"JAINAD BRANCH, MAIN ROAD",504325
Bank Of Maharashtra,WA0486A2,19.7639,78.393755,TELANGANA,Adilabad,TALAMADUGU,504328
Bank Of Maharashtra,WA0495A1,19.779332,78.54621,TELANGANA,Adilabad,GIMMA KHURD,504309
