{
  "type": "FeatureCollection",
  "features": [
    {
      "type": "Feature",
      "properties": {
        "area_id": "A-WARD-OLD-MALAKPET",
        "area_name": "Ward 26 Old Malakpet",
        "district_id": "D-HYDERABAD",
        "risk_score": 0.46,
        "risk_level": "MEDIUM",
        "high_risk_atm_count": 8,
        "atm_ids": [
          "ATM-HYDERABAD-8E003",
          "ATM-HYDERABAD-N1371",
          "ATM-HYDERABAD-BN432",
          "ATM-HYDERABAD-HYD55",
          "ATM-HYDERABAD-69622",
          "ATM-HYDERABAD-52008",
          "ATM-HYDERABAD-52101",
          "ATM-HYDERABAD-68900",
          "ATM-HYDERABAD-NP956",
          "ATM-HYDERABAD-NI866",
          "ATM-HYDERABAD-36001",
          "ATM-HYDERABAD-SHY05",
          "ATM-HYDERABAD-02812",
          "ATM-HYDERABAD-Y9013",
          "ATM-HYDERABAD-26254",
          "ATM-HYDERABAD-23513",
          "ATM-HYDERABAD-32701",
          "ATM-HYDERABAD-00448",
          "ATM-HYDERABAD-WG763",
          "ATM-HYDERABAD-WC500",
          "ATM-HYDERABAD-05711",
          "ATM-HYDERABAD-30001",
          "ATM-HYDERABAD-26291",
          "ATM-HYDERABAD-00215",
          "ATM-HYDERABAD-16913"
        ]
      },
      "geometry": {
        "type": "Polygon",
        "coordinates": [
          [
            [
              78.5163904,
              17.3792076
            ],
            [
              78.5169911,
              17.3799858
            ],
            [
              78.5145771,
              17.3824943
            ],
            [
              78.5109078,
              17.3858731
            ],
            [
              78.506788,
              17.3858731
            ],
            [
              78.5030651,
              17.3860266
            ],
            [
              78.5002542,
              17.3849925
            ],
            [
              78.4948522,
              17.3807281
            ],
            [
              78.4949541,
              17.3800676
            ],
            [
              78.495276,
              17.3772826
            ],
            [
              78.4965206,
              17.3756648
            ],
            [
              78.4980977,
              17.3753013
            ],
            [
              78.5008335,
              17.3737808
            ],
            [
              78.507346,
              17.3727824
            ],
            [
              78.5077429,
              17.3748662
            ],
            [
              78.508215,
              17.3758286
            ],
            [
              78.5105539,
              17.3767297
            ],
            [
              78.5111761,
              17.377815
            ],
            [
              78.511262,
              17.3785113
            ],
            [
              78.5111976,
              17.3791052
            ],
            [
              78.5128713,
              17.3797605
            ],
            [
              78.5154462,
              17.3782246
            ],
            [
              78.5163904,
              17.3792076
            ]
          ]
        ]
      }
    },
    {
      "type": "Feature",
      "properties": {
        "area_id": "A-WARD-GUNFOUNDRY",
        "area_name": "Ward 78 Gunfoundry",
        "district_id": "D-HYDERABAD",
        "risk_score": 0.43,
        "risk_level": "MEDIUM",
        "high_risk_atm_count": 55,
        "atm_ids": [
          "ATM-HYDERABAD-87305",
          "ATM-HYDERABAD-09301",
          "ATM-HYDERABAD-WE844",
          "ATM-HYDERABAD-69621",
          "ATM-HYDERABAD-47010",
          "ATM-HYDERABAD-47077",
          "ATM-HYDERABAD-47036",
          "ATM-HYDERABAD-8E016",
          "ATM-HYDERABAD-26195",
          "ATM-HYDERABAD-16274",
          "ATM-HYDERABAD-88108",
          "ATM-HYDERABAD-11111",
          "ATM-HYDERABAD-96900",
          "ATM-HYDERABAD-16092",
          "ATM-HYDERABAD-47050",
          "ATM-HYDERABAD-L0152",
          "ATM-HYDERABAD-47629",
          "ATM-HYDERABAD-00412",
          "ATM-HYDERABAD-00418",
          "ATM-HYDERABAD-11401",
          "ATM-HYDERABAD-28902",
          "ATM-HYDERABAD-W9072",
          "ATM-HYDERABAD-N9191",
          "ATM-HYDERABAD-27201",
          "ATM-HYDERABAD-NHY97",
          "ATM-HYDERABAD-NHY90",
          "ATM-HYDERABAD-O1320",
          "ATM-HYDERABAD-D9485",
          "ATM-HYDERABAD-38601",
          "ATM-HYDERABAD-05101",
          "ATM-HYDERABAD-05010",
          "ATM-HYDERABAD-05009",
          "ATM-HYDERABAD-05011",
          "ATM-HYDERABAD-05008",
          "ATM-HYDERABAD-A210U",
          "ATM-HYDERABAD-47627",
          "ATM-HYDERABAD-47624",
          "ATM-HYDERABAD-47097",
          "ATM-HYDERABAD-47063",
          "ATM-HYDERABAD-47621",
          "ATM-HYDERABAD-47458",
          "ATM-HYDERABAD-47459",
          "ATM-HYDERABAD-B6952",
          "ATM-HYDERABAD-47628",
          "ATM-HYDERABAD-71621",
          "ATM-HYDERABAD-88102",
          "ATM-HYDERABAD-71623",
          "ATM-HYDERABAD-019A1",
          "ATM-HYDERABAD-71002",
          "ATM-HYDERABAD-Y8009",
          "ATM-HYDERABAD-88110",
          "ATM-HYDERABAD-88102",
          "ATM-HYDERABAD-43213",
          "ATM-HYDERABAD-D9407",
          "ATM-HYDERABAD-16222",
          "ATM-HYDERABAD-Y8013",
          "ATM-HYDERABAD-NVS07",
          "ATM-HYDERABAD-47552",
          "ATM-HYDERABAD-09002",
          "ATM-HYDERABAD-24002",
          "ATM-HYDERABAD-05007",
          "ATM-HYDERABAD-10033",
          "ATM-HYDERABAD-Y8008",
          "ATM-HYDERABAD-16221",
          "ATM-HYDERABAD-47003",
          "ATM-HYDERABAD-47087",
          "ATM-HYDERABAD-Y9003",
          "ATM-HYDERABAD-88107",
          "ATM-HYDERABAD-88105",
          "ATM-HYDERABAD-41689",
          "ATM-HYDERABAD-29005",
          "ATM-HYDERABAD-80001",
          "ATM-HYDERABAD-44101",
          "ATM-HYDERABAD-84368",
          "ATM-HYDERABAD-62077",
          "ATM-HYDERABAD-O1074",
          "ATM-HYDERABAD-78004",
          "ATM-HYDERABAD-78002",
          "ATM-HYDERABAD-78101",
          "ATM-HYDERABAD-97003",
          "ATM-HYDERABAD-13419",
          "ATM-HYDERABAD-11111",
          "ATM-HYDERABAD-54001",
          "ATM-HYDERABAD-47009",
          "ATM-HYDERABAD-10016",
          "ATM-HYDERABAD-29621",
          "ATM-HYDERABAD-NHY19",
          "ATM-HYDERABAD-05003",
          "ATM-HYDERABAD-32004",
          "ATM-HYDERABAD-29001",
          "ATM-HYDERABAD-20101",
          "ATM-HYDERABAD-26215",
          "ATM-HYDERABAD-02701",
          "ATM-HYDERABAD-44301",
          "ATM-HYDERABAD-WHA04",
          "ATM-HYDERABAD-12401",
          "ATM-HYDERABAD-B9715",
          "ATM-HYDERABAD-54621",
          "ATM-HYDERABAD-WF987",
          "ATM-HYDERABAD-02211",
          "ATM-HYDERABAD-60301",
          "ATM-HYDERABAD-HYD60",
          "ATM-HYDERABAD-16013",
          "ATM-HYDERABAD-16151",
          "ATM-HYDERABAD-04801",
          "ATM-HYDERABAD-16057",
          "ATM-HYDERABAD-66622",
          "ATM-HYDERABAD-44003",
          "ATM-HYDERABAD-16007",
          "ATM-HYDERABAD-16024",
          "ATM-HYDERABAD-47099",
          "ATM-HYDERABAD-05002",
          "ATM-HYDERABAD-11111",
          "ATM-HYDERABAD-PO735",
          "ATM-HYDERABAD-26243",
          "ATM-HYDERABAD-66623",
          "ATM-HYDERABAD-47512",
          "ATM-HYDERABAD-66005",
          "ATM-HYDERABAD-66003",
          "ATM-HYDERABAD-00001",
          "ATM-HYDERABAD-18101",
          "ATM-HYDERABAD-00215",
          "ATM-HYDERABAD-WHY24",
          "ATM-HYDERABAD-H0131",
          "ATM-HYDERABAD-00241",
          "ATM-HYDERABAD-TM014",
          "ATM-HYDERABAD-23900",
          "ATM-HYDERABAD-23001",
          "ATM-HYDERABAD-37002",
          "ATM-HYDERABAD-04001",
          "ATM-HYDERABAD-CHD11",
          "ATM-HYDERABAD-69621",
          "ATM-HYDERABAD-06801",
          "ATM-HYDERABAD-01621",
          "ATM-HYDERABAD-63621",
          "ATM-HYDERABAD-63001",
          "ATM-HYDERABAD-45001",
          "ATM-HYDERABAD-33002",
          "ATM-HYDERABAD-33101",
          "ATM-HYDERABAD-WE558",
          "ATM-HYDERABAD-57014",
          "ATM-HYDERABAD-79102",
          "ATM-HYDERABAD-79101",
          "ATM-HYDERABAD-B6965",
          "ATM-HYDERABAD-03004",
          "ATM-HYDERABAD-03101",
          "ATM-HYDERABAD-79004",
          "ATM-HYDERABAD-33003",
          "ATM-HYDERABAD-47001"
        ]
      },
      "geometry": {
        "type": "Polygon",
        "coordinates": [
          [
            [
              78.491832,
              17.3798628
            ],
            [
              78.4916631,
              17.3809047
            ],
            [
              78.4918427,
              17.3838356
            ],
            [
              78.4910917,
              17.3845113
            ],
            [
              78.489933,
              17.3843475
            ],
            [
              78.4900403,
              17.38617
            ],
            [
              78.4891605,
              17.3875829
            ],
            [
              78.4886456,
              17.3879515
            ],
            [
              78.4883237,
              17.3893644
            ],
            [
              78.4890532,
              17.3907159
            ],
            [
              78.4872079,
              17.3907773
            ],
            [
              78.4854913,
              17.3902449
            ],
            [
              78.4832597,
              17.3938693
            ],
            [
              78.4819508,
              17.3935621
            ],
            [
              78.4800839,
              17.393726
            ],
            [
              78.4800625,
              17.3957122
            ],
            [
              78.4791183,
              17.3981488
            ],
            [
              78.4775734,
              17.3996845
            ],
            [
              78.4755349,
              17.400954
            ],
            [
              78.4771013,
              17.4062571
            ],
            [
              78.4771442,
              17.4066871
            ],
            [
              78.4771107,
              17.4067754
            ],
            [
              78.4767902,
              17.4074268
            ],
            [
              78.4763288,
              17.407977
            ],
            [
              78.4757897,
              17.4085631
            ],
            [
              78.4754517,
              17.4087334
            ],
            [
              78.4741455,
              17.408297
            ],
            [
              78.4712889,
              17.4078837
            ],
            [
              78.4684216,
              17.407812
            ],
            [
              78.4679282,
              17.4073653
            ],
            [
              78.4676117,
              17.4070915
            ],
            [
              78.4675205,
              17.4069111
            ],
            [
              78.4673354,
              17.4064542
            ],
            [
              78.4672764,
              17.4060012
            ],
            [
              78.467389,
              17.4051989
            ],
            [
              78.4680703,
              17.4027137
            ],
            [
              78.470149,
              17.4007288
            ],
            [
              78.4707069,
              17.3997459
            ],
            [
              78.4709215,
              17.3983331
            ],
            [
              78.4709644,
              17.3959579
            ],
            [
              78.4704065,
              17.3942174
            ],
            [
              78.4700697,
              17.3921425
            ],
            [
              78.4699345,
              17.3913097
            ],
            [
              78.4742045,
              17.3886068
            ],
            [
              78.4763074,
              17.3885761
            ],
            [
              78.4763932,
              17.3897944
            ],
            [
              78.4802341,
              17.3899787
            ],
            [
              78.480792,
              17.3878082
            ],
            [
              78.4795904,
              17.3857195
            ],
            [
              78.4844613,
              17.3851256
            ],
            [
              78.4793544,
              17.3793919
            ],
            [
              78.4815216,
              17.3786751
            ],
            [
              78.4841609,
              17.3805591
            ],
            [
              78.4880124,
              17.3807365
            ],
            [
              78.4880193,
              17.3794226
            ],
            [
              78.491832,
              17.3798628
            ]
          ]
        ]
      }
    },
    {
      "type": "Feature",
      "properties": {
        "area_id": "A-WARD-HIMAYATH-NAGAR",
        "area_name": "Ward 79 Himayath Nagar",
        "district_id": "D-HYDERABAD",
        "risk_score": 0.39,
        "risk_level": "LOW",
        "high_risk_atm_count": 32,
        "atm_ids": [
          "ATM-HYDERABAD-8W016",
          "ATM-HYDERABAD-CHY50",
          "ATM-HYDERABAD-16265",
          "ATM-HYDERABAD-71002",
          "ATM-HYDERABAD-B0521",
          "ATM-HYDERABAD-WF762",
          "ATM-HYDERABAD-WM056",
          "ATM-HYDERABAD-WM272",
          "ATM-HYDERABAD-02131",
          "ATM-HYDERABAD-WHY68",
          "ATM-HYDERABAD-05501",
          "ATM-HYDERABAD-96622",
          "ATM-HYDERABAD-47016",
          "ATM-HYDERABAD-91684",
          "ATM-HYDERABAD-47128",
          "ATM-HYDERABAD-97002",
          "ATM-HYDERABAD-97004",
          "ATM-HYDERABAD-97003",
          "ATM-HYDERABAD-97101",
          "ATM-HYDERABAD-NM354",
          "ATM-HYDERABAD-NQ095",
          "ATM-HYDERABAD-16199",
          "ATM-HYDERABAD-80621",
          "ATM-HYDERABAD-37004",
          "ATM-HYDERABAD-27640",
          "ATM-HYDERABAD-26142",
          "ATM-HYDERABAD-80622",
          "ATM-HYDERABAD-38001",
          "ATM-HYDERABAD-N9193",
          "ATM-HYDERABAD-47004",
          "ATM-HYDERABAD-80623",
          "ATM-HYDERABAD-35619",
          "ATM-HYDERABAD-WHY29",
          "ATM-HYDERABAD-05201",
          "ATM-HYDERABAD-86001",
          "ATM-HYDERABAD-97800",
          "ATM-HYDERABAD-DB967",
          "ATM-HYDERABAD-NI876",
          "ATM-HYDERABAD-PO535",
          "ATM-HYDERABAD-27001",
          "ATM-HYDERABAD-PS066",
          "ATM-HYDERABAD-49301",
          "ATM-HYDERABAD-DC015",
          "ATM-HYDERABAD-86003",
          "ATM-HYDERABAD-WC468",
          "ATM-HYDERABAD-67623",
          "ATM-HYDERABAD-67005",
          "ATM-HYDERABAD-N1702",
          "ATM-HYDERABAD-N0151",
          "ATM-HYDERABAD-HYD41",
          "ATM-HYDERABAD-SHY06",
          "ATM-HYDERABAD-RGR19",
          "ATM-HYDERABAD-NA563",
          "ATM-HYDERABAD-D5985",
          "ATM-HYDERABAD-47601",
          "ATM-HYDERABAD-11111",
          "ATM-HYDERABAD-11111",
          "ATM-HYDERABAD-86622",
          "ATM-HYDERABAD-CHB29",
          "ATM-HYDERABAD-WHA10",
          "ATM-HYDERABAD-67622",
          "ATM-HYDERABAD-NHD25",
          "ATM-HYDERABAD-CHA07",
          "ATM-HYDERABAD-H0133",
          "ATM-HYDERABAD-08101",
          "ATM-HYDERABAD-08002",
          "ATM-HYDERABAD-NP053",
          "ATM-HYDERABAD-NQ736",
          "ATM-HYDERABAD-WF675",
          "ATM-HYDERABAD-37005",
          "ATM-HYDERABAD-N9349",
          "ATM-HYDERABAD-89893",
          "ATM-HYDERABAD-NHD23",
          "ATM-HYDERABAD-CHD24",
          "ATM-HYDERABAD-97800",
          "ATM-HYDERABAD-11101",
          "ATM-HYDERABAD-85161",
          "ATM-HYDERABAD-00201",
          "ATM-HYDERABAD-WN755",
          "ATM-HYDERABAD-B9782",
          "ATM-HYDERABAD-WHY59",
          "ATM-HYDERABAD-38005",
          "ATM-HYDERABAD-10069",
          "ATM-HYDERABAD-10501",
          "ATM-HYDERABAD-16912",
          "ATM-HYDERABAD-HYD16",
          "ATM-HYDERABAD-01201",
          "ATM-HYDERABAD-B8542",
          "ATM-HYDERABAD-39005",
          "ATM-HYDERABAD-02210",
          "ATM-HYDERABAD-W9010",
          "ATM-HYDERABAD-16190",
          "ATM-HYDERABAD-91801",
          "ATM-HYDERABAD-FI022",
          "ATM-HYDERABAD-01003",
          "ATM-HYDERABAD-01002",
          "ATM-HYDERABAD-01101",
          "ATM-HYDERABAD-WHY01",
          "ATM-HYDERABAD-WG726"
        ]
      },
      "geometry": {
        "type": "Polygon",
        "coordinates": [
          [
            [
              78.4945464,
              17.3988041
            ],
            [
              78.4941441,
              17.399147
            ],
            [
              78.4922934,
              17.4020597
            ],
            [
              78.4911507,
              17.4028531
            ],
            [
              78.4878892,
              17.4027712
            ],
            [
              78.4828091,
              17.4059091
            ],
            [
              78.4813929,
              17.4064414
            ],
            [
              78.4795904,
              17.4065847
            ],
            [
              78.4771442,
              17.4066871
            ],
            [
              78.4771013,
              17.4062571
            ],
            [
              78.4755349,
              17.400954
            ],
            [
              78.4775734,
              17.3996845
            ],
            [
              78.4791183,
              17.3981488
            ],
            [
              78.4800625,
              17.3957122
            ],
            [
              78.4800839,
              17.393726
            ],
            [
              78.4819508,
              17.3935621
            ],
            [
              78.4832597,
              17.3938693
            ],
            [
              78.4854913,
              17.3902449
            ],
            [
              78.4872079,
              17.3907773
            ],
            [
              78.4890532,
              17.3907159
            ],
            [
              78.4899759,
              17.3949341
            ],
            [
              78.4945464,
              17.3988041
            ]
          ]
        ]
      }
    },
    {
      "type": "Feature",
      "properties": {
        "area_id": "A-WARD-SOMAJIGUDA",
        "area_name": "Ward 97 Somajiguda",
        "district_id": "D-HYDERABAD",
        "risk_score": 0.45,
        "risk_level": "MEDIUM",
        "high_risk_atm_count": 30,
        "atm_ids": [
          "ATM-HYDERABAD-95001",
          "ATM-HYDERABAD-NC007",
          "ATM-HYDERABAD-WF635",
          "ATM-HYDERABAD-34002",
          "ATM-HYDERABAD-63621",
          "ATM-HYDERABAD-00809",
          "ATM-HYDERABAD-90101",
          "ATM-HYDERABAD-NHE04",
          "ATM-HYDERABAD-N2681",
          "ATM-HYDERABAD-47455",
          "ATM-HYDERABAD-CHD02",
          "ATM-HYDERABAD-WHY09",
          "ATM-HYDERABAD-76001",
          "ATM-HYDERABAD-90709",
          "ATM-HYDERABAD-90710",
          "ATM-HYDERABAD-N1858",
          "ATM-HYDERABAD-47008",
          "ATM-HYDERABAD-47015",
          "ATM-HYDERABAD-28905",
          "ATM-HYDERABAD-D2270",
          "ATM-HYDERABAD-S0521",
          "ATM-HYDERABAD-10042",
          "ATM-HYDERABAD-00434",
          "ATM-HYDERABAD-00805",
          "ATM-HYDERABAD-00809",
          "ATM-HYDERABAD-00812",
          "ATM-HYDERABAD-00852",
          "ATM-HYDERABAD-NQ650",
          "ATM-HYDERABAD-DB880",
          "ATM-HYDERABAD-NP124",
          "ATM-HYDERABAD-57001",
          "ATM-HYDERABAD-8W012",
          "ATM-HYDERABAD-8W009",
          "ATM-HYDERABAD-49001",
          "ATM-HYDERABAD-49002",
          "ATM-HYDERABAD-87248",
          "ATM-HYDERABAD-WF842",
          "ATM-HYDERABAD-WF820",
          "ATM-HYDERABAD-00884",
          "ATM-HYDERABAD-00812",
          "ATM-HYDERABAD-16159",
          "ATM-HYDERABAD-14014",
          "ATM-HYDERABAD-K2841",
          "ATM-HYDERABAD-F511U",
          "ATM-HYDERABAD-WJ231",
          "ATM-HYDERABAD-26085",
          "ATM-HYDERABAD-16207",
          "ATM-HYDERABAD-47554",
          "ATM-HYDERABAD-14101",
          "ATM-HYDERABAD-04601",
          "ATM-HYDERABAD-02814",
          "ATM-HYDERABAD-WH736",
          "ATM-HYDERABAD-00402",
          "ATM-HYDERABAD-33001",
          "ATM-HYDERABAD-53621",
          "ATM-HYDERABAD-B6966",
          "ATM-HYDERABAD-NE234",
          "ATM-HYDERABAD-WI509",
          "ATM-HYDERABAD-07901",
          "ATM-HYDERABAD-NAP32",
          "ATM-HYDERABAD-09302",
          "ATM-HYDERABAD-12001",
          "ATM-HYDERABAD-NM368",
          "ATM-HYDERABAD-NP941",
          "ATM-HYDERABAD-B6964",
          "ATM-HYDERABAD-B6574",
          "ATM-HYDERABAD-B9925",
          "ATM-HYDERABAD-00405",
          "ATM-HYDERABAD-70001",
          "ATM-HYDERABAD-B9334",
          "ATM-HYDERABAD-N9024"
        ]
      },
      "geometry": {
        "type": "Polygon",
        "coordinates": [
          [
            [
              78.4524303,
              17.4267554
            ],
            [
              78.4529212,
              17.4275129
            ],
            [
              78.4532376,
              17.4282601
            ],
            [
              78.4535703,
              17.4284712
            ],
            [
              78.4546592,
              17.4287847
            ],
            [
              78.456054,
              17.4285263
            ],
            [
              78.457143,
              17.4277458
            ],
            [
              78.4575372,
              17.4270894
            ],
            [
              78.4575453,
              17.426392
            ],
            [
              78.4572234,
              17.4251585
            ],
            [
              78.4578028,
              17.4239813
            ],
            [
              78.4623679,
              17.4227632
            ],
            [
              78.4627354,
              17.4220748
            ],
            [
              78.4622231,
              17.4199942
            ],
            [
              78.4653291,
              17.4186992
            ],
            [
              78.4651038,
              17.4222514
            ],
            [
              78.4646076,
              17.4233518
            ],
            [
              78.4634676,
              17.4237561
            ],
            [
              78.4627595,
              17.4252404
            ],
            [
              78.4622848,
              17.4261591
            ],
            [
              78.4620675,
              17.4275283
            ],
            [
              78.4620782,
              17.4286568
            ],
            [
              78.4630004,
              17.4302444
            ],
            [
              78.4593987,
              17.4318594
            ],
            [
              78.456223,
              17.4320744
            ],
            [
              78.4556115,
              17.4335023
            ],
            [
              78.4554076,
              17.4352373
            ],
            [
              78.4538251,
              17.4357952
            ],
            [
              78.452307,
              17.4360664
            ],
            [
              78.4514514,
              17.4353269
            ],
            [
              78.4496731,
              17.4346283
            ],
            [
              78.4477016,
              17.4345029
            ],
            [
              78.4457302,
              17.4340499
            ],
            [
              78.4442872,
              17.436179
            ],
            [
              78.443681,
              17.4373459
            ],
            [
              78.4428093,
              17.4393777
            ],
            [
              78.4412456,
              17.4391371
            ],
            [
              78.4415245,
              17.4374175
            ],
            [
              78.4406085,
              17.4352079
            ],
            [
              78.4397113,
              17.4332566
            ],
            [
              78.4366724,
              17.4340576
            ],
            [
              78.4346205,
              17.4348586
            ],
            [
              78.4338453,
              17.4347076
            ],
            [
              78.4331077,
              17.433693
            ],
            [
              78.432633,
              17.4327487
            ],
            [
              78.4318364,
              17.4306976
            ],
            [
              78.4318216,
              17.4296854
            ],
            [
              78.4333237,
              17.4297866
            ],
            [
              78.4342296,
              17.4301858
            ],
            [
              78.4369141,
              17.4301397
            ],
            [
              78.4434611,
              17.4301346
            ],
            [
              78.4470767,
              17.429825
            ],
            [
              78.4481522,
              17.4296586
            ],
            [
              78.448914,
              17.4297277
            ],
            [
              78.4500968,
              17.4299043
            ],
            [
              78.4524303,
              17.4267554
            ]
          ]
        ]
      }
    },
    {
      "type": "Feature",
      "properties": {
        "area_id": "A-WARD-VENGAL-RAO-NAGAR",
        "area_name": "Ward 99 Vengal Rao Nagar",
        "district_id": "D-HYDERABAD",
        "risk_score": 0.42,
        "risk_level": "MEDIUM",
        "high_risk_atm_count": 20,
        "atm_ids": [
          "ATM-HYDERABAD-39001",
          "ATM-HYDERABAD-WF668",
          "ATM-HYDERABAD-12101",
          "ATM-HYDERABAD-12005",
          "ATM-HYDERABAD-WAP39",
          "ATM-HYDERABAD-CMU72",
          "ATM-HYDERABAD-00855",
          "ATM-HYDERABAD-00813",
          "ATM-HYDERABAD-CHY43",
          "ATM-HYDERABAD-DB893",
          "ATM-HYDERABAD-NP544",
          "ATM-HYDERABAD-NQ686",
          "ATM-HYDERABAD-NP543",
          "ATM-HYDERABAD-07321",
          "ATM-HYDERABAD-71901",
          "ATM-HYDERABAD-62621",
          "ATM-HYDERABAD-16275",
          "ATM-HYDERABAD-37905",
          "ATM-HYDERABAD-37904",
          "ATM-HYDERABAD-62622",
          "ATM-HYDERABAD-DL355",
          "ATM-HYDERABAD-HYD66",
          "ATM-HYDERABAD-HYD57",
          "ATM-HYDERABAD-WMA62",
          "ATM-HYDERABAD-NTX57",
          "ATM-HYDERABAD-NHE86",
          "ATM-HYDERABAD-47059",
          "ATM-HYDERABAD-83789",
          "ATM-HYDERABAD-WK380",
          "ATM-HYDERABAD-NE399",
          "ATM-HYDERABAD-NI827",
          "ATM-HYDERABAD-WC274",
          "ATM-HYDERABAD-WI383",
          "ATM-HYDERABAD-WE867",
          "ATM-HYDERABAD-47555",
          "ATM-HYDERABAD-Y8030",
          "ATM-HYDERABAD-WM088",
          "ATM-HYDERABAD-NHY82",
          "ATM-HYDERABAD-55001",
          "ATM-HYDERABAD-Y9005",
          "ATM-HYDERABAD-NHE29",
          "ATM-HYDERABAD-42004",
          "ATM-HYDERABAD-42003",
          "ATM-HYDERABAD-WN903",
          "ATM-HYDERABAD-WHY35",
          "ATM-HYDERABAD-NF444",
          "ATM-HYDERABAD-44001",
          "ATM-HYDERABAD-36901",
          "ATM-HYDERABAD-16202",
          "ATM-HYDERABAD-36401",
          "ATM-HYDERABAD-WH982",
          "ATM-HYDERABAD-8E005"
        ]
      },
      "geometry": {
        "type": "Polygon",
        "coordinates": [
          [
            [
              78.4239721,
              17.4393009
            ],
            [
              78.4285212,
              17.4371309
            ],
            [
              78.4280705,
              17.4362097
            ],
            [
              78.4316325,
              17.4351656
            ],
            [
              78.4328985,
              17.4355341
            ],
            [
              78.4336361,
              17.4365373
            ],
            [
              78.43476,
              17.435616
            ],
            [
              78.4361413,
              17.4360459
            ],
            [
              78.4375656,
              17.4359845
            ],
            [
              78.4406085,
              17.4352079
            ],
            [
              78.4415245,
              17.4374175
            ],
            [
              78.4412456,
              17.4391371
            ],
            [
              78.4428093,
              17.4393777
            ],
            [
              78.441385,
              17.4419263
            ],
            [
              78.4397435,
              17.4448997
            ],
            [
              78.4382743,
              17.447583
            ],
            [
              78.4381154,
              17.4478731
            ],
            [
              78.4342182,
              17.4487022
            ],
            [
              78.4305006,
              17.4494596
            ],
            [
              78.4302378,
              17.4499457
            ],
            [
              78.4261823,
              17.4501095
            ],
            [
              78.4281778,
              17.4459335
            ],
            [
              78.4235215,
              17.4459745
            ],
            [
              78.4244657,
              17.4433337
            ],
            [
              78.4239721,
              17.4393009
            ]
          ]
        ]
      }
    },
    {
      "type": "Feature",
      "properties": {
        "area_id": "A-WARD-KANCHANBAGH",
        "area_name": "Ward 41 Kanchanbagh",
        "district_id": "D-HYDERABAD",
        "risk_score": 0.4,
        "risk_level": "MEDIUM",
        "high_risk_atm_count": 7,
        "atm_ids": [
          "ATM-HYDERABAD-09622",
          "ATM-RANGA-REDDY-16253",
          "ATM-RANGA-REDDY-26033",
          "ATM-RANGA-REDDY-26001",
          "ATM-RANGA-REDDY-26621",
          "ATM-RANGA-REDDY-26170",
          "ATM-RANGA-REDDY-26210",
          "ATM-RANGA-REDDY-26622",
          "ATM-HYDERABAD-26246",
          "ATM-HYDERABAD-26178",
          "ATM-HYDERABAD-16272",
          "ATM-HYDERABAD-29621",
          "ATM-HYDERABAD-93400",
          "ATM-HYDERABAD-26030",
          "ATM-HYDERABAD-26019"
        ]
      },
      "geometry": {
        "type": "Polygon",
        "coordinates": [
          [
            [
              78.483088,
              17.3169231
            ],
            [
              78.4831631,
              17.3131845
            ],
            [
              78.4832597,
              17.3125187
            ],
            [
              78.4897613,
              17.3142805
            ],
            [
              78.4898365,
              17.3155096
            ],
            [
              78.4897722,
              17.3173328
            ],
            [
              78.4926582,
              17.3180293
            ],
            [
              78.4937096,
              17.3179268
            ],
            [
              78.4936399,
              17.318864
            ],
            [
              78.4966278,
              17.3198217
            ],
            [
              78.496821,
              17.3169436
            ],
            [
              78.4949434,
              17.3174557
            ],
            [
              78.4952116,
              17.3158169
            ],
            [
              78.4962416,
              17.3140142
            ],
            [
              78.4978295,
              17.3133996
            ],
            [
              78.5005761,
              17.3136659
            ],
            [
              78.5038805,
              17.3137069
            ],
            [
              78.5060692,
              17.3137888
            ],
            [
              78.5056328,
              17.3162476
            ],
            [
              78.5052002,
              17.3186848
            ],
            [
              78.5076571,
              17.3187667
            ],
            [
              78.5081721,
              17.3168411
            ],
            [
              78.5090626,
              17.3168309
            ],
            [
              78.5097814,
              17.3188794
            ],
            [
              78.5096956,
              17.3222389
            ],
            [
              78.508215,
              17.323765
            ],
            [
              78.5072708,
              17.3330236
            ],
            [
              78.5071367,
              17.3349286
            ],
            [
              78.5066754,
              17.3357171
            ],
            [
              78.5050124,
              17.3364238
            ],
            [
              78.5055113,
              17.3402131
            ],
            [
              78.5047174,
              17.3421999
            ],
            [
              78.5040844,
              17.3424252
            ],
            [
              78.5038269,
              17.3432752
            ],
            [
              78.5019493,
              17.3441662
            ],
            [
              78.5016167,
              17.3437156
            ],
            [
              78.5001254,
              17.3436746
            ],
            [
              78.5002113,
              17.3424047
            ],
            [
              78.4997821,
              17.3414728
            ],
            [
              78.5004258,
              17.3409607
            ],
            [
              78.5008872,
              17.339742
            ],
            [
              78.4930337,
              17.3340836
            ],
            [
              78.4914538,
              17.3327548
            ],
            [
              78.4920788,
              17.3317639
            ],
            [
              78.4921003,
              17.3304222
            ],
            [
              78.4921539,
              17.3294595
            ],
            [
              78.4925831,
              17.3287016
            ],
            [
              78.4925401,
              17.3274111
            ],
            [
              78.4911239,
              17.3254651
            ],
            [
              78.491242,
              17.3251374
            ],
            [
              78.4913707,
              17.3230275
            ],
            [
              78.4888172,
              17.3229865
            ],
            [
              78.4872079,
              17.3246253
            ],
            [
              78.4868002,
              17.3211225
            ],
            [
              78.4852231,
              17.3212863
            ],
            [
              78.4864998,
              17.3199395
            ],
            [
              78.4842789,
              17.3199343
            ],
            [
              78.4842468,
              17.3193096
            ],
            [
              78.4843648,
              17.3189511
            ],
            [
              78.4845793,
              17.3187565
            ],
            [
              78.4848905,
              17.3183058
            ],
            [
              78.4856844,
              17.3188077
            ],
            [
              78.4865213,
              17.3185619
            ],
            [
              78.4866071,
              17.3175581
            ],
            [
              78.483088,
              17.3169231
            ]
          ]
        ]
      }
    },
    {
      "type": "Feature",
      "properties": {
        "area_id": "A-WARD-HASTHINAPURAM",
        "area_name": "Ward 16 Hasthinapuram",
        "district_id": "D-RANGA-REDDY",
        "risk_score": 0.57,
        "risk_level": "MEDIUM",
        "high_risk_atm_count": 9,
        "atm_ids": [
          "ATM-RANGA-REDDY-47489",
          "ATM-RANGA-REDDY-26010",
          "ATM-RANGA-REDDY-26194",
          "ATM-RANGA-REDDY-26284",
          "ATM-RANGA-REDDY-NHY50",
          "ATM-RANGA-REDDY-NHY58",
          "ATM-RANGA-REDDY-26193",
          "ATM-RANGA-REDDY-30503",
          "ATM-RANGA-REDDY-30510",
          "ATM-RANGA-REDDY-21004",
          "ATM-RANGA-REDDY-26217",
          "ATM-RANGA-REDDY-47029",
          "ATM-RANGA-REDDY-26304",
          "ATM-RANGA-REDDY-68001",
          "ATM-RANGA-REDDY-WH981",
          "ATM-RANGA-REDDY-26277",
          "ATM-RANGA-REDDY-8W003",
          "ATM-RANGA-REDDY-NG220",
          "ATM-RANGA-REDDY-53813",
          "ATM-RANGA-REDDY-26036",
          "ATM-RANGA-REDDY-NF835",
          "ATM-RANGA-REDDY-WF682",
          "ATM-RANGA-REDDY-13801",
          "ATM-RANGA-REDDY-93000",
          "ATM-RANGA-REDDY-CHB07"
        ]
      },
      "geometry": {
        "type": "MultiPolygon",
        "coordinates": [
          [
            [
              [
                78.526529,
                17.3320098
              ],
              [
                78.5266148,
                17.3328906
              ],
              [
                78.5273229,
                17.3328854
              ],
              [
                78.5275858,
                17.3320968
              ],
              [
                78.5282188,
                17.3321071
              ],
              [
                78.5283797,
                17.333418
              ],
              [
                78.526352,
                17.3349184
              ],
              [
                78.5259979,
                17.3321071
              ],
              [
                78.526529,
                17.3320098
              ]
            ]
          ],
          [
            [
              [
                78.5272639,
                17.336598
              ],
              [
                78.5259228,
                17.3371049
              ],
              [
                78.525558,
                17.3380984
              ],
              [
                78.5247748,
                17.3369411
              ],
              [
                78.526132,
                17.3360706
              ],
              [
                78.5272639,
                17.336598
              ]
            ]
          ],
          [
            [
              [
                78.523788,
                17.3396952
              ],
              [
                78.5189892,
                17.3413439
              ],
              [
                78.519963,
                17.3405511
              ],
              [
                78.5216366,
                17.3386053
              ],
              [
                78.5179996,
                17.3397114
              ],
              [
                78.5175543,
                17.3382161
              ],
              [
                78.5193085,
                17.336936
              ],
              [
                78.5208964,
                17.337069
              ],
              [
                78.52257,
                17.3374275
              ],
              [
                78.523788,
                17.3396952
              ]
            ]
          ],
          [
            [
              [
                78.5185038,
                17.3335255
              ],
              [
                78.5171842,
                17.3337713
              ],
              [
                78.5170232,
                17.3315796
              ],
              [
                78.5189544,
                17.3317435
              ],
              [
                78.5185038,
                17.3335255
              ]
            ]
          ],
          [
            [
              [
                78.5182463,
                17.326725
              ],
              [
                78.5181498,
                17.3274317
              ],
              [
                78.5148989,
                17.3289475
              ],
              [
                78.514974,
                17.330156
              ],
              [
                78.5148909,
                17.3302456
              ],
              [
                78.5156902,
                17.3309498
              ],
              [
                78.5155909,
                17.3312212
              ],
              [
                78.5126673,
                17.3303506
              ],
              [
                78.5127961,
                17.3270527
              ],
              [
                78.5182463,
                17.326725
              ]
            ]
          ],
          [
            [
              [
                78.5081721,
                17.3168411
              ],
              [
                78.5076571,
                17.3187667
              ],
              [
                78.5052002,
                17.3186848
              ],
              [
                78.5056328,
                17.3162476
              ],
              [
                78.5081721,
                17.3168411
              ]
            ]
          ],
          [
            [
              [
                78.4949434,
                17.3174557
              ],
              [
                78.496821,
                17.3169436
              ],
              [
                78.4966278,
                17.3198217
              ],
              [
                78.4936399,
                17.318864
              ],
              [
                78.4937096,
                17.3179268
              ],
              [
                78.4949434,
                17.3174557
              ]
            ]
          ],
          [
            [
              [
                78.5466539,
                17.3422095
              ],
              [
                78.5427296,
                17.3387691
              ],
              [
                78.5418689,
                17.3383281
              ],
              [
                78.5408252,
                17.3379754
              ],
              [
                78.5361209,
                17.3374909
              ],
              [
                78.5361904,
                17.3369768
              ],
              [
                78.5363033,
                17.3366332
              ],
              [
                78.5373977,
                17.3348255
              ],
              [
                78.5345867,
                17.3343544
              ],
              [
                78.5352519,
                17.3328182
              ],
              [
                78.5354128,
                17.3301553
              ],
              [
                78.5343614,
                17.3298993
              ],
              [
                78.5350588,
                17.3268267
              ],
              [
                78.533664,
                17.3265399
              ],
              [
                78.5334065,
                17.3259254
              ],
              [
                78.5333207,
                17.3245018
              ],
              [
                78.535091,
                17.3247783
              ],
              [
                78.5353699,
                17.3259971
              ],
              [
                78.5365823,
                17.3261712
              ],
              [
                78.537108,
                17.3242355
              ],
              [
                78.5397687,
                17.322566
              ],
              [
                78.5423115,
                17.32189
              ],
              [
                78.549478,
                17.3169435
              ],
              [
                78.5520101,
                17.3206513
              ],
              [
                78.5535711,
                17.3197858
              ],
              [
                78.5543275,
                17.3208613
              ],
              [
                78.5552072,
                17.3207025
              ],
              [
                78.5562158,
                17.3232272
              ],
              [
                78.5579753,
                17.3225769
              ],
              [
                78.5584474,
                17.323304
              ],
              [
                78.5572886,
                17.325204
              ],
              [
                78.5555559,
                17.3278106
              ],
              [
                78.5531691,
                17.3301553
              ],
              [
                78.5528257,
                17.3326338
              ],
              [
                78.5517529,
                17.3357677
              ],
              [
                78.5489419,
                17.3383486
              ],
              [
                78.5476544,
                17.3417282
              ],
              [
                78.5466539,
                17.3422095
              ]
            ]
          ]
        ]
      }
    },
    {
      "type": "Feature",
      "properties": {
        "area_id": "A-WARD-SHASTRIPURAM",
        "area_name": "Ward 58 Shastripuram",
        "district_id": "D-HYDERABAD",
        "risk_score": 0.4,
        "risk_level": "MEDIUM",
        "high_risk_atm_count": 2,
        "atm_ids": [
          "ATM-HYDERABAD-26273",
          "ATM-HYDERABAD-47160",
          "ATM-HYDERABAD-26161",
          "ATM-RANGA-REDDY-35005",
          "ATM-HYDERABAD-NHE65",
          "ATM-RANGA-REDDY-16269",
          "ATM-HYDERABAD-49808",
          "ATM-RANGA-REDDY-38003"
        ]
      },
      "geometry": {
        "type": "Polygon",
        "coordinates": [
          [
            [
              78.4491781,
              17.3366737
            ],
            [
              78.4482944,
              17.3359885
            ],
            [
              78.4480262,
              17.3364955
            ],
            [
              78.4475058,
              17.3363342
            ],
            [
              78.4471545,
              17.3362779
            ],
            [
              78.4463713,
              17.3364417
            ],
            [
              78.4462023,
              17.336772
            ],
            [
              78.4461164,
              17.3372431
            ],
            [
              78.4460467,
              17.3379472
            ],
            [
              78.4453386,
              17.3388203
            ],
            [
              78.4446841,
              17.3397727
            ],
            [
              78.4441504,
              17.3400313
            ],
            [
              78.4437588,
              17.3400441
            ],
            [
              78.4436434,
              17.3399904
            ],
            [
              78.4435549,
              17.339911
            ],
            [
              78.4434557,
              17.3396985
            ],
            [
              78.4433591,
              17.3395269
            ],
            [
              78.4432357,
              17.3393938
            ],
            [
              78.4428924,
              17.3393759
            ],
            [
              78.4425437,
              17.3394655
            ],
            [
              78.4423399,
              17.339742
            ],
            [
              78.4422541,
              17.3399827
            ],
            [
              78.4419697,
              17.3404333
            ],
            [
              78.4409961,
              17.3407431
            ],
            [
              78.4405589,
              17.3410068
            ],
            [
              78.4403014,
              17.3417544
            ],
            [
              78.4401861,
              17.3423484
            ],
            [
              78.440111,
              17.3424534
            ],
            [
              78.4400573,
              17.3425788
            ],
            [
              78.4402558,
              17.3439358
            ],
            [
              78.4401995,
              17.344179
            ],
            [
              78.4400439,
              17.3444734
            ],
            [
              78.4399259,
              17.3445246
            ],
            [
              78.4398106,
              17.3445553
            ],
            [
              78.4396363,
              17.3445553
            ],
            [
              78.4397114,
              17.3427528
            ],
            [
              78.4370936,
              17.3406329
            ],
            [
              78.4415085,
              17.3386256
            ],
            [
              78.4433498,
              17.3367707
            ],
            [
              78.443268,
              17.3350027
            ],
            [
              78.4412242,
              17.3345598
            ],
            [
              78.4363076,
              17.329631
            ],
            [
              78.435806,
              17.3290293
            ],
            [
              78.4330487,
              17.3230122
            ],
            [
              78.4320617,
              17.3215321
            ],
            [
              78.4330594,
              17.3208511
            ],
            [
              78.438853,
              17.3242515
            ],
            [
              78.441385,
              17.3247021
            ],
            [
              78.4541738,
              17.3203185
            ],
            [
              78.4534442,
              17.3164059
            ],
            [
              78.4563624,
              17.315525
            ],
            [
              78.4564268,
              17.3132511
            ],
            [
              78.4563624,
              17.308355
            ],
            [
              78.45559,
              17.3048724
            ],
            [
              78.4541738,
              17.3040529
            ],
            [
              78.4565449,
              17.3022142
            ],
            [
              78.4591627,
              17.304058
            ],
            [
              78.4594846,
              17.3088518
            ],
            [
              78.4623384,
              17.3084625
            ],
            [
              78.4615445,
              17.3145314
            ],
            [
              78.4631324,
              17.3143214
            ],
            [
              78.4650421,
              17.3150589
            ],
            [
              78.4659272,
              17.3157861
            ],
            [
              78.4662698,
              17.3165227
            ],
            [
              78.4658575,
              17.3173533
            ],
            [
              78.4664583,
              17.3213785
            ],
            [
              78.4668542,
              17.3220142
            ],
            [
              78.4661043,
              17.3239698
            ],
            [
              78.4655893,
              17.3240825
            ],
            [
              78.4636688,
              17.3224847
            ],
            [
              78.4615123,
              17.3208562
            ],
            [
              78.4593129,
              17.3199753
            ],
            [
              78.4569204,
              17.3198422
            ],
            [
              78.4570492,
              17.3218804
            ],
            [
              78.4576929,
              17.3235396
            ],
            [
              78.4577036,
              17.3249018
            ],
            [
              78.4578109,
              17.3263767
            ],
            [
              78.4575641,
              17.3288245
            ],
            [
              78.4547317,
              17.3294083
            ],
            [
              78.4548122,
              17.3300484
            ],
            [
              78.4547746,
              17.3314566
            ],
            [
              78.4549141,
              17.3329007
            ],
            [
              78.4538627,
              17.3348057
            ],
            [
              78.453691,
              17.3364443
            ],
            [
              78.4506279,
              17.3369564
            ],
            [
              78.4491781,
              17.3366737
            ]
          ]
        ]
      }
    },
    {
      "type": "Feature",
      "properties": {
        "area_id": "A-WARD-MAILARDEVPALLY",
        "area_name": "Ward 59 Mailardevpally",
        "district_id": "D-RANGA-REDDY",
        "risk_score": 0.55,
        "risk_level": "MEDIUM",
        "high_risk_atm_count": 8,
        "atm_ids": [
          "ATM-RANGA-REDDY-13403",
          "ATM-RANGA-REDDY-13406",
          "ATM-RANGA-REDDY-49810",
          "ATM-RANGA-REDDY-WM277",
          "ATM-RANGA-REDDY-WC692",
          "ATM-RANGA-REDDY-26197",
          "ATM-RANGA-REDDY-64001",
          "ATM-RANGA-REDDY-64101",
          "ATM-HYDERABAD-NH489",
          "ATM-HYDERABAD-53501",
          "ATM-HYDERABAD-49807",
          "ATM-HYDERABAD-77001",
          "ATM-RANGA-REDDY-59203",
          "ATM-RANGA-REDDY-49812",
          "ATM-HYDERABAD-RGR17",
          "ATM-RANGA-REDDY-35002",
          "ATM-RANGA-REDDY-26258",
          "ATM-RANGA-REDDY-35004",
          "ATM-RANGA-REDDY-26294",
          "ATM-RANGA-REDDY-30604"
        ]
      },
      "geometry": {
        "type": "Polygon",
        "coordinates": [
          [
            [
              78.4320617,
              17.3215321
            ],
            [
              78.4255171,
              17.3265918
            ],
            [
              78.4242082,
              17.3268785
            ],
            [
              78.4215689,
              17.3272882
            ],
            [
              78.4196162,
              17.326981
            ],
            [
              78.4171057,
              17.3291727
            ],
            [
              78.4141874,
              17.3295619
            ],
            [
              78.414166,
              17.3276569
            ],
            [
              78.4167838,
              17.3242771
            ],
            [
              78.4140801,
              17.3218394
            ],
            [
              78.4158397,
              17.3196885
            ],
            [
              78.415668,
              17.319033
            ],
            [
              78.4153247,
              17.3181317
            ],
            [
              78.414917,
              17.3172713
            ],
            [
              78.4147024,
              17.3162675
            ],
            [
              78.4141874,
              17.3116583
            ],
            [
              78.4148526,
              17.310634
            ],
            [
              78.4155393,
              17.3098351
            ],
            [
              78.4150457,
              17.3092615
            ],
            [
              78.4142733,
              17.3087698
            ],
            [
              78.4139729,
              17.3081962
            ],
            [
              78.4105396,
              17.3086674
            ],
            [
              78.4090805,
              17.3105931
            ],
            [
              78.4079862,
              17.3125597
            ],
            [
              78.4071279,
              17.3129284
            ],
            [
              78.4060121,
              17.3097736
            ],
            [
              78.4085012,
              17.3026854
            ],
            [
              78.408308,
              17.3013538
            ],
            [
              78.4225666,
              17.2942601
            ],
            [
              78.4296262,
              17.2916377
            ],
            [
              78.4324586,
              17.2987878
            ],
            [
              78.4331882,
              17.3023525
            ],
            [
              78.4398615,
              17.3024754
            ],
            [
              78.4402048,
              17.3012872
            ],
            [
              78.4484231,
              17.3006316
            ],
            [
              78.4511697,
              17.3022091
            ],
            [
              78.4514057,
              17.3041758
            ],
            [
              78.4541738,
              17.3040529
            ],
            [
              78.45559,
              17.3048724
            ],
            [
              78.4563624,
              17.308355
            ],
            [
              78.4564268,
              17.3132511
            ],
            [
              78.4563624,
              17.315525
            ],
            [
              78.4534442,
              17.3164059
            ],
            [
              78.4541738,
              17.3203185
            ],
            [
              78.441385,
              17.3247021
            ],
            [
              78.438853,
              17.3242515
            ],
            [
              78.4330594,
              17.3208511
            ],
            [
              78.4320617,
              17.3215321
            ]
          ]
        ]
      }
    },
    {
      "type": "Feature",
      "properties": {
        "area_id": "A-WARD-RAJENDRA-NAGAR",
        "area_name": "Ward 60 Rajendra Nagar",
        "district_id": "D-RANGA-REDDY",
        "risk_score": 0.56,
        "risk_level": "MEDIUM",
        "high_risk_atm_count": 12,
        "atm_ids": [
          "ATM-RANGA-REDDY-74622",
          "ATM-RANGA-REDDY-74002",
          "ATM-RANGA-REDDY-09016",
          "ATM-RANGA-REDDY-84021",
          "ATM-RANGA-REDDY-00001",
          "ATM-RANGA-REDDY-65001",
          "ATM-RANGA-REDDY-78621",
          "ATM-RANGA-REDDY-86713",
          "ATM-RANGA-REDDY-55004",
          "ATM-RANGA-REDDY-55006",
          "ATM-RANGA-REDDY-55101",
          "ATM-RANGA-REDDY-55007",
          "ATM-RANGA-REDDY-19066",
          "ATM-RANGA-REDDY-WG567",
          "ATM-RANGA-REDDY-42609",
          "ATM-RANGA-REDDY-84482",
          "ATM-RANGA-REDDY-87880",
          "ATM-RANGA-REDDY-74621",
          "ATM-RANGA-REDDY-25211",
          "ATM-RANGA-REDDY-WH735",
          "ATM-RANGA-REDDY-49824",
          "ATM-RANGA-REDDY-NHY77",
          "ATM-RANGA-REDDY-74014",
          "ATM-RANGA-REDDY-47111",
          "ATM-RANGA-REDDY-30603",
          "ATM-RANGA-REDDY-D9401",
          "ATM-RANGA-REDDY-RGR05",
          "ATM-RANGA-REDDY-26206",
          "ATM-RANGA-REDDY-NHE25",
          "ATM-RANGA-REDDY-74015",
          "ATM-RANGA-REDDY-16167",
          "ATM-RANGA-REDDY-26603",
          "ATM-RANGA-REDDY-CHB24",
          "ATM-RANGA-REDDY-16204"
        ]
      },
      "geometry": {
        "type": "Polygon",
        "coordinates": [
          [
            [
              78.4101534,
              17.3720811
            ],
            [
              78.4076858,
              17.3678214
            ],
            [
              78.4074283,
              17.3660192
            ],
            [
              78.4075463,
              17.3629677
            ],
            [
              78.4096384,
              17.3600493
            ],
            [
              78.4096599,
              17.359271
            ],
            [
              78.4092093,
              17.3589229
            ],
            [
              78.4093165,
              17.3586669
            ],
            [
              78.4088659,
              17.3583801
            ],
            [
              78.408941,
              17.3581446
            ],
            [
              78.4070957,
              17.3573356
            ],
            [
              78.404274,
              17.3581241
            ],
            [
              78.401506,
              17.3573254
            ],
            [
              78.4012806,
              17.3569875
            ],
            [
              78.4007442,
              17.3548063
            ],
            [
              78.3981693,
              17.3539768
            ],
            [
              78.39818,
              17.3508944
            ],
            [
              78.400476,
              17.3496655
            ],
            [
              78.4004653,
              17.3479451
            ],
            [
              78.3966351,
              17.3321224
            ],
            [
              78.3950901,
              17.3310982
            ],
            [
              78.3889961,
              17.3312211
            ],
            [
              78.3861208,
              17.3297872
            ],
            [
              78.3825159,
              17.3294595
            ],
            [
              78.3823872,
              17.3285787
            ],
            [
              78.3813572,
              17.3282919
            ],
            [
              78.3751559,
              17.3279539
            ],
            [
              78.3759499,
              17.3242361
            ],
            [
              78.3755851,
              17.3211429
            ],
            [
              78.3759069,
              17.3129899
            ],
            [
              78.3954334,
              17.3041604
            ],
            [
              78.3964849,
              17.3033
            ],
            [
              78.3963347,
              17.3002884
            ],
            [
              78.408308,
              17.3013538
            ],
            [
              78.4085012,
              17.3026854
            ],
            [
              78.4060121,
              17.3097736
            ],
            [
              78.4071279,
              17.3129284
            ],
            [
              78.4079862,
              17.3125597
            ],
            [
              78.4090805,
              17.3105931
            ],
            [
              78.4105396,
              17.3086674
            ],
            [
              78.4139729,
              17.3081962
            ],
            [
              78.4142733,
              17.3087698
            ],
            [
              78.4150457,
              17.3092615
            ],
            [
              78.4155393,
              17.3098351
            ],
            [
              78.4148526,
              17.310634
            ],
            [
              78.4141874,
              17.3116583
            ],
            [
              78.4147024,
              17.3162675
            ],
            [
              78.414917,
              17.3172713
            ],
            [
              78.4153247,
              17.3181317
            ],
            [
              78.415668,
              17.319033
            ],
            [
              78.4158397,
              17.3196885
            ],
            [
              78.4140801,
              17.3218394
            ],
            [
              78.4167838,
              17.3242771
            ],
            [
              78.414166,
              17.3276569
            ],
            [
              78.4141874,
              17.3295619
            ],
            [
              78.4171057,
              17.3291727
            ],
            [
              78.4196162,
              17.326981
            ],
            [
              78.4215689,
              17.3272882
            ],
            [
              78.4242082,
              17.3268785
            ],
            [
              78.4255171,
              17.3265918
            ],
            [
              78.4320617,
              17.3215321
            ],
            [
              78.4330487,
              17.3230122
            ],
            [
              78.435806,
              17.3290293
            ],
            [
              78.4363076,
              17.329631
            ],
            [
              78.4359348,
              17.3299613
            ],
            [
              78.4345186,
              17.330709
            ],
            [
              78.4319544,
              17.3316717
            ],
            [
              78.4323406,
              17.3327266
            ],
            [
              78.4274,
              17.337576
            ],
            [
              78.4257317,
              17.3378166
            ],
            [
              78.4254742,
              17.3383902
            ],
            [
              78.4230709,
              17.342036
            ],
            [
              78.4172773,
              17.3436336
            ],
            [
              78.4156895,
              17.3453951
            ],
            [
              78.4164619,
              17.3483854
            ],
            [
              78.4167308,
              17.3492557
            ],
            [
              78.417449,
              17.3515805
            ],
            [
              78.4207964,
              17.3548165
            ],
            [
              78.4247232,
              17.3586669
            ],
            [
              78.4231997,
              17.359568
            ],
            [
              78.4219122,
              17.3641555
            ],
            [
              78.4207964,
              17.3650157
            ],
            [
              78.4201097,
              17.364729
            ],
            [
              78.4122562,
              17.366183
            ],
            [
              78.4128356,
              17.3683538
            ],
            [
              78.4122133,
              17.3714871
            ],
            [
              78.4101534,
              17.3720811
            ]
          ]
        ]
      }
    },
    {
      "type": "Feature",
      "properties": {
        "area_id": "A-WARD-BN-REDDY-NAGAR",
        "area_name": "Ward 14 BN Reddy Nagar",
        "district_id": "D-RANGA-REDDY",
        "risk_score": 0.59,
        "risk_level": "MEDIUM",
        "high_risk_atm_count": 11,
        "atm_ids": [
          "ATM-RANGA-REDDY-26247",
          "ATM-RANGA-REDDY-06105",
          "ATM-RANGA-REDDY-A9780",
          "ATM-RANGA-REDDY-138T1",
          "ATM-RANGA-REDDY-NHY86",
          "ATM-RANGA-REDDY-85002",
          "ATM-RANGA-REDDY-26253",
          "ATM-RANGA-REDDY-63002",
          "ATM-RANGA-REDDY-16166",
          "ATM-RANGA-REDDY-73807",
          "ATM-RANGA-REDDY-NL250",
          "ATM-RANGA-REDDY-30503",
          "ATM-RANGA-REDDY-30513",
          "ATM-RANGA-REDDY-21101",
          "ATM-RANGA-REDDY-21005",
          "ATM-RANGA-REDDY-CHY24",
          "ATM-RANGA-REDDY-CHD03",
          "ATM-RANGA-REDDY-NHD46",
          "ATM-RANGA-REDDY-00422",
          "ATM-RANGA-REDDY-73811",
          "ATM-RANGA-REDDY-34621",
          "ATM-RANGA-REDDY-WM017",
          "ATM-RANGA-REDDY-WE843",
          "ATM-RANGA-REDDY-W9114",
          "ATM-RANGA-REDDY-13409",
          "ATM-RANGA-REDDY-DK537",
          "ATM-RANGA-REDDY-586T1"
        ]
      },
      "geometry": {
        "type": "Polygon",
        "coordinates": [
          [
            [
              78.5572886,
              17.325204
            ],
            [
              78.5584474,
              17.323304
            ],
            [
              78.5579753,
              17.3225769
            ],
            [
              78.5562158,
              17.3232272
            ],
            [
              78.5552072,
              17.3207025
            ],
            [
              78.5543275,
              17.3208613
            ],
            [
              78.5535711,
              17.3197858
            ],
            [
              78.5520101,
              17.3206513
            ],
            [
              78.549478,
              17.3169435
            ],
            [
              78.5527182,
              17.3143829
            ],
            [
              78.5579753,
              17.3126007
            ],
            [
              78.5581899,
              17.3104292
            ],
            [
              78.5655713,
              17.3100195
            ],
            [
              78.5709572,
              17.3042219
            ],
            [
              78.5756779,
              17.3023576
            ],
            [
              78.593123,
              17.3025676
            ],
            [
              78.5930425,
              17.3028032
            ],
            [
              78.593123,
              17.3070285
            ],
            [
              78.5887134,
              17.3206308
            ],
            [
              78.5886383,
              17.3214502
            ],
            [
              78.5887885,
              17.3220443
            ],
            [
              78.5864711,
              17.3222696
            ],
            [
              78.5826731,
              17.3220443
            ],
            [
              78.5816431,
              17.3224949
            ],
            [
              78.5809779,
              17.3223106
            ],
            [
              78.5797012,
              17.322669
            ],
            [
              78.5793686,
              17.325035
            ],
            [
              78.5778773,
              17.3248813
            ],
            [
              78.5773516,
              17.3250964
            ],
            [
              78.5759997,
              17.3250145
            ],
            [
              78.5745835,
              17.3267352
            ],
            [
              78.5753131,
              17.3283534
            ],
            [
              78.5753173,
              17.328587
            ],
            [
              78.5632753,
              17.3296438
            ],
            [
              78.5619503,
              17.3251937
            ],
            [
              78.5572886,
              17.325204
            ]
          ]
        ]
      }
    },
    {
      "type": "Feature",
      "properties": {
        "area_id": "A-WARD-BARKAS",
        "area_name": "Ward 42 Barkas",
        "district_id": "D-HYDERABAD",
        "risk_score": 0.42,
        "risk_level": "MEDIUM",
        "high_risk_atm_count": 1,
        "atm_ids": [
          "ATM-HYDERABAD-WF758",
          "ATM-HYDERABAD-56002",
          "ATM-HYDERABAD-26129"
        ]
      },
      "geometry": {
        "type": "Polygon",
        "coordinates": [
          [
            [
              78.4831631,
              17.3131845
            ],
            [
              78.483088,
              17.3169231
            ],
            [
              78.4827662,
              17.3184799
            ],
            [
              78.4821868,
              17.3185619
            ],
            [
              78.4809315,
              17.3199241
            ],
            [
              78.480835,
              17.3207435
            ],
            [
              78.4809208,
              17.3214297
            ],
            [
              78.4806419,
              17.32144
            ],
            [
              78.479966,
              17.3226486
            ],
            [
              78.4779167,
              17.3228329
            ],
            [
              78.4758353,
              17.3220033
            ],
            [
              78.4734321,
              17.3215526
            ],
            [
              78.4728849,
              17.3207537
            ],
            [
              78.4700418,
              17.3206718
            ],
            [
              78.4697628,
              17.3197705
            ],
            [
              78.4670431,
              17.3203082
            ],
            [
              78.4668231,
              17.3185414
            ],
            [
              78.4682393,
              17.318316
            ],
            [
              78.4682179,
              17.3161446
            ],
            [
              78.4705568,
              17.3152638
            ],
            [
              78.470825,
              17.3142447
            ],
            [
              78.4675098,
              17.3140244
            ],
            [
              78.4681964,
              17.3116993
            ],
            [
              78.4690332,
              17.3109208
            ],
            [
              78.470428,
              17.3099375
            ],
            [
              78.4709215,
              17.308483
            ],
            [
              78.4770155,
              17.3117608
            ],
            [
              78.4786677,
              17.3143214
            ],
            [
              78.4831631,
              17.3131845
            ]
          ]
        ]
      }
    },
    {
      "type": "Feature",
      "properties": {
        "area_id": "A-WARD-CHANDRAYANGUTTA",
        "area_name": "Ward 43 Chandrayangutta",
        "district_id": "D-HYDERABAD",
        "risk_score": 0.54,
        "risk_level": "MEDIUM",
        "high_risk_atm_count": 3,
        "atm_ids": [
          "ATM-HYDERABAD-49803",
          "ATM-HYDERABAD-WJ222",
          "ATM-HYDERABAD-WM055",
          "ATM-HYDERABAD-WE966",
          "ATM-HYDERABAD-26274",
          "ATM-HYDERABAD-NHD05",
          "ATM-HYDERABAD-26249",
          "ATM-HYDERABAD-49817",
          "ATM-HYDERABAD-49804"
        ]
      },
      "geometry": {
        "type": "Polygon",
        "coordinates": [
          [
            [
              78.4758246,
              17.3265201
            ],
            [
              78.4733999,
              17.3256597
            ],
            [
              78.4708035,
              17.3234065
            ],
            [
              78.467381,
              17.3214297
            ],
            [
              78.467145,
              17.3214195
            ],
            [
              78.4669841,
              17.3216755
            ],
            [
              78.4668542,
              17.3220142
            ],
            [
              78.4664583,
              17.3213785
            ],
            [
              78.4658575,
              17.3173533
            ],
            [
              78.4662698,
              17.3165227
            ],
            [
              78.4675098,
              17.3140244
            ],
            [
              78.470825,
              17.3142447
            ],
            [
              78.4705568,
              17.3152638
            ],
            [
              78.4682179,
              17.3161446
            ],
            [
              78.4682393,
              17.318316
            ],
            [
              78.4668231,
              17.3185414
            ],
            [
              78.4670431,
              17.3203082
            ],
            [
              78.4697628,
              17.3197705
            ],
            [
              78.4700418,
              17.3206718
            ],
            [
              78.4728849,
              17.3207537
            ],
            [
              78.4734321,
              17.3215526
            ],
            [
              78.4758353,
              17.3220033
            ],
            [
              78.4779167,
              17.3228329
            ],
            [
              78.479966,
              17.3226486
            ],
            [
              78.4806419,
              17.32144
            ],
            [
              78.4809208,
              17.3214297
            ],
            [
              78.480835,
              17.3207435
            ],
            [
              78.4809315,
              17.3199241
            ],
            [
              78.4821868,
              17.3185619
            ],
            [
              78.4827662,
              17.3184799
            ],
            [
              78.483088,
              17.3169231
            ],
            [
              78.4866071,
              17.3175581
            ],
            [
              78.4865213,
              17.3185619
            ],
            [
              78.4856844,
              17.3188077
            ],
            [
              78.4848905,
              17.3183058
            ],
            [
              78.4845793,
              17.3187565
            ],
            [
              78.4843648,
              17.3189511
            ],
            [
              78.4842468,
              17.3193096
            ],
            [
              78.4842789,
              17.3199343
            ],
            [
              78.4864998,
              17.3199395
            ],
            [
              78.4852231,
              17.3212863
            ],
            [
              78.4868002,
              17.3211225
            ],
            [
              78.4872079,
              17.3246253
            ],
            [
              78.4888172,
              17.3229865
            ],
            [
              78.4913707,
              17.3230275
            ],
            [
              78.491242,
              17.3251374
            ],
            [
              78.4911239,
              17.3254651
            ],
            [
              78.4925401,
              17.3274111
            ],
            [
              78.4925831,
              17.3287016
            ],
            [
              78.4921539,
              17.3294595
            ],
            [
              78.4921003,
              17.3304222
            ],
            [
              78.4920788,
              17.3317639
            ],
            [
              78.4914538,
              17.3327548
            ],
            [
              78.4907296,
              17.3321454
            ],
            [
              78.4862638,
              17.3303403
            ],
            [
              78.4816718,
              17.3284968
            ],
            [
              78.4798203,
              17.3278767
            ],
            [
              78.4775734,
              17.3271243
            ],
            [
              78.4758246,
              17.3265201
            ]
          ]
        ]
      }
    },
    {
      "type": "Feature",
      "properties": {
        "area_id": "A-WARD-FALAKNUMA",
        "area_name": "Ward 46 Falaknuma",
        "district_id": "D-HYDERABAD",
        "risk_score": 0.42,
        "risk_level": "MEDIUM",
        "high_risk_atm_count": 3,
        "atm_ids": [
          "ATM-HYDERABAD-64002",
          "ATM-HYDERABAD-49811",
          "ATM-HYDERABAD-49803",
          "ATM-HYDERABAD-16271",
          "ATM-HYDERABAD-26268",
          "ATM-HYDERABAD-401D0",
          "ATM-HYDERABAD-49823",
          "ATM-HYDERABAD-26271",
          "ATM-HYDERABAD-26282"
        ]
      },
      "geometry": {
        "type": "Polygon",
        "coordinates": [
          [
            [
              78.4686095,
              17.3342065
            ],
            [
              78.4670699,
              17.3342116
            ],
            [
              78.4662223,
              17.3334026
            ],
            [
              78.4653211,
              17.3335152
            ],
            [
              78.4647203,
              17.3340068
            ],
            [
              78.4641087,
              17.3341195
            ],
            [
              78.4629286,
              17.3333514
            ],
            [
              78.4623707,
              17.3312928
            ],
            [
              78.4605038,
              17.3311392
            ],
            [
              78.4601927,
              17.3303403
            ],
            [
              78.4575641,
              17.3288245
            ],
            [
              78.4578109,
              17.3263767
            ],
            [
              78.4577036,
              17.3249018
            ],
            [
              78.4576929,
              17.3235396
            ],
            [
              78.4570492,
              17.3218804
            ],
            [
              78.4569204,
              17.3198422
            ],
            [
              78.4593129,
              17.3199753
            ],
            [
              78.4615123,
              17.3208562
            ],
            [
              78.4636688,
              17.3224847
            ],
            [
              78.4655893,
              17.3240825
            ],
            [
              78.4661043,
              17.3239698
            ],
            [
              78.4668542,
              17.3220142
            ],
            [
              78.4669841,
              17.3216755
            ],
            [
              78.467145,
              17.3214195
            ],
            [
              78.467381,
              17.3214297
            ],
            [
              78.4708035,
              17.3234065
            ],
            [
              78.4733999,
              17.3256597
            ],
            [
              78.4758246,
              17.3265201
            ],
            [
              78.4757281,
              17.326981
            ],
            [
              78.474344,
              17.327872
            ],
            [
              78.4728313,
              17.3289474
            ],
            [
              78.4708894,
              17.3298384
            ],
            [
              78.4702349,
              17.3307295
            ],
            [
              78.4696233,
              17.3331772
            ],
            [
              78.4692586,
              17.3334742
            ],
            [
              78.4689742,
              17.3335357
            ],
            [
              78.4687248,
              17.3337456
            ],
            [
              78.4686095,
              17.3342065
            ]
          ]
        ]
      }
    },
    {
      "type": "Feature",
      "properties": {
        "area_id": "A-WARD-VANASTHALIPURAM",
        "area_name": "Ward 15 Vanasthalipuram",
        "district_id": "D-RANGA-REDDY",
        "risk_score": 0.44,
        "risk_level": "MEDIUM",
        "high_risk_atm_count": 13,
        "atm_ids": [
          "ATM-RANGA-REDDY-27621",
          "ATM-RANGA-REDDY-87653",
          "ATM-RANGA-REDDY-40297",
          "ATM-RANGA-REDDY-73806",
          "ATM-RANGA-REDDY-3571S",
          "ATM-RANGA-REDDY-26309",
          "ATM-RANGA-REDDY-94004",
          "ATM-RANGA-REDDY-94101",
          "ATM-RANGA-REDDY-72001",
          "ATM-RANGA-REDDY-72101",
          "ATM-RANGA-REDDY-NHD61",
          "ATM-RANGA-REDDY-02722",
          "ATM-RANGA-REDDY-A136U",
          "ATM-RANGA-REDDY-8W007",
          "ATM-RANGA-REDDY-10045",
          "ATM-RANGA-REDDY-64621",
          "ATM-RANGA-REDDY-63621",
          "ATM-RANGA-REDDY-48903",
          "ATM-RANGA-REDDY-26013",
          "ATM-RANGA-REDDY-47001",
          "ATM-RANGA-REDDY-NI251",
          "ATM-RANGA-REDDY-NE501",
          "ATM-RANGA-REDDY-00972",
          "ATM-RANGA-REDDY-47621",
          "ATM-RANGA-REDDY-10998",
          "ATM-RANGA-REDDY-D6327",
          "ATM-RANGA-REDDY-B6327",
          "ATM-RANGA-REDDY-CHY77",
          "ATM-RANGA-REDDY-WF625",
          "ATM-RANGA-REDDY-13427",
          "ATM-RANGA-REDDY-73815",
          "ATM-RANGA-REDDY-NI874",
          "ATM-RANGA-REDDY-WA803",
          "ATM-RANGA-REDDY-73001",
          "ATM-RANGA-REDDY-48901",
          "ATM-RANGA-REDDY-01601",
          "ATM-RANGA-REDDY-96001",
          "ATM-RANGA-REDDY-26202",
          "ATM-RANGA-REDDY-85001",
          "ATM-RANGA-REDDY-27622",
          "ATM-RANGA-REDDY-87501",
          "ATM-RANGA-REDDY-26213",
          "ATM-RANGA-REDDY-73801",
          "ATM-RANGA-REDDY-50001",
          "ATM-RANGA-REDDY-13428",
          "ATM-RANGA-REDDY-83901",
          "ATM-RANGA-REDDY-26157"
        ]
      },
      "geometry": {
        "type": "Polygon",
        "coordinates": [
          [
            [
              78.5572886,
              17.325204
            ],
            [
              78.5619503,
              17.3251937
            ],
            [
              78.5632753,
              17.3296438
            ],
            [
              78.5753173,
              17.328587
            ],
            [
              78.5753775,
              17.331897
            ],
            [
              78.5747337,
              17.334355
            ],
            [
              78.5736823,
              17.3367515
            ],
            [
              78.5682763,
              17.3384107
            ],
            [
              78.5642905,
              17.3404743
            ],
            [
              78.5584272,
              17.3414011
            ],
            [
              78.5551227,
              17.3436132
            ],
            [
              78.5510243,
              17.3465216
            ],
            [
              78.548656,
              17.3442276
            ],
            [
              78.5466539,
              17.3422095
            ],
            [
              78.5476544,
              17.3417282
            ],
            [
              78.5489419,
              17.3383486
            ],
            [
              78.5517529,
              17.3357677
            ],
            [
              78.5528257,
              17.3326338
            ],
            [
              78.5531691,
              17.3301553
            ],
            [
              78.5555559,
              17.3278106
            ],
            [
              78.5572886,
              17.325204
            ]
          ]
        ]
      }
    },
    {
      "type": "Feature",
      "properties": {
        "area_id": "A-WARD-UPPUGUDA",
        "area_name": "Ward 44 Uppuguda",
        "district_id": "D-HYDERABAD",
        "risk_score": 0.42,
        "risk_level": "MEDIUM",
        "high_risk_atm_count": 2,
        "atm_ids": [
          "ATM-HYDERABAD-49802",
          "ATM-HYDERABAD-49801",
          "ATM-HYDERABAD-49820",
          "ATM-HYDERABAD-19233",
          "ATM-HYDERABAD-30534",
          "ATM-HYDERABAD-49827",
          "ATM-HYDERABAD-30407",
          "ATM-HYDERABAD-49816"
        ]
      },
      "geometry": {
        "type": "Polygon",
        "coordinates": [
          [
            [
              78.4798203,
              17.3278767
            ],
            [
              78.4816718,
              17.3284968
            ],
            [
              78.4862638,
              17.3303403
            ],
            [
              78.4907296,
              17.3321454
            ],
            [
              78.4914538,
              17.3327548
            ],
            [
              78.4930337,
              17.3340836
            ],
            [
              78.4915424,
              17.3350514
            ],
            [
              78.4917355,
              17.3370588
            ],
            [
              78.4914565,
              17.3374275
            ],
            [
              78.4908404,
              17.3391403
            ],
            [
              78.4898472,
              17.3410938
            ],
            [
              78.485899,
              17.3424047
            ],
            [
              78.483603,
              17.3423023
            ],
            [
              78.4818006,
              17.3401107
            ],
            [
              78.4807921,
              17.3387793
            ],
            [
              78.4816933,
              17.3388203
            ],
            [
              78.4825731,
              17.339148
            ],
            [
              78.4821439,
              17.3378371
            ],
            [
              78.4805668,
              17.3372534
            ],
            [
              78.4808953,
              17.3347276
            ],
            [
              78.4810683,
              17.3340235
            ],
            [
              78.4809852,
              17.3335869
            ],
            [
              78.4801591,
              17.3309958
            ],
            [
              78.4798203,
              17.3278767
            ]
          ]
        ]
      }
    },
    {
      "type": "Feature",
      "properties": {
        "area_id": "A-WARD-MANSOORABAD",
        "area_name": "Ward 12 Mansoorabad",
        "district_id": "D-RANGA-REDDY",
        "risk_score": 0.48,
        "risk_level": "MEDIUM",
        "high_risk_atm_count": 11,
        "atm_ids": [
          "ATM-RANGA-REDDY-26204",
          "ATM-RANGA-REDDY-72001",
          "ATM-RANGA-REDDY-13411",
          "ATM-RANGA-REDDY-46001",
          "ATM-RANGA-REDDY-45002",
          "ATM-RANGA-REDDY-45101",
          "ATM-RANGA-REDDY-26292",
          "ATM-RANGA-REDDY-WHY31",
          "ATM-RANGA-REDDY-WHY32",
          "ATM-RANGA-REDDY-16174",
          "ATM-RANGA-REDDY-WH583",
          "ATM-RANGA-REDDY-CHD57",
          "ATM-RANGA-REDDY-17301",
          "ATM-RANGA-REDDY-96001",
          "ATM-RANGA-REDDY-26211",
          "ATM-RANGA-REDDY-13424",
          "ATM-RANGA-REDDY-04301",
          "ATM-RANGA-REDDY-WF802",
          "ATM-RANGA-REDDY-NHY67",
          "ATM-RANGA-REDDY-26186",
          "ATM-RANGA-REDDY-NHD90",
          "ATM-RANGA-REDDY-NHE16",
          "ATM-RANGA-REDDY-26286",
          "ATM-MEDCHAL-MALKAJGIRI-8E022",
          "ATM-RANGA-REDDY-80621",
          "ATM-RANGA-REDDY-13425",
          "ATM-RANGA-REDDY-13405",
          "ATM-RANGA-REDDY-06102",
          "ATM-RANGA-REDDY-NHY61",
          "ATM-RANGA-REDDY-26189",
          "ATM-RANGA-REDDY-WH973",
          "ATM-RANGA-REDDY-26205",
          "ATM-RANGA-REDDY-D9406",
          "ATM-RANGA-REDDY-NP780",
          "ATM-RANGA-REDDY-NP829",
          "ATM-MEDCHAL-MALKAJGIRI-02732",
          "ATM-RANGA-REDDY-26079",
          "ATM-RANGA-REDDY-13421",
          "ATM-RANGA-REDDY-26183",
          "ATM-RANGA-REDDY-NP659",
          "ATM-RANGA-REDDY-18001",
          "ATM-RANGA-REDDY-18101",
          "ATM-MEDCHAL-MALKAJGIRI-16286",
          "ATM-MEDCHAL-MALKAJGIRI-26288",
          "ATM-RANGA-REDDY-NHY56",
          "ATM-RANGA-REDDY-68005",
          "ATM-RANGA-REDDY-68102",
          "ATM-RANGA-REDDY-68101",
          "ATM-RANGA-REDDY-Y8039",
          "ATM-MEDCHAL-MALKAJGIRI-87621"
        ]
      },
      "geometry": {
        "type": "Polygon",
        "coordinates": [
          [
            [
              78.5858273,
              17.350454
            ],
            [
              78.5762358,
              17.3488565
            ],
            [
              78.5718584,
              17.3501059
            ],
            [
              78.5661292,
              17.3504131
            ],
            [
              78.5663974,
              17.3512426
            ],
            [
              78.5664511,
              17.3550213
            ],
            [
              78.5658717,
              17.3556972
            ],
            [
              78.5632539,
              17.3546117
            ],
            [
              78.5626531,
              17.3528094
            ],
            [
              78.5598636,
              17.352666
            ],
            [
              78.5589838,
              17.3535057
            ],
            [
              78.5557008,
              17.3530552
            ],
            [
              78.5540999,
              17.3505758
            ],
            [
              78.5510243,
              17.3465216
            ],
            [
              78.5551227,
              17.3436132
            ],
            [
              78.5584272,
              17.3414011
            ],
            [
              78.5642905,
              17.3404743
            ],
            [
              78.5682763,
              17.3384107
            ],
            [
              78.5736823,
              17.3367515
            ],
            [
              78.5840035,
              17.3353177
            ],
            [
              78.5941315,
              17.3298897
            ],
            [
              78.6064696,
              17.3265303
            ],
            [
              78.609066,
              17.3244204
            ],
            [
              78.6119413,
              17.3283124
            ],
            [
              78.6075854,
              17.3302584
            ],
            [
              78.6081862,
              17.331385
            ],
            [
              78.6109972,
              17.3324501
            ],
            [
              78.6142159,
              17.3360346
            ],
            [
              78.6212303,
              17.3385126
            ],
            [
              78.620397,
              17.34093
            ],
            [
              78.6104192,
              17.3465831
            ],
            [
              78.6025013,
              17.3464192
            ],
            [
              78.5982741,
              17.3450264
            ],
            [
              78.5859145,
              17.3467469
            ],
            [
              78.5858273,
              17.350454
            ]
          ]
        ]
      }
    },
    {
      "type": "Feature",
      "properties": {
        "area_id": "A-WARD-CHAMPAPET",
        "area_name": "Ward 17 Champapet",
        "district_id": "D-RANGA-REDDY",
        "risk_score": 0.44,
        "risk_level": "MEDIUM",
        "high_risk_atm_count": 14,
        "atm_ids": [
          "ATM-RANGA-REDDY-58621",
          "ATM-RANGA-REDDY-22003",
          "ATM-RANGA-REDDY-22101",
          "ATM-RANGA-REDDY-22004",
          "ATM-RANGA-REDDY-804D1",
          "ATM-RANGA-REDDY-71001",
          "ATM-RANGA-REDDY-84004",
          "ATM-RANGA-REDDY-24003",
          "ATM-RANGA-REDDY-10004",
          "ATM-RANGA-REDDY-26150",
          "ATM-RANGA-REDDY-TM008",
          "ATM-RANGA-REDDY-48002",
          "ATM-RANGA-REDDY-26070",
          "ATM-RANGA-REDDY-30520",
          "ATM-RANGA-REDDY-26044",
          "ATM-RANGA-REDDY-K2501",
          "ATM-RANGA-REDDY-04102",
          "ATM-RANGA-REDDY-26260",
          "ATM-RANGA-REDDY-58002",
          "ATM-RANGA-REDDY-24004",
          "ATM-RANGA-REDDY-48621",
          "ATM-RANGA-REDDY-10901",
          "ATM-RANGA-REDDY-48622",
          "ATM-RANGA-REDDY-30517",
          "ATM-RANGA-REDDY-26093",
          "ATM-RANGA-REDDY-60951",
          "ATM-RANGA-REDDY-10003",
          "ATM-RANGA-REDDY-10101",
          "ATM-HYDERABAD-DQ972",
          "ATM-HYDERABAD-WN983",
          "ATM-HYDERABAD-WN780",
          "ATM-HYDERABAD-26065",
          "ATM-HYDERABAD-48006",
          "ATM-HYDERABAD-WH134",
          "ATM-HYDERABAD-WF640"
        ]
      },
      "geometry": {
        "type": "Polygon",
        "coordinates": [
          [
            [
              78.5189892,
              17.3413439
            ],
            [
              78.523788,
              17.3396952
            ],
            [
              78.5280633,
              17.3382263
            ],
            [
              78.5337496,
              17.3371407
            ],
            [
              78.5361209,
              17.3374909
            ],
            [
              78.5408252,
              17.3379754
            ],
            [
              78.5418689,
              17.3383281
            ],
            [
              78.5427296,
              17.3387691
            ],
            [
              78.5466539,
              17.3422095
            ],
            [
              78.5447842,
              17.34295
            ],
            [
              78.540734,
              17.3430806
            ],
            [
              78.5355521,
              17.343777
            ],
            [
              78.5337081,
              17.3440418
            ],
            [
              78.5253597,
              17.3452108
            ],
            [
              78.5252738,
              17.3446577
            ],
            [
              78.5262823,
              17.3439204
            ],
            [
              78.5188365,
              17.343818
            ],
            [
              78.5185576,
              17.3450674
            ],
            [
              78.516562,
              17.3465011
            ],
            [
              78.5166264,
              17.3483035
            ],
            [
              78.5170555,
              17.3503516
            ],
            [
              78.514309,
              17.3509866
            ],
            [
              78.5138154,
              17.3492456
            ],
            [
              78.5100389,
              17.3507408
            ],
            [
              78.5096956,
              17.3485493
            ],
            [
              78.508558,
              17.3484865
            ],
            [
              78.508569,
              17.347986
            ],
            [
              78.507582,
              17.3441252
            ],
            [
              78.506949,
              17.3435517
            ],
            [
              78.511777,
              17.3428144
            ],
            [
              78.5159612,
              17.3423842
            ],
            [
              78.5189892,
              17.3413439
            ]
          ]
        ]
      }
    },
    {
      "type": "Feature",
      "properties": {
        "area_id": "A-WARD-NAWAB-SAHEB-KUNTA",
        "area_name": "Ward 47 Nawab Saheb Kunta",
        "district_id": "D-HYDERABAD",
        "risk_score": 0.53,
        "risk_level": "MEDIUM",
        "high_risk_atm_count": 3,
        "atm_ids": [
          "ATM-HYDERABAD-26235",
          "ATM-HYDERABAD-WF992",
          "ATM-HYDERABAD-49819",
          "ATM-HYDERABAD-26244",
          "ATM-HYDERABAD-58001"
        ]
      },
      "geometry": {
        "type": "Polygon",
        "coordinates": [
          [
            [
              78.4646774,
              17.340336
            ],
            [
              78.4592486,
              17.3400902
            ],
            [
              78.4588409,
              17.3395577
            ],
            [
              78.458283,
              17.3381034
            ],
            [
              78.4571243,
              17.336137
            ],
            [
              78.457489,
              17.3348671
            ],
            [
              78.4565878,
              17.3347852
            ],
            [
              78.4565664,
              17.3333718
            ],
            [
              78.4549141,
              17.3329007
            ],
            [
              78.4547746,
              17.3314566
            ],
            [
              78.4548122,
              17.3300484
            ],
            [
              78.4547317,
              17.3294083
            ],
            [
              78.4575641,
              17.3288245
            ],
            [
              78.4601927,
              17.3303403
            ],
            [
              78.4605038,
              17.3311392
            ],
            [
              78.4623707,
              17.3312928
            ],
            [
              78.4629286,
              17.3333514
            ],
            [
              78.4641087,
              17.3341195
            ],
            [
              78.4647203,
              17.3340068
            ],
            [
              78.4653211,
              17.3335152
            ],
            [
              78.4662223,
              17.3334026
            ],
            [
              78.4670699,
              17.3342116
            ],
            [
              78.4686095,
              17.3342065
            ],
            [
              78.468529,
              17.33499
            ],
            [
              78.4679761,
              17.3366603
            ],
            [
              78.4676814,
              17.3375504
            ],
            [
              78.4662974,
              17.3383287
            ],
            [
              78.4645808,
              17.3384823
            ],
            [
              78.4642053,
              17.3388408
            ],
            [
              78.4642697,
              17.3394655
            ],
            [
              78.4646774,
              17.340336
            ]
          ]
        ]
      }
    },
    {
      "type": "Feature",
      "properties": {
        "area_id": "A-WARD-JANGAMMET",
        "area_name": "Ward 45 Jangammet",
        "district_id": "D-HYDERABAD",
        "risk_score": 0.47,
        "risk_level": "MEDIUM",
        "high_risk_atm_count": 1,
        "atm_ids": [
          "ATM-HYDERABAD-26269",
          "ATM-HYDERABAD-47500",
          "ATM-HYDERABAD-26130"
        ]
      },
      "geometry": {
        "type": "Polygon",
        "coordinates": [
          [
            [
              78.4686095,
              17.3342065
            ],
            [
              78.4687248,
              17.3337456
            ],
            [
              78.4689742,
              17.3335357
            ],
            [
              78.4692586,
              17.3334742
            ],
            [
              78.4696233,
              17.3331772
            ],
            [
              78.4702349,
              17.3307295
            ],
            [
              78.4708894,
              17.3298384
            ],
            [
              78.4728313,
              17.3289474
            ],
            [
              78.474344,
              17.327872
            ],
            [
              78.4757281,
              17.326981
            ],
            [
              78.4758246,
              17.3265201
            ],
            [
              78.4775734,
              17.3271243
            ],
            [
              78.4798203,
              17.3278767
            ],
            [
              78.4801591,
              17.3309958
            ],
            [
              78.4809852,
              17.3335869
            ],
            [
              78.4810683,
              17.3340235
            ],
            [
              78.4808953,
              17.3347276
            ],
            [
              78.4805668,
              17.3372534
            ],
            [
              78.4798265,
              17.3397113
            ],
            [
              78.4782279,
              17.3427427
            ],
            [
              78.4778953,
              17.3436439
            ],
            [
              78.4770229,
              17.3448536
            ],
            [
              78.4758823,
              17.3459475
            ],
            [
              78.4754491,
              17.3455897
            ],
            [
              78.4744406,
              17.3447089
            ],
            [
              78.4741509,
              17.3422511
            ],
            [
              78.4732068,
              17.3423023
            ],
            [
              78.4745586,
              17.3390866
            ],
            [
              78.473239,
              17.3390456
            ],
            [
              78.4736252,
              17.3366798
            ],
            [
              78.4732497,
              17.336772
            ],
            [
              78.4714472,
              17.3370281
            ],
            [
              78.4679761,
              17.3366603
            ],
            [
              78.468529,
              17.33499
            ],
            [
              78.4686095,
              17.3342065
            ]
          ]
        ]
      }
    },
    {
      "type": "Feature",
      "properties": {
        "area_id": "A-WARD-SHALIBANDA",
        "area_name": "Ward 48 Shalibanda",
        "district_id": "D-HYDERABAD",
        "risk_score": 0.58,
        "risk_level": "MEDIUM",
        "high_risk_atm_count": 5,
        "atm_ids": [
          "ATM-HYDERABAD-90007",
          "ATM-HYDERABAD-30004",
          "ATM-HYDERABAD-30101",
          "ATM-HYDERABAD-45804",
          "ATM-HYDERABAD-31001",
          "ATM-HYDERABAD-11111",
          "ATM-HYDERABAD-WN883",
          "ATM-HYDERABAD-26066"
        ]
      },
      "geometry": {
        "type": "Polygon",
        "coordinates": [
          [
            [
              78.4675379,
              17.355406
            ],
            [
              78.4669519,
              17.3554105
            ],
            [
              78.466394,
              17.3550213
            ],
            [
              78.4656215,
              17.3541406
            ],
            [
              78.465203,
              17.352195
            ],
            [
              78.4653104,
              17.3516752
            ],
            [
              78.4657073,
              17.3462605
            ],
            [
              78.4658307,
              17.3445112
            ],
            [
              78.4658897,
              17.3416366
            ],
            [
              78.4656,
              17.3410324
            ],
            [
              78.4646774,
              17.340336
            ],
            [
              78.4642697,
              17.3394655
            ],
            [
              78.4642053,
              17.3388408
            ],
            [
              78.4645808,
              17.3384823
            ],
            [
              78.4662974,
              17.3383287
            ],
            [
              78.4676814,
              17.3375504
            ],
            [
              78.4679761,
              17.3366603
            ],
            [
              78.4714472,
              17.3370281
            ],
            [
              78.4732497,
              17.336772
            ],
            [
              78.4736252,
              17.3366798
            ],
            [
              78.473239,
              17.3390456
            ],
            [
              78.4745586,
              17.3390866
            ],
            [
              78.4732068,
              17.3423023
            ],
            [
              78.4741509,
              17.3422511
            ],
            [
              78.4744406,
              17.3447089
            ],
            [
              78.4754491,
              17.3455897
            ],
            [
              78.4758823,
              17.3459475
            ],
            [
              78.4752989,
              17.3466342
            ],
            [
              78.4740973,
              17.3465626
            ],
            [
              78.471812,
              17.3462656
            ],
            [
              78.4700954,
              17.3456818
            ],
            [
              78.47031,
              17.3469415
            ],
            [
              78.4721339,
              17.3494095
            ],
            [
              78.4724967,
              17.3508208
            ],
            [
              78.4727669,
              17.3529323
            ],
            [
              78.4730445,
              17.3538795
            ],
            [
              78.4697414,
              17.3538642
            ],
            [
              78.4697092,
              17.3543045
            ],
            [
              78.4692157,
              17.3545912
            ],
            [
              78.4691406,
              17.3551135
            ],
            [
              78.4675379,
              17.355406
            ]
          ]
        ]
      }
    },
    {
      "type": "Feature",
      "properties": {
        "area_id": "A-WARD-RIYASAT-NAGAR",
        "area_name": "Ward 40 Riyasat Nagar",
        "district_id": "D-HYDERABAD",
        "risk_score": 0.34,
        "risk_level": "LOW",
        "high_risk_atm_count": 0,
        "atm_ids": [
          "ATM-HYDERABAD-49804",
          "ATM-HYDERABAD-26027",
          "ATM-HYDERABAD-49826"
        ]
      },
      "geometry": {
        "type": "Polygon",
        "coordinates": [
          [
            [
              78.4930337,
              17.3340836
            ],
            [
              78.5008872,
              17.339742
            ],
            [
              78.5004258,
              17.3409607
            ],
            [
              78.4997821,
              17.3414728
            ],
            [
              78.5002113,
              17.3424047
            ],
            [
              78.5001254,
              17.3436746
            ],
            [
              78.5016167,
              17.3437156
            ],
            [
              78.5019493,
              17.3441662
            ],
            [
              78.501724,
              17.3467469
            ],
            [
              78.5004258,
              17.3472589
            ],
            [
              78.4983552,
              17.3489077
            ],
            [
              78.4970355,
              17.3491228
            ],
            [
              78.4957186,
              17.3504105
            ],
            [
              78.4956301,
              17.3492764
            ],
            [
              78.4956193,
              17.3485493
            ],
            [
              78.4953189,
              17.3478734
            ],
            [
              78.4949756,
              17.3447499
            ],
            [
              78.4941602,
              17.3446577
            ],
            [
              78.494128,
              17.3425276
            ],
            [
              78.4920681,
              17.3421487
            ],
            [
              78.4912098,
              17.341821
            ],
            [
              78.4916309,
              17.3391429
            ],
            [
              78.4908404,
              17.3391403
            ],
            [
              78.4914565,
              17.3374275
            ],
            [
              78.4917355,
              17.3370588
            ],
            [
              78.4915424,
              17.3350514
            ],
            [
              78.4930337,
              17.3340836
            ]
          ]
        ]
      }
    },
    {
      "type": "Feature",
      "properties": {
        "area_id": "A-WARD-GOWLIPURA",
        "area_name": "Ward 35 Gowlipura",
        "district_id": "D-HYDERABAD",
        "risk_score": 0.52,
        "risk_level": "MEDIUM",
        "high_risk_atm_count": 10,
        "atm_ids": [
          "ATM-HYDERABAD-DJ944",
          "ATM-HYDERABAD-WM084",
          "ATM-HYDERABAD-47499",
          "ATM-HYDERABAD-N1458",
          "ATM-HYDERABAD-19204",
          "ATM-HYDERABAD-19205",
          "ATM-HYDERABAD-26278",
          "ATM-HYDERABAD-49805",
          "ATM-HYDERABAD-WJ217",
          "ATM-HYDERABAD-CHY09",
          "ATM-HYDERABAD-59700",
          "ATM-HYDERABAD-49814",
          "ATM-HYDERABAD-11111",
          "ATM-HYDERABAD-CHY07",
          "ATM-HYDERABAD-19230",
          "ATM-HYDERABAD-NHB24"
        ]
      },
      "geometry": {
        "type": "Polygon",
        "coordinates": [
          [
            [
              78.4724967,
              17.3508208
            ],
            [
              78.4721339,
              17.3494095
            ],
            [
              78.47031,
              17.3469415
            ],
            [
              78.4700954,
              17.3456818
            ],
            [
              78.471812,
              17.3462656
            ],
            [
              78.4740973,
              17.3465626
            ],
            [
              78.4752989,
              17.3466342
            ],
            [
              78.4758823,
              17.3459475
            ],
            [
              78.4770229,
              17.3448536
            ],
            [
              78.4778953,
              17.3436439
            ],
            [
              78.4782279,
              17.3427427
            ],
            [
              78.4798265,
              17.3397113
            ],
            [
              78.4805668,
              17.3372534
            ],
            [
              78.4821439,
              17.3378371
            ],
            [
              78.4825731,
              17.339148
            ],
            [
              78.4816933,
              17.3388203
            ],
            [
              78.4807921,
              17.3387793
            ],
            [
              78.4818006,
              17.3401107
            ],
            [
              78.483603,
              17.3423023
            ],
            [
              78.4860599,
              17.345518
            ],
            [
              78.4865535,
              17.3460095
            ],
            [
              78.4851909,
              17.3475969
            ],
            [
              78.4837961,
              17.348068
            ],
            [
              78.4810496,
              17.3485595
            ],
            [
              78.4787858,
              17.3488463
            ],
            [
              78.4784532,
              17.3494709
            ],
            [
              78.4775627,
              17.3501366
            ],
            [
              78.4773588,
              17.3505052
            ],
            [
              78.476758,
              17.3504438
            ],
            [
              78.4754598,
              17.3508022
            ],
            [
              78.4729386,
              17.3506998
            ],
            [
              78.4724967,
              17.3508208
            ]
          ]
        ]
      }
    },
    {
      "type": "Feature",
      "properties": {
        "area_id": "A-WARD-JAHANUMA",
        "area_name": "Ward 54 Jahanuma",
        "district_id": "D-HYDERABAD",
        "risk_score": 0.59,
        "risk_level": "MEDIUM",
        "high_risk_atm_count": 4,
        "atm_ids": [
          "ATM-HYDERABAD-49815",
          "ATM-HYDERABAD-14001",
          "ATM-HYDERABAD-26225",
          "ATM-HYDERABAD-NHE26",
          "ATM-HYDERABAD-49822",
          "ATM-HYDERABAD-19219",
          "ATM-HYDERABAD-26234"
        ]
      },
      "geometry": {
        "type": "Polygon",
        "coordinates": [
          [
            [
              78.4549141,
              17.3329007
            ],
            [
              78.4565664,
              17.3333718
            ],
            [
              78.4565878,
              17.3347852
            ],
            [
              78.457489,
              17.3348671
            ],
            [
              78.4571243,
              17.336137
            ],
            [
              78.458283,
              17.3381034
            ],
            [
              78.4588409,
              17.3395577
            ],
            [
              78.4592486,
              17.3400902
            ],
            [
              78.4646774,
              17.340336
            ],
            [
              78.4656,
              17.3410324
            ],
            [
              78.4658897,
              17.3416366
            ],
            [
              78.4658307,
              17.3445112
            ],
            [
              78.4657073,
              17.3462605
            ],
            [
              78.4653104,
              17.3516752
            ],
            [
              78.4619951,
              17.352113
            ],
            [
              78.4616089,
              17.3495119
            ],
            [
              78.4603,
              17.3476071
            ],
            [
              78.4592271,
              17.3468083
            ],
            [
              78.458755,
              17.3446577
            ],
            [
              78.4581113,
              17.344924
            ],
            [
              78.4544635,
              17.3416315
            ],
            [
              78.4526181,
              17.3424201
            ],
            [
              78.4503436,
              17.3412987
            ],
            [
              78.4505904,
              17.3393375
            ],
            [
              78.4506226,
              17.3385335
            ],
            [
              78.4504938,
              17.3376937
            ],
            [
              78.4491781,
              17.3366737
            ],
            [
              78.4506279,
              17.3369564
            ],
            [
              78.453691,
              17.3364443
            ],
            [
              78.4538627,
              17.3348057
            ],
            [
              78.4549141,
              17.3329007
            ]
          ]
        ]
      }
    },
    {
      "type": "Feature",
      "properties": {
        "area_id": "A-WARD-RAMNASPURA",
        "area_name": "Ward 55 Ramnaspura",
        "district_id": "D-HYDERABAD",
        "risk_score": 0.47,
        "risk_level": "MEDIUM",
        "high_risk_atm_count": 4,
        "atm_ids": [
          "ATM-HYDERABAD-26255",
          "ATM-HYDERABAD-85621",
          "ATM-HYDERABAD-26290",
          "ATM-HYDERABAD-92202",
          "ATM-HYDERABAD-26094",
          "ATM-HYDERABAD-56001",
          "ATM-HYDERABAD-26087",
          "ATM-HYDERABAD-41001",
          "ATM-HYDERABAD-19231",
          "ATM-HYDERABAD-26088",
          "ATM-HYDERABAD-47159",
          "ATM-HYDERABAD-47155",
          "ATM-HYDERABAD-CHY52"
        ]
      },
      "geometry": {
        "type": "Polygon",
        "coordinates": [
          [
            [
              78.4592271,
              17.3468083
            ],
            [
              78.4583044,
              17.3469722
            ],
            [
              78.4572959,
              17.3469312
            ],
            [
              78.4567166,
              17.3521335
            ],
            [
              78.4586907,
              17.3534033
            ],
            [
              78.4593129,
              17.3545093
            ],
            [
              78.4597636,
              17.3557586
            ],
            [
              78.4569526,
              17.354837
            ],
            [
              78.4544635,
              17.3556153
            ],
            [
              78.4545906,
              17.3561712
            ],
            [
              78.4488201,
              17.3577452
            ],
            [
              78.447597,
              17.3589536
            ],
            [
              78.4452367,
              17.359015
            ],
            [
              78.4459019,
              17.3577452
            ],
            [
              78.445859,
              17.3572128
            ],
            [
              78.4457088,
              17.3565164
            ],
            [
              78.4456444,
              17.355861
            ],
            [
              78.4461379,
              17.3553285
            ],
            [
              78.444829,
              17.3551032
            ],
            [
              78.4441853,
              17.3535672
            ],
            [
              78.4438205,
              17.3526046
            ],
            [
              78.4436059,
              17.352666
            ],
            [
              78.4436059,
              17.3535877
            ],
            [
              78.4431124,
              17.3543659
            ],
            [
              78.4418035,
              17.3540382
            ],
            [
              78.4408164,
              17.3542635
            ],
            [
              78.4410095,
              17.3553695
            ],
            [
              78.4388423,
              17.3559634
            ],
            [
              78.4384346,
              17.3536901
            ],
            [
              78.4373188,
              17.3522359
            ],
            [
              78.4382952,
              17.3518263
            ],
            [
              78.4386277,
              17.3515703
            ],
            [
              78.4388638,
              17.3512631
            ],
            [
              78.4390891,
              17.3510992
            ],
            [
              78.4391213,
              17.350536
            ],
            [
              78.4395612,
              17.3498191
            ],
            [
              78.4404624,
              17.3484981
            ],
            [
              78.4416694,
              17.3475303
            ],
            [
              78.4425545,
              17.3469824
            ],
            [
              78.4440887,
              17.3463987
            ],
            [
              78.4447861,
              17.3464192
            ],
            [
              78.4453225,
              17.3464294
            ],
            [
              78.4457517,
              17.3458867
            ],
            [
              78.4457624,
              17.3455487
            ],
            [
              78.4458053,
              17.3449343
            ],
            [
              78.4459663,
              17.344668
            ],
            [
              78.4460092,
              17.34433
            ],
            [
              78.4467817,
              17.3427017
            ],
            [
              78.4469855,
              17.3424457
            ],
            [
              78.4473127,
              17.3417237
            ],
            [
              78.4480906,
              17.3407456
            ],
            [
              78.4484312,
              17.3401798
            ],
            [
              78.4486994,
              17.3396754
            ],
            [
              78.4485975,
              17.3391864
            ],
            [
              78.448391,
              17.3387076
            ],
            [
              78.447994,
              17.3377654
            ],
            [
              78.4484124,
              17.3374992
            ],
            [
              78.4483588,
              17.3372738
            ],
            [
              78.447994,
              17.3370076
            ],
            [
              78.4479511,
              17.3367208
            ],
            [
              78.4480262,
              17.3364955
            ],
            [
              78.4482944,
              17.3359885
            ],
            [
              78.4491781,
              17.3366737
            ],
            [
              78.4504938,
              17.3376937
            ],
            [
              78.4506226,
              17.3385335
            ],
            [
              78.4505904,
              17.3393375
            ],
            [
              78.4503436,
              17.3412987
            ],
            [
              78.4526181,
              17.3424201
            ],
            [
              78.4544635,
              17.3416315
            ],
            [
              78.4581113,
              17.344924
            ],
            [
              78.458755,
              17.3446577
            ],
            [
              78.4592271,
              17.3468083
            ]
          ]
        ]
      }
    },
    {
      "type": "Feature",
      "properties": {
        "area_id": "A-WARD-LINGOJIGUDA",
        "area_name": "Ward 18 Lingojiguda",
        "district_id": "D-RANGA-REDDY",
        "risk_score": 0.49,
        "risk_level": "MEDIUM",
        "high_risk_atm_count": 15,
        "atm_ids": [
          "ATM-RANGA-REDDY-26045",
          "ATM-RANGA-REDDY-10005",
          "ATM-RANGA-REDDY-30522",
          "ATM-RANGA-REDDY-23001",
          "ATM-RANGA-REDDY-B6140",
          "ATM-RANGA-REDDY-CHB13",
          "ATM-RANGA-REDDY-CHB21",
          "ATM-RANGA-REDDY-NHE79",
          "ATM-RANGA-REDDY-NHD67",
          "ATM-RANGA-REDDY-48212",
          "ATM-RANGA-REDDY-34091",
          "ATM-RANGA-REDDY-13418",
          "ATM-RANGA-REDDY-8W021",
          "ATM-RANGA-REDDY-26107",
          "ATM-RANGA-REDDY-WF798",
          "ATM-RANGA-REDDY-WHY03",
          "ATM-RANGA-REDDY-26101",
          "ATM-RANGA-REDDY-D6140",
          "ATM-RANGA-REDDY-99500",
          "ATM-RANGA-REDDY-01621",
          "ATM-RANGA-REDDY-00410",
          "ATM-RANGA-REDDY-26261",
          "ATM-RANGA-REDDY-26153",
          "ATM-RANGA-REDDY-26029",
          "ATM-RANGA-REDDY-30528",
          "ATM-RANGA-REDDY-26009",
          "ATM-RANGA-REDDY-13402",
          "ATM-RANGA-REDDY-48104",
          "ATM-RANGA-REDDY-13801",
          "ATM-RANGA-REDDY-16102",
          "ATM-RANGA-REDDY-79601",
          "ATM-RANGA-REDDY-D9405"
        ]
      },
      "geometry": {
        "type": "Polygon",
        "coordinates": [
          [
            [
              78.5540999,
              17.3505758
            ],
            [
              78.5525465,
              17.351007
            ],
            [
              78.5517955,
              17.3523998
            ],
            [
              78.5506153,
              17.352451
            ],
            [
              78.5503578,
              17.3514167
            ],
            [
              78.5469997,
              17.3510787
            ],
            [
              78.5466134,
              17.351642
            ],
            [
              78.5463187,
              17.3527467
            ],
            [
              78.5441137,
              17.3529528
            ],
            [
              78.5420323,
              17.3530347
            ],
            [
              78.540659,
              17.350454
            ],
            [
              78.5322476,
              17.3544069
            ],
            [
              78.530531,
              17.3556357
            ],
            [
              78.5300804,
              17.3529118
            ],
            [
              78.5308528,
              17.3509456
            ],
            [
              78.5301662,
              17.3511094
            ],
            [
              78.5290504,
              17.3501878
            ],
            [
              78.5281063,
              17.3489384
            ],
            [
              78.5276127,
              17.3489794
            ],
            [
              78.5280204,
              17.3517648
            ],
            [
              78.5265828,
              17.3543455
            ],
            [
              78.5252095,
              17.3541406
            ],
            [
              78.5248661,
              17.3462246
            ],
            [
              78.5253597,
              17.3452108
            ],
            [
              78.5337081,
              17.3440418
            ],
            [
              78.5355521,
              17.343777
            ],
            [
              78.540734,
              17.3430806
            ],
            [
              78.5447842,
              17.34295
            ],
            [
              78.5466539,
              17.3422095
            ],
            [
              78.548656,
              17.3442276
            ],
            [
              78.5510243,
              17.3465216
            ],
            [
              78.5540999,
              17.3505758
            ]
          ]
        ]
      }
    },
    {
      "type": "Feature",
      "properties": {
        "area_id": "A-WARD-SANTHOSH-NAGAR",
        "area_name": "Ward 39 Santhosh Nagar",
        "district_id": "D-HYDERABAD",
        "risk_score": 0.44,
        "risk_level": "MEDIUM",
        "high_risk_atm_count": 4,
        "atm_ids": [
          "ATM-HYDERABAD-92003",
          "ATM-HYDERABAD-91849",
          "ATM-HYDERABAD-92101",
          "ATM-HYDERABAD-37010",
          "ATM-HYDERABAD-NHE21",
          "ATM-HYDERABAD-63000",
          "ATM-HYDERABAD-27201",
          "ATM-HYDERABAD-23513",
          "ATM-HYDERABAD-NSC58",
          "ATM-HYDERABAD-1473A",
          "ATM-HYDERABAD-CHB12",
          "ATM-HYDERABAD-CHD96",
          "ATM-HYDERABAD-26621",
          "ATM-HYDERABAD-8W037",
          "ATM-HYDERABAD-23640",
          "ATM-HYDERABAD-26280"
        ]
      },
      "geometry": {
        "type": "Polygon",
        "coordinates": [
          [
            [
              78.5019493,
              17.3441662
            ],
            [
              78.5038269,
              17.3432752
            ],
            [
              78.5040844,
              17.3424252
            ],
            [
              78.5047174,
              17.3421999
            ],
            [
              78.506949,
              17.3435517
            ],
            [
              78.507582,
              17.3441252
            ],
            [
              78.508569,
              17.347986
            ],
            [
              78.508558,
              17.3484865
            ],
            [
              78.5085476,
              17.3489589
            ],
            [
              78.5078395,
              17.3502697
            ],
            [
              78.5066633,
              17.3523396
            ],
            [
              78.5055435,
              17.3520209
            ],
            [
              78.5023651,
              17.3502467
            ],
            [
              78.5024107,
              17.3507254
            ],
            [
              78.5020539,
              17.3517495
            ],
            [
              78.5020432,
              17.3528055
            ],
            [
              78.4989506,
              17.3527556
            ],
            [
              78.4989909,
              17.3549983
            ],
            [
              78.4985161,
              17.354924
            ],
            [
              78.4964374,
              17.3548639
            ],
            [
              78.4956568,
              17.3550572
            ],
            [
              78.4950239,
              17.355116
            ],
            [
              78.4948388,
              17.3547346
            ],
            [
              78.4946121,
              17.3544216
            ],
            [
              78.4936754,
              17.3538002
            ],
            [
              78.4930619,
              17.353156
            ],
            [
              78.4932912,
              17.3530244
            ],
            [
              78.4957186,
              17.3504105
            ],
            [
              78.4970355,
              17.3491228
            ],
            [
              78.4983552,
              17.3489077
            ],
            [
              78.5004258,
              17.3472589
            ],
            [
              78.501724,
              17.3467469
            ],
            [
              78.5019493,
              17.3441662
            ]
          ]
        ]
      }
    },
    {
      "type": "Feature",
      "properties": {
        "area_id": "A-WARD-IS-SADAN",
        "area_name": "Ward 38 IS Sadan",
        "district_id": "D-RANGA-REDDY",
        "risk_score": 0.45,
        "risk_level": "MEDIUM",
        "high_risk_atm_count": 8,
        "atm_ids": [
          "ATM-RANGA-REDDY-NH545",
          "ATM-RANGA-REDDY-16231",
          "ATM-RANGA-REDDY-D7085",
          "ATM-RANGA-REDDY-CHY10",
          "ATM-RANGA-REDDY-26285",
          "ATM-RANGA-REDDY-HYD44",
          "ATM-RANGA-REDDY-SRA03",
          "ATM-RANGA-REDDY-N9596",
          "ATM-RANGA-REDDY-26166",
          "ATM-HYDERABAD-81741",
          "ATM-HYDERABAD-30502",
          "ATM-HYDERABAD-30505",
          "ATM-RANGA-REDDY-26179",
          "ATM-HYDERABAD-00413",
          "ATM-RANGA-REDDY-26137",
          "ATM-HYDERABAD-26181",
          "ATM-HYDERABAD-30527",
          "ATM-HYDERABAD-47911",
          "ATM-HYDERABAD-NM447",
          "ATM-HYDERABAD-HYD61",
          "ATM-HYDERABAD-00445",
          "ATM-RANGA-REDDY-26133",
          "ATM-HYDERABAD-49802",
          "ATM-RANGA-REDDY-30519",
          "ATM-RANGA-REDDY-38001",
          "ATM-HYDERABAD-59411",
          "ATM-HYDERABAD-90622",
          "ATM-HYDERABAD-88001",
          "ATM-RANGA-REDDY-82359"
        ]
      },
      "geometry": {
        "type": "Polygon",
        "coordinates": [
          [
            [
              78.508558,
              17.3484865
            ],
            [
              78.5096956,
              17.3485493
            ],
            [
              78.5100389,
              17.3507408
            ],
            [
              78.5138154,
              17.3492456
            ],
            [
              78.514309,
              17.3509866
            ],
            [
              78.5170555,
              17.3503516
            ],
            [
              78.5166264,
              17.3483035
            ],
            [
              78.516562,
              17.3465011
            ],
            [
              78.5185576,
              17.3450674
            ],
            [
              78.5188365,
              17.343818
            ],
            [
              78.5262823,
              17.3439204
            ],
            [
              78.5252738,
              17.3446577
            ],
            [
              78.5253597,
              17.3452108
            ],
            [
              78.5248661,
              17.3462246
            ],
            [
              78.5252095,
              17.3541406
            ],
            [
              78.5233212,
              17.3541816
            ],
            [
              78.5233641,
              17.3560454
            ],
            [
              78.5237933,
              17.3574995
            ],
            [
              78.5244584,
              17.3582982
            ],
            [
              78.5242573,
              17.3594579
            ],
            [
              78.5217655,
              17.3586618
            ],
            [
              78.519094,
              17.3581139
            ],
            [
              78.5189224,
              17.3577043
            ],
            [
              78.5158539,
              17.357991
            ],
            [
              78.5091806,
              17.3571308
            ],
            [
              78.5062784,
              17.356839
            ],
            [
              78.5054818,
              17.3565126
            ],
            [
              78.5066633,
              17.3523396
            ],
            [
              78.5078395,
              17.3502697
            ],
            [
              78.5085476,
              17.3489589
            ],
            [
              78.508558,
              17.3484865
            ]
          ]
        ]
      }
    },
    {
      "type": "Feature",
      "properties": {
        "area_id": "A-WARD-LALITHABAGH",
        "area_name": "Ward 36 Lalithabagh",
        "district_id": "D-HYDERABAD",
        "risk_score": 0.33,
        "risk_level": "LOW",
        "high_risk_atm_count": 0,
        "atm_ids": [
          "ATM-HYDERABAD-NHY92",
          "ATM-HYDERABAD-30521",
          "ATM-HYDERABAD-8W030",
          "ATM-HYDERABAD-NHE67",
          "ATM-HYDERABAD-00444"
        ]
      },
      "geometry": {
        "type": "Polygon",
        "coordinates": [
          [
            [
              78.483603,
              17.3423023
            ],
            [
              78.485899,
              17.3424047
            ],
            [
              78.4898472,
              17.3410938
            ],
            [
              78.4908404,
              17.3391403
            ],
            [
              78.4916309,
              17.3391429
            ],
            [
              78.4912098,
              17.341821
            ],
            [
              78.4920681,
              17.3421487
            ],
            [
              78.494128,
              17.3425276
            ],
            [
              78.4941602,
              17.3446577
            ],
            [
              78.4949756,
              17.3447499
            ],
            [
              78.4953189,
              17.3478734
            ],
            [
              78.4956193,
              17.3485493
            ],
            [
              78.4956301,
              17.3492764
            ],
            [
              78.4957186,
              17.3504105
            ],
            [
              78.4932912,
              17.3530244
            ],
            [
              78.4930619,
              17.353156
            ],
            [
              78.4918642,
              17.3538437
            ],
            [
              78.490609,
              17.3541611
            ],
            [
              78.4897346,
              17.350239
            ],
            [
              78.4890479,
              17.3489435
            ],
            [
              78.4887958,
              17.3485288
            ],
            [
              78.4880662,
              17.347474
            ],
            [
              78.4865535,
              17.3460095
            ],
            [
              78.4860599,
              17.345518
            ],
            [
              78.483603,
              17.3423023
            ]
          ]
        ]
      }
    },
    {
      "type": "Feature",
      "properties": {
        "area_id": "A-WARD-KOTHAPET",
        "area_name": "Ward 21 Kothapet",
        "district_id": "D-MEDCHAL-MALKAJGIRI",
        "risk_score": 0.43,
        "risk_level": "MEDIUM",
        "high_risk_atm_count": 9,
        "atm_ids": [
          "ATM-RANGA-REDDY-WHY75",
          "ATM-RANGA-REDDY-WM050",
          "ATM-RANGA-REDDY-WE941",
          "ATM-RANGA-REDDY-NHY23",
          "ATM-RANGA-REDDY-26240",
          "ATM-MEDCHAL-MALKAJGIRI-WN909",
          "ATM-MEDCHAL-MALKAJGIRI-WN959",
          "ATM-MEDCHAL-MALKAJGIRI-26003",
          "ATM-HYDERABAD-60001",
          "ATM-HYDERABAD-CHD10",
          "ATM-HYDERABAD-76001",
          "ATM-HYDERABAD-76101",
          "ATM-MEDCHAL-MALKAJGIRI-45002",
          "ATM-MEDCHAL-MALKAJGIRI-45101",
          "ATM-MEDCHAL-MALKAJGIRI-45003",
          "ATM-HYDERABAD-64003",
          "ATM-MEDCHAL-MALKAJGIRI-NL292",
          "ATM-MEDCHAL-MALKAJGIRI-D7371",
          "ATM-MEDCHAL-MALKAJGIRI-NQ695",
          "ATM-HYDERABAD-15710",
          "ATM-MEDCHAL-MALKAJGIRI-NHD12",
          "ATM-MEDCHAL-MALKAJGIRI-2741A",
          "ATM-MEDCHAL-MALKAJGIRI-73813",
          "ATM-MEDCHAL-MALKAJGIRI-RGR12",
          "ATM-MEDCHAL-MALKAJGIRI-16001",
          "ATM-MEDCHAL-MALKAJGIRI-PHY06",
          "ATM-HYDERABAD-59621",
          "ATM-HYDERABAD-26005"
        ]
      },
      "geometry": {
        "type": "Polygon",
        "coordinates": [
          [
            [
              78.5583186,
              17.3831393
            ],
            [
              78.5519671,
              17.3804362
            ],
            [
              78.5489523,
              17.3810506
            ],
            [
              78.5470641,
              17.3828117
            ],
            [
              78.5432017,
              17.3837229
            ],
            [
              78.5431498,
              17.3826775
            ],
            [
              78.542912,
              17.3778867
            ],
            [
              78.5426438,
              17.37546
            ],
            [
              78.5411632,
              17.3755317
            ],
            [
              78.5403371,
              17.3763201
            ],
            [
              78.5397148,
              17.3765966
            ],
            [
              78.538996,
              17.3765556
            ],
            [
              78.5391676,
              17.3745078
            ],
            [
              78.5382557,
              17.3745487
            ],
            [
              78.5390496,
              17.3709649
            ],
            [
              78.5402942,
              17.3712516
            ],
            [
              78.5403264,
              17.3704913
            ],
            [
              78.5433841,
              17.3721425
            ],
            [
              78.5464096,
              17.3726237
            ],
            [
              78.5491991,
              17.3736374
            ],
            [
              78.5494137,
              17.3721015
            ],
            [
              78.5535872,
              17.3682617
            ],
            [
              78.5552609,
              17.3668384
            ],
            [
              78.5558295,
              17.3658042
            ],
            [
              78.5568595,
              17.3643501
            ],
            [
              78.5572028,
              17.3621075
            ],
            [
              78.5560441,
              17.3614522
            ],
            [
              78.5529542,
              17.3543455
            ],
            [
              78.553834,
              17.3528299
            ],
            [
              78.5517955,
              17.3523998
            ],
            [
              78.5525465,
              17.351007
            ],
            [
              78.5540999,
              17.3505758
            ],
            [
              78.5557008,
              17.3530552
            ],
            [
              78.5576749,
              17.3597114
            ],
            [
              78.5572243,
              17.3632749
            ],
            [
              78.5570526,
              17.3655482
            ],
            [
              78.5583186,
              17.3831393
            ]
          ]
        ]
      }
    },
    {
      "type": "Feature",
      "properties": {
        "area_id": "A-WARD-MOGHALPURA",
        "area_name": "Ward 33 Moghalpura",
        "district_id": "D-HYDERABAD",
        "risk_score": 0.27,
        "risk_level": "LOW",
        "high_risk_atm_count": 0,
        "atm_ids": [
          "ATM-HYDERABAD-30003",
          "ATM-HYDERABAD-WN879",
          "ATM-HYDERABAD-47534",
          "ATM-HYDERABAD-NM785"
        ]
      },
      "geometry": {
        "type": "Polygon",
        "coordinates": [
          [
            [
              78.4738031,
              17.3577651
            ],
            [
              78.4733409,
              17.3553285
            ],
            [
              78.4730445,
              17.3538795
            ],
            [
              78.4727669,
              17.3529323
            ],
            [
              78.4724967,
              17.3508208
            ],
            [
              78.4729386,
              17.3506998
            ],
            [
              78.4754598,
              17.3508022
            ],
            [
              78.476758,
              17.3504438
            ],
            [
              78.4773588,
              17.3505052
            ],
            [
              78.4775627,
              17.3501366
            ],
            [
              78.4784532,
              17.3494709
            ],
            [
              78.4787858,
              17.3488463
            ],
            [
              78.4810496,
              17.3485595
            ],
            [
              78.4837961,
              17.348068
            ],
            [
              78.4837961,
              17.3525534
            ],
            [
              78.480202,
              17.3534853
            ],
            [
              78.4809208,
              17.3557381
            ],
            [
              78.4816517,
              17.3570372
            ],
            [
              78.4803334,
              17.3579168
            ],
            [
              78.4792257,
              17.3585235
            ],
            [
              78.4788609,
              17.3567007
            ],
            [
              78.4738031,
              17.3577651
            ]
          ]
        ]
      }
    },
    {
      "type": "Feature",
      "properties": {
        "area_id": "A-WARD-KURMAGUDA",
        "area_name": "Ward 37 Kurmaguda",
        "district_id": "D-HYDERABAD",
        "risk_score": 0.3,
        "risk_level": "LOW",
        "high_risk_atm_count": 1,
        "atm_ids": [
          "ATM-HYDERABAD-45001",
          "ATM-HYDERABAD-27412",
          "ATM-HYDERABAD-WF883",
          "ATM-HYDERABAD-30533",
          "ATM-HYDERABAD-60621",
          "ATM-HYDERABAD-26267",
          "ATM-HYDERABAD-WF839",
          "ATM-HYDERABAD-26222",
          "ATM-HYDERABAD-30524"
        ]
      },
      "geometry": {
        "type": "Polygon",
        "coordinates": [
          [
            [
              78.4918642,
              17.3538437
            ],
            [
              78.4930619,
              17.353156
            ],
            [
              78.4936754,
              17.3538002
            ],
            [
              78.4946121,
              17.3544216
            ],
            [
              78.4948388,
              17.3547346
            ],
            [
              78.4950239,
              17.355116
            ],
            [
              78.4956568,
              17.3550572
            ],
            [
              78.4964374,
              17.3548639
            ],
            [
              78.4985161,
              17.354924
            ],
            [
              78.4989909,
              17.3549983
            ],
            [
              78.4989506,
              17.3527556
            ],
            [
              78.5020432,
              17.3528055
            ],
            [
              78.5020539,
              17.3517495
            ],
            [
              78.5024107,
              17.3507254
            ],
            [
              78.5023651,
              17.3502467
            ],
            [
              78.5055435,
              17.3520209
            ],
            [
              78.5066633,
              17.3523396
            ],
            [
              78.5054818,
              17.3565126
            ],
            [
              78.5039851,
              17.3622867
            ],
            [
              78.5009086,
              17.3618515
            ],
            [
              78.4975505,
              17.3615341
            ],
            [
              78.4969068,
              17.3594246
            ],
            [
              78.4964455,
              17.3594451
            ],
            [
              78.4957481,
              17.3580934
            ],
            [
              78.4959948,
              17.3576531
            ],
            [
              78.4962845,
              17.3561375
            ],
            [
              78.4934736,
              17.3555538
            ],
            [
              78.4916067,
              17.3553081
            ],
            [
              78.4918642,
              17.3538437
            ]
          ]
        ]
      }
    },
    {
      "type": "Feature",
      "properties": {
        "area_id": "A-WARD-RK-PURAM",
        "area_name": "Ward 20 RK Puram",
        "district_id": "D-RANGA-REDDY",
        "risk_score": 0.45,
        "risk_level": "MEDIUM",
        "high_risk_atm_count": 8,
        "atm_ids": [
          "ATM-RANGA-REDDY-11346",
          "ATM-RANGA-REDDY-00001",
          "ATM-RANGA-REDDY-47113",
          "ATM-RANGA-REDDY-87001",
          "ATM-RANGA-REDDY-N2359",
          "ATM-RANGA-REDDY-26242",
          "ATM-RANGA-REDDY-15703",
          "ATM-RANGA-REDDY-16113",
          "ATM-RANGA-REDDY-67004",
          "ATM-RANGA-REDDY-67003",
          "ATM-RANGA-REDDY-16287",
          "ATM-HYDERABAD-NC875",
          "ATM-HYDERABAD-15712",
          "ATM-MEDCHAL-MALKAJGIRI-WG798",
          "ATM-HYDERABAD-15706",
          "ATM-HYDERABAD-66003",
          "ATM-MEDCHAL-MALKAJGIRI-90621",
          "ATM-HYDERABAD-87007",
          "ATM-HYDERABAD-14135",
          "ATM-HYDERABAD-12003",
          "ATM-HYDERABAD-12004",
          "ATM-HYDERABAD-12101",
          "ATM-HYDERABAD-WHA05"
        ]
      },
      "geometry": {
        "type": "Polygon",
        "coordinates": [
          [
            [
              78.5517955,
              17.3523998
            ],
            [
              78.553834,
              17.3528299
            ],
            [
              78.5529542,
              17.3543455
            ],
            [
              78.5560441,
              17.3614522
            ],
            [
              78.5572028,
              17.3621075
            ],
            [
              78.5568595,
              17.3643501
            ],
            [
              78.5558295,
              17.3658042
            ],
            [
              78.5552609,
              17.3668384
            ],
            [
              78.5535872,
              17.3682617
            ],
            [
              78.5494137,
              17.3721015
            ],
            [
              78.5491991,
              17.3736374
            ],
            [
              78.5464096,
              17.3726237
            ],
            [
              78.5456908,
              17.3670636
            ],
            [
              78.5438025,
              17.3662854
            ],
            [
              78.5427082,
              17.3652205
            ],
            [
              78.543824,
              17.3619437
            ],
            [
              78.544414,
              17.3598855
            ],
            [
              78.5463187,
              17.3527467
            ],
            [
              78.5466134,
              17.351642
            ],
            [
              78.5469997,
              17.3510787
            ],
            [
              78.5503578,
              17.3514167
            ],
            [
              78.5506153,
              17.352451
            ],
            [
              78.5517955,
              17.3523998
            ]
          ]
        ]
      }
    },
    {
      "type": "Feature",
      "properties": {
        "area_id": "A-WARD-SAROORNAGAR",
        "area_name": "Ward 19 Saroornagar",
        "district_id": "D-HYDERABAD",
        "risk_score": 0.43,
        "risk_level": "MEDIUM",
        "high_risk_atm_count": 13,
        "atm_ids": [
          "ATM-RANGA-REDDY-06701",
          "ATM-RANGA-REDDY-04103",
          "ATM-RANGA-REDDY-WM067",
          "ATM-RANGA-REDDY-WM085",
          "ATM-RANGA-REDDY-26028",
          "ATM-RANGA-REDDY-26155",
          "ATM-RANGA-REDDY-00442",
          "ATM-RANGA-REDDY-CHY16",
          "ATM-RANGA-REDDY-NHY17",
          "ATM-RANGA-REDDY-26200",
          "ATM-RANGA-REDDY-Y8040",
          "ATM-RANGA-REDDY-54005",
          "ATM-RANGA-REDDY-54101",
          "ATM-RANGA-REDDY-54003",
          "ATM-RANGA-REDDY-D2460",
          "ATM-RANGA-REDDY-DL864",
          "ATM-HYDERABAD-16288",
          "ATM-HYDERABAD-91901",
          "ATM-HYDERABAD-WG776",
          "ATM-HYDERABAD-09621",
          "ATM-HYDERABAD-60002",
          "ATM-HYDERABAD-WH372",
          "ATM-HYDERABAD-NHY31",
          "ATM-HYDERABAD-CHY04",
          "ATM-HYDERABAD-Y8016",
          "ATM-HYDERABAD-90005",
          "ATM-HYDERABAD-Y8037",
          "ATM-HYDERABAD-WN902",
          "ATM-HYDERABAD-06701",
          "ATM-HYDERABAD-WN897",
          "ATM-HYDERABAD-WE865",
          "ATM-HYDERABAD-13413",
          "ATM-HYDERABAD-30740",
          "ATM-HYDERABAD-92101",
          "ATM-HYDERABAD-92005",
          "ATM-HYDERABAD-26112",
          "ATM-HYDERABAD-26214",
          "ATM-HYDERABAD-28001",
          "ATM-HYDERABAD-00436",
          "ATM-HYDERABAD-15701",
          "ATM-HYDERABAD-CHD11"
        ]
      },
      "geometry": {
        "type": "Polygon",
        "coordinates": [
          [
            [
              78.5464096,
              17.3726237
            ],
            [
              78.5433841,
              17.3721425
            ],
            [
              78.5403264,
              17.3704913
            ],
            [
              78.5400662,
              17.3703071
            ],
            [
              78.5385454,
              17.3685126
            ],
            [
              78.5382226,
              17.3681097
            ],
            [
              78.5362923,
              17.3642067
            ],
            [
              78.5361314,
              17.3630599
            ],
            [
              78.53611,
              17.3618618
            ],
            [
              78.5341359,
              17.3624352
            ],
            [
              78.5336101,
              17.3617594
            ],
            [
              78.5333205,
              17.3605715
            ],
            [
              78.5326553,
              17.3587283
            ],
            [
              78.5304559,
              17.3587693
            ],
            [
              78.5302574,
              17.3565727
            ],
            [
              78.530531,
              17.3556357
            ],
            [
              78.5322476,
              17.3544069
            ],
            [
              78.540659,
              17.350454
            ],
            [
              78.5420323,
              17.3530347
            ],
            [
              78.5441137,
              17.3529528
            ],
            [
              78.5463187,
              17.3527467
            ],
            [
              78.544414,
              17.3598855
            ],
            [
              78.543824,
              17.3619437
            ],
            [
              78.5427082,
              17.3652205
            ],
            [
              78.5438025,
              17.3662854
            ],
            [
              78.5456908,
              17.3670636
            ],
            [
              78.5464096,
              17.3726237
            ]
          ]
        ]
      }
    },
    {
      "type": "Feature",
      "properties": {
        "area_id": "A-WARD-GHANSI-BAZAR",
        "area_name": "Ward 49 Ghansi Bazar",
        "district_id": "D-HYDERABAD",
        "risk_score": 0.42,
        "risk_level": "MEDIUM",
        "high_risk_atm_count": 10,
        "atm_ids": [
          "ATM-HYDERABAD-NHY03",
          "ATM-HYDERABAD-96621",
          "ATM-HYDERABAD-96622",
          "ATM-HYDERABAD-31001",
          "ATM-HYDERABAD-87201",
          "ATM-HYDERABAD-30002",
          "ATM-HYDERABAD-26236",
          "ATM-HYDERABAD-CHY89",
          "ATM-HYDERABAD-79002",
          "ATM-HYDERABAD-CHY07",
          "ATM-HYDERABAD-09500",
          "ATM-HYDERABAD-26148",
          "ATM-HYDERABAD-WM021",
          "ATM-HYDERABAD-11111",
          "ATM-HYDERABAD-26172",
          "ATM-HYDERABAD-NHD06",
          "ATM-HYDERABAD-57001",
          "ATM-HYDERABAD-09500",
          "ATM-HYDERABAD-16901",
          "ATM-HYDERABAD-26231",
          "ATM-HYDERABAD-CHB14",
          "ATM-HYDERABAD-NHE83",
          "ATM-HYDERABAD-NHE90",
          "ATM-HYDERABAD-NHY47",
          "ATM-HYDERABAD-NHY48",
          "ATM-HYDERABAD-11111",
          "ATM-HYDERABAD-NHY54",
          "ATM-HYDERABAD-NHE22",
          "ATM-HYDERABAD-NHD18",
          "ATM-HYDERABAD-NHY63",
          "ATM-HYDERABAD-26011"
        ]
      },
      "geometry": {
        "type": "Polygon",
        "coordinates": [
          [
            [
              78.4730445,
              17.3538795
            ],
            [
              78.4733409,
              17.3553285
            ],
            [
              78.4738031,
              17.3577651
            ],
            [
              78.4740973,
              17.3591994
            ],
            [
              78.4761733,
              17.3684358
            ],
            [
              78.4762645,
              17.3687071
            ],
            [
              78.4768117,
              17.3697055
            ],
            [
              78.4763503,
              17.3713131
            ],
            [
              78.4744942,
              17.3708625
            ],
            [
              78.4712219,
              17.3702379
            ],
            [
              78.4688506,
              17.3696972
            ],
            [
              78.4680784,
              17.3695212
            ],
            [
              78.4619522,
              17.368405
            ],
            [
              78.4582508,
              17.3674886
            ],
            [
              78.4600318,
              17.3655379
            ],
            [
              78.4615767,
              17.3650874
            ],
            [
              78.4648705,
              17.3640531
            ],
            [
              78.4687007,
              17.3628141
            ],
            [
              78.4680569,
              17.3598343
            ],
            [
              78.4688294,
              17.3597626
            ],
            [
              78.4683144,
              17.3575814
            ],
            [
              78.4675379,
              17.355406
            ],
            [
              78.4691406,
              17.3551135
            ],
            [
              78.4692157,
              17.3545912
            ],
            [
              78.4697092,
              17.3543045
            ],
            [
              78.4697414,
              17.3538642
            ],
            [
              78.4730445,
              17.3538795
            ]
          ]
        ]
      }
    },
    {
      "type": "Feature",
      "properties": {
        "area_id": "A-WARD-REIN-BAZAR",
        "area_name": "Ward 37 Rein Bazar",
        "district_id": "D-HYDERABAD",
        "risk_score": 0.68,
        "risk_level": "HIGH",
        "high_risk_atm_count": 2,
        "atm_ids": [
          "ATM-HYDERABAD-NHY33",
          "ATM-HYDERABAD-8361S",
          "ATM-HYDERABAD-02811",
          "ATM-HYDERABAD-4751S",
          "ATM-HYDERABAD-WM323"
        ]
      },
      "geometry": {
        "type": "Polygon",
        "coordinates": [
          [
            [
              78.4957481,
              17.3580934
            ],
            [
              78.4924221,
              17.361145
            ],
            [
              78.4925294,
              17.3598547
            ],
            [
              78.4910703,
              17.3599776
            ],
            [
              78.4906197,
              17.3608173
            ],
            [
              78.488663,
              17.3611744
            ],
            [
              78.4877336,
              17.361488
            ],
            [
              78.4873528,
              17.3617082
            ],
            [
              78.484397,
              17.3619232
            ],
            [
              78.4834743,
              17.3620051
            ],
            [
              78.4831953,
              17.3590355
            ],
            [
              78.484869,
              17.3586873
            ],
            [
              78.4897399,
              17.3570079
            ],
            [
              78.488946,
              17.3557381
            ],
            [
              78.4882673,
              17.3545554
            ],
            [
              78.4892464,
              17.3542943
            ],
            [
              78.490609,
              17.3541611
            ],
            [
              78.4918642,
              17.3538437
            ],
            [
              78.4916067,
              17.3553081
            ],
            [
              78.4934736,
              17.3555538
            ],
            [
              78.4962845,
              17.3561375
            ],
            [
              78.4959948,
              17.3576531
            ],
            [
              78.4957481,
              17.3580934
            ]
          ]
        ]
      }
    },
    {
      "type": "Feature",
      "properties": {
        "area_id": "A-WARD-DOODH-BOWLI",
        "area_name": "Ward 53 Doodh Bowli",
        "district_id": "D-HYDERABAD",
        "risk_score": 0.52,
        "risk_level": "MEDIUM",
        "high_risk_atm_count": 2,
        "atm_ids": [
          "ATM-HYDERABAD-26169",
          "ATM-HYDERABAD-8W017",
          "ATM-HYDERABAD-26168",
          "ATM-HYDERABAD-26237",
          "ATM-HYDERABAD-30601"
        ]
      },
      "geometry": {
        "type": "Polygon",
        "coordinates": [
          [
            [
              78.4656215,
              17.3541406
            ],
            [
              78.4646774,
              17.3571718
            ],
            [
              78.4633684,
              17.3584211
            ],
            [
              78.4619093,
              17.359568
            ],
            [
              78.4605789,
              17.3612883
            ],
            [
              78.4586907,
              17.3628039
            ],
            [
              78.4556436,
              17.3637306
            ],
            [
              78.4550221,
              17.3624342
            ],
            [
              78.4560111,
              17.3622177
            ],
            [
              78.455236,
              17.3589946
            ],
            [
              78.4545906,
              17.3561712
            ],
            [
              78.4544635,
              17.3556153
            ],
            [
              78.4569526,
              17.354837
            ],
            [
              78.4597636,
              17.3557586
            ],
            [
              78.4593129,
              17.3545093
            ],
            [
              78.4586907,
              17.3534033
            ],
            [
              78.4567166,
              17.3521335
            ],
            [
              78.4572959,
              17.3469312
            ],
            [
              78.4583044,
              17.3469722
            ],
            [
              78.4592271,
              17.3468083
            ],
            [
              78.4603,
              17.3476071
            ],
            [
              78.4616089,
              17.3495119
            ],
            [
              78.4619951,
              17.352113
            ],
            [
              78.4653104,
              17.3516752
            ],
            [
              78.465203,
              17.352195
            ],
            [
              78.4656215,
              17.3541406
            ]
          ]
        ]
      }
    },
    {
      "type": "Feature",
      "properties": {
        "area_id": "A-WARD-KISHANBAGH",
        "area_name": "Ward 56 Kishanbagh",
        "district_id": "D-HYDERABAD",
        "risk_score": 0.41,
        "risk_level": "MEDIUM",
        "high_risk_atm_count": 4,
        "atm_ids": [
          "ATM-HYDERABAD-CHD52",
          "ATM-HYDERABAD-55002",
          "ATM-HYDERABAD-55101",
          "ATM-HYDERABAD-WM275",
          "ATM-HYDERABAD-WM049",
          "ATM-HYDERABAD-87652",
          "ATM-HYDERABAD-8E012",
          "ATM-HYDERABAD-CHY60",
          "ATM-HYDERABAD-26224",
          "ATM-RANGA-REDDY-16292",
          "ATM-RANGA-REDDY-NHY42",
          "ATM-RANGA-REDDY-NHY24",
          "ATM-RANGA-REDDY-05701"
        ]
      },
      "geometry": {
        "type": "Polygon",
        "coordinates": [
          [
            [
              78.4401191,
              17.3698897
            ],
            [
              78.4387995,
              17.3665925
            ],
            [
              78.4382255,
              17.3646675
            ],
            [
              78.436997,
              17.3599775
            ],
            [
              78.4399582,
              17.356926
            ],
            [
              78.4364606,
              17.3561886
            ],
            [
              78.4364713,
              17.3526762
            ],
            [
              78.4373188,
              17.3522359
            ],
            [
              78.4384346,
              17.3536901
            ],
            [
              78.4388423,
              17.3559634
            ],
            [
              78.4410095,
              17.3553695
            ],
            [
              78.4408164,
              17.3542635
            ],
            [
              78.4418035,
              17.3540382
            ],
            [
              78.4431124,
              17.3543659
            ],
            [
              78.4436059,
              17.3535877
            ],
            [
              78.4436059,
              17.352666
            ],
            [
              78.4438205,
              17.3526046
            ],
            [
              78.4441853,
              17.3535672
            ],
            [
              78.444829,
              17.3551032
            ],
            [
              78.4461379,
              17.3553285
            ],
            [
              78.4456444,
              17.355861
            ],
            [
              78.4457088,
              17.3565164
            ],
            [
              78.445859,
              17.3572128
            ],
            [
              78.4459019,
              17.3577452
            ],
            [
              78.4452367,
              17.359015
            ],
            [
              78.447597,
              17.3589536
            ],
            [
              78.4488201,
              17.3577452
            ],
            [
              78.4545906,
              17.3561712
            ],
            [
              78.455236,
              17.3589946
            ],
            [
              78.4560111,
              17.3622177
            ],
            [
              78.4550221,
              17.3624342
            ],
            [
              78.4538734,
              17.3613191
            ],
            [
              78.4522319,
              17.3603462
            ],
            [
              78.4490991,
              17.3598956
            ],
            [
              78.4446896,
              17.3649133
            ],
            [
              78.4401191,
              17.3698897
            ]
          ]
        ]
      }
    },
    {
      "type": "Feature",
      "properties": {
        "area_id": "A-WARD-ATTAPUR",
        "area_name": "Ward 61 Attapur",
        "district_id": "D-RANGA-REDDY",
        "risk_score": 0.52,
        "risk_level": "MEDIUM",
        "high_risk_atm_count": 17,
        "atm_ids": [
          "ATM-HYDERABAD-26232",
          "ATM-RANGA-REDDY-16038",
          "ATM-RANGA-REDDY-90901",
          "ATM-RANGA-REDDY-D5983",
          "ATM-RANGA-REDDY-18301",
          "ATM-RANGA-REDDY-CHD55",
          "ATM-RANGA-REDDY-NP727",
          "ATM-RANGA-REDDY-75256",
          "ATM-RANGA-REDDY-R203U",
          "ATM-RANGA-REDDY-42623",
          "ATM-RANGA-REDDY-WF674",
          "ATM-RANGA-REDDY-01800",
          "ATM-RANGA-REDDY-ROATM",
          "ATM-RANGA-REDDY-42630",
          "ATM-RANGA-REDDY-HYD40",
          "ATM-RANGA-REDDY-CHB17",
          "ATM-RANGA-REDDY-NHY46",
          "ATM-RANGA-REDDY-NHE54",
          "ATM-RANGA-REDDY-CHY68",
          "ATM-RANGA-REDDY-NHD63",
          "ATM-RANGA-REDDY-NHD45",
          "ATM-RANGA-REDDY-35621",
          "ATM-RANGA-REDDY-16208",
          "ATM-RANGA-REDDY-42620",
          "ATM-RANGA-REDDY-95002",
          "ATM-RANGA-REDDY-95101",
          "ATM-RANGA-REDDY-WG470",
          "ATM-RANGA-REDDY-NF315",
          "ATM-RANGA-REDDY-HYD72",
          "ATM-RANGA-REDDY-Y9017",
          "ATM-RANGA-REDDY-16006",
          "ATM-RANGA-REDDY-16075",
          "ATM-RANGA-REDDY-8371S",
          "ATM-RANGA-REDDY-WM273",
          "ATM-RANGA-REDDY-WM274",
          "ATM-HYDERABAD-16039"
        ]
      },
      "geometry": {
        "type": "Polygon",
        "coordinates": [
          [
            [
              78.4122133,
              17.3714871
            ],
            [
              78.4128356,
              17.3683538
            ],
            [
              78.4122562,
              17.366183
            ],
            [
              78.4201097,
              17.364729
            ],
            [
              78.4207964,
              17.3650157
            ],
            [
              78.4219122,
              17.3641555
            ],
            [
              78.4231997,
              17.359568
            ],
            [
              78.4247232,
              17.3586669
            ],
            [
              78.4207964,
              17.3548165
            ],
            [
              78.417449,
              17.3515805
            ],
            [
              78.4167308,
              17.3492557
            ],
            [
              78.4195734,
              17.351478
            ],
            [
              78.4228671,
              17.3522973
            ],
            [
              78.4262896,
              17.3523792
            ],
            [
              78.4285856,
              17.3518262
            ],
            [
              78.4308172,
              17.3523178
            ],
            [
              78.4324802,
              17.3536285
            ],
            [
              78.4327699,
              17.3537514
            ],
            [
              78.4336389,
              17.3530756
            ],
            [
              78.4341217,
              17.3529015
            ],
            [
              78.4349585,
              17.3529424
            ],
            [
              78.4352589,
              17.3527683
            ],
            [
              78.4358168,
              17.3521949
            ],
            [
              78.435967,
              17.3521949
            ],
            [
              78.4361065,
              17.3524406
            ],
            [
              78.4364713,
              17.3526762
            ],
            [
              78.4364606,
              17.3561886
            ],
            [
              78.4399582,
              17.356926
            ],
            [
              78.436997,
              17.3599775
            ],
            [
              78.4382255,
              17.3646675
            ],
            [
              78.4387995,
              17.3665925
            ],
            [
              78.4401191,
              17.3698897
            ],
            [
              78.4390141,
              17.3711185
            ],
            [
              78.4367073,
              17.3735247
            ],
            [
              78.4349693,
              17.374436
            ],
            [
              78.4338641,
              17.3747843
            ],
            [
              78.4324373,
              17.3743951
            ],
            [
              78.4270362,
              17.3722661
            ],
            [
              78.4257103,
              17.3718761
            ],
            [
              78.4171808,
              17.3711697
            ],
            [
              78.4122133,
              17.3714871
            ]
          ]
        ]
      }
    },
    {
      "type": "Feature",
      "properties": {
        "area_id": "A-WARD-PATTHERGATTI",
        "area_name": "Ward 32 Patthergatti",
        "district_id": "D-HYDERABAD",
        "risk_score": 0.4,
        "risk_level": "MEDIUM",
        "high_risk_atm_count": 6,
        "atm_ids": [
          "ATM-HYDERABAD-8W034",
          "ATM-HYDERABAD-26144",
          "ATM-HYDERABAD-00427",
          "ATM-HYDERABAD-09500",
          "ATM-HYDERABAD-32711",
          "ATM-HYDERABAD-8W031",
          "ATM-HYDERABAD-8E014",
          "ATM-HYDERABAD-26145",
          "ATM-HYDERABAD-13056",
          "ATM-HYDERABAD-26163",
          "ATM-HYDERABAD-26297",
          "ATM-HYDERABAD-90008",
          "ATM-HYDERABAD-02001",
          "ATM-HYDERABAD-19203",
          "ATM-HYDERABAD-19206",
          "ATM-HYDERABAD-19207",
          "ATM-HYDERABAD-19227",
          "ATM-HYDERABAD-11111",
          "ATM-HYDERABAD-CSB03",
          "ATM-HYDERABAD-79621",
          "ATM-HYDERABAD-8W018",
          "ATM-HYDERABAD-90006",
          "ATM-HYDERABAD-30621",
          "ATM-HYDERABAD-B9485",
          "ATM-HYDERABAD-DK571",
          "ATM-HYDERABAD-DK572",
          "ATM-HYDERABAD-NI838",
          "ATM-HYDERABAD-D0321",
          "ATM-HYDERABAD-26171",
          "ATM-HYDERABAD-47048"
        ]
      },
      "geometry": {
        "type": "Polygon",
        "coordinates": [
          [
            [
              78.4812399,
              17.3732356
            ],
            [
              78.4802798,
              17.3727876
            ],
            [
              78.4793597,
              17.3723166
            ],
            [
              78.4778685,
              17.3718071
            ],
            [
              78.4771014,
              17.3715281
            ],
            [
              78.4763503,
              17.3713131
            ],
            [
              78.4768117,
              17.3697055
            ],
            [
              78.4762645,
              17.3687071
            ],
            [
              78.4761733,
              17.3684358
            ],
            [
              78.4740973,
              17.3591994
            ],
            [
              78.4738031,
              17.3577651
            ],
            [
              78.4788609,
              17.3567007
            ],
            [
              78.4792257,
              17.3585235
            ],
            [
              78.4803334,
              17.3579168
            ],
            [
              78.4816517,
              17.3570372
            ],
            [
              78.4832597,
              17.3555948
            ],
            [
              78.4855771,
              17.3551032
            ],
            [
              78.4882673,
              17.3545554
            ],
            [
              78.488946,
              17.3557381
            ],
            [
              78.4897399,
              17.3570079
            ],
            [
              78.484869,
              17.3586873
            ],
            [
              78.4831953,
              17.3590355
            ],
            [
              78.4834743,
              17.3620051
            ],
            [
              78.484397,
              17.3619232
            ],
            [
              78.4845686,
              17.3642375
            ],
            [
              78.4836889,
              17.3644423
            ],
            [
              78.483882,
              17.367207
            ],
            [
              78.4812641,
              17.3677395
            ],
            [
              78.482616,
              17.3723166
            ],
            [
              78.482793,
              17.3730205
            ],
            [
              78.4823772,
              17.3732458
            ],
            [
              78.4818241,
              17.3736879
            ],
            [
              78.4812399,
              17.3732356
            ]
          ]
        ]
      }
    },
    {
      "type": "Feature",
      "properties": {
        "area_id": "A-WARD-GADDIANNARAM",
        "area_name": "Ward 23 Gaddiannaram",
        "district_id": "D-HYDERABAD",
        "risk_score": 0.52,
        "risk_level": "MEDIUM",
        "high_risk_atm_count": 17,
        "atm_ids": [
          "ATM-RANGA-REDDY-15707",
          "ATM-RANGA-REDDY-66622",
          "ATM-RANGA-REDDY-15709",
          "ATM-RANGA-REDDY-26073",
          "ATM-RANGA-REDDY-NHE20",
          "ATM-RANGA-REDDY-87881",
          "ATM-RANGA-REDDY-47424",
          "ATM-RANGA-REDDY-26177",
          "ATM-RANGA-REDDY-47124",
          "ATM-HYDERABAD-WF949",
          "ATM-RANGA-REDDY-64001",
          "ATM-RANGA-REDDY-64002",
          "ATM-RANGA-REDDY-CHY30",
          "ATM-RANGA-REDDY-Y8043",
          "ATM-RANGA-REDDY-26263",
          "ATM-RANGA-REDDY-22013",
          "ATM-RANGA-REDDY-45602",
          "ATM-HYDERABAD-64621",
          "ATM-HYDERABAD-NP657",
          "ATM-HYDERABAD-26188",
          "ATM-HYDERABAD-43001",
          "ATM-HYDERABAD-CHD54",
          "ATM-HYDERABAD-B9538",
          "ATM-HYDERABAD-NWA02",
          "ATM-HYDERABAD-WHY18",
          "ATM-HYDERABAD-23509",
          "ATM-HYDERABAD-CHY63",
          "ATM-HYDERABAD-N9337",
          "ATM-HYDERABAD-NHY22",
          "ATM-HYDERABAD-WC598",
          "ATM-HYDERABAD-WJ227",
          "ATM-HYDERABAD-26174",
          "ATM-HYDERABAD-WF886",
          "ATM-HYDERABAD-01600",
          "ATM-HYDERABAD-148T1",
          "ATM-HYDERABAD-CHD20",
          "ATM-HYDERABAD-90521",
          "ATM-HYDERABAD-8W002",
          "ATM-HYDERABAD-8E032",
          "ATM-HYDERABAD-05805",
          "ATM-HYDERABAD-22010",
          "ATM-HYDERABAD-22101",
          "ATM-HYDERABAD-22012"
        ]
      },
      "geometry": {
        "type": "Polygon",
        "coordinates": [
          [
            [
              78.5221839,
              17.3620256
            ],
            [
              78.5229564,
              17.3608992
            ],
            [
              78.5239649,
              17.3600595
            ],
            [
              78.5242573,
              17.3594579
            ],
            [
              78.5245335,
              17.3591174
            ],
            [
              78.5275913,
              17.3575814
            ],
            [
              78.5302574,
              17.3565727
            ],
            [
              78.5304559,
              17.3587693
            ],
            [
              78.5326553,
              17.3587283
            ],
            [
              78.5333205,
              17.3605715
            ],
            [
              78.5336101,
              17.3617594
            ],
            [
              78.5341359,
              17.3624352
            ],
            [
              78.53611,
              17.3618618
            ],
            [
              78.5361314,
              17.3630599
            ],
            [
              78.5362923,
              17.3642067
            ],
            [
              78.5382226,
              17.3681097
            ],
            [
              78.5380787,
              17.3681491
            ],
            [
              78.5368609,
              17.368277
            ],
            [
              78.5329342,
              17.3683641
            ],
            [
              78.5283583,
              17.3684716
            ],
            [
              78.5244906,
              17.3685586
            ],
            [
              78.5231442,
              17.3685842
            ],
            [
              78.5229135,
              17.3668179
            ],
            [
              78.5239649,
              17.3664902
            ],
            [
              78.5246516,
              17.3652819
            ],
            [
              78.5233212,
              17.362128
            ],
            [
              78.5221839,
              17.3620256
            ]
          ]
        ]
      }
    },
    {
      "type": "Feature",
      "properties": {
        "area_id": "A-WARD-SAIDABAD",
        "area_name": "Ward 24 Saidabad",
        "district_id": "D-HYDERABAD",
        "risk_score": 0.63,
        "risk_level": "MEDIUM",
        "high_risk_atm_count": 10,
        "atm_ids": [
          "ATM-HYDERABAD-NF009",
          "ATM-HYDERABAD-47105",
          "ATM-HYDERABAD-47104",
          "ATM-RANGA-REDDY-21101",
          "ATM-HYDERABAD-16240",
          "ATM-RANGA-REDDY-61621",
          "ATM-HYDERABAD-61001",
          "ATM-HYDERABAD-26138",
          "ATM-HYDERABAD-WM054",
          "ATM-HYDERABAD-WJ264",
          "ATM-HYDERABAD-CHD08",
          "ATM-HYDERABAD-23503",
          "ATM-RANGA-REDDY-23101",
          "ATM-HYDERABAD-NHE05",
          "ATM-HYDERABAD-07001",
          "ATM-HYDERABAD-84621",
          "ATM-HYDERABAD-46003",
          "ATM-HYDERABAD-17203",
          "ATM-HYDERABAD-60001",
          "ATM-HYDERABAD-23511",
          "ATM-HYDERABAD-69622"
        ]
      },
      "geometry": {
        "type": "Polygon",
        "coordinates": [
          [
            [
              78.5039851,
              17.3622867
            ],
            [
              78.5054818,
              17.3565126
            ],
            [
              78.5062784,
              17.356839
            ],
            [
              78.5091806,
              17.3571308
            ],
            [
              78.5158539,
              17.357991
            ],
            [
              78.5189224,
              17.3577043
            ],
            [
              78.519094,
              17.3581139
            ],
            [
              78.5217655,
              17.3586618
            ],
            [
              78.5242573,
              17.3594579
            ],
            [
              78.5239649,
              17.3600595
            ],
            [
              78.5229564,
              17.3608992
            ],
            [
              78.5221839,
              17.3620256
            ],
            [
              78.5218835,
              17.3625581
            ],
            [
              78.5217762,
              17.3638688
            ],
            [
              78.5213471,
              17.3656096
            ],
            [
              78.5199416,
              17.3672889
            ],
            [
              78.5190726,
              17.3688658
            ],
            [
              78.514087,
              17.3699787
            ],
            [
              78.5136223,
              17.3679443
            ],
            [
              78.5121847,
              17.3684358
            ],
            [
              78.5119057,
              17.3666131
            ],
            [
              78.512249,
              17.3655686
            ],
            [
              78.5104037,
              17.3653434
            ],
            [
              78.509996,
              17.3622919
            ],
            [
              78.5056615,
              17.3618618
            ],
            [
              78.5037437,
              17.3630432
            ],
            [
              78.5039851,
              17.3622867
            ]
          ]
        ]
      }
    },
    {
      "type": "Feature",
      "properties": {
        "area_id": "A-WARD-PURANAPOOL",
        "area_name": "Ward 52 Puranapool",
        "district_id": "D-HYDERABAD",
        "risk_score": 0.46,
        "risk_level": "MEDIUM",
        "high_risk_atm_count": 1,
        "atm_ids": [
          "ATM-HYDERABAD-68003",
          "ATM-HYDERABAD-26162",
          "ATM-HYDERABAD-87883",
          "ATM-HYDERABAD-26238",
          "ATM-HYDERABAD-00216",
          "ATM-HYDERABAD-43212",
          "ATM-HYDERABAD-95101",
          "ATM-HYDERABAD-16268",
          "ATM-HYDERABAD-47151",
          "ATM-HYDERABAD-47150"
        ]
      },
      "geometry": {
        "type": "Polygon",
        "coordinates": [
          [
            [
              78.4675379,
              17.355406
            ],
            [
              78.4683144,
              17.3575814
            ],
            [
              78.4688294,
              17.3597626
            ],
            [
              78.4680569,
              17.3598343
            ],
            [
              78.4687007,
              17.3628141
            ],
            [
              78.4648705,
              17.3640531
            ],
            [
              78.4615767,
              17.3650874
            ],
            [
              78.4600318,
              17.3655379
            ],
            [
              78.4582508,
              17.3674886
            ],
            [
              78.4571779,
              17.3663904
            ],
            [
              78.4564752,
              17.3653997
            ],
            [
              78.4556436,
              17.3637306
            ],
            [
              78.4586907,
              17.3628039
            ],
            [
              78.4605789,
              17.3612883
            ],
            [
              78.4619093,
              17.359568
            ],
            [
              78.4633684,
              17.3584211
            ],
            [
              78.4646774,
              17.3571718
            ],
            [
              78.4656215,
              17.3541406
            ],
            [
              78.466394,
              17.3550213
            ],
            [
              78.4669519,
              17.3554105
            ],
            [
              78.4675379,
              17.355406
            ]
          ]
        ]
      }
    },
    {
      "type": "Feature",
      "properties": {
        "area_id": "A-WARD-DABEERPURA",
        "area_name": "Ward 30 Dabeerpura",
        "district_id": "D-HYDERABAD",
        "risk_score": 0.5,
        "risk_level": "MEDIUM",
        "high_risk_atm_count": 9,
        "atm_ids": [
          "ATM-HYDERABAD-19226",
          "ATM-HYDERABAD-26216",
          "ATM-HYDERABAD-16274",
          "ATM-HYDERABAD-19225",
          "ATM-HYDERABAD-CHY81",
          "ATM-HYDERABAD-13621",
          "ATM-HYDERABAD-26167",
          "ATM-HYDERABAD-DL422",
          "ATM-HYDERABAD-45801",
          "ATM-HYDERABAD-11111",
          "ATM-HYDERABAD-CHY11",
          "ATM-HYDERABAD-CHY80",
          "ATM-HYDERABAD-04801",
          "ATM-HYDERABAD-26241",
          "ATM-HYDERABAD-DJ965",
          "ATM-HYDERABAD-B6961",
          "ATM-HYDERABAD-B8726",
          "ATM-HYDERABAD-CHD57",
          "ATM-HYDERABAD-47521",
          "ATM-HYDERABAD-47002"
        ]
      },
      "geometry": {
        "type": "Polygon",
        "coordinates": [
          [
            [
              78.4924221,
              17.361145
            ],
            [
              78.4923041,
              17.3626093
            ],
            [
              78.4898928,
              17.3669331
            ],
            [
              78.4889674,
              17.3669766
            ],
            [
              78.4870792,
              17.3674528
            ],
            [
              78.4869933,
              17.3684562
            ],
            [
              78.4881735,
              17.3703403
            ],
            [
              78.4879589,
              17.3714667
            ],
            [
              78.4878302,
              17.3735146
            ],
            [
              78.4882379,
              17.3744361
            ],
            [
              78.4880662,
              17.375972
            ],
            [
              78.4879589,
              17.3775693
            ],
            [
              78.4880233,
              17.3786547
            ],
            [
              78.4880193,
              17.3794226
            ],
            [
              78.4880124,
              17.3807365
            ],
            [
              78.4841609,
              17.3805591
            ],
            [
              78.4815216,
              17.3786751
            ],
            [
              78.480792,
              17.3768935
            ],
            [
              78.4810925,
              17.3763611
            ],
            [
              78.4807062,
              17.3755829
            ],
            [
              78.4802437,
              17.3749509
            ],
            [
              78.4818241,
              17.3736879
            ],
            [
              78.4823772,
              17.3732458
            ],
            [
              78.482793,
              17.3730205
            ],
            [
              78.482616,
              17.3723166
            ],
            [
              78.4812641,
              17.3677395
            ],
            [
              78.483882,
              17.367207
            ],
            [
              78.4836889,
              17.3644423
            ],
            [
              78.4845686,
              17.3642375
            ],
            [
              78.484397,
              17.3619232
            ],
            [
              78.4873528,
              17.3617082
            ],
            [
              78.4877336,
              17.361488
            ],
            [
              78.488663,
              17.3611744
            ],
            [
              78.4906197,
              17.3608173
            ],
            [
              78.4910703,
              17.3599776
            ],
            [
              78.4925294,
              17.3598547
            ],
            [
              78.4924221,
              17.361145
            ]
          ]
        ]
      }
    },
    {
      "type": "Feature",
      "properties": {
        "area_id": "A-WARD-CHAWNI",
        "area_name": "Ward 29 Chawni",
        "district_id": "D-HYDERABAD",
        "risk_score": 0.39,
        "risk_level": "LOW",
        "high_risk_atm_count": 2,
        "atm_ids": [
          "ATM-HYDERABAD-NHE43",
          "ATM-HYDERABAD-02706",
          "ATM-HYDERABAD-01934",
          "ATM-HYDERABAD-21004",
          "ATM-HYDERABAD-21003",
          "ATM-HYDERABAD-19205",
          "ATM-HYDERABAD-04812"
        ]
      },
      "geometry": {
        "type": "Polygon",
        "coordinates": [
          [
            [
              78.4957481,
              17.3580934
            ],
            [
              78.4964455,
              17.3594451
            ],
            [
              78.4969068,
              17.3594246
            ],
            [
              78.4975505,
              17.3615341
            ],
            [
              78.5009086,
              17.3618515
            ],
            [
              78.5039851,
              17.3622867
            ],
            [
              78.5037437,
              17.3630432
            ],
            [
              78.5012198,
              17.3643399
            ],
            [
              78.5017133,
              17.3682514
            ],
            [
              78.50137,
              17.3699103
            ],
            [
              78.4999752,
              17.3713848
            ],
            [
              78.4989453,
              17.3709342
            ],
            [
              78.4990096,
              17.3704837
            ],
            [
              78.4985252,
              17.3697369
            ],
            [
              78.4981728,
              17.3691935
            ],
            [
              78.4969068,
              17.3678419
            ],
            [
              78.4938813,
              17.3671251
            ],
            [
              78.493495,
              17.3668384
            ],
            [
              78.4916926,
              17.3671046
            ],
            [
              78.4898928,
              17.3669331
            ],
            [
              78.4923041,
              17.3626093
            ],
            [
              78.4924221,
              17.361145
            ],
            [
              78.4957481,
              17.3580934
            ]
          ]
        ]
      }
    },
    {
      "type": "Feature",
      "properties": {
        "area_id": "A-WARD-MOOSARAMBAGH",
        "area_name": "Ward 25 Moosarambagh",
        "district_id": "D-HYDERABAD",
        "risk_score": 0.53,
        "risk_level": "MEDIUM",
        "high_risk_atm_count": 14,
        "atm_ids": [
          "ATM-RANGA-REDDY-02011",
          "ATM-HYDERABAD-47439",
          "ATM-HYDERABAD-8E010",
          "ATM-HYDERABAD-8W010",
          "ATM-HYDERABAD-8E034",
          "ATM-HYDERABAD-WN830",
          "ATM-HYDERABAD-Y8005",
          "ATM-HYDERABAD-WE845",
          "ATM-HYDERABAD-NM349",
          "ATM-HYDERABAD-15702",
          "ATM-HYDERABAD-09101",
          "ATM-HYDERABAD-46004",
          "ATM-HYDERABAD-FI118",
          "ATM-HYDERABAD-FI551",
          "ATM-HYDERABAD-A1051",
          "ATM-HYDERABAD-23530",
          "ATM-HYDERABAD-23510",
          "ATM-HYDERABAD-N1603",
          "ATM-HYDERABAD-33201",
          "ATM-HYDERABAD-32601",
          "ATM-HYDERABAD-27501",
          "ATM-HYDERABAD-39621",
          "ATM-HYDERABAD-WG449",
          "ATM-HYDERABAD-WF861",
          "ATM-HYDERABAD-NHD34",
          "ATM-HYDERABAD-CHB02",
          "ATM-HYDERABAD-NC565",
          "ATM-HYDERABAD-68900",
          "ATM-HYDERABAD-88104",
          "ATM-HYDERABAD-B8447",
          "ATM-HYDERABAD-87740",
          "ATM-HYDERABAD-148T2",
          "ATM-HYDERABAD-93002",
          "ATM-HYDERABAD-93101",
          "ATM-HYDERABAD-Y8006",
          "ATM-HYDERABAD-23535",
          "ATM-HYDERABAD-23532",
          "ATM-HYDERABAD-23534",
          "ATM-HYDERABAD-26191",
          "ATM-HYDERABAD-11111",
          "ATM-HYDERABAD-69621",
          "ATM-HYDERABAD-WHE02",
          "ATM-HYDERABAD-26151",
          "ATM-HYDERABAD-78900",
          "ATM-HYDERABAD-39001",
          "ATM-HYDERABAD-46101",
          "ATM-HYDERABAD-46001",
          "ATM-HYDERABAD-69006",
          "ATM-HYDERABAD-47149",
          "ATM-HYDERABAD-47148"
        ]
      },
      "geometry": {
        "type": "Polygon",
        "coordinates": [
          [
            [
              78.5169911,
              17.3799858
            ],
            [
              78.5163904,
              17.3792076
            ],
            [
              78.5154462,
              17.3782246
            ],
            [
              78.5128713,
              17.3797605
            ],
            [
              78.5111976,
              17.3791052
            ],
            [
              78.511262,
              17.3785113
            ],
            [
              78.5111761,
              17.377815
            ],
            [
              78.5105539,
              17.3767297
            ],
            [
              78.508215,
              17.3758286
            ],
            [
              78.5077429,
              17.3748662
            ],
            [
              78.507346,
              17.3727824
            ],
            [
              78.510452,
              17.3718558
            ],
            [
              78.514087,
              17.3699787
            ],
            [
              78.5190726,
              17.3688658
            ],
            [
              78.5199416,
              17.3672889
            ],
            [
              78.5213471,
              17.3656096
            ],
            [
              78.5217762,
              17.3638688
            ],
            [
              78.5218835,
              17.3625581
            ],
            [
              78.5221839,
              17.3620256
            ],
            [
              78.5233212,
              17.362128
            ],
            [
              78.5246516,
              17.3652819
            ],
            [
              78.5239649,
              17.3664902
            ],
            [
              78.5229135,
              17.3668179
            ],
            [
              78.5231442,
              17.3685842
            ],
            [
              78.5244906,
              17.3685586
            ],
            [
              78.5247374,
              17.3698488
            ],
            [
              78.5234929,
              17.3698284
            ],
            [
              78.5246247,
              17.3743695
            ],
            [
              78.52485,
              17.3754907
            ],
            [
              78.5251827,
              17.3763099
            ],
            [
              78.5217654,
              17.3773645
            ],
            [
              78.5185844,
              17.3786495
            ],
            [
              78.517372,
              17.3795864
            ],
            [
              78.5169911,
              17.3799858
            ]
          ]
        ]
      }
    },
    {
      "type": "Feature",
      "properties": {
        "area_id": "A-WARD-AKBARBAGH",
        "area_name": "Ward 27 Akbarbagh",
        "district_id": "D-HYDERABAD",
        "risk_score": 0.38,
        "risk_level": "LOW",
        "high_risk_atm_count": 7,
        "atm_ids": [
          "ATM-HYDERABAD-26160",
          "ATM-HYDERABAD-CHY99",
          "ATM-HYDERABAD-26180",
          "ATM-HYDERABAD-26187",
          "ATM-HYDERABAD-WN895",
          "ATM-HYDERABAD-23531",
          "ATM-HYDERABAD-00806",
          "ATM-HYDERABAD-WJ221",
          "ATM-HYDERABAD-WC501",
          "ATM-HYDERABAD-26156",
          "ATM-HYDERABAD-80804",
          "ATM-HYDERABAD-60622",
          "ATM-HYDERABAD-62801",
          "ATM-HYDERABAD-17204",
          "ATM-HYDERABAD-F185U",
          "ATM-HYDERABAD-36001",
          "ATM-HYDERABAD-23529",
          "ATM-HYDERABAD-23505",
          "ATM-HYDERABAD-Y9023",
          "ATM-HYDERABAD-23520",
          "ATM-HYDERABAD-23501",
          "ATM-HYDERABAD-Y8004",
          "ATM-HYDERABAD-16601"
        ]
      },
      "geometry": {
        "type": "Polygon",
        "coordinates": [
          [
            [
              78.5037437,
              17.3630432
            ],
            [
              78.5056615,
              17.3618618
            ],
            [
              78.509996,
              17.3622919
            ],
            [
              78.5104037,
              17.3653434
            ],
            [
              78.512249,
              17.3655686
            ],
            [
              78.5119057,
              17.3666131
            ],
            [
              78.5121847,
              17.3684358
            ],
            [
              78.5136223,
              17.3679443
            ],
            [
              78.514087,
              17.3699787
            ],
            [
              78.510452,
              17.3718558
            ],
            [
              78.507346,
              17.3727824
            ],
            [
              78.5008335,
              17.3737808
            ],
            [
              78.4980977,
              17.3753013
            ],
            [
              78.4976149,
              17.374088
            ],
            [
              78.4976149,
              17.3729821
            ],
            [
              78.4968424,
              17.3718967
            ],
            [
              78.4961987,
              17.3708318
            ],
            [
              78.4985252,
              17.3697369
            ],
            [
              78.4990096,
              17.3704837
            ],
            [
              78.4989453,
              17.3709342
            ],
            [
              78.4999752,
              17.3713848
            ],
            [
              78.50137,
              17.3699103
            ],
            [
              78.5017133,
              17.3682514
            ],
            [
              78.5012198,
              17.3643399
            ],
            [
              78.5037437,
              17.3630432
            ]
          ]
        ]
      }
    },
    {
      "type": "Feature",
      "properties": {
        "area_id": "A-WARD-ZIAGUDA",
        "area_name": "Ward 62 Ziaguda",
        "district_id": "D-HYDERABAD",
        "risk_score": 0.5,
        "risk_level": "MEDIUM",
        "high_risk_atm_count": 1,
        "atm_ids": [
          "ATM-HYDERABAD-26256",
          "ATM-HYDERABAD-16284",
          "ATM-HYDERABAD-NHD21",
          "ATM-HYDERABAD-92203"
        ]
      },
      "geometry": {
        "type": "Polygon",
        "coordinates": [
          [
            [
              78.4556436,
              17.3637306
            ],
            [
              78.4564752,
              17.3653997
            ],
            [
              78.4571779,
              17.3663904
            ],
            [
              78.4582508,
              17.3674886
            ],
            [
              78.4577466,
              17.3686508
            ],
            [
              78.4559226,
              17.3689785
            ],
            [
              78.4548068,
              17.3692857
            ],
            [
              78.4534765,
              17.3692652
            ],
            [
              78.4510839,
              17.3695314
            ],
            [
              78.4496999,
              17.370924
            ],
            [
              78.4484768,
              17.3696031
            ],
            [
              78.4461808,
              17.3696952
            ],
            [
              78.4463632,
              17.3702174
            ],
            [
              78.4468138,
              17.370668
            ],
            [
              78.4469533,
              17.3715998
            ],
            [
              78.4457517,
              17.3724497
            ],
            [
              78.443048,
              17.3721834
            ],
            [
              78.4430158,
              17.3726032
            ],
            [
              78.4423399,
              17.3728285
            ],
            [
              78.4420395,
              17.3726647
            ],
            [
              78.440913,
              17.3727364
            ],
            [
              78.4404731,
              17.3718148
            ],
            [
              78.4400761,
              17.3712107
            ],
            [
              78.4401191,
              17.3698897
            ],
            [
              78.4446896,
              17.3649133
            ],
            [
              78.4490991,
              17.3598956
            ],
            [
              78.4522319,
              17.3603462
            ],
            [
              78.4538734,
              17.3613191
            ],
            [
              78.4550221,
              17.3624342
            ],
            [
              78.4556436,
              17.3637306
            ]
          ]
        ]
      }
    },
    {
      "type": "Feature",
      "properties": {
        "area_id": "A-WARD-CHAITANYAPURI",
        "area_name": "Ward 22 Chaitanyapuri",
        "district_id": "D-HYDERABAD",
        "risk_score": 0.47,
        "risk_level": "MEDIUM",
        "high_risk_atm_count": 16,
        "atm_ids": [
          "ATM-HYDERABAD-15101",
          "ATM-HYDERABAD-00431",
          "ATM-HYDERABAD-NHD13",
          "ATM-HYDERABAD-CHY08",
          "ATM-HYDERABAD-CHY23",
          "ATM-HYDERABAD-11111",
          "ATM-HYDERABAD-11111",
          "ATM-HYDERABAD-26218",
          "ATM-HYDERABAD-14131",
          "ATM-HYDERABAD-HYD79",
          "ATM-HYDERABAD-WI159",
          "ATM-HYDERABAD-WI211",
          "ATM-HYDERABAD-PS027",
          "ATM-HYDERABAD-WK607",
          "ATM-HYDERABAD-WK608",
          "ATM-HYDERABAD-WC508",
          "ATM-HYDERABAD-WN912",
          "ATM-HYDERABAD-22011",
          "ATM-HYDERABAD-11111",
          "ATM-HYDERABAD-91101",
          "ATM-HYDERABAD-16170",
          "ATM-HYDERABAD-26173",
          "ATM-HYDERABAD-WM310",
          "ATM-HYDERABAD-09002",
          "ATM-HYDERABAD-09101",
          "ATM-HYDERABAD-44005",
          "ATM-HYDERABAD-44101",
          "ATM-HYDERABAD-44006",
          "ATM-HYDERABAD-76004",
          "ATM-HYDERABAD-76621",
          "ATM-HYDERABAD-8E024",
          "ATM-HYDERABAD-CHY55",
          "ATM-HYDERABAD-47445",
          "ATM-HYDERABAD-47002",
          "ATM-HYDERABAD-09601",
          "ATM-HYDERABAD-09602",
          "ATM-HYDERABAD-Y8021",
          "ATM-HYDERABAD-8W025",
          "ATM-HYDERABAD-47507",
          "ATM-HYDERABAD-WN979",
          "ATM-HYDERABAD-W9124",
          "ATM-HYDERABAD-WM068",
          "ATM-HYDERABAD-NM413",
          "ATM-HYDERABAD-CHY25",
          "ATM-HYDERABAD-16222",
          "ATM-HYDERABAD-48621",
          "ATM-HYDERABAD-26192",
          "ATM-HYDERABAD-16263"
        ]
      },
      "geometry": {
        "type": "Polygon",
        "coordinates": [
          [
            [
              78.5251827,
              17.3763099
            ],
            [
              78.52485,
              17.3754907
            ],
            [
              78.5246247,
              17.3743695
            ],
            [
              78.5234929,
              17.3698284
            ],
            [
              78.5247374,
              17.3698488
            ],
            [
              78.5244906,
              17.3685586
            ],
            [
              78.5283583,
              17.3684716
            ],
            [
              78.5329342,
              17.3683641
            ],
            [
              78.5368609,
              17.368277
            ],
            [
              78.5380787,
              17.3681491
            ],
            [
              78.5382226,
              17.3681097
            ],
            [
              78.5385454,
              17.3685126
            ],
            [
              78.5400662,
              17.3703071
            ],
            [
              78.5403264,
              17.3704913
            ],
            [
              78.5402942,
              17.3712516
            ],
            [
              78.5390496,
              17.3709649
            ],
            [
              78.5382557,
              17.3745487
            ],
            [
              78.5391676,
              17.3745078
            ],
            [
              78.538996,
              17.3765556
            ],
            [
              78.5397148,
              17.3765966
            ],
            [
              78.5403371,
              17.3763201
            ],
            [
              78.5411632,
              17.3755317
            ],
            [
              78.5426438,
              17.37546
            ],
            [
              78.542912,
              17.3778867
            ],
            [
              78.5431498,
              17.3826775
            ],
            [
              78.5432017,
              17.3837229
            ],
            [
              78.5389423,
              17.3829857
            ],
            [
              78.5348439,
              17.3793714
            ],
            [
              78.5312176,
              17.377344
            ],
            [
              78.528192,
              17.3758287
            ],
            [
              78.5251827,
              17.3763099
            ]
          ]
        ]
      }
    },
    {
      "type": "Feature",
      "properties": {
        "area_id": "A-WARD-AZAMPURA",
        "area_name": "Ward 28 Azampura",
        "district_id": "D-HYDERABAD",
        "risk_score": 0.42,
        "risk_level": "MEDIUM",
        "high_risk_atm_count": 7,
        "atm_ids": [
          "ATM-HYDERABAD-02813",
          "ATM-HYDERABAD-16262",
          "ATM-HYDERABAD-HYD53",
          "ATM-HYDERABAD-HYD08",
          "ATM-HYDERABAD-SHY01",
          "ATM-HYDERABAD-88111",
          "ATM-HYDERABAD-32621",
          "ATM-HYDERABAD-Y9013",
          "ATM-HYDERABAD-WK720",
          "ATM-HYDERABAD-26008",
          "ATM-HYDERABAD-26049",
          "ATM-HYDERABAD-J0611",
          "ATM-HYDERABAD-WC486",
          "ATM-HYDERABAD-61002",
          "ATM-HYDERABAD-61006",
          "ATM-HYDERABAD-8E028",
          "ATM-HYDERABAD-61622",
          "ATM-HYDERABAD-26266",
          "ATM-HYDERABAD-DK547",
          "ATM-HYDERABAD-05715"
        ]
      },
      "geometry": {
        "type": "Polygon",
        "coordinates": [
          [
            [
              78.491832,
              17.3798628
            ],
            [
              78.4880193,
              17.3794226
            ],
            [
              78.4880233,
              17.3786547
            ],
            [
              78.4879589,
              17.3775693
            ],
            [
              78.4880662,
              17.375972
            ],
            [
              78.4882379,
              17.3744361
            ],
            [
              78.4878302,
              17.3735146
            ],
            [
              78.4879589,
              17.3714667
            ],
            [
              78.4881735,
              17.3703403
            ],
            [
              78.4869933,
              17.3684562
            ],
            [
              78.4870792,
              17.3674528
            ],
            [
              78.4889674,
              17.3669766
            ],
            [
              78.4898928,
              17.3669331
            ],
            [
              78.4916926,
              17.3671046
            ],
            [
              78.493495,
              17.3668384
            ],
            [
              78.4938813,
              17.3671251
            ],
            [
              78.4969068,
              17.3678419
            ],
            [
              78.4981728,
              17.3691935
            ],
            [
              78.4985252,
              17.3697369
            ],
            [
              78.4961987,
              17.3708318
            ],
            [
              78.4968424,
              17.3718967
            ],
            [
              78.4976149,
              17.3729821
            ],
            [
              78.4976149,
              17.374088
            ],
            [
              78.4980977,
              17.3753013
            ],
            [
              78.4965206,
              17.3756648
            ],
            [
              78.495276,
              17.3772826
            ],
            [
              78.4949541,
              17.3800676
            ],
            [
              78.4948522,
              17.3807281
            ],
            [
              78.491832,
              17.3798628
            ]
          ]
        ]
      }
    },
    {
      "type": "Feature",
      "properties": {
        "area_id": "A-WARD-GOSHAMAHAL",
        "area_name": "Ward 51 Goshamahal",
        "district_id": "D-HYDERABAD",
        "risk_score": 0.47,
        "risk_level": "MEDIUM",
        "high_risk_atm_count": 4,
        "atm_ids": [
          "ATM-HYDERABAD-19204",
          "ATM-HYDERABAD-NHY04",
          "ATM-HYDERABAD-HYD23",
          "ATM-HYDERABAD-WC545",
          "ATM-HYDERABAD-WJ226",
          "ATM-HYDERABAD-40403",
          "ATM-HYDERABAD-85700",
          "ATM-HYDERABAD-20001",
          "ATM-HYDERABAD-11001",
          "ATM-HYDERABAD-47088"
        ]
      },
      "geometry": {
        "type": "Polygon",
        "coordinates": [
          [
            [
              78.4582508,
              17.3674886
            ],
            [
              78.4619522,
              17.368405
            ],
            [
              78.4680784,
              17.3695212
            ],
            [
              78.4688506,
              17.3696972
            ],
            [
              78.4688616,
              17.370197
            ],
            [
              78.4687757,
              17.3714667
            ],
            [
              78.4623599,
              17.3706475
            ],
            [
              78.4628105,
              17.3749685
            ],
            [
              78.4632826,
              17.3765044
            ],
            [
              78.4635186,
              17.3771802
            ],
            [
              78.4650207,
              17.3768935
            ],
            [
              78.4673166,
              17.3764225
            ],
            [
              78.4693551,
              17.3755624
            ],
            [
              78.470149,
              17.3766068
            ],
            [
              78.4713507,
              17.3773236
            ],
            [
              78.4719086,
              17.3802929
            ],
            [
              78.4695268,
              17.3810301
            ],
            [
              78.4680676,
              17.3814192
            ],
            [
              78.4674239,
              17.3828526
            ],
            [
              78.4659433,
              17.3830369
            ],
            [
              78.4635401,
              17.3826274
            ],
            [
              78.4616948,
              17.3824022
            ],
            [
              78.4617806,
              17.3822179
            ],
            [
              78.4609867,
              17.3786752
            ],
            [
              78.460064,
              17.3741597
            ],
            [
              78.4577466,
              17.3686508
            ],
            [
              78.4582508,
              17.3674886
            ]
          ]
        ]
      }
    },
    {
      "type": "Feature",
      "properties": {
        "area_id": "A-WARD-MANGALHAT",
        "area_name": "Ward 63 Mangalhat",
        "district_id": "D-HYDERABAD",
        "risk_score": 0.53,
        "risk_level": "MEDIUM",
        "high_risk_atm_count": 2,
        "atm_ids": [
          "ATM-HYDERABAD-47524",
          "ATM-HYDERABAD-NL287",
          "ATM-HYDERABAD-CHY72",
          "ATM-HYDERABAD-47102",
          "ATM-HYDERABAD-90705",
          "ATM-HYDERABAD-16264",
          "ATM-HYDERABAD-NHY93"
        ]
      },
      "geometry": {
        "type": "Polygon",
        "coordinates": [
          [
            [
              78.4536267,
              17.3716101
            ],
            [
              78.4534765,
              17.3705042
            ],
            [
              78.4530929,
              17.3697567
            ],
            [
              78.4534765,
              17.3692652
            ],
            [
              78.4548068,
              17.3692857
            ],
            [
              78.4559226,
              17.3689785
            ],
            [
              78.4577466,
              17.3686508
            ],
            [
              78.460064,
              17.3741597
            ],
            [
              78.4609867,
              17.3786752
            ],
            [
              78.4617806,
              17.3822179
            ],
            [
              78.4616948,
              17.3824022
            ],
            [
              78.4635401,
              17.3826274
            ],
            [
              78.4634757,
              17.3840813
            ],
            [
              78.4599138,
              17.383508
            ],
            [
              78.4585405,
              17.3846137
            ],
            [
              78.4566093,
              17.3855352
            ],
            [
              78.4555793,
              17.3848799
            ],
            [
              78.4543777,
              17.3832622
            ],
            [
              78.4543777,
              17.3821974
            ],
            [
              78.453691,
              17.3815011
            ],
            [
              78.4538627,
              17.3797605
            ],
            [
              78.4546996,
              17.3794738
            ],
            [
              78.4545064,
              17.3777127
            ],
            [
              78.4554506,
              17.3773646
            ],
            [
              78.4571028,
              17.3772212
            ],
            [
              78.4565878,
              17.3737194
            ],
            [
              78.4561587,
              17.3735351
            ],
            [
              78.4556008,
              17.3725521
            ],
            [
              78.4549356,
              17.3721425
            ],
            [
              78.4545279,
              17.3709547
            ],
            [
              78.4536267,
              17.3716101
            ]
          ]
        ]
      }
    },
    {
      "type": "Feature",
      "properties": {
        "area_id": "A-WARD-BEGUM-BAZAR",
        "area_name": "Ward 50 Begum Bazar",
        "district_id": "D-HYDERABAD",
        "risk_score": 0.41,
        "risk_level": "MEDIUM",
        "high_risk_atm_count": 11,
        "atm_ids": [
          "ATM-HYDERABAD-TM007",
          "ATM-HYDERABAD-B5753",
          "ATM-HYDERABAD-26096",
          "ATM-HYDERABAD-Y8041",
          "ATM-HYDERABAD-40406",
          "ATM-HYDERABAD-47166",
          "ATM-HYDERABAD-8091S",
          "ATM-HYDERABAD-NHY74",
          "ATM-HYDERABAD-WHY43",
          "ATM-HYDERABAD-12001",
          "ATM-HYDERABAD-CHB26",
          "ATM-HYDERABAD-CHB27",
          "ATM-HYDERABAD-NHY41",
          "ATM-HYDERABAD-NHE84",
          "ATM-HYDERABAD-NHY73",
          "ATM-HYDERABAD-WHY52",
          "ATM-HYDERABAD-01617",
          "ATM-HYDERABAD-47510",
          "ATM-HYDERABAD-40405",
          "ATM-HYDERABAD-45801",
          "ATM-HYDERABAD-24033",
          "ATM-HYDERABAD-11111",
          "ATM-HYDERABAD-76003",
          "ATM-HYDERABAD-24006",
          "ATM-HYDERABAD-24005",
          "ATM-HYDERABAD-45802",
          "ATM-HYDERABAD-45803",
          "ATM-HYDERABAD-16230",
          "ATM-HYDERABAD-FI285",
          "ATM-HYDERABAD-FI768",
          "ATM-HYDERABAD-NHD51",
          "ATM-HYDERABAD-NQ731",
          "ATM-HYDERABAD-40402",
          "ATM-HYDERABAD-WC695",
          "ATM-HYDERABAD-WN924",
          "ATM-HYDERABAD-O0091",
          "ATM-HYDERABAD-07671"
        ]
      },
      "geometry": {
        "type": "Polygon",
        "coordinates": [
          [
            [
              78.4818241,
              17.3736879
            ],
            [
              78.4802437,
              17.3749509
            ],
            [
              78.4807062,
              17.3755829
            ],
            [
              78.4810925,
              17.3763611
            ],
            [
              78.480792,
              17.3768935
            ],
            [
              78.4815216,
              17.3786751
            ],
            [
              78.4793544,
              17.3793919
            ],
            [
              78.4784746,
              17.3786546
            ],
            [
              78.4781957,
              17.37974
            ],
            [
              78.4777236,
              17.3794943
            ],
            [
              78.4769082,
              17.3795557
            ],
            [
              78.4749556,
              17.3798014
            ],
            [
              78.4719086,
              17.3802929
            ],
            [
              78.4713507,
              17.3773236
            ],
            [
              78.470149,
              17.3766068
            ],
            [
              78.4693551,
              17.3755624
            ],
            [
              78.4673166,
              17.3764225
            ],
            [
              78.4650207,
              17.3768935
            ],
            [
              78.4635186,
              17.3771802
            ],
            [
              78.4632826,
              17.3765044
            ],
            [
              78.4628105,
              17.3749685
            ],
            [
              78.4623599,
              17.3706475
            ],
            [
              78.4687757,
              17.3714667
            ],
            [
              78.4688616,
              17.370197
            ],
            [
              78.4688506,
              17.3696972
            ],
            [
              78.4712219,
              17.3702379
            ],
            [
              78.4744942,
              17.3708625
            ],
            [
              78.4763503,
              17.3713131
            ],
            [
              78.4771014,
              17.3715281
            ],
            [
              78.4778685,
              17.3718071
            ],
            [
              78.4793597,
              17.3723166
            ],
            [
              78.4802798,
              17.3727876
            ],
            [
              78.4812399,
              17.3732356
            ],
            [
              78.4818241,
              17.3736879
            ]
          ]
        ]
      }
    },
    {
      "type": "Feature",
      "properties": {
        "area_id": "A-WARD-KARWAN",
        "area_name": "Ward 65 Karwan",
        "district_id": "D-HYDERABAD",
        "risk_score": 0.55,
        "risk_level": "MEDIUM",
        "high_risk_atm_count": 4,
        "atm_ids": [
          "ATM-HYDERABAD-16084",
          "ATM-HYDERABAD-NHY79",
          "ATM-HYDERABAD-20621",
          "ATM-HYDERABAD-NHY07",
          "ATM-HYDERABAD-NM662",
          "ATM-HYDERABAD-42614",
          "ATM-HYDERABAD-16284",
          "ATM-HYDERABAD-CHY37",
          "ATM-HYDERABAD-42627",
          "ATM-HYDERABAD-42609",
          "ATM-HYDERABAD-8EP08"
        ]
      },
      "geometry": {
        "type": "Polygon",
        "coordinates": [
          [
            [
              78.4270362,
              17.3722661
            ],
            [
              78.4324373,
              17.3743951
            ],
            [
              78.4338641,
              17.3747843
            ],
            [
              78.4349693,
              17.374436
            ],
            [
              78.4367073,
              17.3735247
            ],
            [
              78.4390141,
              17.3711185
            ],
            [
              78.4401191,
              17.3698897
            ],
            [
              78.4400761,
              17.3712107
            ],
            [
              78.4404731,
              17.3718148
            ],
            [
              78.440913,
              17.3727364
            ],
            [
              78.4420395,
              17.3726647
            ],
            [
              78.4423399,
              17.3728285
            ],
            [
              78.4430158,
              17.3726032
            ],
            [
              78.443048,
              17.3721834
            ],
            [
              78.4457517,
              17.3724497
            ],
            [
              78.4469533,
              17.3715998
            ],
            [
              78.4468138,
              17.370668
            ],
            [
              78.4463632,
              17.3702174
            ],
            [
              78.4461808,
              17.3696952
            ],
            [
              78.4484768,
              17.3696031
            ],
            [
              78.4496999,
              17.370924
            ],
            [
              78.4510839,
              17.3695314
            ],
            [
              78.4534765,
              17.3692652
            ],
            [
              78.4530929,
              17.3697567
            ],
            [
              78.4534765,
              17.3705042
            ],
            [
              78.4536267,
              17.3716101
            ],
            [
              78.4523178,
              17.3717125
            ],
            [
              78.4506441,
              17.3721016
            ],
            [
              78.4492064,
              17.3728183
            ],
            [
              78.4480477,
              17.3735351
            ],
            [
              78.4482193,
              17.3748048
            ],
            [
              78.4477956,
              17.3776513
            ],
            [
              78.4449578,
              17.3780096
            ],
            [
              78.444711,
              17.3770267
            ],
            [
              78.4417928,
              17.3770369
            ],
            [
              78.4410525,
              17.375757
            ],
            [
              78.4394914,
              17.3763714
            ],
            [
              78.4392179,
              17.3774772
            ],
            [
              78.438263,
              17.376269
            ],
            [
              78.4359456,
              17.3767093
            ],
            [
              78.4357524,
              17.3768731
            ],
            [
              78.4356559,
              17.3775489
            ],
            [
              78.4361065,
              17.3793868
            ],
            [
              78.4378553,
              17.3786189
            ],
            [
              78.4378607,
              17.3795864
            ],
            [
              78.4374744,
              17.3810967
            ],
            [
              78.4363854,
              17.3825147
            ],
            [
              78.4345079,
              17.3831905
            ],
            [
              78.4297872,
              17.382525
            ],
            [
              78.4294385,
              17.380938
            ],
            [
              78.4256244,
              17.3799448
            ],
            [
              78.4257102,
              17.3772622
            ],
            [
              78.4261823,
              17.3750505
            ],
            [
              78.4268797,
              17.3729617
            ],
            [
              78.4270362,
              17.3722661
            ]
          ]
        ]
      }
    },
    {
      "type": "Feature",
      "properties": {
        "area_id": "A-WARD-LANGAR-HOUZ",
        "area_name": "Ward 66 Langar Houz",
        "district_id": "D-RANGA-REDDY",
        "risk_score": 0.51,
        "risk_level": "MEDIUM",
        "high_risk_atm_count": 11,
        "atm_ids": [
          "ATM-RANGA-REDDY-62802",
          "ATM-RANGA-REDDY-01805",
          "ATM-RANGA-REDDY-NF957",
          "ATM-RANGA-REDDY-WE575",
          "ATM-RANGA-REDDY-WL081",
          "ATM-RANGA-REDDY-09621",
          "ATM-RANGA-REDDY-CHY97",
          "ATM-RANGA-REDDY-48005",
          "ATM-RANGA-REDDY-48002",
          "ATM-RANGA-REDDY-26270",
          "ATM-RANGA-REDDY-42607",
          "ATM-RANGA-REDDY-59001",
          "ATM-RANGA-REDDY-42606",
          "ATM-RANGA-REDDY-NP472",
          "ATM-RANGA-REDDY-WF649",
          "ATM-RANGA-REDDY-CHE16",
          "ATM-RANGA-REDDY-09001",
          "ATM-RANGA-REDDY-26001",
          "ATM-RANGA-REDDY-16301",
          "ATM-RANGA-REDDY-16296",
          "ATM-HYDERABAD-CHY35",
          "ATM-HYDERABAD-62804",
          "ATM-HYDERABAD-8EP06",
          "ATM-HYDERABAD-16278",
          "ATM-HYDERABAD-16273",
          "ATM-HYDERABAD-CHD43"
        ]
      },
      "geometry": {
        "type": "Polygon",
        "coordinates": [
          [
            [
              78.4122133,
              17.3714871
            ],
            [
              78.4171808,
              17.3711697
            ],
            [
              78.4257103,
              17.3718761
            ],
            [
              78.4270362,
              17.3722661
            ],
            [
              78.4268797,
              17.3729617
            ],
            [
              78.4261823,
              17.3750505
            ],
            [
              78.4257102,
              17.3772622
            ],
            [
              78.422792,
              17.3779175
            ],
            [
              78.4203458,
              17.378327
            ],
            [
              78.4185219,
              17.3784909
            ],
            [
              78.4162045,
              17.3795148
            ],
            [
              78.412385,
              17.3793919
            ],
            [
              78.4034372,
              17.3839994
            ],
            [
              78.4010232,
              17.3866103
            ],
            [
              78.3990598,
              17.3881154
            ],
            [
              78.3965064,
              17.3882382
            ],
            [
              78.3959914,
              17.3899583
            ],
            [
              78.3998216,
              17.3923336
            ],
            [
              78.393792,
              17.3925588
            ],
            [
              78.3929873,
              17.3900709
            ],
            [
              78.3895541,
              17.3882894
            ],
            [
              78.3875156,
              17.385996
            ],
            [
              78.3846832,
              17.3854533
            ],
            [
              78.3828271,
              17.3884635
            ],
            [
              78.3833743,
              17.3905931
            ],
            [
              78.3835566,
              17.3924462
            ],
            [
              78.382752,
              17.3939308
            ],
            [
              78.381486,
              17.3874396
            ],
            [
              78.3797479,
              17.3876853
            ],
            [
              78.3800912,
              17.3852895
            ],
            [
              78.3797425,
              17.3842298
            ],
            [
              78.3790398,
              17.3839687
            ],
            [
              78.3788628,
              17.3835233
            ],
            [
              78.3796406,
              17.3820233
            ],
            [
              78.3780742,
              17.3806103
            ],
            [
              78.3778918,
              17.3783987
            ],
            [
              78.3756173,
              17.3772519
            ],
            [
              78.3753491,
              17.3763714
            ],
            [
              78.3815289,
              17.3740061
            ],
            [
              78.3889533,
              17.3710776
            ],
            [
              78.3984375,
              17.3711186
            ],
            [
              78.4014631,
              17.3731869
            ],
            [
              78.4031368,
              17.3732074
            ],
            [
              78.4076965,
              17.3723473
            ],
            [
              78.4101534,
              17.3720811
            ],
            [
              78.4122133,
              17.3714871
            ]
          ]
        ]
      }
    },
    {
      "type": "Feature",
      "properties": {
        "area_id": "A-WARD-DATTATREYA-NAGAR",
        "area_name": "Ward 64 Dattatreya Nagar",
        "district_id": "D-HYDERABAD",
        "risk_score": 0.65,
        "risk_level": "HIGH",
        "high_risk_atm_count": 2,
        "atm_ids": [
          "ATM-HYDERABAD-45805",
          "ATM-HYDERABAD-40001"
        ]
      },
      "geometry": {
        "type": "Polygon",
        "coordinates": [
          [
            [
              78.4477956,
              17.3776513
            ],
            [
              78.4482193,
              17.3748048
            ],
            [
              78.4480477,
              17.3735351
            ],
            [
              78.4492064,
              17.3728183
            ],
            [
              78.4506441,
              17.3721016
            ],
            [
              78.4523178,
              17.3717125
            ],
            [
              78.4536267,
              17.3716101
            ],
            [
              78.4545279,
              17.3709547
            ],
            [
              78.4549356,
              17.3721425
            ],
            [
              78.4556008,
              17.3725521
            ],
            [
              78.4561587,
              17.3735351
            ],
            [
              78.4565878,
              17.3737194
            ],
            [
              78.4571028,
              17.3772212
            ],
            [
              78.4554506,
              17.3773646
            ],
            [
              78.4545064,
              17.3777127
            ],
            [
              78.4546996,
              17.3794738
            ],
            [
              78.4538627,
              17.3797605
            ],
            [
              78.453691,
              17.3815011
            ],
            [
              78.4522319,
              17.3808049
            ],
            [
              78.4506655,
              17.3802929
            ],
            [
              78.4502149,
              17.3806103
            ],
            [
              78.450054,
              17.3814807
            ],
            [
              78.4484768,
              17.3812964
            ],
            [
              78.4476346,
              17.3799039
            ],
            [
              78.4477956,
              17.3776513
            ]
          ]
        ]
      }
    },
    {
      "type": "Feature",
      "properties": {
        "area_id": "A-WARD-GUDIMALKAPUR",
        "area_name": "Ward 71 Gudimalkapur",
        "district_id": "D-HYDERABAD",
        "risk_score": 0.43,
        "risk_level": "MEDIUM",
        "high_risk_atm_count": 2,
        "atm_ids": [
          "ATM-HYDERABAD-WHY08",
          "ATM-HYDERABAD-86001",
          "ATM-HYDERABAD-NHT01",
          "ATM-HYDERABAD-8E021",
          "ATM-HYDERABAD-11111",
          "ATM-HYDERABAD-48003",
          "ATM-HYDERABAD-00423",
          "ATM-HYDERABAD-16221",
          "ATM-HYDERABAD-16206"
        ]
      },
      "geometry": {
        "type": "Polygon",
        "coordinates": [
          [
            [
              78.4257171,
              17.3861713
            ],
            [
              78.4247447,
              17.3821155
            ],
            [
              78.4255386,
              17.3813168
            ],
            [
              78.4256244,
              17.3799448
            ],
            [
              78.4294385,
              17.380938
            ],
            [
              78.4297872,
              17.382525
            ],
            [
              78.4345079,
              17.3831905
            ],
            [
              78.4363854,
              17.3825147
            ],
            [
              78.4374744,
              17.3810967
            ],
            [
              78.4378607,
              17.3795864
            ],
            [
              78.4378553,
              17.3786189
            ],
            [
              78.4361065,
              17.3793868
            ],
            [
              78.4356559,
              17.3775489
            ],
            [
              78.4357524,
              17.3768731
            ],
            [
              78.4359456,
              17.3767093
            ],
            [
              78.438263,
              17.376269
            ],
            [
              78.4392179,
              17.3774772
            ],
            [
              78.4394914,
              17.3763714
            ],
            [
              78.4410525,
              17.375757
            ],
            [
              78.4417928,
              17.3770369
            ],
            [
              78.444711,
              17.3770267
            ],
            [
              78.4449578,
              17.3780096
            ],
            [
              78.4477956,
              17.3776513
            ],
            [
              78.4476346,
              17.3799039
            ],
            [
              78.4451455,
              17.380275
            ],
            [
              78.4427959,
              17.3804056
            ],
            [
              78.4430051,
              17.3824022
            ],
            [
              78.4389604,
              17.3824226
            ],
            [
              78.4372035,
              17.3840224
            ],
            [
              78.4357042,
              17.3839841
            ],
            [
              78.435157,
              17.387025
            ],
            [
              78.4364659,
              17.387112
            ],
            [
              78.4365725,
              17.3878006
            ],
            [
              78.4366537,
              17.3883253
            ],
            [
              78.4351302,
              17.3898969
            ],
            [
              78.4326438,
              17.3902501
            ],
            [
              78.4309298,
              17.3904395
            ],
            [
              78.4313965,
              17.3937567
            ],
            [
              78.4295512,
              17.3939001
            ],
            [
              78.4294948,
              17.393232
            ],
            [
              78.426826,
              17.3932141
            ],
            [
              78.4267831,
              17.3913302
            ],
            [
              78.4297657,
              17.3873372
            ],
            [
              78.4293581,
              17.384798
            ],
            [
              78.4257171,
              17.3861713
            ]
          ]
        ]
      }
    },
    {
      "type": "Feature",
      "properties": {
        "area_id": "A-WARD-ASIF-NAGAR",
        "area_name": "Ward 72 Asif Nagar",
        "district_id": "D-HYDERABAD",
        "risk_score": 0.56,
        "risk_level": "MEDIUM",
        "high_risk_atm_count": 6,
        "atm_ids": [
          "ATM-HYDERABAD-32701",
          "ATM-HYDERABAD-56401",
          "ATM-HYDERABAD-B8541",
          "ATM-HYDERABAD-87088",
          "ATM-HYDERABAD-CHD41",
          "ATM-HYDERABAD-CHY96",
          "ATM-HYDERABAD-WM317",
          "ATM-HYDERABAD-92204",
          "ATM-HYDERABAD-WM318",
          "ATM-HYDERABAD-92202",
          "ATM-HYDERABAD-11111",
          "ATM-HYDERABAD-NHB22"
        ]
      },
      "geometry": {
        "type": "Polygon",
        "coordinates": [
          [
            [
              78.4365725,
              17.3878006
            ],
            [
              78.4364659,
              17.387112
            ],
            [
              78.435157,
              17.387025
            ],
            [
              78.4357042,
              17.3839841
            ],
            [
              78.4372035,
              17.3840224
            ],
            [
              78.4389604,
              17.3824226
            ],
            [
              78.4430051,
              17.3824022
            ],
            [
              78.4427959,
              17.3804056
            ],
            [
              78.4451455,
              17.380275
            ],
            [
              78.4476346,
              17.3799039
            ],
            [
              78.4484768,
              17.3812964
            ],
            [
              78.450054,
              17.3814807
            ],
            [
              78.4502149,
              17.3806103
            ],
            [
              78.4506655,
              17.3802929
            ],
            [
              78.4522319,
              17.3808049
            ],
            [
              78.453691,
              17.3815011
            ],
            [
              78.4543777,
              17.3821974
            ],
            [
              78.4543777,
              17.3832622
            ],
            [
              78.4555793,
              17.3848799
            ],
            [
              78.4546566,
              17.3858219
            ],
            [
              78.4538751,
              17.3859945
            ],
            [
              78.4520603,
              17.3863953
            ],
            [
              78.4497214,
              17.3872553
            ],
            [
              78.4461809,
              17.3873577
            ],
            [
              78.4446788,
              17.3873782
            ],
            [
              78.4427476,
              17.3871529
            ],
            [
              78.4386921,
              17.3863953
            ],
            [
              78.4384346,
              17.3878082
            ],
            [
              78.4365725,
              17.3878006
            ]
          ]
        ]
      }
    },
    {
      "type": "Feature",
      "properties": {
        "area_id": "A-WARD-GOLCONDA",
        "area_name": "Ward 67 Golconda",
        "district_id": "D-HYDERABAD",
        "risk_score": 0.56,
        "risk_level": "MEDIUM",
        "high_risk_atm_count": 3,
        "atm_ids": [
          "ATM-RANGA-REDDY-16001",
          "ATM-RANGA-REDDY-16101",
          "ATM-RANGA-REDDY-42625",
          "ATM-HYDERABAD-NM749",
          "ATM-HYDERABAD-CTE01",
          "ATM-HYDERABAD-16175",
          "ATM-HYDERABAD-56500",
          "ATM-HYDERABAD-56500"
        ]
      },
      "geometry": {
        "type": "Polygon",
        "coordinates": [
          [
            [
              78.3990598,
              17.3881154
            ],
            [
              78.4010232,
              17.3866103
            ],
            [
              78.4034372,
              17.3839994
            ],
            [
              78.412385,
              17.3793919
            ],
            [
              78.4162045,
              17.3795148
            ],
            [
              78.4185219,
              17.3784909
            ],
            [
              78.4203458,
              17.378327
            ],
            [
              78.422792,
              17.3779175
            ],
            [
              78.4257102,
              17.3772622
            ],
            [
              78.4256244,
              17.3799448
            ],
            [
              78.4255386,
              17.3813168
            ],
            [
              78.4247447,
              17.3821155
            ],
            [
              78.4257171,
              17.3861713
            ],
            [
              78.4259034,
              17.3869482
            ],
            [
              78.423071,
              17.3872963
            ],
            [
              78.4233499,
              17.3918217
            ],
            [
              78.4212256,
              17.3916886
            ],
            [
              78.4184576,
              17.3913507
            ],
            [
              78.4195304,
              17.3927636
            ],
            [
              78.4203029,
              17.3942789
            ],
            [
              78.4188009,
              17.3956508
            ],
            [
              78.4174705,
              17.3965722
            ],
            [
              78.4171916,
              17.3947293
            ],
            [
              78.4147883,
              17.3944427
            ],
            [
              78.4143591,
              17.3937055
            ],
            [
              78.4147239,
              17.3924974
            ],
            [
              78.4163332,
              17.3911255
            ],
            [
              78.4143806,
              17.3908388
            ],
            [
              78.4163547,
              17.3901016
            ],
            [
              78.4151316,
              17.3868253
            ],
            [
              78.4116984,
              17.3851052
            ],
            [
              78.408587,
              17.3884225
            ],
            [
              78.4039951,
              17.3898969
            ],
            [
              78.4041882,
              17.3882792
            ],
            [
              78.405304,
              17.3871632
            ],
            [
              78.4028364,
              17.3873372
            ],
            [
              78.4028578,
              17.3862724
            ],
            [
              78.3996392,
              17.3889344
            ],
            [
              78.3990598,
              17.3881154
            ]
          ]
        ]
      }
    },
    {
      "type": "Feature",
      "properties": {
        "area_id": "A-WARD-JAMBAGH",
        "area_name": "Ward 77 Jambagh",
        "district_id": "D-HYDERABAD",
        "risk_score": 0.46,
        "risk_level": "MEDIUM",
        "high_risk_atm_count": 19,
        "atm_ids": [
          "ATM-HYDERABAD-26262",
          "ATM-HYDERABAD-47053",
          "ATM-HYDERABAD-WJ005",
          "ATM-HYDERABAD-40401",
          "ATM-HYDERABAD-WG457",
          "ATM-HYDERABAD-11111",
          "ATM-HYDERABAD-WN882",
          "ATM-HYDERABAD-87211",
          "ATM-HYDERABAD-00701",
          "ATM-HYDERABAD-00001",
          "ATM-HYDERABAD-11001",
          "ATM-HYDERABAD-10056",
          "ATM-HYDERABAD-65502",
          "ATM-HYDERABAD-72008",
          "ATM-HYDERABAD-01241",
          "ATM-HYDERABAD-00301",
          "ATM-HYDERABAD-47073",
          "ATM-HYDERABAD-47622",
          "ATM-HYDERABAD-W1631",
          "ATM-HYDERABAD-47070",
          "ATM-HYDERABAD-47071",
          "ATM-HYDERABAD-8081S",
          "ATM-HYDERABAD-NHY30",
          "ATM-HYDERABAD-47625",
          "ATM-HYDERABAD-NHY72",
          "ATM-HYDERABAD-65001",
          "ATM-HYDERABAD-01001",
          "ATM-HYDERABAD-58004",
          "ATM-HYDERABAD-58102",
          "ATM-HYDERABAD-78003",
          "ATM-HYDERABAD-PO313",
          "ATM-HYDERABAD-NA136",
          "ATM-HYDERABAD-B9281",
          "ATM-HYDERABAD-WHY36",
          "ATM-HYDERABAD-20700",
          "ATM-HYDERABAD-03701",
          "ATM-HYDERABAD-W9439",
          "ATM-HYDERABAD-47093",
          "ATM-HYDERABAD-47525",
          "ATM-HYDERABAD-29001",
          "ATM-HYDERABAD-NHD10",
          "ATM-HYDERABAD-NHD02",
          "ATM-HYDERABAD-65621",
          "ATM-HYDERABAD-65622",
          "ATM-HYDERABAD-47456",
          "ATM-HYDERABAD-PS068",
          "ATM-HYDERABAD-WK589",
          "ATM-HYDERABAD-WK614",
          "ATM-HYDERABAD-PB456",
          "ATM-HYDERABAD-47457",
          "ATM-HYDERABAD-HYD03",
          "ATM-HYDERABAD-38621",
          "ATM-HYDERABAD-Y8011",
          "ATM-HYDERABAD-12901",
          "ATM-HYDERABAD-96621",
          "ATM-HYDERABAD-47032",
          "ATM-HYDERABAD-00815",
          "ATM-HYDERABAD-72001",
          "ATM-HYDERABAD-01799",
          "ATM-HYDERABAD-16214",
          "ATM-HYDERABAD-24001",
          "ATM-HYDERABAD-24001",
          "ATM-HYDERABAD-8EP04",
          "ATM-HYDERABAD-46001"
        ]
      },
      "geometry": {
        "type": "Polygon",
        "coordinates": [
          [
            [
              78.4793544,
              17.3793919
            ],
            [
              78.4844613,
              17.3851256
            ],
            [
              78.4795904,
              17.3857195
            ],
            [
              78.480792,
              17.3878082
            ],
            [
              78.4802341,
              17.3899787
            ],
            [
              78.4763932,
              17.3897944
            ],
            [
              78.4763074,
              17.3885761
            ],
            [
              78.4742045,
              17.3886068
            ],
            [
              78.4699345,
              17.3913097
            ],
            [
              78.4700697,
              17.3921425
            ],
            [
              78.4690976,
              17.3922516
            ],
            [
              78.4683895,
              17.3915145
            ],
            [
              78.4676385,
              17.3908388
            ],
            [
              78.4657717,
              17.3910845
            ],
            [
              78.4638298,
              17.3906647
            ],
            [
              78.4617162,
              17.3882587
            ],
            [
              78.4617162,
              17.3872758
            ],
            [
              78.4634972,
              17.3845114
            ],
            [
              78.4634757,
              17.3840813
            ],
            [
              78.4635401,
              17.3826274
            ],
            [
              78.4659433,
              17.3830369
            ],
            [
              78.4674239,
              17.3828526
            ],
            [
              78.4680676,
              17.3814192
            ],
            [
              78.4695268,
              17.3810301
            ],
            [
              78.4719086,
              17.3802929
            ],
            [
              78.4749556,
              17.3798014
            ],
            [
              78.4769082,
              17.3795557
            ],
            [
              78.4777236,
              17.3794943
            ],
            [
              78.4781957,
              17.37974
            ],
            [
              78.4784746,
              17.3786546
            ],
            [
              78.4793544,
              17.3793919
            ]
          ]
        ]
      }
    },
    {
      "type": "Feature",
      "properties": {
        "area_id": "A-WARD-AMBERPET",
        "area_name": "Ward 83 Amberpet",
        "district_id": "D-HYDERABAD",
        "risk_score": 0.53,
        "risk_level": "MEDIUM",
        "high_risk_atm_count": 4,
        "atm_ids": [
          "ATM-HYDERABAD-NM449",
          "ATM-HYDERABAD-NM448",
          "ATM-HYDERABAD-37003",
          "ATM-HYDERABAD-89012",
          "ATM-HYDERABAD-05712",
          "ATM-HYDERABAD-WC449",
          "ATM-HYDERABAD-01621",
          "ATM-HYDERABAD-47517",
          "ATM-HYDERABAD-94621",
          "ATM-HYDERABAD-NQ856",
          "ATM-HYDERABAD-NQ855",
          "ATM-HYDERABAD-NH793",
          "ATM-HYDERABAD-47142"
        ]
      },
      "geometry": {
        "type": "Polygon",
        "coordinates": [
          [
            [
              78.5162647,
              17.392062
            ],
            [
              78.5163903,
              17.3885658
            ],
            [
              78.5170126,
              17.3850642
            ],
            [
              78.5179138,
              17.3830574
            ],
            [
              78.5182357,
              17.381583
            ],
            [
              78.5169911,
              17.3799858
            ],
            [
              78.517372,
              17.3795864
            ],
            [
              78.5185844,
              17.3786495
            ],
            [
              78.5217654,
              17.3773645
            ],
            [
              78.5251827,
              17.3763099
            ],
            [
              78.5283865,
              17.3809623
            ],
            [
              78.5281223,
              17.3822793
            ],
            [
              78.5281974,
              17.3829909
            ],
            [
              78.5271192,
              17.3836513
            ],
            [
              78.5268188,
              17.3863338
            ],
            [
              78.5273713,
              17.3881102
            ],
            [
              78.5283852,
              17.3949034
            ],
            [
              78.5294419,
              17.3952515
            ],
            [
              78.5288971,
              17.3961872
            ],
            [
              78.5277897,
              17.3957224
            ],
            [
              78.5202956,
              17.3926407
            ],
            [
              78.5162647,
              17.392062
            ]
          ]
        ]
      }
    },
    {
      "type": "Feature",
      "properties": {
        "area_id": "A-WARD-UPPAL",
        "area_name": "Ward 10 Uppal",
        "district_id": "D-MEDCHAL-MALKAJGIRI",
        "risk_score": 0.39,
        "risk_level": "LOW",
        "high_risk_atm_count": 9,
        "atm_ids": [
          "ATM-MEDCHAL-MALKAJGIRI-54621",
          "ATM-HYDERABAD-NHE31",
          "ATM-MEDCHAL-MALKAJGIRI-47565",
          "ATM-MEDCHAL-MALKAJGIRI-07601",
          "ATM-MEDCHAL-MALKAJGIRI-07603",
          "ATM-MEDCHAL-MALKAJGIRI-NQ649",
          "ATM-MEDCHAL-MALKAJGIRI-NP286",
          "ATM-MEDCHAL-MALKAJGIRI-NQ850",
          "ATM-MEDCHAL-MALKAJGIRI-NHY13",
          "ATM-MEDCHAL-MALKAJGIRI-00429",
          "ATM-MEDCHAL-MALKAJGIRI-F092U",
          "ATM-MEDCHAL-MALKAJGIRI-73866",
          "ATM-MEDCHAL-MALKAJGIRI-8WS05",
          "ATM-MEDCHAL-MALKAJGIRI-01371",
          "ATM-MEDCHAL-MALKAJGIRI-NHY59",
          "ATM-MEDCHAL-MALKAJGIRI-14102",
          "ATM-MEDCHAL-MALKAJGIRI-B8618",
          "ATM-MEDCHAL-MALKAJGIRI-80007",
          "ATM-MEDCHAL-MALKAJGIRI-47566",
          "ATM-MEDCHAL-MALKAJGIRI-14117",
          "ATM-MEDCHAL-MALKAJGIRI-WG759",
          "ATM-MEDCHAL-MALKAJGIRI-CHY63",
          "ATM-MEDCHAL-MALKAJGIRI-NHD14",
          "ATM-MEDCHAL-MALKAJGIRI-NHD56",
          "ATM-MEDCHAL-MALKAJGIRI-CHB62",
          "ATM-MEDCHAL-MALKAJGIRI-WG808",
          "ATM-MEDCHAL-MALKAJGIRI-CHD07",
          "ATM-MEDCHAL-MALKAJGIRI-W7346",
          "ATM-MEDCHAL-MALKAJGIRI-14139",
          "ATM-MEDCHAL-MALKAJGIRI-04026",
          "ATM-MEDCHAL-MALKAJGIRI-B9344",
          "ATM-MEDCHAL-MALKAJGIRI-81001",
          "ATM-MEDCHAL-MALKAJGIRI-N1690",
          "ATM-MEDCHAL-MALKAJGIRI-WM063",
          "ATM-MEDCHAL-MALKAJGIRI-WM062",
          "ATM-MEDCHAL-MALKAJGIRI-89021",
          "ATM-MEDCHAL-MALKAJGIRI-80006",
          "ATM-MEDCHAL-MALKAJGIRI-80005",
          "ATM-MEDCHAL-MALKAJGIRI-80101",
          "ATM-MEDCHAL-MALKAJGIRI-CHY48"
        ]
      },
      "geometry": {
        "type": "Polygon",
        "coordinates": [
          [
            [
              78.5670519,
              17.4116829
            ],
            [
              78.5655284,
              17.4116625
            ],
            [
              78.5644126,
              17.4111916
            ],
            [
              78.5643053,
              17.4097993
            ],
            [
              78.5644341,
              17.4084275
            ],
            [
              78.5644555,
              17.4060114
            ],
            [
              78.5638547,
              17.4059295
            ],
            [
              78.562181,
              17.4014864
            ],
            [
              78.5601157,
              17.4016041
            ],
            [
              78.5534477,
              17.4011997
            ],
            [
              78.5484266,
              17.4011383
            ],
            [
              78.5469246,
              17.4011792
            ],
            [
              78.5454869,
              17.4010769
            ],
            [
              78.5454226,
              17.3981079
            ],
            [
              78.5453582,
              17.3930502
            ],
            [
              78.5463023,
              17.3905521
            ],
            [
              78.543148,
              17.3912073
            ],
            [
              78.5430193,
              17.3886477
            ],
            [
              78.5427404,
              17.3884225
            ],
            [
              78.5439634,
              17.3875215
            ],
            [
              78.5432017,
              17.3837229
            ],
            [
              78.5470641,
              17.3828117
            ],
            [
              78.5489523,
              17.3810506
            ],
            [
              78.5519671,
              17.3804362
            ],
            [
              78.5583186,
              17.3831393
            ],
            [
              78.5629964,
              17.3860062
            ],
            [
              78.567009,
              17.3862314
            ],
            [
              78.5707426,
              17.3873576
            ],
            [
              78.5754418,
              17.3884634
            ],
            [
              78.5785746,
              17.3895897
            ],
            [
              78.5802483,
              17.3896716
            ],
            [
              78.581939,
              17.3894447
            ],
            [
              78.5802591,
              17.3953538
            ],
            [
              78.5819006,
              17.403923
            ],
            [
              78.5776842,
              17.4049672
            ],
            [
              78.5688973,
              17.4099119
            ],
            [
              78.5670519,
              17.4116829
            ]
          ]
        ]
      }
    },
    {
      "type": "Feature",
      "properties": {
        "area_id": "A-WARD-KACHIGUDA",
        "area_name": "Ward 80 Kachiguda",
        "district_id": "D-HYDERABAD",
        "risk_score": 0.41,
        "risk_level": "MEDIUM",
        "high_risk_atm_count": 15,
        "atm_ids": [
          "ATM-HYDERABAD-14001",
          "ATM-HYDERABAD-PO557",
          "ATM-HYDERABAD-21003",
          "ATM-HYDERABAD-47538",
          "ATM-HYDERABAD-26265",
          "ATM-HYDERABAD-14141",
          "ATM-HYDERABAD-27401",
          "ATM-HYDERABAD-16172",
          "ATM-HYDERABAD-17001",
          "ATM-HYDERABAD-8WS07",
          "ATM-HYDERABAD-16173",
          "ATM-HYDERABAD-21101",
          "ATM-HYDERABAD-8E027",
          "ATM-HYDERABAD-47553",
          "ATM-HYDERABAD-NJ057",
          "ATM-HYDERABAD-38301",
          "ATM-HYDERABAD-WC281",
          "ATM-HYDERABAD-WK632",
          "ATM-HYDERABAD-D2327",
          "ATM-HYDERABAD-59401",
          "ATM-HYDERABAD-Y9008",
          "ATM-HYDERABAD-13620",
          "ATM-HYDERABAD-WHY41",
          "ATM-HYDERABAD-WE551",
          "ATM-HYDERABAD-NQ331",
          "ATM-HYDERABAD-NM719",
          "ATM-HYDERABAD-21004",
          "ATM-HYDERABAD-41622",
          "ATM-HYDERABAD-41623",
          "ATM-HYDERABAD-41621",
          "ATM-HYDERABAD-47007",
          "ATM-HYDERABAD-47550",
          "ATM-HYDERABAD-54101",
          "ATM-HYDERABAD-21001",
          "ATM-HYDERABAD-HYD07",
          "ATM-HYDERABAD-16201",
          "ATM-HYDERABAD-NTX56",
          "ATM-HYDERABAD-CHD41",
          "ATM-HYDERABAD-16227",
          "ATM-HYDERABAD-16228",
          "ATM-HYDERABAD-NL225",
          "ATM-HYDERABAD-21005",
          "ATM-HYDERABAD-47127",
          "ATM-HYDERABAD-B9899",
          "ATM-HYDERABAD-27101"
        ]
      },
      "geometry": {
        "type": "Polygon",
        "coordinates": [
          [
            [
              78.4890532,
              17.3907159
            ],
            [
              78.4883237,
              17.3893644
            ],
            [
              78.4886456,
              17.3879515
            ],
            [
              78.4891605,
              17.3875829
            ],
            [
              78.4900403,
              17.38617
            ],
            [
              78.489933,
              17.3843475
            ],
            [
              78.4910917,
              17.3845113
            ],
            [
              78.4918427,
              17.3838356
            ],
            [
              78.4916631,
              17.3809047
            ],
            [
              78.4923229,
              17.3811223
            ],
            [
              78.4928405,
              17.3814627
            ],
            [
              78.4931141,
              17.3817929
            ],
            [
              78.4933448,
              17.3824635
            ],
            [
              78.4935594,
              17.3835079
            ],
            [
              78.4949756,
              17.3836103
            ],
            [
              78.5028413,
              17.3926789
            ],
            [
              78.503792,
              17.3937761
            ],
            [
              78.4972528,
              17.3956123
            ],
            [
              78.4961906,
              17.3963162
            ],
            [
              78.4953779,
              17.3972888
            ],
            [
              78.4945464,
              17.3988041
            ],
            [
              78.4899759,
              17.3949341
            ],
            [
              78.4890532,
              17.3907159
            ]
          ]
        ]
      }
    },
    {
      "type": "Feature",
      "properties": {
        "area_id": "A-WARD-GOLNAKA",
        "area_name": "Ward 82 Golnaka",
        "district_id": "D-HYDERABAD",
        "risk_score": 0.61,
        "risk_level": "MEDIUM",
        "high_risk_atm_count": 8,
        "atm_ids": [
          "ATM-HYDERABAD-47504",
          "ATM-HYDERABAD-00430",
          "ATM-HYDERABAD-37807",
          "ATM-HYDERABAD-WN604",
          "ATM-HYDERABAD-Y8021",
          "ATM-HYDERABAD-2991S",
          "ATM-HYDERABAD-47066",
          "ATM-HYDERABAD-01002",
          "ATM-HYDERABAD-8W028",
          "ATM-HYDERABAD-23101",
          "ATM-HYDERABAD-80813",
          "ATM-HYDERABAD-NHY10",
          "ATM-HYDERABAD-75078",
          "ATM-HYDERABAD-80801"
        ]
      },
      "geometry": {
        "type": "Polygon",
        "coordinates": [
          [
            [
              78.503792,
              17.3937761
            ],
            [
              78.5028413,
              17.3926789
            ],
            [
              78.4949756,
              17.3836103
            ],
            [
              78.4935594,
              17.3835079
            ],
            [
              78.4933448,
              17.3824635
            ],
            [
              78.4931141,
              17.3817929
            ],
            [
              78.4928405,
              17.3814627
            ],
            [
              78.4923229,
              17.3811223
            ],
            [
              78.4916631,
              17.3809047
            ],
            [
              78.491832,
              17.3798628
            ],
            [
              78.4948522,
              17.3807281
            ],
            [
              78.5002542,
              17.3849925
            ],
            [
              78.5030651,
              17.3860266
            ],
            [
              78.506788,
              17.3858731
            ],
            [
              78.5109078,
              17.3858731
            ],
            [
              78.5145771,
              17.3824943
            ],
            [
              78.5169911,
              17.3799858
            ],
            [
              78.5182357,
              17.381583
            ],
            [
              78.5179138,
              17.3830574
            ],
            [
              78.5170126,
              17.3850642
            ],
            [
              78.5163903,
              17.3885658
            ],
            [
              78.5162647,
              17.392062
            ],
            [
              78.5154462,
              17.3919445
            ],
            [
              78.5108972,
              17.3912688
            ],
            [
              78.5060263,
              17.3903883
            ],
            [
              78.5046959,
              17.3893644
            ],
            [
              78.5045242,
              17.3899582
            ],
            [
              78.5050178,
              17.3914735
            ],
            [
              78.5044813,
              17.3935826
            ],
            [
              78.503792,
              17.3937761
            ]
          ]
        ]
      }
    },
    {
      "type": "Feature",
      "properties": {
        "area_id": "A-WARD-MALLEPALLY",
        "area_name": "Ward 76 Mallepally",
        "district_id": "D-HYDERABAD",
        "risk_score": 0.38,
        "risk_level": "LOW",
        "high_risk_atm_count": 3,
        "atm_ids": [
          "ATM-HYDERABAD-16913",
          "ATM-HYDERABAD-45804",
          "ATM-HYDERABAD-15002",
          "ATM-HYDERABAD-8W029",
          "ATM-HYDERABAD-8E013",
          "ATM-HYDERABAD-87043",
          "ATM-HYDERABAD-WN779",
          "ATM-HYDERABAD-09621",
          "ATM-HYDERABAD-95621",
          "ATM-HYDERABAD-09002",
          "ATM-HYDERABAD-93621"
        ]
      },
      "geometry": {
        "type": "Polygon",
        "coordinates": [
          [
            [
              78.4555793,
              17.3848799
            ],
            [
              78.4566093,
              17.3855352
            ],
            [
              78.4585405,
              17.3846137
            ],
            [
              78.4599138,
              17.383508
            ],
            [
              78.4634757,
              17.3840813
            ],
            [
              78.4634972,
              17.3845114
            ],
            [
              78.4617162,
              17.3872758
            ],
            [
              78.4617162,
              17.3882587
            ],
            [
              78.4638298,
              17.3906647
            ],
            [
              78.4657717,
              17.3910845
            ],
            [
              78.4651924,
              17.3918012
            ],
            [
              78.4635616,
              17.3935417
            ],
            [
              78.4616733,
              17.3943608
            ],
            [
              78.4596992,
              17.3947498
            ],
            [
              78.4571457,
              17.3929069
            ],
            [
              78.4565235,
              17.3935827
            ],
            [
              78.4552833,
              17.393186
            ],
            [
              78.456502,
              17.3916988
            ],
            [
              78.4553647,
              17.388402
            ],
            [
              78.4532619,
              17.3879106
            ],
            [
              78.4538751,
              17.3859945
            ],
            [
              78.4546566,
              17.3858219
            ],
            [
              78.4555793,
              17.3848799
            ]
          ]
        ]
      }
    },
    {
      "type": "Feature",
      "properties": {
        "area_id": "A-WARD-HABSIGUDA",
        "area_name": "Ward 8 Habsiguda",
        "district_id": "D-HYDERABAD",
        "risk_score": 0.5,
        "risk_level": "MEDIUM",
        "high_risk_atm_count": 22,
        "atm_ids": [
          "ATM-HYDERABAD-80816",
          "ATM-HYDERABAD-10003",
          "ATM-HYDERABAD-NHY31",
          "ATM-HYDERABAD-80817",
          "ATM-HYDERABAD-19507",
          "ATM-HYDERABAD-10101",
          "ATM-HYDERABAD-10005",
          "ATM-HYDERABAD-10004",
          "ATM-HYDERABAD-NM336",
          "ATM-HYDERABAD-NQ643",
          "ATM-HYDERABAD-19508",
          "ATM-HYDERABAD-HYD37",
          "ATM-HYDERABAD-87893",
          "ATM-HYDERABAD-10002",
          "ATM-HYDERABAD-WHY06",
          "ATM-HYDERABAD-19501",
          "ATM-HYDERABAD-D9484",
          "ATM-HYDERABAD-47040",
          "ATM-HYDERABAD-CHB66",
          "ATM-HYDERABAD-NHY11",
          "ATM-HYDERABAD-03005",
          "ATM-MEDCHAL-MALKAJGIRI-11111",
          "ATM-HYDERABAD-48302",
          "ATM-HYDERABAD-55315",
          "ATM-HYDERABAD-45001",
          "ATM-HYDERABAD-71401",
          "ATM-HYDERABAD-WC448",
          "ATM-HYDERABAD-19502",
          "ATM-HYDERABAD-19501",
          "ATM-MEDCHAL-MALKAJGIRI-NHY60",
          "ATM-MEDCHAL-MALKAJGIRI-89003",
          "ATM-MEDCHAL-MALKAJGIRI-13405",
          "ATM-MEDCHAL-MALKAJGIRI-89005",
          "ATM-HYDERABAD-87605",
          "ATM-HYDERABAD-WN904",
          "ATM-HYDERABAD-90001",
          "ATM-HYDERABAD-93004",
          "ATM-HYDERABAD-93003",
          "ATM-HYDERABAD-93101",
          "ATM-HYDERABAD-00003",
          "ATM-HYDERABAD-47172",
          "ATM-HYDERABAD-D7107",
          "ATM-HYDERABAD-09501",
          "ATM-HYDERABAD-NI829",
          "ATM-HYDERABAD-NE490",
          "ATM-HYDERABAD-87003",
          "ATM-HYDERABAD-NM595",
          "ATM-HYDERABAD-NQ156",
          "ATM-HYDERABAD-10037",
          "ATM-HYDERABAD-85101",
          "ATM-HYDERABAD-85003",
          "ATM-HYDERABAD-Y9047",
          "ATM-HYDERABAD-WN681",
          "ATM-HYDERABAD-48301",
          "ATM-HYDERABAD-93500",
          "ATM-HYDERABAD-48303",
          "ATM-HYDERABAD-14621",
          "ATM-HYDERABAD-47330",
          "ATM-HYDERABAD-14113",
          "ATM-HYDERABAD-14111",
          "ATM-HYDERABAD-NHB54",
          "ATM-HYDERABAD-57001",
          "ATM-HYDERABAD-14002"
        ]
      },
      "geometry": {
        "type": "Polygon",
        "coordinates": [
          [
            [
              78.5601157,
              17.4016041
            ],
            [
              78.558383,
              17.4027559
            ],
            [
              78.5533512,
              17.4079566
            ],
            [
              78.553158,
              17.4078798
            ],
            [
              78.5454869,
              17.4154503
            ],
            [
              78.5358738,
              17.4247248
            ],
            [
              78.5345408,
              17.4250421
            ],
            [
              78.5331702,
              17.4254848
            ],
            [
              78.5329664,
              17.4232046
            ],
            [
              78.5325319,
              17.4225239
            ],
            [
              78.532446,
              17.4214541
            ],
            [
              78.5345542,
              17.4199544
            ],
            [
              78.5353509,
              17.4159825
            ],
            [
              78.5339427,
              17.411038
            ],
            [
              78.5326123,
              17.4010769
            ],
            [
              78.5299784,
              17.3980823
            ],
            [
              78.5282081,
              17.3973707
            ],
            [
              78.5288971,
              17.3961872
            ],
            [
              78.5294419,
              17.3952515
            ],
            [
              78.5283852,
              17.3949034
            ],
            [
              78.5273713,
              17.3881102
            ],
            [
              78.5268188,
              17.3863338
            ],
            [
              78.5271192,
              17.3836513
            ],
            [
              78.5281974,
              17.3829909
            ],
            [
              78.5281223,
              17.3822793
            ],
            [
              78.5283865,
              17.3809623
            ],
            [
              78.5251827,
              17.3763099
            ],
            [
              78.5285568,
              17.3795352
            ],
            [
              78.5307884,
              17.3827298
            ],
            [
              78.530488,
              17.3840199
            ],
            [
              78.5315394,
              17.3887092
            ],
            [
              78.5328269,
              17.3885863
            ],
            [
              78.5328913,
              17.3893235
            ],
            [
              78.5327625,
              17.3914735
            ],
            [
              78.5332346,
              17.3936236
            ],
            [
              78.5328484,
              17.3978007
            ],
            [
              78.5342216,
              17.3983945
            ],
            [
              78.5393071,
              17.4000736
            ],
            [
              78.5426974,
              17.4006674
            ],
            [
              78.5454869,
              17.4010769
            ],
            [
              78.5469246,
              17.4011792
            ],
            [
              78.5484266,
              17.4011383
            ],
            [
              78.5534477,
              17.4011997
            ],
            [
              78.5601157,
              17.4016041
            ]
          ]
        ]
      }
    },
    {
      "type": "Feature",
      "properties": {
        "area_id": "A-WARD-MEHDIPATNAM",
        "area_name": "Ward 70 Mehdipatnam",
        "district_id": "D-HYDERABAD",
        "risk_score": 0.55,
        "risk_level": "MEDIUM",
        "high_risk_atm_count": 11,
        "atm_ids": [
          "ATM-HYDERABAD-16104",
          "ATM-HYDERABAD-35005",
          "ATM-HYDERABAD-35101",
          "ATM-HYDERABAD-35006",
          "ATM-HYDERABAD-16120",
          "ATM-HYDERABAD-HYD51",
          "ATM-HYDERABAD-HYD22",
          "ATM-HYDERABAD-SHY04",
          "ATM-HYDERABAD-68401",
          "ATM-HYDERABAD-48004",
          "ATM-HYDERABAD-NP656",
          "ATM-HYDERABAD-D6912",
          "ATM-HYDERABAD-16285",
          "ATM-HYDERABAD-WF974",
          "ATM-HYDERABAD-B9311",
          "ATM-HYDERABAD-Y8006",
          "ATM-HYDERABAD-47530",
          "ATM-HYDERABAD-8E015",
          "ATM-HYDERABAD-92361",
          "ATM-HYDERABAD-42615",
          "ATM-HYDERABAD-26198",
          "ATM-HYDERABAD-NF390",
          "ATM-HYDERABAD-16203",
          "ATM-HYDERABAD-68621",
          "ATM-HYDERABAD-48005",
          "ATM-HYDERABAD-48101",
          "ATM-HYDERABAD-48007",
          "ATM-HYDERABAD-DI953",
          "ATM-HYDERABAD-44621",
          "ATM-HYDERABAD-NHD33",
          "ATM-HYDERABAD-DB896",
          "ATM-HYDERABAD-NP943",
          "ATM-HYDERABAD-NHD22",
          "ATM-HYDERABAD-92201",
          "ATM-HYDERABAD-16205",
          "ATM-HYDERABAD-44003",
          "ATM-HYDERABAD-WI661",
          "ATM-HYDERABAD-WA641",
          "ATM-HYDERABAD-WC402",
          "ATM-HYDERABAD-WK633",
          "ATM-HYDERABAD-WK652",
          "ATM-HYDERABAD-48001",
          "ATM-HYDERABAD-48007",
          "ATM-HYDERABAD-NHY86",
          "ATM-HYDERABAD-CHD65",
          "ATM-HYDERABAD-3891S",
          "ATM-HYDERABAD-07001",
          "ATM-HYDERABAD-32501",
          "ATM-HYDERABAD-54005",
          "ATM-HYDERABAD-54101"
        ]
      },
      "geometry": {
        "type": "Polygon",
        "coordinates": [
          [
            [
              78.426826,
              17.3932141
            ],
            [
              78.4294948,
              17.393232
            ],
            [
              78.4295512,
              17.3939001
            ],
            [
              78.4313965,
              17.3937567
            ],
            [
              78.4309298,
              17.3904395
            ],
            [
              78.4326438,
              17.3902501
            ],
            [
              78.4351302,
              17.3898969
            ],
            [
              78.4366537,
              17.3883253
            ],
            [
              78.4365725,
              17.3878006
            ],
            [
              78.4384346,
              17.3878082
            ],
            [
              78.4386921,
              17.3863953
            ],
            [
              78.4427476,
              17.3871529
            ],
            [
              78.4446788,
              17.3873782
            ],
            [
              78.4461809,
              17.3873577
            ],
            [
              78.4459877,
              17.3897945
            ],
            [
              78.4473396,
              17.3899583
            ],
            [
              78.4473986,
              17.3921467
            ],
            [
              78.4461433,
              17.3927278
            ],
            [
              78.4446466,
              17.3934546
            ],
            [
              78.442297,
              17.394028
            ],
            [
              78.4406367,
              17.3943761
            ],
            [
              78.4397516,
              17.3946512
            ],
            [
              78.4395437,
              17.3947703
            ],
            [
              78.4358383,
              17.3949341
            ],
            [
              78.4317613,
              17.3958146
            ],
            [
              78.4275985,
              17.3957532
            ],
            [
              78.426826,
              17.3932141
            ]
          ]
        ]
      }
    },
    {
      "type": "Feature",
      "properties": {
        "area_id": "A-WARD-VIJAY-NAGAR-COLONY",
        "area_name": "Ward 73 Vijay Nagar Colony",
        "district_id": "D-HYDERABAD",
        "risk_score": 0.49,
        "risk_level": "MEDIUM",
        "high_risk_atm_count": 14,
        "atm_ids": [
          "ATM-HYDERABAD-40621",
          "ATM-HYDERABAD-54008",
          "ATM-HYDERABAD-WHY44",
          "ATM-HYDERABAD-WE926",
          "ATM-HYDERABAD-WJ215",
          "ATM-HYDERABAD-WM020",
          "ATM-HYDERABAD-WM061",
          "ATM-HYDERABAD-WF651",
          "ATM-HYDERABAD-CHD06",
          "ATM-HYDERABAD-NHD48",
          "ATM-HYDERABAD-53800",
          "ATM-HYDERABAD-92203",
          "ATM-HYDERABAD-47520",
          "ATM-HYDERABAD-11111",
          "ATM-HYDERABAD-11111",
          "ATM-HYDERABAD-60001",
          "ATM-HYDERABAD-07001",
          "ATM-HYDERABAD-WK359",
          "ATM-HYDERABAD-B9766",
          "ATM-HYDERABAD-51001",
          "ATM-HYDERABAD-42628",
          "ATM-HYDERABAD-8831S",
          "ATM-HYDERABAD-WH980",
          "ATM-HYDERABAD-42701",
          "ATM-HYDERABAD-02501",
          "ATM-HYDERABAD-47101",
          "ATM-HYDERABAD-11001",
          "ATM-HYDERABAD-11621",
          "ATM-HYDERABAD-05002",
          "ATM-HYDERABAD-05101",
          "ATM-HYDERABAD-23001",
          "ATM-HYDERABAD-NHY96",
          "ATM-HYDERABAD-01655",
          "ATM-HYDERABAD-CHY59",
          "ATM-HYDERABAD-90501",
          "ATM-HYDERABAD-00426",
          "ATM-HYDERABAD-00416",
          "ATM-HYDERABAD-PB538",
          "ATM-HYDERABAD-45001",
          "ATM-HYDERABAD-70004",
          "ATM-HYDERABAD-70621"
        ]
      },
      "geometry": {
        "type": "Polygon",
        "coordinates": [
          [
            [
              78.4461809,
              17.3873577
            ],
            [
              78.4497214,
              17.3872553
            ],
            [
              78.4520603,
              17.3863953
            ],
            [
              78.4538751,
              17.3859945
            ],
            [
              78.4532619,
              17.3879106
            ],
            [
              78.4553647,
              17.388402
            ],
            [
              78.456502,
              17.3916988
            ],
            [
              78.4552833,
              17.393186
            ],
            [
              78.4538842,
              17.3948932
            ],
            [
              78.4552575,
              17.3953232
            ],
            [
              78.4574891,
              17.3950774
            ],
            [
              78.4570599,
              17.3961217
            ],
            [
              78.4568239,
              17.3968384
            ],
            [
              78.4571887,
              17.3980874
            ],
            [
              78.4572316,
              17.3987631
            ],
            [
              78.4596563,
              17.398845
            ],
            [
              78.4582401,
              17.4013636
            ],
            [
              78.4576393,
              17.4026331
            ],
            [
              78.4555579,
              17.4040459
            ],
            [
              78.4536481,
              17.4039844
            ],
            [
              78.4530097,
              17.4033958
            ],
            [
              78.4533289,
              17.4029094
            ],
            [
              78.4534121,
              17.4021826
            ],
            [
              78.4540129,
              17.397596
            ],
            [
              78.4505797,
              17.3965722
            ],
            [
              78.4507943,
              17.398067
            ],
            [
              78.4499145,
              17.3987017
            ],
            [
              78.4477258,
              17.3990498
            ],
            [
              78.4453226,
              17.3987631
            ],
            [
              78.4434772,
              17.3981898
            ],
            [
              78.4423399,
              17.3959579
            ],
            [
              78.4395437,
              17.3947703
            ],
            [
              78.4397516,
              17.3946512
            ],
            [
              78.4406367,
              17.3943761
            ],
            [
              78.442297,
              17.394028
            ],
            [
              78.4446466,
              17.3934546
            ],
            [
              78.4461433,
              17.3927278
            ],
            [
              78.4473986,
              17.3921467
            ],
            [
              78.4473396,
              17.3899583
            ],
            [
              78.4459877,
              17.3897945
            ],
            [
              78.4461809,
              17.3873577
            ]
          ]
        ]
      }
    },
    {
      "type": "Feature",
      "properties": {
        "area_id": "A-WARD-TOLICHOWKI",
        "area_name": "Ward 68 Tolichowki",
        "district_id": "D-HYDERABAD",
        "risk_score": 0.42,
        "risk_level": "MEDIUM",
        "high_risk_atm_count": 5,
        "atm_ids": [
          "ATM-HYDERABAD-43201",
          "ATM-HYDERABAD-26164",
          "ATM-HYDERABAD-04811",
          "ATM-HYDERABAD-74601",
          "ATM-HYDERABAD-62808",
          "ATM-HYDERABAD-NRR03",
          "ATM-HYDERABAD-NHY45",
          "ATM-HYDERABAD-CHY66",
          "ATM-HYDERABAD-06002",
          "ATM-HYDERABAD-06101",
          "ATM-HYDERABAD-WG056",
          "ATM-HYDERABAD-54001",
          "ATM-HYDERABAD-54101"
        ]
      },
      "geometry": {
        "type": "Polygon",
        "coordinates": [
          [
            [
              78.3990598,
              17.3881154
            ],
            [
              78.3996392,
              17.3889344
            ],
            [
              78.4028578,
              17.3862724
            ],
            [
              78.4028364,
              17.3873372
            ],
            [
              78.405304,
              17.3871632
            ],
            [
              78.4041882,
              17.3882792
            ],
            [
              78.4039951,
              17.3898969
            ],
            [
              78.408587,
              17.3884225
            ],
            [
              78.4116984,
              17.3851052
            ],
            [
              78.4151316,
              17.3868253
            ],
            [
              78.4163547,
              17.3901016
            ],
            [
              78.4143806,
              17.3908388
            ],
            [
              78.4163332,
              17.3911255
            ],
            [
              78.4147239,
              17.3924974
            ],
            [
              78.4143591,
              17.3937055
            ],
            [
              78.4147883,
              17.3944427
            ],
            [
              78.4171916,
              17.3947293
            ],
            [
              78.4174705,
              17.3965722
            ],
            [
              78.4188009,
              17.3956508
            ],
            [
              78.4193159,
              17.3978008
            ],
            [
              78.4185434,
              17.3983127
            ],
            [
              78.4177494,
              17.3983741
            ],
            [
              78.4162045,
              17.3985993
            ],
            [
              78.4155177,
              17.3986031
            ],
            [
              78.4124494,
              17.3986198
            ],
            [
              78.4080506,
              17.3996641
            ],
            [
              78.4062267,
              17.3986403
            ],
            [
              78.4050036,
              17.3980055
            ],
            [
              78.4006262,
              17.3973913
            ],
            [
              78.4002185,
              17.3942789
            ],
            [
              78.3998216,
              17.3923336
            ],
            [
              78.3959914,
              17.3899583
            ],
            [
              78.3965064,
              17.3882382
            ],
            [
              78.3990598,
              17.3881154
            ]
          ]
        ]
      }
    },
    {
      "type": "Feature",
      "properties": {
        "area_id": "A-WARD-NANAL-NAGAR",
        "area_name": "Ward 69 Nanal Nagar",
        "district_id": "D-HYDERABAD",
        "risk_score": 0.49,
        "risk_level": "MEDIUM",
        "high_risk_atm_count": 12,
        "atm_ids": [
          "ATM-HYDERABAD-42621",
          "ATM-HYDERABAD-01940",
          "ATM-HYDERABAD-56500",
          "ATM-HYDERABAD-00443",
          "ATM-HYDERABAD-47529",
          "ATM-HYDERABAD-36301",
          "ATM-HYDERABAD-42610",
          "ATM-HYDERABAD-NHE01",
          "ATM-HYDERABAD-WG069",
          "ATM-HYDERABAD-WHD41",
          "ATM-HYDERABAD-WK597",
          "ATM-HYDERABAD-WK654",
          "ATM-HYDERABAD-WE547",
          "ATM-HYDERABAD-94067",
          "ATM-HYDERABAD-62805",
          "ATM-HYDERABAD-44303",
          "ATM-HYDERABAD-48009",
          "ATM-HYDERABAD-47515",
          "ATM-HYDERABAD-34621",
          "ATM-HYDERABAD-WC675",
          "ATM-HYDERABAD-WJ229",
          "ATM-HYDERABAD-CHY85",
          "ATM-HYDERABAD-62801"
        ]
      },
      "geometry": {
        "type": "Polygon",
        "coordinates": [
          [
            [
              78.4191257,
              17.40841
            ],
            [
              78.4178238,
              17.4074814
            ],
            [
              78.4169341,
              17.4036824
            ],
            [
              78.4175134,
              17.4014762
            ],
            [
              78.4155177,
              17.3986031
            ],
            [
              78.4162045,
              17.3985993
            ],
            [
              78.4177494,
              17.3983741
            ],
            [
              78.4185434,
              17.3983127
            ],
            [
              78.4193159,
              17.3978008
            ],
            [
              78.4188009,
              17.3956508
            ],
            [
              78.4203029,
              17.3942789
            ],
            [
              78.4195304,
              17.3927636
            ],
            [
              78.4184576,
              17.3913507
            ],
            [
              78.4212256,
              17.3916886
            ],
            [
              78.4233499,
              17.3918217
            ],
            [
              78.423071,
              17.3872963
            ],
            [
              78.4259034,
              17.3869482
            ],
            [
              78.4257171,
              17.3861713
            ],
            [
              78.4293581,
              17.384798
            ],
            [
              78.4297657,
              17.3873372
            ],
            [
              78.4267831,
              17.3913302
            ],
            [
              78.426826,
              17.3932141
            ],
            [
              78.4275985,
              17.3957532
            ],
            [
              78.4317613,
              17.3958146
            ],
            [
              78.4358383,
              17.3949341
            ],
            [
              78.4395437,
              17.3947703
            ],
            [
              78.4423399,
              17.3959579
            ],
            [
              78.4434772,
              17.3981898
            ],
            [
              78.4380699,
              17.3989474
            ],
            [
              78.4374047,
              17.4002169
            ],
            [
              78.42762,
              17.4028788
            ],
            [
              78.4281135,
              17.4054417
            ],
            [
              78.4272981,
              17.4053972
            ],
            [
              78.4272069,
              17.4062706
            ],
            [
              78.4191257,
              17.40841
            ]
          ]
        ]
      }
    },
    {
      "type": "Feature",
      "properties": {
        "area_id": "A-WARD-RAMANTHAPUR",
        "area_name": "Ward 9 Ramanthapur",
        "district_id": "D-HYDERABAD",
        "risk_score": 0.46,
        "risk_level": "MEDIUM",
        "high_risk_atm_count": 8,
        "atm_ids": [
          "ATM-HYDERABAD-N9360",
          "ATM-HYDERABAD-80810",
          "ATM-HYDERABAD-16282",
          "ATM-HYDERABAD-19505",
          "ATM-HYDERABAD-19510",
          "ATM-HYDERABAD-PHY02",
          "ATM-HYDERABAD-WN884",
          "ATM-HYDERABAD-NHD05",
          "ATM-HYDERABAD-00004",
          "ATM-HYDERABAD-16183",
          "ATM-HYDERABAD-98622",
          "ATM-HYDERABAD-D2269",
          "ATM-HYDERABAD-19509",
          "ATM-HYDERABAD-19506",
          "ATM-HYDERABAD-10061",
          "ATM-HYDERABAD-WN891",
          "ATM-HYDERABAD-14093",
          "ATM-HYDERABAD-47526",
          "ATM-HYDERABAD-96901",
          "ATM-HYDERABAD-WN905"
        ]
      },
      "geometry": {
        "type": "Polygon",
        "coordinates": [
          [
            [
              78.5432017,
              17.3837229
            ],
            [
              78.5439634,
              17.3875215
            ],
            [
              78.5427404,
              17.3884225
            ],
            [
              78.5430193,
              17.3886477
            ],
            [
              78.543148,
              17.3912073
            ],
            [
              78.5463023,
              17.3905521
            ],
            [
              78.5453582,
              17.3930502
            ],
            [
              78.5454226,
              17.3981079
            ],
            [
              78.5454869,
              17.4010769
            ],
            [
              78.5426974,
              17.4006674
            ],
            [
              78.5393071,
              17.4000736
            ],
            [
              78.5342216,
              17.3983945
            ],
            [
              78.5328484,
              17.3978007
            ],
            [
              78.5332346,
              17.3936236
            ],
            [
              78.5327625,
              17.3914735
            ],
            [
              78.5328913,
              17.3893235
            ],
            [
              78.5328269,
              17.3885863
            ],
            [
              78.5315394,
              17.3887092
            ],
            [
              78.530488,
              17.3840199
            ],
            [
              78.5307884,
              17.3827298
            ],
            [
              78.5285568,
              17.3795352
            ],
            [
              78.5251827,
              17.3763099
            ],
            [
              78.528192,
              17.3758287
            ],
            [
              78.5312176,
              17.377344
            ],
            [
              78.5348439,
              17.3793714
            ],
            [
              78.5389423,
              17.3829857
            ],
            [
              78.5432017,
              17.3837229
            ]
          ]
        ]
      }
    },
    {
      "type": "Feature",
      "properties": {
        "area_id": "A-WARD-NALLAKUNTA",
        "area_name": "Ward 81 Nallakunta",
        "district_id": "D-HYDERABAD",
        "risk_score": 0.46,
        "risk_level": "MEDIUM",
        "high_risk_atm_count": 17,
        "atm_ids": [
          "ATM-HYDERABAD-NHY73",
          "ATM-HYDERABAD-80814",
          "ATM-HYDERABAD-05001",
          "ATM-HYDERABAD-WHA07",
          "ATM-HYDERABAD-N0541",
          "ATM-HYDERABAD-43903",
          "ATM-HYDERABAD-53901",
          "ATM-HYDERABAD-47005",
          "ATM-HYDERABAD-NQ832",
          "ATM-HYDERABAD-NQ833",
          "ATM-HYDERABAD-PHM02",
          "ATM-HYDERABAD-HYD59",
          "ATM-HYDERABAD-47518",
          "ATM-HYDERABAD-NHY03",
          "ATM-HYDERABAD-08771",
          "ATM-HYDERABAD-13001",
          "ATM-HYDERABAD-383T1",
          "ATM-HYDERABAD-83621",
          "ATM-HYDERABAD-DK512",
          "ATM-HYDERABAD-NQ093",
          "ATM-HYDERABAD-01601",
          "ATM-HYDERABAD-05621",
          "ATM-HYDERABAD-29715",
          "ATM-HYDERABAD-83004",
          "ATM-HYDERABAD-90711",
          "ATM-HYDERABAD-WB685",
          "ATM-HYDERABAD-08621",
          "ATM-HYDERABAD-13002",
          "ATM-HYDERABAD-38101",
          "ATM-HYDERABAD-01373",
          "ATM-HYDERABAD-WN876",
          "ATM-HYDERABAD-13814",
          "ATM-HYDERABAD-00428",
          "ATM-HYDERABAD-18801",
          "ATM-HYDERABAD-11111",
          "ATM-HYDERABAD-43901",
          "ATM-HYDERABAD-08006",
          "ATM-HYDERABAD-WHY18",
          "ATM-HYDERABAD-WM314",
          "ATM-HYDERABAD-NP532",
          "ATM-HYDERABAD-8WS02"
        ]
      },
      "geometry": {
        "type": "Polygon",
        "coordinates": [
          [
            [
              78.5026091,
              17.3991752
            ],
            [
              78.5008201,
              17.398973
            ],
            [
              78.5000744,
              17.3974654
            ],
            [
              78.4991839,
              17.39605
            ],
            [
              78.4972528,
              17.3956123
            ],
            [
              78.503792,
              17.3937761
            ],
            [
              78.5044813,
              17.3935826
            ],
            [
              78.5050178,
              17.3914735
            ],
            [
              78.5045242,
              17.3899582
            ],
            [
              78.5046959,
              17.3893644
            ],
            [
              78.5060263,
              17.3903883
            ],
            [
              78.5108972,
              17.3912688
            ],
            [
              78.5108328,
              17.3938027
            ],
            [
              78.5108972,
              17.3946935
            ],
            [
              78.5112298,
              17.3955586
            ],
            [
              78.5116643,
              17.3964851
            ],
            [
              78.513059,
              17.3996896
            ],
            [
              78.5149124,
              17.4040445
            ],
            [
              78.5154086,
              17.4052782
            ],
            [
              78.5145664,
              17.4052308
            ],
            [
              78.5142848,
              17.405282
            ],
            [
              78.5137939,
              17.4054535
            ],
            [
              78.5135525,
              17.4055047
            ],
            [
              78.5134443,
              17.4055165
            ],
            [
              78.5133111,
              17.4054509
            ],
            [
              78.5118386,
              17.4045628
            ],
            [
              78.5080862,
              17.400739
            ],
            [
              78.5063964,
              17.3996999
            ],
            [
              78.5063052,
              17.3995207
            ],
            [
              78.5036659,
              17.3991061
            ],
            [
              78.5026091,
              17.3991752
            ]
          ]
        ]
      }
    },
    {
      "type": "Feature",
      "properties": {
        "area_id": "A-WARD-BAGH-AMBERPET",
        "area_name": "Ward 84 Bagh Amberpet",
        "district_id": "D-HYDERABAD",
        "risk_score": 0.51,
        "risk_level": "MEDIUM",
        "high_risk_atm_count": 13,
        "atm_ids": [
          "ATM-HYDERABAD-14127",
          "ATM-HYDERABAD-NM500",
          "ATM-HYDERABAD-NM501",
          "ATM-HYDERABAD-59413",
          "ATM-HYDERABAD-HYD75",
          "ATM-HYDERABAD-47502",
          "ATM-HYDERABAD-NM604",
          "ATM-HYDERABAD-CHB25",
          "ATM-HYDERABAD-HYD58",
          "ATM-HYDERABAD-HYD02",
          "ATM-HYDERABAD-WF463",
          "ATM-HYDERABAD-WHY08",
          "ATM-HYDERABAD-B5678",
          "ATM-HYDERABAD-B5985",
          "ATM-HYDERABAD-WN881",
          "ATM-HYDERABAD-87223",
          "ATM-HYDERABAD-55232",
          "ATM-HYDERABAD-74340",
          "ATM-HYDERABAD-NQ694",
          "ATM-HYDERABAD-D7372",
          "ATM-HYDERABAD-Y8002",
          "ATM-HYDERABAD-54201",
          "ATM-HYDERABAD-47514",
          "ATM-HYDERABAD-43902",
          "ATM-HYDERABAD-53002",
          "ATM-HYDERABAD-53101",
          "ATM-HYDERABAD-32003",
          "ATM-HYDERABAD-32101",
          "ATM-HYDERABAD-32004",
          "ATM-HYDERABAD-10047",
          "ATM-HYDERABAD-NHY08",
          "ATM-HYDERABAD-PO558"
        ]
      },
      "geometry": {
        "type": "Polygon",
        "coordinates": [
          [
            [
              78.5108972,
              17.3912688
            ],
            [
              78.5154462,
              17.3919445
            ],
            [
              78.5162647,
              17.392062
            ],
            [
              78.5202956,
              17.3926407
            ],
            [
              78.5277897,
              17.3957224
            ],
            [
              78.5288971,
              17.3961872
            ],
            [
              78.5282081,
              17.3973707
            ],
            [
              78.5276771,
              17.3968179
            ],
            [
              78.5265398,
              17.3966745
            ],
            [
              78.5252094,
              17.3957736
            ],
            [
              78.524394,
              17.3971864
            ],
            [
              78.5215187,
              17.398415
            ],
            [
              78.5223877,
              17.4003602
            ],
            [
              78.5225916,
              17.4011792
            ],
            [
              78.5218835,
              17.4032677
            ],
            [
              78.5163474,
              17.4054586
            ],
            [
              78.5154086,
              17.4052782
            ],
            [
              78.5149124,
              17.4040445
            ],
            [
              78.513059,
              17.3996896
            ],
            [
              78.5116643,
              17.3964851
            ],
            [
              78.5112298,
              17.3955586
            ],
            [
              78.5108972,
              17.3946935
            ],
            [
              78.5108328,
              17.3938027
            ],
            [
              78.5108972,
              17.3912688
            ]
          ]
        ]
      }
    },
    {
      "type": "Feature",
      "properties": {
        "area_id": "A-WARD-RED-HILLS",
        "area_name": "Ward 75 Red Hills",
        "district_id": "D-HYDERABAD",
        "risk_score": 0.53,
        "risk_level": "MEDIUM",
        "high_risk_atm_count": 10,
        "atm_ids": [
          "ATM-HYDERABAD-47020",
          "ATM-HYDERABAD-8W005",
          "ATM-HYDERABAD-NF015",
          "ATM-HYDERABAD-WE922",
          "ATM-HYDERABAD-00829",
          "ATM-HYDERABAD-WE957",
          "ATM-HYDERABAD-CHY58",
          "ATM-HYDERABAD-11111",
          "ATM-HYDERABAD-CHD48",
          "ATM-HYDERABAD-47037",
          "ATM-HYDERABAD-WHY60",
          "ATM-HYDERABAD-WHY54",
          "ATM-HYDERABAD-8W035",
          "ATM-HYDERABAD-27301",
          "ATM-HYDERABAD-67002",
          "ATM-HYDERABAD-05341",
          "ATM-HYDERABAD-8111S",
          "ATM-HYDERABAD-PHM01",
          "ATM-HYDERABAD-47140",
          "ATM-HYDERABAD-47139",
          "ATM-HYDERABAD-27501",
          "ATM-HYDERABAD-Y8048",
          "ATM-HYDERABAD-NP591",
          "ATM-HYDERABAD-WK484",
          "ATM-HYDERABAD-B9376",
          "ATM-HYDERABAD-59002",
          "ATM-HYDERABAD-11111",
          "ATM-HYDERABAD-11111",
          "ATM-HYDERABAD-8EP11",
          "ATM-HYDERABAD-06001",
          "ATM-HYDERABAD-16183",
          "ATM-HYDERABAD-52621",
          "ATM-HYDERABAD-47012"
        ]
      },
      "geometry": {
        "type": "Polygon",
        "coordinates": [
          [
            [
              78.4700697,
              17.3921425
            ],
            [
              78.4704065,
              17.3942174
            ],
            [
              78.4709644,
              17.3959579
            ],
            [
              78.4709215,
              17.3983331
            ],
            [
              78.4707069,
              17.3997459
            ],
            [
              78.470149,
              17.4007288
            ],
            [
              78.4680703,
              17.4027137
            ],
            [
              78.46652,
              17.4028404
            ],
            [
              78.4643259,
              17.4042161
            ],
            [
              78.4629888,
              17.4031232
            ],
            [
              78.4614157,
              17.4026446
            ],
            [
              78.4601256,
              17.4031232
            ],
            [
              78.4590071,
              17.4029056
            ],
            [
              78.4582708,
              17.4089906
            ],
            [
              78.4578135,
              17.4091992
            ],
            [
              78.4567259,
              17.4093962
            ],
            [
              78.4554961,
              17.4091876
            ],
            [
              78.454556,
              17.4086117
            ],
            [
              78.4532297,
              17.4084863
            ],
            [
              78.4513338,
              17.4071835
            ],
            [
              78.4516525,
              17.40509
            ],
            [
              78.4517705,
              17.404527
            ],
            [
              78.4522426,
              17.4040049
            ],
            [
              78.4530097,
              17.4033958
            ],
            [
              78.4536481,
              17.4039844
            ],
            [
              78.4555579,
              17.4040459
            ],
            [
              78.4576393,
              17.4026331
            ],
            [
              78.4582401,
              17.4013636
            ],
            [
              78.4596563,
              17.398845
            ],
            [
              78.4572316,
              17.3987631
            ],
            [
              78.4571887,
              17.3980874
            ],
            [
              78.4568239,
              17.3968384
            ],
            [
              78.4570599,
              17.3961217
            ],
            [
              78.4574891,
              17.3950774
            ],
            [
              78.4552575,
              17.3953232
            ],
            [
              78.4538842,
              17.3948932
            ],
            [
              78.4552833,
              17.393186
            ],
            [
              78.4565235,
              17.3935827
            ],
            [
              78.4571457,
              17.3929069
            ],
            [
              78.4596992,
              17.3947498
            ],
            [
              78.4616733,
              17.3943608
            ],
            [
              78.4635616,
              17.3935417
            ],
            [
              78.4651924,
              17.3918012
            ],
            [
              78.4657717,
              17.3910845
            ],
            [
              78.4676385,
              17.3908388
            ],
            [
              78.4683895,
              17.3915145
            ],
            [
              78.4690976,
              17.3922516
            ],
            [
              78.4700697,
              17.3921425
            ]
          ]
        ]
      }
    },
    {
      "type": "Feature",
      "properties": {
        "area_id": "A-WARD-GANDHINAGAR",
        "area_name": "Ward 89 Gandhinagar",
        "district_id": "D-HYDERABAD",
        "risk_score": 0.54,
        "risk_level": "MEDIUM",
        "high_risk_atm_count": 17,
        "atm_ids": [
          "ATM-HYDERABAD-8W011",
          "ATM-HYDERABAD-02693",
          "ATM-HYDERABAD-47028",
          "ATM-HYDERABAD-59412",
          "ATM-HYDERABAD-47045",
          "ATM-HYDERABAD-47208",
          "ATM-HYDERABAD-8E031",
          "ATM-HYDERABAD-8E006",
          "ATM-HYDERABAD-Y9045",
          "ATM-HYDERABAD-76007",
          "ATM-HYDERABAD-76101",
          "ATM-HYDERABAD-76006",
          "ATM-HYDERABAD-H0081",
          "ATM-HYDERABAD-00251",
          "ATM-HYDERABAD-62800",
          "ATM-HYDERABAD-62800",
          "ATM-HYDERABAD-12001",
          "ATM-HYDERABAD-10001",
          "ATM-HYDERABAD-NG083",
          "ATM-HYDERABAD-WN875",
          "ATM-HYDERABAD-B9986",
          "ATM-HYDERABAD-62800",
          "ATM-HYDERABAD-01051",
          "ATM-HYDERABAD-WHY20",
          "ATM-HYDERABAD-68001",
          "ATM-HYDERABAD-58003",
          "ATM-HYDERABAD-NI192",
          "ATM-HYDERABAD-NI599",
          "ATM-HYDERABAD-NP186",
          "ATM-HYDERABAD-11140",
          "ATM-HYDERABAD-47030",
          "ATM-HYDERABAD-15622",
          "ATM-HYDERABAD-06004",
          "ATM-HYDERABAD-06101",
          "ATM-HYDERABAD-06005",
          "ATM-HYDERABAD-37003",
          "ATM-HYDERABAD-22101",
          "ATM-HYDERABAD-10053",
          "ATM-HYDERABAD-D9986",
          "ATM-HYDERABAD-16187",
          "ATM-HYDERABAD-16203",
          "ATM-HYDERABAD-87738",
          "ATM-HYDERABAD-8E025",
          "ATM-HYDERABAD-12335",
          "ATM-HYDERABAD-NHY21",
          "ATM-HYDERABAD-06006",
          "ATM-HYDERABAD-26293",
          "ATM-HYDERABAD-32003",
          "ATM-HYDERABAD-86706",
          "ATM-HYDERABAD-32004",
          "ATM-HYDERABAD-32101",
          "ATM-HYDERABAD-32602",
          "ATM-HYDERABAD-WM083",
          "ATM-HYDERABAD-WJ213",
          "ATM-HYDERABAD-16217",
          "ATM-HYDERABAD-82360",
          "ATM-HYDERABAD-15621",
          "ATM-HYDERABAD-16621",
          "ATM-HYDERABAD-00213",
          "ATM-HYDERABAD-37009",
          "ATM-HYDERABAD-NP750",
          "ATM-HYDERABAD-NHY26"
        ]
      },
      "geometry": {
        "type": "Polygon",
        "coordinates": [
          [
            [
              78.4878892,
              17.4027712
            ],
            [
              78.4911507,
              17.4028531
            ],
            [
              78.4922934,
              17.4020597
            ],
            [
              78.4941441,
              17.399147
            ],
            [
              78.4945464,
              17.3988041
            ],
            [
              78.4949327,
              17.4004421
            ],
            [
              78.4952545,
              17.4034725
            ],
            [
              78.4964132,
              17.4067076
            ],
            [
              78.4968424,
              17.4070761
            ],
            [
              78.497529,
              17.4085094
            ],
            [
              78.4977865,
              17.4101883
            ],
            [
              78.4976363,
              17.4133363
            ],
            [
              78.49769,
              17.4140145
            ],
            [
              78.4959841,
              17.4139351
            ],
            [
              78.4947342,
              17.4142934
            ],
            [
              78.4948656,
              17.4149409
            ],
            [
              78.4887555,
              17.41555
            ],
            [
              78.4878033,
              17.4127169
            ],
            [
              78.4877175,
              17.4111813
            ],
            [
              78.4881574,
              17.4087551
            ],
            [
              78.4871972,
              17.4041738
            ],
            [
              78.4878892,
              17.4027712
            ]
          ]
        ]
      }
    },
    {
      "type": "Feature",
      "properties": {
        "area_id": "A-WARD-RAMNAGAR",
        "area_name": "Ward 87 Ramnagar",
        "district_id": "D-HYDERABAD",
        "risk_score": 0.48,
        "risk_level": "MEDIUM",
        "high_risk_atm_count": 10,
        "atm_ids": [
          "ATM-HYDERABAD-47089",
          "ATM-HYDERABAD-NDR46",
          "ATM-HYDERABAD-WHE01",
          "ATM-HYDERABAD-Y8016",
          "ATM-HYDERABAD-47100",
          "ATM-HYDERABAD-38104",
          "ATM-HYDERABAD-WN925",
          "ATM-HYDERABAD-WHY69",
          "ATM-HYDERABAD-00440",
          "ATM-HYDERABAD-64621",
          "ATM-HYDERABAD-B7062",
          "ATM-HYDERABAD-47523",
          "ATM-HYDERABAD-27311",
          "ATM-HYDERABAD-42601",
          "ATM-HYDERABAD-38105",
          "ATM-HYDERABAD-64004",
          "ATM-HYDERABAD-WWG01",
          "ATM-HYDERABAD-CHB18",
          "ATM-HYDERABAD-DB898",
          "ATM-HYDERABAD-71002",
          "ATM-HYDERABAD-47146",
          "ATM-HYDERABAD-74001",
          "ATM-HYDERABAD-11210",
          "ATM-HYDERABAD-17622",
          "ATM-HYDERABAD-N5212",
          "ATM-HYDERABAD-NM350",
          "ATM-HYDERABAD-00700",
          "ATM-HYDERABAD-08501",
          "ATM-HYDERABAD-39002",
          "ATM-HYDERABAD-47506",
          "ATM-HYDERABAD-16200",
          "ATM-HYDERABAD-47034",
          "ATM-HYDERABAD-89623"
        ]
      },
      "geometry": {
        "type": "Polygon",
        "coordinates": [
          [
            [
              78.49769,
              17.4140145
            ],
            [
              78.4976363,
              17.4133363
            ],
            [
              78.4977865,
              17.4101883
            ],
            [
              78.497529,
              17.4085094
            ],
            [
              78.4968424,
              17.4070761
            ],
            [
              78.4964132,
              17.4067076
            ],
            [
              78.4952545,
              17.4034725
            ],
            [
              78.4949327,
              17.4004421
            ],
            [
              78.4945464,
              17.3988041
            ],
            [
              78.4953779,
              17.3972888
            ],
            [
              78.4961906,
              17.3963162
            ],
            [
              78.4972528,
              17.3956123
            ],
            [
              78.4991839,
              17.39605
            ],
            [
              78.5000744,
              17.3974654
            ],
            [
              78.5008201,
              17.398973
            ],
            [
              78.5026091,
              17.3991752
            ],
            [
              78.5067934,
              17.4099145
            ],
            [
              78.5071938,
              17.4109864
            ],
            [
              78.5070589,
              17.4112402
            ],
            [
              78.5067451,
              17.4118672
            ],
            [
              78.5053182,
              17.4135359
            ],
            [
              78.5047469,
              17.4142039
            ],
            [
              78.5043472,
              17.4144214
            ],
            [
              78.5032663,
              17.4145698
            ],
            [
              78.5022792,
              17.4146082
            ],
            [
              78.5017944,
              17.414653
            ],
            [
              78.49828,
              17.4159416
            ],
            [
              78.49769,
              17.4140145
            ]
          ]
        ]
      }
    },
    {
      "type": "Feature",
      "properties": {
        "area_id": "A-WARD-SHAIKPET",
        "area_name": "Ward 94 Shaikpet",
        "district_id": "D-HYDERABAD",
        "risk_score": 0.45,
        "risk_level": "MEDIUM",
        "high_risk_atm_count": 24,
        "atm_ids": [
          "ATM-HYDERABAD-06003",
          "ATM-HYDERABAD-62811",
          "ATM-HYDERABAD-NHE02",
          "ATM-HYDERABAD-CHD38",
          "ATM-HYDERABAD-71001",
          "ATM-HYDERABAD-62812",
          "ATM-HYDERABAD-54001",
          "ATM-HYDERABAD-76001",
          "ATM-HYDERABAD-47532",
          "ATM-HYDERABAD-03001",
          "ATM-HYDERABAD-16230",
          "ATM-HYDERABAD-74602",
          "ATM-HYDERABAD-47133",
          "ATM-HYDERABAD-WF961",
          "ATM-HYDERABAD-95001",
          "ATM-HYDERABAD-WF971",
          "ATM-HYDERABAD-NQ422",
          "ATM-HYDERABAD-WE550",
          "ATM-HYDERABAD-02190",
          "ATM-HYDERABAD-Y8012",
          "ATM-HYDERABAD-CHY88",
          "ATM-HYDERABAD-CHD30",
          "ATM-HYDERABAD-11111",
          "ATM-HYDERABAD-67003",
          "ATM-HYDERABAD-CHB06",
          "ATM-HYDERABAD-BN666",
          "ATM-HYDERABAD-ON474",
          "ATM-HYDERABAD-16280",
          "ATM-HYDERABAD-62813",
          "ATM-HYDERABAD-16201",
          "ATM-HYDERABAD-WI019",
          "ATM-HYDERABAD-16288",
          "ATM-HYDERABAD-58001",
          "ATM-HYDERABAD-11111",
          "ATM-HYDERABAD-16179",
          "ATM-HYDERABAD-NM781",
          "ATM-HYDERABAD-16238",
          "ATM-HYDERABAD-10059",
          "ATM-HYDERABAD-16137",
          "ATM-HYDERABAD-95621",
          "ATM-HYDERABAD-62801",
          "ATM-HYDERABAD-35601",
          "ATM-HYDERABAD-16267",
          "ATM-RANGA-REDDY-71621",
          "ATM-HYDERABAD-WHY22",
          "ATM-HYDERABAD-16258",
          "ATM-HYDERABAD-46103",
          "ATM-HYDERABAD-67004",
          "ATM-HYDERABAD-NSH05",
          "ATM-HYDERABAD-52621",
          "ATM-HYDERABAD-47134",
          "ATM-HYDERABAD-91001",
          "ATM-HYDERABAD-00846",
          "ATM-HYDERABAD-16008"
        ]
      },
      "geometry": {
        "type": "Polygon",
        "coordinates": [
          [
            [
              78.3949491,
              17.4128553
            ],
            [
              78.3948217,
              17.4102793
            ],
            [
              78.391485,
              17.4103919
            ],
            [
              78.3910988,
              17.4095525
            ],
            [
              78.390441,
              17.4095949
            ],
            [
              78.3898974,
              17.4078133
            ],
            [
              78.3869255,
              17.4078952
            ],
            [
              78.38725,
              17.4070365
            ],
            [
              78.3880467,
              17.4065464
            ],
            [
              78.3893288,
              17.4060012
            ],
            [
              78.3906323,
              17.4043069
            ],
            [
              78.3909488,
              17.4030426
            ],
            [
              78.3905733,
              17.4031142
            ],
            [
              78.3903963,
              17.401855
            ],
            [
              78.3916462,
              17.4023054
            ],
            [
              78.391099,
              17.3962036
            ],
            [
              78.3923436,
              17.394197
            ],
            [
              78.3910561,
              17.3932141
            ],
            [
              78.3910346,
              17.3923541
            ],
            [
              78.3920512,
              17.3922824
            ],
            [
              78.3928103,
              17.392866
            ],
            [
              78.393792,
              17.3925588
            ],
            [
              78.3998216,
              17.3923336
            ],
            [
              78.4002185,
              17.3942789
            ],
            [
              78.4006262,
              17.3973913
            ],
            [
              78.4050036,
              17.3980055
            ],
            [
              78.4062267,
              17.3986403
            ],
            [
              78.4080506,
              17.3996641
            ],
            [
              78.4124494,
              17.3986198
            ],
            [
              78.4155177,
              17.3986031
            ],
            [
              78.4175134,
              17.4014762
            ],
            [
              78.4169341,
              17.4036824
            ],
            [
              78.4178238,
              17.4074814
            ],
            [
              78.4173632,
              17.4071529
            ],
            [
              78.4148633,
              17.4070301
            ],
            [
              78.4140694,
              17.4082995
            ],
            [
              78.4074444,
              17.4092977
            ],
            [
              78.406924,
              17.4096457
            ],
            [
              78.4066504,
              17.4101627
            ],
            [
              78.4019887,
              17.4115806
            ],
            [
              78.4023374,
              17.4132492
            ],
            [
              78.4002238,
              17.4139505
            ],
            [
              78.3990759,
              17.4134233
            ],
            [
              78.3983374,
              17.4133385
            ],
            [
              78.3971842,
              17.4112197
            ],
            [
              78.3949491,
              17.4128553
            ]
          ]
        ]
      }
    },
    {
      "type": "Feature",
      "properties": {
        "area_id": "A-WARD-AHMED-NAGAR",
        "area_name": "Ward 74 Ahmed Nagar",
        "district_id": "D-HYDERABAD",
        "risk_score": 0.51,
        "risk_level": "MEDIUM",
        "high_risk_atm_count": 4,
        "atm_ids": [
          "ATM-HYDERABAD-47096",
          "ATM-HYDERABAD-40002",
          "ATM-HYDERABAD-49702",
          "ATM-HYDERABAD-16076",
          "ATM-HYDERABAD-80702",
          "ATM-HYDERABAD-82081",
          "ATM-HYDERABAD-WF721",
          "ATM-HYDERABAD-00808"
        ]
      },
      "geometry": {
        "type": "Polygon",
        "coordinates": [
          [
            [
              78.4530097,
              17.4033958
            ],
            [
              78.4522426,
              17.4040049
            ],
            [
              78.4517705,
              17.404527
            ],
            [
              78.4516525,
              17.40509
            ],
            [
              78.4513338,
              17.4071835
            ],
            [
              78.4484848,
              17.4052257
            ],
            [
              78.4442282,
              17.4051233
            ],
            [
              78.4388423,
              17.403452
            ],
            [
              78.4355331,
              17.4044265
            ],
            [
              78.4344958,
              17.406627
            ],
            [
              78.4335027,
              17.4057894
            ],
            [
              78.431892,
              17.4067172
            ],
            [
              78.4329562,
              17.4051297
            ],
            [
              78.4309794,
              17.4050222
            ],
            [
              78.4304758,
              17.4055706
            ],
            [
              78.4281135,
              17.4054417
            ],
            [
              78.42762,
              17.4028788
            ],
            [
              78.4374047,
              17.4002169
            ],
            [
              78.4380699,
              17.3989474
            ],
            [
              78.4434772,
              17.3981898
            ],
            [
              78.4453226,
              17.3987631
            ],
            [
              78.4477258,
              17.3990498
            ],
            [
              78.4499145,
              17.3987017
            ],
            [
              78.4507943,
              17.398067
            ],
            [
              78.4505797,
              17.3965722
            ],
            [
              78.4540129,
              17.397596
            ],
            [
              78.4534121,
              17.4021826
            ],
            [
              78.4533289,
              17.4029094
            ],
            [
              78.4530097,
              17.4033958
            ]
          ]
        ]
      }
    },
    {
      "type": "Feature",
      "properties": {
        "area_id": "A-WARD-ADIKMET",
        "area_name": "Ward 85 Adikmet",
        "district_id": "D-HYDERABAD",
        "risk_score": 0.52,
        "risk_level": "MEDIUM",
        "high_risk_atm_count": 6,
        "atm_ids": [
          "ATM-HYDERABAD-00211",
          "ATM-HYDERABAD-87045",
          "ATM-HYDERABAD-38107",
          "ATM-HYDERABAD-04005",
          "ATM-HYDERABAD-04101",
          "ATM-HYDERABAD-04006",
          "ATM-HYDERABAD-08622",
          "ATM-HYDERABAD-DK554",
          "ATM-HYDERABAD-DK553",
          "ATM-HYDERABAD-45708",
          "ATM-HYDERABAD-45701",
          "ATM-HYDERABAD-16202",
          "ATM-HYDERABAD-71622",
          "ATM-HYDERABAD-N9192",
          "ATM-HYDERABAD-16229",
          "ATM-HYDERABAD-WM051",
          "ATM-HYDERABAD-WJ218",
          "ATM-HYDERABAD-11111",
          "ATM-HYDERABAD-02001",
          "ATM-HYDERABAD-38103",
          "ATM-HYDERABAD-47176",
          "ATM-HYDERABAD-39006",
          "ATM-HYDERABAD-39101",
          "ATM-HYDERABAD-95621",
          "ATM-HYDERABAD-NHY02",
          "ATM-HYDERABAD-NHY29",
          "ATM-HYDERABAD-50801",
          "ATM-HYDERABAD-00818",
          "ATM-HYDERABAD-05711"
        ]
      },
      "geometry": {
        "type": "Polygon",
        "coordinates": [
          [
            [
              78.5026091,
              17.3991752
            ],
            [
              78.5036659,
              17.3991061
            ],
            [
              78.5063052,
              17.3995207
            ],
            [
              78.5063964,
              17.3996999
            ],
            [
              78.5080862,
              17.400739
            ],
            [
              78.5118386,
              17.4045628
            ],
            [
              78.5133111,
              17.4054509
            ],
            [
              78.5134443,
              17.4055165
            ],
            [
              78.5154462,
              17.4065028
            ],
            [
              78.5168838,
              17.408018
            ],
            [
              78.5178924,
              17.4101269
            ],
            [
              78.5178602,
              17.4105671
            ],
            [
              78.5173559,
              17.4107027
            ],
            [
              78.5170877,
              17.410562
            ],
            [
              78.5161006,
              17.4109151
            ],
            [
              78.5158002,
              17.4109152
            ],
            [
              78.5146603,
              17.4111762
            ],
            [
              78.5139388,
              17.411276
            ],
            [
              78.5124207,
              17.4115396
            ],
            [
              78.5113692,
              17.4100655
            ],
            [
              78.5083651,
              17.4111199
            ],
            [
              78.5079253,
              17.4103419
            ],
            [
              78.5074505,
              17.4107309
            ],
            [
              78.5071938,
              17.4109864
            ],
            [
              78.5067934,
              17.4099145
            ],
            [
              78.5026091,
              17.3991752
            ]
          ]
        ]
      }
    },
    {
      "type": "Feature",
      "properties": {
        "area_id": "A-WARD-CHILKA-NAGAR",
        "area_name": "Ward 7 Chilka Nagar",
        "district_id": "D-MEDCHAL-MALKAJGIRI",
        "risk_score": 0.57,
        "risk_level": "MEDIUM",
        "high_risk_atm_count": 7,
        "atm_ids": [
          "ATM-MEDCHAL-MALKAJGIRI-D2323",
          "ATM-MEDCHAL-MALKAJGIRI-8W015",
          "ATM-MEDCHAL-MALKAJGIRI-CHY74",
          "ATM-MEDCHAL-MALKAJGIRI-48621",
          "ATM-MEDCHAL-MALKAJGIRI-48003",
          "ATM-MEDCHAL-MALKAJGIRI-47567",
          "ATM-MEDCHAL-MALKAJGIRI-WJ273",
          "ATM-MEDCHAL-MALKAJGIRI-WM065",
          "ATM-MEDCHAL-MALKAJGIRI-02712",
          "ATM-MEDCHAL-MALKAJGIRI-WF966",
          "ATM-MEDCHAL-MALKAJGIRI-47112",
          "ATM-MEDCHAL-MALKAJGIRI-N9330",
          "ATM-MEDCHAL-MALKAJGIRI-47568",
          "ATM-HYDERABAD-NM450",
          "ATM-MEDCHAL-MALKAJGIRI-NHY25",
          "ATM-MEDCHAL-MALKAJGIRI-57621",
          "ATM-MEDCHAL-MALKAJGIRI-02032",
          "ATM-MEDCHAL-MALKAJGIRI-89028",
          "ATM-MEDCHAL-MALKAJGIRI-47163",
          "ATM-MEDCHAL-MALKAJGIRI-WG794",
          "ATM-MEDCHAL-MALKAJGIRI-14129",
          "ATM-MEDCHAL-MALKAJGIRI-P2381",
          "ATM-MEDCHAL-MALKAJGIRI-89033",
          "ATM-MEDCHAL-MALKAJGIRI-89013",
          "ATM-MEDCHAL-MALKAJGIRI-NG338",
          "ATM-MEDCHAL-MALKAJGIRI-WC596",
          "ATM-MEDCHAL-MALKAJGIRI-89024"
        ]
      },
      "geometry": {
        "type": "Polygon",
        "coordinates": [
          [
            [
              78.5454869,
              17.4154503
            ],
            [
              78.553158,
              17.4078798
            ],
            [
              78.5533512,
              17.4079566
            ],
            [
              78.558383,
              17.4027559
            ],
            [
              78.5601157,
              17.4016041
            ],
            [
              78.562181,
              17.4014864
            ],
            [
              78.5638547,
              17.4059295
            ],
            [
              78.5644555,
              17.4060114
            ],
            [
              78.5644341,
              17.4084275
            ],
            [
              78.5643053,
              17.4097993
            ],
            [
              78.5644126,
              17.4111916
            ],
            [
              78.5655284,
              17.4116625
            ],
            [
              78.5670519,
              17.4116829
            ],
            [
              78.5666549,
              17.4163818
            ],
            [
              78.5660219,
              17.4178866
            ],
            [
              78.5651636,
              17.4191048
            ],
            [
              78.563726,
              17.4222884
            ],
            [
              78.5625028,
              17.4238854
            ],
            [
              78.558104,
              17.4216026
            ],
            [
              78.5577714,
              17.4194119
            ],
            [
              78.5558188,
              17.4165149
            ],
            [
              78.5541343,
              17.416694
            ],
            [
              78.5535174,
              17.4176614
            ],
            [
              78.5508889,
              17.4170523
            ],
            [
              78.5486626,
              17.4151022
            ],
            [
              78.5469138,
              17.4158956
            ],
            [
              78.5454869,
              17.4154503
            ]
          ]
        ]
      }
    },
    {
      "type": "Feature",
      "properties": {
        "area_id": "A-WARD-KHAIRATABAD",
        "area_name": "Ward 91 Khairatabad",
        "district_id": "D-HYDERABAD",
        "risk_score": 0.48,
        "risk_level": "MEDIUM",
        "high_risk_atm_count": 38,
        "atm_ids": [
          "ATM-HYDERABAD-93622",
          "ATM-HYDERABAD-93001",
          "ATM-HYDERABAD-NM582",
          "ATM-HYDERABAD-06002",
          "ATM-HYDERABAD-47006",
          "ATM-HYDERABAD-44302",
          "ATM-HYDERABAD-97200",
          "ATM-HYDERABAD-NHY99",
          "ATM-HYDERABAD-46476",
          "ATM-HYDERABAD-WHY98",
          "ATM-HYDERABAD-NHY18",
          "ATM-HYDERABAD-47551",
          "ATM-HYDERABAD-HYD05",
          "ATM-HYDERABAD-15001",
          "ATM-HYDERABAD-44001",
          "ATM-HYDERABAD-HYD48",
          "ATM-HYDERABAD-SHY08",
          "ATM-HYDERABAD-87101",
          "ATM-HYDERABAD-WH971",
          "ATM-HYDERABAD-10004",
          "ATM-HYDERABAD-06001",
          "ATM-HYDERABAD-B6958",
          "ATM-HYDERABAD-B9345",
          "ATM-HYDERABAD-16285",
          "ATM-HYDERABAD-26219",
          "ATM-HYDERABAD-14974",
          "ATM-HYDERABAD-CHY02",
          "ATM-HYDERABAD-90621",
          "ATM-HYDERABAD-15001",
          "ATM-HYDERABAD-NF401",
          "ATM-HYDERABAD-CHD19",
          "ATM-HYDERABAD-WN899",
          "ATM-HYDERABAD-NHD63",
          "ATM-HYDERABAD-WHY05",
          "ATM-HYDERABAD-11111",
          "ATM-HYDERABAD-79622",
          "ATM-HYDERABAD-95004",
          "ATM-HYDERABAD-77006",
          "ATM-HYDERABAD-90701",
          "ATM-HYDERABAD-8W001",
          "ATM-HYDERABAD-87410",
          "ATM-HYDERABAD-11111",
          "ATM-HYDERABAD-W9082",
          "ATM-HYDERABAD-NF979",
          "ATM-HYDERABAD-CHY67",
          "ATM-HYDERABAD-16298",
          "ATM-HYDERABAD-WTZ02",
          "ATM-HYDERABAD-90704",
          "ATM-HYDERABAD-00433",
          "ATM-HYDERABAD-77621",
          "ATM-HYDERABAD-18621",
          "ATM-HYDERABAD-WPG01",
          "ATM-HYDERABAD-49001",
          "ATM-HYDERABAD-50001",
          "ATM-HYDERABAD-NHY99",
          "ATM-HYDERABAD-06621",
          "ATM-HYDERABAD-16078",
          "ATM-HYDERABAD-WK379",
          "ATM-HYDERABAD-WC283",
          "ATM-HYDERABAD-WI389",
          "ATM-HYDERABAD-CHD37",
          "ATM-HYDERABAD-47014",
          "ATM-HYDERABAD-WM022",
          "ATM-HYDERABAD-WJ262",
          "ATM-HYDERABAD-90701",
          "ATM-HYDERABAD-52001",
          "ATM-HYDERABAD-12001",
          "ATM-HYDERABAD-16287",
          "ATM-HYDERABAD-61621",
          "ATM-HYDERABAD-51506",
          "ATM-HYDERABAD-51505",
          "ATM-HYDERABAD-51507",
          "ATM-HYDERABAD-47401",
          "ATM-HYDERABAD-8101S",
          "ATM-HYDERABAD-47011",
          "ATM-HYDERABAD-47013",
          "ATM-HYDERABAD-CHD32",
          "ATM-HYDERABAD-14261",
          "ATM-HYDERABAD-H0251",
          "ATM-HYDERABAD-10006",
          "ATM-HYDERABAD-09038",
          "ATM-HYDERABAD-02101",
          "ATM-HYDERABAD-49003",
          "ATM-HYDERABAD-00407",
          "ATM-HYDERABAD-63200",
          "ATM-HYDERABAD-CHY86",
          "ATM-HYDERABAD-47019",
          "ATM-HYDERABAD-CHY28",
          "ATM-HYDERABAD-26101",
          "ATM-HYDERABAD-76001",
          "ATM-HYDERABAD-79002",
          "ATM-HYDERABAD-79101",
          "ATM-HYDERABAD-72003",
          "ATM-HYDERABAD-32001",
          "ATM-HYDERABAD-08001",
          "ATM-HYDERABAD-20001",
          "ATM-HYDERABAD-WH363",
          "ATM-HYDERABAD-08001",
          "ATM-HYDERABAD-B9765",
          "ATM-HYDERABAD-59621",
          "ATM-HYDERABAD-84599",
          "ATM-HYDERABAD-34003",
          "ATM-HYDERABAD-34005",
          "ATM-HYDERABAD-11111",
          "ATM-HYDERABAD-WF673",
          "ATM-HYDERABAD-10064",
          "ATM-HYDERABAD-SHY05",
          "ATM-HYDERABAD-HYD32",
          "ATM-HYDERABAD-CPG47",
          "ATM-HYDERABAD-CPG54",
          "ATM-HYDERABAD-DC039",
          "ATM-HYDERABAD-WI040",
          "ATM-HYDERABAD-12401",
          "ATM-HYDERABAD-61001",
          "ATM-HYDERABAD-CHD51",
          "ATM-HYDERABAD-NMR68",
          "ATM-HYDERABAD-NHD32",
          "ATM-HYDERABAD-90001",
          "ATM-HYDERABAD-72621",
          "ATM-HYDERABAD-BN016",
          "ATM-HYDERABAD-NA339",
          "ATM-HYDERABAD-52357",
          "ATM-HYDERABAD-06001",
          "ATM-HYDERABAD-06101",
          "ATM-HYDERABAD-NHD89",
          "ATM-HYDERABAD-06819",
          "ATM-HYDERABAD-06810",
          "ATM-HYDERABAD-NRM02"
        ]
      },
      "geometry": {
        "type": "Polygon",
        "coordinates": [
          [
            [
              78.4524303,
              17.4267554
            ],
            [
              78.4519153,
              17.4266505
            ],
            [
              78.4500861,
              17.4259979
            ],
            [
              78.4485867,
              17.4252251
            ],
            [
              78.4481468,
              17.4240018
            ],
            [
              78.4489086,
              17.4233108
            ],
            [
              78.449386,
              17.4225482
            ],
            [
              78.4486685,
              17.4210089
            ],
            [
              78.4480154,
              17.4194695
            ],
            [
              78.4484687,
              17.4188886
            ],
            [
              78.4488174,
              17.4181822
            ],
            [
              78.4490105,
              17.4175629
            ],
            [
              78.4490051,
              17.4155769
            ],
            [
              78.4497057,
              17.414928
            ],
            [
              78.4506466,
              17.4140567
            ],
            [
              78.4501478,
              17.4131405
            ],
            [
              78.4527307,
              17.4128104
            ],
            [
              78.4534469,
              17.4132582
            ],
            [
              78.4537634,
              17.4128027
            ],
            [
              78.4540262,
              17.4112927
            ],
            [
              78.4553003,
              17.4110572
            ],
            [
              78.4564027,
              17.4113132
            ],
            [
              78.4601095,
              17.4130689
            ],
            [
              78.4605547,
              17.4121168
            ],
            [
              78.458645,
              17.4112057
            ],
            [
              78.4578135,
              17.4091992
            ],
            [
              78.4582708,
              17.4089906
            ],
            [
              78.4590071,
              17.4029056
            ],
            [
              78.4601256,
              17.4031232
            ],
            [
              78.4614157,
              17.4026446
            ],
            [
              78.4629888,
              17.4031232
            ],
            [
              78.4643259,
              17.4042161
            ],
            [
              78.46652,
              17.4028404
            ],
            [
              78.4680703,
              17.4027137
            ],
            [
              78.467389,
              17.4051989
            ],
            [
              78.4672764,
              17.4060012
            ],
            [
              78.4673354,
              17.4064542
            ],
            [
              78.4675205,
              17.4069111
            ],
            [
              78.4676117,
              17.4070915
            ],
            [
              78.4679282,
              17.4073653
            ],
            [
              78.4684216,
              17.407812
            ],
            [
              78.4712889,
              17.4078837
            ],
            [
              78.4741455,
              17.408297
            ],
            [
              78.4754517,
              17.4087334
            ],
            [
              78.4798237,
              17.4159967
            ],
            [
              78.485848,
              17.4239353
            ],
            [
              78.4860438,
              17.4248604
            ],
            [
              78.4859875,
              17.4250702
            ],
            [
              78.4854993,
              17.4250625
            ],
            [
              78.4851426,
              17.4252186
            ],
            [
              78.4850916,
              17.4253722
            ],
            [
              78.4847456,
              17.4255564
            ],
            [
              78.4843326,
              17.4248322
            ],
            [
              78.4842414,
              17.4249576
            ],
            [
              78.4843969,
              17.4253491
            ],
            [
              78.4846464,
              17.4256332
            ],
            [
              78.4841689,
              17.4260017
            ],
            [
              78.4836379,
              17.4260158
            ],
            [
              78.4835949,
              17.4266121
            ],
            [
              78.4841957,
              17.4267656
            ],
            [
              78.4846115,
              17.427683
            ],
            [
              78.4852954,
              17.4276102
            ],
            [
              78.4856012,
              17.4275487
            ],
            [
              78.4865024,
              17.4288334
            ],
            [
              78.4866526,
              17.4294629
            ],
            [
              78.4864273,
              17.4306708
            ],
            [
              78.4854295,
              17.4319196
            ],
            [
              78.4829244,
              17.4332247
            ],
            [
              78.4825856,
              17.4333129
            ],
            [
              78.4793248,
              17.4341613
            ],
            [
              78.4783941,
              17.4343365
            ],
            [
              78.4779382,
              17.4333641
            ],
            [
              78.4788877,
              17.4321358
            ],
            [
              78.4787214,
              17.4317571
            ],
            [
              78.4773481,
              17.4308051
            ],
            [
              78.4775332,
              17.4301385
            ],
            [
              78.4739604,
              17.4284905
            ],
            [
              78.4723833,
              17.4285724
            ],
            [
              78.4723511,
              17.4311519
            ],
            [
              78.4732523,
              17.4330967
            ],
            [
              78.4728205,
              17.4343263
            ],
            [
              78.4743413,
              17.4360754
            ],
            [
              78.4735501,
              17.4368341
            ],
            [
              78.4726783,
              17.43736
            ],
            [
              78.4719461,
              17.4375916
            ],
            [
              78.4711951,
              17.4376837
            ],
            [
              78.467979,
              17.4370427
            ],
            [
              78.4669894,
              17.4365526
            ],
            [
              78.4660774,
              17.4354127
            ],
            [
              78.4639817,
              17.4319339
            ],
            [
              78.4630004,
              17.4302444
            ],
            [
              78.4620782,
              17.4286568
            ],
            [
              78.4620675,
              17.4275283
            ],
            [
              78.4622848,
              17.4261591
            ],
            [
              78.4627595,
              17.4252404
            ],
            [
              78.4634676,
              17.4237561
            ],
            [
              78.4646076,
              17.4233518
            ],
            [
              78.4651038,
              17.4222514
            ],
            [
              78.4653291,
              17.4186992
            ],
            [
              78.4622231,
              17.4199942
            ],
            [
              78.4627354,
              17.4220748
            ],
            [
              78.4623679,
              17.4227632
            ],
            [
              78.4578028,
              17.4239813
            ],
            [
              78.4572234,
              17.4251585
            ],
            [
              78.4575453,
              17.426392
            ],
            [
              78.4575372,
              17.4270894
            ],
            [
              78.457143,
              17.4277458
            ],
            [
              78.456054,
              17.4285263
            ],
            [
              78.4546592,
              17.4287847
            ],
            [
              78.4535703,
              17.4284712
            ],
            [
              78.4532376,
              17.4282601
            ],
            [
              78.4529212,
              17.4275129
            ],
            [
              78.4524303,
              17.4267554
            ]
          ]
        ]
      }
    },
    {
      "type": "Feature",
      "properties": {
        "area_id": "A-WARD-BANJARA-HILLS",
        "area_name": "Ward 93 Banjara Hills",
        "district_id": "D-HYDERABAD",
        "risk_score": 0.4,
        "risk_level": "MEDIUM",
        "high_risk_atm_count": 18,
        "atm_ids": [
          "ATM-HYDERABAD-CHY70",
          "ATM-HYDERABAD-16194",
          "ATM-HYDERABAD-37621",
          "ATM-HYDERABAD-22001",
          "ATM-HYDERABAD-08601",
          "ATM-HYDERABAD-08602",
          "ATM-HYDERABAD-WHE52",
          "ATM-HYDERABAD-WF727",
          "ATM-HYDERABAD-NHB82",
          "ATM-HYDERABAD-WHY01",
          "ATM-HYDERABAD-WHY76",
          "ATM-HYDERABAD-22002",
          "ATM-HYDERABAD-14004",
          "ATM-HYDERABAD-14003",
          "ATM-HYDERABAD-12001",
          "ATM-HYDERABAD-14101",
          "ATM-HYDERABAD-12101",
          "ATM-HYDERABAD-D9600",
          "ATM-HYDERABAD-40621",
          "ATM-HYDERABAD-NHE60",
          "ATM-HYDERABAD-WN317",
          "ATM-HYDERABAD-79801",
          "ATM-HYDERABAD-WGT51",
          "ATM-HYDERABAD-WE882",
          "ATM-HYDERABAD-1161S",
          "ATM-HYDERABAD-73002",
          "ATM-HYDERABAD-73101",
          "ATM-HYDERABAD-55001",
          "ATM-HYDERABAD-55101",
          "ATM-HYDERABAD-NI257",
          "ATM-HYDERABAD-NE453",
          "ATM-HYDERABAD-NVI06",
          "ATM-HYDERABAD-87201",
          "ATM-HYDERABAD-NHY84",
          "ATM-HYDERABAD-80701",
          "ATM-HYDERABAD-CHY09",
          "ATM-HYDERABAD-77401",
          "ATM-HYDERABAD-02730",
          "ATM-HYDERABAD-62003",
          "ATM-HYDERABAD-NHE72",
          "ATM-HYDERABAD-46001",
          "ATM-HYDERABAD-00816",
          "ATM-HYDERABAD-95001",
          "ATM-HYDERABAD-HYD09",
          "ATM-HYDERABAD-HYD43"
        ]
      },
      "geometry": {
        "type": "Polygon",
        "coordinates": [
          [
            [
              78.4215635,
              17.4149281
            ],
            [
              78.4209573,
              17.4128039
            ],
            [
              78.4210378,
              17.412461
            ],
            [
              78.4200615,
              17.4119235
            ],
            [
              78.4204155,
              17.4108691
            ],
            [
              78.4205925,
              17.4094563
            ],
            [
              78.4191257,
              17.40841
            ],
            [
              78.4272069,
              17.4062706
            ],
            [
              78.4272981,
              17.4053972
            ],
            [
              78.4281135,
              17.4054417
            ],
            [
              78.4304758,
              17.4055706
            ],
            [
              78.4309794,
              17.4050222
            ],
            [
              78.4329562,
              17.4051297
            ],
            [
              78.431892,
              17.4067172
            ],
            [
              78.4335027,
              17.4057894
            ],
            [
              78.4344958,
              17.406627
            ],
            [
              78.4355331,
              17.4044265
            ],
            [
              78.4388423,
              17.403452
            ],
            [
              78.4442282,
              17.4051233
            ],
            [
              78.4484848,
              17.4052257
            ],
            [
              78.4513338,
              17.4071835
            ],
            [
              78.4532297,
              17.4084863
            ],
            [
              78.454556,
              17.4086117
            ],
            [
              78.4554961,
              17.4091876
            ],
            [
              78.4567259,
              17.4093962
            ],
            [
              78.4578135,
              17.4091992
            ],
            [
              78.458645,
              17.4112057
            ],
            [
              78.4605547,
              17.4121168
            ],
            [
              78.4601095,
              17.4130689
            ],
            [
              78.4564027,
              17.4113132
            ],
            [
              78.4553003,
              17.4110572
            ],
            [
              78.4540262,
              17.4112927
            ],
            [
              78.4537634,
              17.4128027
            ],
            [
              78.4534469,
              17.4132582
            ],
            [
              78.4527307,
              17.4128104
            ],
            [
              78.4501478,
              17.4131405
            ],
            [
              78.4506466,
              17.4140567
            ],
            [
              78.4497057,
              17.414928
            ],
            [
              78.4479403,
              17.4149895
            ],
            [
              78.4460628,
              17.4152864
            ],
            [
              78.4439814,
              17.4159416
            ],
            [
              78.442297,
              17.4154195
            ],
            [
              78.4418195,
              17.4130291
            ],
            [
              78.4408593,
              17.4127476
            ],
            [
              78.4261179,
              17.4155526
            ],
            [
              78.4252274,
              17.4145493
            ],
            [
              78.4245086,
              17.4142013
            ],
            [
              78.4229546,
              17.4143017
            ],
            [
              78.4215635,
              17.4149281
            ]
          ]
        ]
      }
    },
    {
      "type": "Feature",
      "properties": {
        "area_id": "A-WARD-KAVADIGUDA",
        "area_name": "Ward 90 Kavadiguda",
        "district_id": "D-HYDERABAD",
        "risk_score": 0.59,
        "risk_level": "MEDIUM",
        "high_risk_atm_count": 13,
        "atm_ids": [
          "ATM-HYDERABAD-12051",
          "ATM-HYDERABAD-47086",
          "ATM-HYDERABAD-37004",
          "ATM-HYDERABAD-WN751",
          "ATM-HYDERABAD-NP534",
          "ATM-HYDERABAD-83622",
          "ATM-HYDERABAD-39003",
          "ATM-HYDERABAD-39101",
          "ATM-HYDERABAD-WJ007",
          "ATM-HYDERABAD-WC573",
          "ATM-HYDERABAD-67621",
          "ATM-HYDERABAD-16033",
          "ATM-HYDERABAD-NHY87",
          "ATM-HYDERABAD-50001",
          "ATM-HYDERABAD-16622",
          "ATM-HYDERABAD-47068",
          "ATM-HYDERABAD-N1171",
          "ATM-HYDERABAD-00810",
          "ATM-HYDERABAD-32621",
          "ATM-HYDERABAD-WHY09",
          "ATM-HYDERABAD-58621",
          "ATM-HYDERABAD-47039",
          "ATM-HYDERABAD-HYD68",
          "ATM-HYDERABAD-NHY89",
          "ATM-HYDERABAD-42611",
          "ATM-HYDERABAD-16295",
          "ATM-HYDERABAD-CHD53",
          "ATM-HYDERABAD-CHY40",
          "ATM-HYDERABAD-WN869"
        ]
      },
      "geometry": {
        "type": "Polygon",
        "coordinates": [
          [
            [
              78.4945464,
              17.4233735
            ],
            [
              78.4933019,
              17.4238239
            ],
            [
              78.4921968,
              17.424131
            ],
            [
              78.4887743,
              17.4249909
            ],
            [
              78.4863389,
              17.425431
            ],
            [
              78.4861672,
              17.4248783
            ],
            [
              78.4860438,
              17.4248604
            ],
            [
              78.485848,
              17.4239353
            ],
            [
              78.4798237,
              17.4159967
            ],
            [
              78.4754517,
              17.4087334
            ],
            [
              78.4757897,
              17.4085631
            ],
            [
              78.4763288,
              17.407977
            ],
            [
              78.4767902,
              17.4074268
            ],
            [
              78.4771107,
              17.4067754
            ],
            [
              78.4771442,
              17.4066871
            ],
            [
              78.4795904,
              17.4065847
            ],
            [
              78.4813929,
              17.4064414
            ],
            [
              78.4828091,
              17.4059091
            ],
            [
              78.4878892,
              17.4027712
            ],
            [
              78.4871972,
              17.4041738
            ],
            [
              78.4881574,
              17.4087551
            ],
            [
              78.4877175,
              17.4111813
            ],
            [
              78.4878033,
              17.4127169
            ],
            [
              78.4887555,
              17.41555
            ],
            [
              78.4887314,
              17.417129
            ],
            [
              78.4889352,
              17.4176102
            ],
            [
              78.4889031,
              17.4179992
            ],
            [
              78.4883612,
              17.4196704
            ],
            [
              78.4880937,
              17.4200767
            ],
            [
              78.4888816,
              17.4205789
            ],
            [
              78.4919071,
              17.4196269
            ],
            [
              78.4915853,
              17.4220018
            ],
            [
              78.4933019,
              17.4217971
            ],
            [
              78.4945464,
              17.4233735
            ]
          ]
        ]
      }
    },
    {
      "type": "Feature",
      "properties": {
        "area_id": "A-WARD-MUSHEERABAD",
        "area_name": "Ward 86 Musheerabad",
        "district_id": "D-HYDERABAD",
        "risk_score": 0.45,
        "risk_level": "MEDIUM",
        "high_risk_atm_count": 4,
        "atm_ids": [
          "ATM-HYDERABAD-39005",
          "ATM-HYDERABAD-16188",
          "ATM-HYDERABAD-NF029",
          "ATM-HYDERABAD-16233",
          "ATM-HYDERABAD-16213",
          "ATM-HYDERABAD-8E004",
          "ATM-HYDERABAD-87876",
          "ATM-HYDERABAD-47095",
          "ATM-HYDERABAD-WN887",
          "ATM-HYDERABAD-8W040",
          "ATM-HYDERABAD-CHY78",
          "ATM-HYDERABAD-89621",
          "ATM-HYDERABAD-11214",
          "ATM-HYDERABAD-50002",
          "ATM-HYDERABAD-50621"
        ]
      },
      "geometry": {
        "type": "Polygon",
        "coordinates": [
          [
            [
              78.5091591,
              17.4204868
            ],
            [
              78.5089619,
              17.4208105
            ],
            [
              78.5087943,
              17.4210191
            ],
            [
              78.5078931,
              17.4211419
            ],
            [
              78.5071206,
              17.4207529
            ],
            [
              78.5060906,
              17.4199749
            ],
            [
              78.5053182,
              17.4197702
            ],
            [
              78.5023999,
              17.4207324
            ],
            [
              78.5013699,
              17.4204049
            ],
            [
              78.5012269,
              17.4204372
            ],
            [
              78.5017944,
              17.414653
            ],
            [
              78.5022792,
              17.4146082
            ],
            [
              78.5032663,
              17.4145698
            ],
            [
              78.5043472,
              17.4144214
            ],
            [
              78.5047469,
              17.4142039
            ],
            [
              78.5053182,
              17.4135359
            ],
            [
              78.5067451,
              17.4118672
            ],
            [
              78.5070589,
              17.4112402
            ],
            [
              78.5071938,
              17.4109864
            ],
            [
              78.5074505,
              17.4107309
            ],
            [
              78.5079253,
              17.4103419
            ],
            [
              78.5083651,
              17.4111199
            ],
            [
              78.5113692,
              17.4100655
            ],
            [
              78.5124207,
              17.4115396
            ],
            [
              78.5139388,
              17.411276
            ],
            [
              78.5140541,
              17.411665
            ],
            [
              78.5134587,
              17.4120003
            ],
            [
              78.5132307,
              17.4125531
            ],
            [
              78.5126889,
              17.4136997
            ],
            [
              78.5122195,
              17.4144291
            ],
            [
              78.5117394,
              17.4148821
            ],
            [
              78.5110581,
              17.4151636
            ],
            [
              78.510067,
              17.4155519
            ],
            [
              78.5101488,
              17.4160427
            ],
            [
              78.5098833,
              17.4177203
            ],
            [
              78.5097384,
              17.4180043
            ],
            [
              78.5091591,
              17.4204868
            ]
          ]
        ]
      }
    },
    {
      "type": "Feature",
      "properties": {
        "area_id": "A-WARD-VENKATESHWARA-COLONY",
        "area_name": "Ward 92 Venkateshwara Colony",
        "district_id": "D-HYDERABAD",
        "risk_score": 0.42,
        "risk_level": "MEDIUM",
        "high_risk_atm_count": 30,
        "atm_ids": [
          "ATM-HYDERABAD-22621",
          "ATM-HYDERABAD-44701",
          "ATM-HYDERABAD-59040",
          "ATM-HYDERABAD-WG007",
          "ATM-HYDERABAD-B0901",
          "ATM-HYDERABAD-02801",
          "ATM-HYDERABAD-05102",
          "ATM-HYDERABAD-HYD63",
          "ATM-HYDERABAD-22501",
          "ATM-HYDERABAD-47301",
          "ATM-HYDERABAD-80621",
          "ATM-HYDERABAD-B8668",
          "ATM-HYDERABAD-95621",
          "ATM-HYDERABAD-14011",
          "ATM-HYDERABAD-28621",
          "ATM-HYDERABAD-00424",
          "ATM-HYDERABAD-51504",
          "ATM-HYDERABAD-20001",
          "ATM-HYDERABAD-NL256",
          "ATM-HYDERABAD-43621",
          "ATM-HYDERABAD-41001",
          "ATM-HYDERABAD-N9020",
          "ATM-HYDERABAD-12362",
          "ATM-HYDERABAD-26401",
          "ATM-HYDERABAD-05003",
          "ATM-HYDERABAD-05005",
          "ATM-HYDERABAD-05004",
          "ATM-HYDERABAD-05101",
          "ATM-HYDERABAD-16259",
          "ATM-HYDERABAD-42503",
          "ATM-HYDERABAD-42506",
          "ATM-HYDERABAD-42508",
          "ATM-HYDERABAD-42509",
          "ATM-HYDERABAD-87884",
          "ATM-HYDERABAD-CHE14",
          "ATM-HYDERABAD-WH877",
          "ATM-HYDERABAD-WHA11",
          "ATM-HYDERABAD-B9272",
          "ATM-HYDERABAD-40621",
          "ATM-HYDERABAD-B8482",
          "ATM-HYDERABAD-B9834",
          "ATM-HYDERABAD-06001",
          "ATM-HYDERABAD-Y8014",
          "ATM-HYDERABAD-11111",
          "ATM-HYDERABAD-11111",
          "ATM-HYDERABAD-N1424",
          "ATM-HYDERABAD-WN885",
          "ATM-HYDERABAD-Y9007",
          "ATM-HYDERABAD-16247",
          "ATM-HYDERABAD-16271",
          "ATM-HYDERABAD-WHY25",
          "ATM-HYDERABAD-14002",
          "ATM-HYDERABAD-WC554",
          "ATM-HYDERABAD-84001",
          "ATM-HYDERABAD-79621",
          "ATM-HYDERABAD-BN268",
          "ATM-HYDERABAD-BN668",
          "ATM-HYDERABAD-NHB39",
          "ATM-HYDERABAD-50401",
          "ATM-HYDERABAD-16122",
          "ATM-HYDERABAD-ON225",
          "ATM-HYDERABAD-37902",
          "ATM-HYDERABAD-37903",
          "ATM-HYDERABAD-N2686",
          "ATM-HYDERABAD-42504",
          "ATM-HYDERABAD-42505",
          "ATM-HYDERABAD-42510",
          "ATM-HYDERABAD-NC171",
          "ATM-HYDERABAD-WI710",
          "ATM-HYDERABAD-06640",
          "ATM-HYDERABAD-40001",
          "ATM-HYDERABAD-16001",
          "ATM-HYDERABAD-52001",
          "ATM-HYDERABAD-16000",
          "ATM-HYDERABAD-11111",
          "ATM-HYDERABAD-43005",
          "ATM-HYDERABAD-43101",
          "ATM-HYDERABAD-HYD38",
          "ATM-HYDERABAD-16003",
          "ATM-HYDERABAD-NHD69",
          "ATM-HYDERABAD-55001",
          "ATM-HYDERABAD-70002"
        ]
      },
      "geometry": {
        "type": "Polygon",
        "coordinates": [
          [
            [
              78.4369141,
              17.4301397
            ],
            [
              78.4364659,
              17.4294795
            ],
            [
              78.4363425,
              17.4290688
            ],
            [
              78.4379786,
              17.4288218
            ],
            [
              78.4378606,
              17.4281641
            ],
            [
              78.4400064,
              17.4272429
            ],
            [
              78.4262091,
              17.4230971
            ],
            [
              78.4173363,
              17.4263114
            ],
            [
              78.415035,
              17.4259531
            ],
            [
              78.4133667,
              17.4233121
            ],
            [
              78.4115052,
              17.4227746
            ],
            [
              78.4109849,
              17.4203076
            ],
            [
              78.4120417,
              17.4199596
            ],
            [
              78.4132004,
              17.4176716
            ],
            [
              78.4215635,
              17.4149281
            ],
            [
              78.4229546,
              17.4143017
            ],
            [
              78.4245086,
              17.4142013
            ],
            [
              78.4252274,
              17.4145493
            ],
            [
              78.4261179,
              17.4155526
            ],
            [
              78.4408593,
              17.4127476
            ],
            [
              78.4418195,
              17.4130291
            ],
            [
              78.442297,
              17.4154195
            ],
            [
              78.4439814,
              17.4159416
            ],
            [
              78.4460628,
              17.4152864
            ],
            [
              78.4479403,
              17.4149895
            ],
            [
              78.4497057,
              17.414928
            ],
            [
              78.4490051,
              17.4155769
            ],
            [
              78.4490105,
              17.4175629
            ],
            [
              78.4488174,
              17.4181822
            ],
            [
              78.4484687,
              17.4188886
            ],
            [
              78.4480154,
              17.4194695
            ],
            [
              78.4486685,
              17.4210089
            ],
            [
              78.449386,
              17.4225482
            ],
            [
              78.4489086,
              17.4233108
            ],
            [
              78.4481468,
              17.4240018
            ],
            [
              78.4485867,
              17.4252251
            ],
            [
              78.4500861,
              17.4259979
            ],
            [
              78.4519153,
              17.4266505
            ],
            [
              78.4524303,
              17.4267554
            ],
            [
              78.4500968,
              17.4299043
            ],
            [
              78.448914,
              17.4297277
            ],
            [
              78.4481522,
              17.4296586
            ],
            [
              78.4470767,
              17.429825
            ],
            [
              78.4434611,
              17.4301346
            ],
            [
              78.4369141,
              17.4301397
            ]
          ]
        ]
      }
    },
    {
      "type": "Feature",
      "properties": {
        "area_id": "A-WARD-KONDAPUR",
        "area_name": "Ward 104 Kondapur",
        "district_id": "D-RANGA-REDDY",
        "risk_score": 0.59,
        "risk_level": "MEDIUM",
        "high_risk_atm_count": 58,
        "atm_ids": [
          "ATM-HYDERABAD-D2274",
          "ATM-HYDERABAD-32622",
          "ATM-HYDERABAD-CHY90",
          "ATM-RANGA-REDDY-32621",
          "ATM-RANGA-REDDY-41621",
          "ATM-RANGA-REDDY-WI039",
          "ATM-RANGA-REDDY-16169",
          "ATM-RANGA-REDDY-WH172",
          "ATM-RANGA-REDDY-WHD72",
          "ATM-RANGA-REDDY-8111S",
          "ATM-RANGA-REDDY-N1255",
          "ATM-RANGA-REDDY-NHD83",
          "ATM-RANGA-REDDY-41002",
          "ATM-RANGA-REDDY-16019",
          "ATM-RANGA-REDDY-41001",
          "ATM-RANGA-REDDY-16010",
          "ATM-RANGA-REDDY-16011",
          "ATM-RANGA-REDDY-16016",
          "ATM-RANGA-REDDY-WD767",
          "ATM-RANGA-REDDY-NHY82",
          "ATM-RANGA-REDDY-16030",
          "ATM-RANGA-REDDY-W1249",
          "ATM-RANGA-REDDY-WE943",
          "ATM-RANGA-REDDY-86401",
          "ATM-RANGA-REDDY-A6800",
          "ATM-RANGA-REDDY-WE755",
          "ATM-RANGA-REDDY-D6953",
          "ATM-RANGA-REDDY-16193",
          "ATM-HYDERABAD-06001",
          "ATM-HYDERABAD-82002",
          "ATM-RANGA-REDDY-00838",
          "ATM-HYDERABAD-82621",
          "ATM-RANGA-REDDY-39002",
          "ATM-RANGA-REDDY-73311",
          "ATM-RANGA-REDDY-73312",
          "ATM-RANGA-REDDY-10512",
          "ATM-RANGA-REDDY-16004",
          "ATM-RANGA-REDDY-19363",
          "ATM-RANGA-REDDY-WA761",
          "ATM-RANGA-REDDY-WA716",
          "ATM-HYDERABAD-DB986",
          "ATM-RANGA-REDDY-N9371",
          "ATM-RANGA-REDDY-73301",
          "ATM-RANGA-REDDY-NI189",
          "ATM-HYDERABAD-11001",
          "ATM-HYDERABAD-82004",
          "ATM-HYDERABAD-56002",
          "ATM-HYDERABAD-56001",
          "ATM-HYDERABAD-56102",
          "ATM-HYDERABAD-56101",
          "ATM-HYDERABAD-56003",
          "ATM-HYDERABAD-41001",
          "ATM-HYDERABAD-35001",
          "ATM-HYDERABAD-NE440",
          "ATM-HYDERABAD-NI828",
          "ATM-HYDERABAD-DK406",
          "ATM-HYDERABAD-N2058",
          "ATM-HYDERABAD-N9262",
          "ATM-RANGA-REDDY-NQ202",
          "ATM-RANGA-REDDY-WN684",
          "ATM-RANGA-REDDY-WG608",
          "ATM-RANGA-REDDY-WHY57",
          "ATM-RANGA-REDDY-NH506",
          "ATM-RANGA-REDDY-02001",
          "ATM-RANGA-REDDY-55305",
          "ATM-RANGA-REDDY-00856",
          "ATM-HYDERABAD-09001",
          "ATM-RANGA-REDDY-WN855",
          "ATM-RANGA-REDDY-DB883",
          "ATM-HYDERABAD-N9345",
          "ATM-HYDERABAD-WH669",
          "ATM-RANGA-REDDY-ON863",
          "ATM-RANGA-REDDY-WN278",
          "ATM-RANGA-REDDY-NRT40",
          "ATM-RANGA-REDDY-Y9009",
          "ATM-RANGA-REDDY-WK599",
          "ATM-RANGA-REDDY-55309",
          "ATM-RANGA-REDDY-55306",
          "ATM-HYDERABAD-NHE17",
          "ATM-HYDERABAD-WG058",
          "ATM-RANGA-REDDY-72002",
          "ATM-RANGA-REDDY-10034",
          "ATM-RANGA-REDDY-00951",
          "ATM-RANGA-REDDY-CHD12",
          "ATM-RANGA-REDDY-WC381",
          "ATM-RANGA-REDDY-72622",
          "ATM-RANGA-REDDY-WH988",
          "ATM-RANGA-REDDY-55302",
          "ATM-RANGA-REDDY-10501",
          "ATM-RANGA-REDDY-NP491",
          "ATM-RANGA-REDDY-WRA07",
          "ATM-RANGA-REDDY-00839",
          "ATM-RANGA-REDDY-NB983",
          "ATM-RANGA-REDDY-70007",
          "ATM-RANGA-REDDY-WL797",
          "ATM-RANGA-REDDY-NH491",
          "ATM-RANGA-REDDY-HYD45",
          "ATM-RANGA-REDDY-NP684",
          "ATM-RANGA-REDDY-NE445",
          "ATM-RANGA-REDDY-WM066",
          "ATM-RANGA-REDDY-WG834",
          "ATM-RANGA-REDDY-00862",
          "ATM-RANGA-REDDY-WN856",
          "ATM-RANGA-REDDY-NP143",
          "ATM-RANGA-REDDY-10600",
          "ATM-RANGA-REDDY-75101",
          "ATM-RANGA-REDDY-NI249",
          "ATM-RANGA-REDDY-75002",
          "ATM-RANGA-REDDY-WE878",
          "ATM-RANGA-REDDY-26080",
          "ATM-RANGA-REDDY-WI367",
          "ATM-RANGA-REDDY-70003",
          "ATM-RANGA-REDDY-WF677",
          "ATM-RANGA-REDDY-DB888",
          "ATM-RANGA-REDDY-DC131",
          "ATM-RANGA-REDDY-WHY66",
          "ATM-RANGA-REDDY-NP022",
          "ATM-RANGA-REDDY-WC279",
          "ATM-RANGA-REDDY-55317",
          "ATM-RANGA-REDDY-WN860",
          "ATM-RANGA-REDDY-WC830",
          "ATM-RANGA-REDDY-66001",
          "ATM-RANGA-REDDY-NHE02",
          "ATM-RANGA-REDDY-N2799",
          "ATM-RANGA-REDDY-02621",
          "ATM-RANGA-REDDY-16124",
          "ATM-RANGA-REDDY-33001",
          "ATM-RANGA-REDDY-WHY88",
          "ATM-RANGA-REDDY-79001",
          "ATM-RANGA-REDDY-79101",
          "ATM-RANGA-REDDY-WG447",
          "ATM-RANGA-REDDY-23701",
          "ATM-RANGA-REDDY-WHY83",
          "ATM-RANGA-REDDY-81002",
          "ATM-RANGA-REDDY-60003",
          "ATM-RANGA-REDDY-73313",
          "ATM-RANGA-REDDY-16262",
          "ATM-RANGA-REDDY-15901",
          "ATM-RANGA-REDDY-A011U",
          "ATM-RANGA-REDDY-55621",
          "ATM-RANGA-REDDY-WE883",
          "ATM-RANGA-REDDY-NHE18",
          "ATM-RANGA-REDDY-WHD23",
          "ATM-RANGA-REDDY-CSO42",
          "ATM-RANGA-REDDY-52201",
          "ATM-RANGA-REDDY-16078",
          "ATM-RANGA-REDDY-81622",
          "ATM-RANGA-REDDY-NHE63",
          "ATM-RANGA-REDDY-16289",
          "ATM-RANGA-REDDY-81716",
          "ATM-RANGA-REDDY-NHE48",
          "ATM-RANGA-REDDY-81718",
          "ATM-RANGA-REDDY-16259",
          "ATM-RANGA-REDDY-81703",
          "ATM-RANGA-REDDY-81712"
        ]
      },
      "geometry": {
        "type": "Polygon",
        "coordinates": [
          [
            [
              78.3990759,
              17.4134233
            ],
            [
              78.3982229,
              17.4152045
            ],
            [
              78.3976704,
              17.4175795
            ],
            [
              78.3984429,
              17.4182142
            ],
            [
              78.3989847,
              17.4181016
            ],
            [
              78.3985502,
              17.4192737
            ],
            [
              78.3982766,
              17.4247145
            ],
            [
              78.3963239,
              17.4263165
            ],
            [
              78.3943981,
              17.4267464
            ],
            [
              78.3951867,
              17.4285941
            ],
            [
              78.393352,
              17.429674
            ],
            [
              78.393352,
              17.4304724
            ],
            [
              78.3962917,
              17.4306464
            ],
            [
              78.3987594,
              17.4311889
            ],
            [
              78.3992529,
              17.4321256
            ],
            [
              78.3979171,
              17.4335432
            ],
            [
              78.3986199,
              17.4346846
            ],
            [
              78.3972788,
              17.4371258
            ],
            [
              78.3953798,
              17.4370695
            ],
            [
              78.3957177,
              17.4379396
            ],
            [
              78.3961469,
              17.4394749
            ],
            [
              78.3950928,
              17.4400662
            ],
            [
              78.3938603,
              17.4409466
            ],
            [
              78.3889452,
              17.4414376
            ],
            [
              78.3880466,
              17.4416282
            ],
            [
              78.3873352,
              17.443541
            ],
            [
              78.3861946,
              17.4455356
            ],
            [
              78.3837673,
              17.4486396
            ],
            [
              78.3813401,
              17.451416
            ],
            [
              78.3800072,
              17.4528822
            ],
            [
              78.3790605,
              17.4535297
            ],
            [
              78.3758748,
              17.4572659
            ],
            [
              78.3725569,
              17.4572176
            ],
            [
              78.3695783,
              17.4580018
            ],
            [
              78.3662993,
              17.4586632
            ],
            [
              78.3659077,
              17.4590266
            ],
            [
              78.3666071,
              17.4623477
            ],
            [
              78.3668773,
              17.4656687
            ],
            [
              78.3665283,
              17.467755
            ],
            [
              78.3655814,
              17.4691257
            ],
            [
              78.3648919,
              17.4709875
            ],
            [
              78.3629066,
              17.4749963
            ],
            [
              78.3629921,
              17.4754357
            ],
            [
              78.3627306,
              17.4760587
            ],
            [
              78.3611923,
              17.4794178
            ],
            [
              78.3606371,
              17.4823983
            ],
            [
              78.3503804,
              17.482319
            ],
            [
              78.3497232,
              17.4823139
            ],
            [
              78.3498064,
              17.4801412
            ],
            [
              78.3497192,
              17.478052
            ],
            [
              78.3492458,
              17.4749394
            ],
            [
              78.3490688,
              17.4680558
            ],
            [
              78.347438,
              17.4635374
            ],
            [
              78.3489893,
              17.4630542
            ],
            [
              78.3638015,
              17.4555295
            ],
            [
              78.3638018,
              17.4520909
            ],
            [
              78.363888,
              17.448857
            ],
            [
              78.3629532,
              17.4435832
            ],
            [
              78.362742,
              17.4417108
            ],
            [
              78.3635084,
              17.4403902
            ],
            [
              78.3637081,
              17.4384912
            ],
            [
              78.368064,
              17.4346323
            ],
            [
              78.3705209,
              17.4322268
            ],
            [
              78.3729134,
              17.4302819
            ],
            [
              78.374394,
              17.4288079
            ],
            [
              78.3762286,
              17.4271496
            ],
            [
              78.3782993,
              17.4253685
            ],
            [
              78.3817004,
              17.4225535
            ],
            [
              78.3834706,
              17.4216424
            ],
            [
              78.3861957,
              17.4196155
            ],
            [
              78.3874188,
              17.4186635
            ],
            [
              78.3887385,
              17.4178036
            ],
            [
              78.3915226,
              17.4162271
            ],
            [
              78.3927511,
              17.414968
            ],
            [
              78.3941029,
              17.4139545
            ],
            [
              78.394744,
              17.4130946
            ],
            [
              78.3949491,
              17.4128553
            ],
            [
              78.3971842,
              17.4112197
            ],
            [
              78.3983374,
              17.4133385
            ],
            [
              78.3990759,
              17.4134233
            ]
          ]
        ]
      }
    },
    {
      "type": "Feature",
      "properties": {
        "area_id": "A-WARD-GACHIBOWLI",
        "area_name": "Ward 105 Gachibowli",
        "district_id": "D-RANGA-REDDY",
        "risk_score": 0.42,
        "risk_level": "MEDIUM",
        "high_risk_atm_count": 38,
        "atm_ids": [
          "ATM-RANGA-REDDY-00438",
          "ATM-RANGA-REDDY-00414",
          "ATM-RANGA-REDDY-73309",
          "ATM-RANGA-REDDY-NHE15",
          "ATM-RANGA-REDDY-43001",
          "ATM-RANGA-REDDY-43101",
          "ATM-RANGA-REDDY-80101",
          "ATM-RANGA-REDDY-WI051",
          "ATM-RANGA-REDDY-N2003",
          "ATM-RANGA-REDDY-N4797",
          "ATM-RANGA-REDDY-63401",
          "ATM-RANGA-REDDY-D2467",
          "ATM-RANGA-REDDY-76621",
          "ATM-RANGA-REDDY-39001",
          "ATM-RANGA-REDDY-39101",
          "ATM-RANGA-REDDY-39004",
          "ATM-RANGA-REDDY-WF617",
          "ATM-RANGA-REDDY-WG474",
          "ATM-RANGA-REDDY-NH744",
          "ATM-RANGA-REDDY-N1100",
          "ATM-RANGA-REDDY-NHY30",
          "ATM-RANGA-REDDY-NAP41",
          "ATM-RANGA-REDDY-47001",
          "ATM-RANGA-REDDY-73303",
          "ATM-RANGA-REDDY-78001",
          "ATM-RANGA-REDDY-06302",
          "ATM-RANGA-REDDY-CHY24",
          "ATM-RANGA-REDDY-NE525",
          "ATM-RANGA-REDDY-NI567",
          "ATM-RANGA-REDDY-PS004",
          "ATM-RANGA-REDDY-PS003",
          "ATM-RANGA-REDDY-WG750",
          "ATM-RANGA-REDDY-CHD43",
          "ATM-RANGA-REDDY-CHD29",
          "ATM-RANGA-REDDY-NP239",
          "ATM-RANGA-REDDY-WG005",
          "ATM-RANGA-REDDY-16110",
          "ATM-RANGA-REDDY-WC755",
          "ATM-RANGA-REDDY-WH214",
          "ATM-RANGA-REDDY-D9541",
          "ATM-RANGA-REDDY-D7363",
          "ATM-RANGA-REDDY-DB981",
          "ATM-RANGA-REDDY-DC080",
          "ATM-RANGA-REDDY-NP444",
          "ATM-RANGA-REDDY-NP042",
          "ATM-RANGA-REDDY-WI818",
          "ATM-RANGA-REDDY-WG775",
          "ATM-RANGA-REDDY-WI002",
          "ATM-RANGA-REDDY-DK082",
          "ATM-RANGA-REDDY-PS059",
          "ATM-RANGA-REDDY-B6953",
          "ATM-RANGA-REDDY-WN967",
          "ATM-RANGA-REDDY-WA823",
          "ATM-RANGA-REDDY-WA819",
          "ATM-RANGA-REDDY-NQ745",
          "ATM-RANGA-REDDY-NP275",
          "ATM-RANGA-REDDY-WK601",
          "ATM-RANGA-REDDY-NP279",
          "ATM-RANGA-REDDY-B9541",
          "ATM-RANGA-REDDY-WN854",
          "ATM-RANGA-REDDY-CHY23",
          "ATM-RANGA-REDDY-16189",
          "ATM-RANGA-REDDY-87899",
          "ATM-RANGA-REDDY-17622",
          "ATM-RANGA-REDDY-11001",
          "ATM-RANGA-REDDY-WH181",
          "ATM-RANGA-REDDY-G0601",
          "ATM-RANGA-REDDY-16121",
          "ATM-RANGA-REDDY-8WS04",
          "ATM-RANGA-REDDY-16256",
          "ATM-RANGA-REDDY-DK534",
          "ATM-RANGA-REDDY-NQ243",
          "ATM-RANGA-REDDY-PS158",
          "ATM-RANGA-REDDY-CHD30",
          "ATM-RANGA-REDDY-WF670",
          "ATM-RANGA-REDDY-61002",
          "ATM-RANGA-REDDY-N9303",
          "ATM-RANGA-REDDY-16005",
          "ATM-SANGAREDDY-NQ852",
          "ATM-RANGA-REDDY-16132",
          "ATM-RANGA-REDDY-16080",
          "ATM-RANGA-REDDY-59001",
          "ATM-RANGA-REDDY-16173",
          "ATM-RANGA-REDDY-WN659",
          "ATM-RANGA-REDDY-53001",
          "ATM-RANGA-REDDY-53101",
          "ATM-RANGA-REDDY-NHE24",
          "ATM-RANGA-REDDY-86001",
          "ATM-RANGA-REDDY-DC020",
          "ATM-RANGA-REDDY-53820",
          "ATM-RANGA-REDDY-35001",
          "ATM-RANGA-REDDY-N1161",
          "ATM-RANGA-REDDY-53823",
          "ATM-RANGA-REDDY-59621",
          "ATM-RANGA-REDDY-16098",
          "ATM-RANGA-REDDY-WF101"
        ]
      },
      "geometry": {
        "type": "Polygon",
        "coordinates": [
          [
            [
              78.3107827,
              17.4800947
            ],
            [
              78.310139,
              17.4806882
            ],
            [
              78.30721,
              17.4807496
            ],
            [
              78.3042811,
              17.4803198
            ],
            [
              78.3016525,
              17.4794602
            ],
            [
              78.2977365,
              17.4780224
            ],
            [
              78.2950221,
              17.4765846
            ],
            [
              78.2965134,
              17.4729516
            ],
            [
              78.2899473,
              17.463045
            ],
            [
              78.287072,
              17.4562084
            ],
            [
              78.2834242,
              17.4557171
            ],
            [
              78.2832526,
              17.453752
            ],
            [
              78.2718371,
              17.4415926
            ],
            [
              78.2717512,
              17.4405281
            ],
            [
              78.2729529,
              17.4336496
            ],
            [
              78.2787786,
              17.4274874
            ],
            [
              78.2829092,
              17.4237818
            ],
            [
              78.2893894,
              17.4273032
            ],
            [
              78.294196,
              17.4325851
            ],
            [
              78.3165978,
              17.4187044
            ],
            [
              78.327627,
              17.4157153
            ],
            [
              78.3352659,
              17.4155924
            ],
            [
              78.3421753,
              17.4120299
            ],
            [
              78.3436774,
              17.4149372
            ],
            [
              78.3483337,
              17.4125213
            ],
            [
              78.3500288,
              17.4136678
            ],
            [
              78.3518098,
              17.4134836
            ],
            [
              78.3536337,
              17.4164114
            ],
            [
              78.3657037,
              17.4121835
            ],
            [
              78.3658324,
              17.4121835
            ],
            [
              78.3659826,
              17.4130536
            ],
            [
              78.3678494,
              17.4136806
            ],
            [
              78.3687185,
              17.4128284
            ],
            [
              78.3719371,
              17.4121732
            ],
            [
              78.373997,
              17.4153365
            ],
            [
              78.3743833,
              17.4156999
            ],
            [
              78.3747266,
              17.4156845
            ],
            [
              78.374909,
              17.4151573
            ],
            [
              78.3752684,
              17.4151471
            ],
            [
              78.3753703,
              17.4155208
            ],
            [
              78.3756064,
              17.415403
            ],
            [
              78.3756547,
              17.4151881
            ],
            [
              78.3760302,
              17.4149065
            ],
            [
              78.3761428,
              17.4149475
            ],
            [
              78.3763896,
              17.4146097
            ],
            [
              78.3772586,
              17.4158483
            ],
            [
              78.3779882,
              17.4174044
            ],
            [
              78.3814214,
              17.4178241
            ],
            [
              78.3867107,
              17.4143947
            ],
            [
              78.3882235,
              17.4136269
            ],
            [
              78.387966,
              17.4110471
            ],
            [
              78.3882986,
              17.4096958
            ],
            [
              78.3895109,
              17.4096548
            ],
            [
              78.390441,
              17.4095949
            ],
            [
              78.3910988,
              17.4095525
            ],
            [
              78.391485,
              17.4103919
            ],
            [
              78.3948217,
              17.4102793
            ],
            [
              78.3949491,
              17.4128553
            ],
            [
              78.394744,
              17.4130946
            ],
            [
              78.3941029,
              17.4139545
            ],
            [
              78.3927511,
              17.414968
            ],
            [
              78.3915226,
              17.4162271
            ],
            [
              78.3887385,
              17.4178036
            ],
            [
              78.3874188,
              17.4186635
            ],
            [
              78.3861957,
              17.4196155
            ],
            [
              78.3834706,
              17.4216424
            ],
            [
              78.3817004,
              17.4225535
            ],
            [
              78.3782993,
              17.4253685
            ],
            [
              78.3762286,
              17.4271496
            ],
            [
              78.374394,
              17.4288079
            ],
            [
              78.3729134,
              17.4302819
            ],
            [
              78.3705209,
              17.4322268
            ],
            [
              78.368064,
              17.4346323
            ],
            [
              78.3637081,
              17.4384912
            ],
            [
              78.3591805,
              17.4413469
            ],
            [
              78.3544867,
              17.4434299
            ],
            [
              78.3520995,
              17.445308
            ],
            [
              78.3470248,
              17.4501902
            ],
            [
              78.3465232,
              17.4505306
            ],
            [
              78.3453671,
              17.4511268
            ],
            [
              78.3446,
              17.4515387
            ],
            [
              78.3436774,
              17.4523652
            ],
            [
              78.3420466,
              17.4543098
            ],
            [
              78.3411668,
              17.4552207
            ],
            [
              78.3396916,
              17.4566485
            ],
            [
              78.3390371,
              17.4575286
            ],
            [
              78.3368431,
              17.4605376
            ],
            [
              78.3354698,
              17.4618476
            ],
            [
              78.3344291,
              17.4638024
            ],
            [
              78.333544,
              17.4651687
            ],
            [
              78.3327393,
              17.466146
            ],
            [
              78.3317737,
              17.4672871
            ],
            [
              78.3304326,
              17.4690372
            ],
            [
              78.3299069,
              17.470603
            ],
            [
              78.3296226,
              17.4711709
            ],
            [
              78.3266561,
              17.4733814
            ],
            [
              78.325154,
              17.4756789
            ],
            [
              78.3244888,
              17.4767279
            ],
            [
              78.3237485,
              17.4777819
            ],
            [
              78.3233301,
              17.4780582
            ],
            [
              78.3228795,
              17.4782475
            ],
            [
              78.3224986,
              17.4782731
            ],
            [
              78.3214257,
              17.4775158
            ],
            [
              78.3199237,
              17.4777
            ],
            [
              78.3196877,
              17.4785392
            ],
            [
              78.3196233,
              17.4793783
            ],
            [
              78.3107827,
              17.4800947
            ]
          ]
        ]
      }
    },
    {
      "type": "Feature",
      "properties": {
        "area_id": "A-WARD-JUBILEE-HILLS",
        "area_name": "Ward 95 Jubilee Hills",
        "district_id": "D-HYDERABAD",
        "risk_score": 0.39,
        "risk_level": "LOW",
        "high_risk_atm_count": 29,
        "atm_ids": [
          "ATM-HYDERABAD-51505",
          "ATM-HYDERABAD-30001",
          "ATM-HYDERABAD-73700",
          "ATM-HYDERABAD-22003",
          "ATM-HYDERABAD-22101",
          "ATM-HYDERABAD-CHE06",
          "ATM-HYDERABAD-08401",
          "ATM-HYDERABAD-Y9004",
          "ATM-HYDERABAD-16228",
          "ATM-HYDERABAD-N2243",
          "ATM-HYDERABAD-05240",
          "ATM-HYDERABAD-00425",
          "ATM-HYDERABAD-03015",
          "ATM-HYDERABAD-03004",
          "ATM-HYDERABAD-03011",
          "ATM-HYDERABAD-16158",
          "ATM-HYDERABAD-11001",
          "ATM-HYDERABAD-10031",
          "ATM-HYDERABAD-04003",
          "ATM-HYDERABAD-04101",
          "ATM-HYDERABAD-56001",
          "ATM-HYDERABAD-CHB69",
          "ATM-HYDERABAD-NHD19",
          "ATM-HYDERABAD-NAN45",
          "ATM-HYDERABAD-NHE23",
          "ATM-HYDERABAD-51001",
          "ATM-HYDERABAD-2889A",
          "ATM-HYDERABAD-66401",
          "ATM-HYDERABAD-16255",
          "ATM-HYDERABAD-16109",
          "ATM-HYDERABAD-58622",
          "ATM-HYDERABAD-58621",
          "ATM-HYDERABAD-18004",
          "ATM-HYDERABAD-18101",
          "ATM-HYDERABAD-25003",
          "ATM-HYDERABAD-25101",
          "ATM-HYDERABAD-25002",
          "ATM-HYDERABAD-57621",
          "ATM-HYDERABAD-59101",
          "ATM-HYDERABAD-30621",
          "ATM-HYDERABAD-NHY36",
          "ATM-HYDERABAD-DK511",
          "ATM-HYDERABAD-PS107",
          "ATM-HYDERABAD-DC025",
          "ATM-HYDERABAD-NHY64",
          "ATM-HYDERABAD-56001",
          "ATM-HYDERABAD-HYD04",
          "ATM-HYDERABAD-SHY03",
          "ATM-HYDERABAD-68901",
          "ATM-HYDERABAD-NQ235",
          "ATM-HYDERABAD-11111",
          "ATM-HYDERABAD-8E035",
          "ATM-HYDERABAD-03002",
          "ATM-HYDERABAD-03001",
          "ATM-HYDERABAD-03101",
          "ATM-HYDERABAD-16204",
          "ATM-HYDERABAD-47129",
          "ATM-HYDERABAD-PS016",
          "ATM-HYDERABAD-DK397",
          "ATM-HYDERABAD-WE958",
          "ATM-HYDERABAD-02020",
          "ATM-HYDERABAD-02010",
          "ATM-HYDERABAD-31001",
          "ATM-RANGA-REDDY-77622",
          "ATM-HYDERABAD-94300",
          "ATM-HYDERABAD-PB481",
          "ATM-HYDERABAD-16135",
          "ATM-HYDERABAD-46301",
          "ATM-HYDERABAD-NHE28",
          "ATM-HYDERABAD-75500",
          "ATM-HYDERABAD-38601",
          "ATM-HYDERABAD-18001",
          "ATM-HYDERABAD-51621",
          "ATM-HYDERABAD-Y8002",
          "ATM-HYDERABAD-WJ216",
          "ATM-HYDERABAD-WM268",
          "ATM-HYDERABAD-30516",
          "ATM-HYDERABAD-45101",
          "ATM-HYDERABAD-CHD39",
          "ATM-HYDERABAD-WH979",
          "ATM-HYDERABAD-09101",
          "ATM-HYDERABAD-75001",
          "ATM-HYDERABAD-NL154",
          "ATM-HYDERABAD-80501",
          "ATM-HYDERABAD-00439",
          "ATM-HYDERABAD-16279",
          "ATM-HYDERABAD-D085U",
          "ATM-HYDERABAD-11111",
          "ATM-HYDERABAD-11111",
          "ATM-HYDERABAD-55621",
          "ATM-HYDERABAD-N2119",
          "ATM-HYDERABAD-NHY75",
          "ATM-HYDERABAD-16135",
          "ATM-HYDERABAD-24002",
          "ATM-HYDERABAD-55003"
        ]
      },
      "geometry": {
        "type": "Polygon",
        "coordinates": [
          [
            [
              78.4369141,
              17.4301397
            ],
            [
              78.4342296,
              17.4301858
            ],
            [
              78.4333237,
              17.4297866
            ],
            [
              78.4318216,
              17.4296854
            ],
            [
              78.4308708,
              17.4297636
            ],
            [
              78.4257853,
              17.429848
            ],
            [
              78.4222823,
              17.4313681
            ],
            [
              78.4209412,
              17.4310073
            ],
            [
              78.4195787,
              17.4307488
            ],
            [
              78.4203994,
              17.4311378
            ],
            [
              78.420323,
              17.4318607
            ],
            [
              78.4186158,
              17.431949
            ],
            [
              78.4172183,
              17.4328216
            ],
            [
              78.4158611,
              17.4342802
            ],
            [
              78.4158289,
              17.4355085
            ],
            [
              78.4164727,
              17.4379242
            ],
            [
              78.4154642,
              17.4385332
            ],
            [
              78.4161776,
              17.4401505
            ],
            [
              78.4156412,
              17.4424125
            ],
            [
              78.4120631,
              17.4458619
            ],
            [
              78.406173,
              17.44578
            ],
            [
              78.4054649,
              17.4451096
            ],
            [
              78.4066933,
              17.4434207
            ],
            [
              78.4065807,
              17.4420645
            ],
            [
              78.402155,
              17.4405138
            ],
            [
              78.4000468,
              17.4393674
            ],
            [
              78.399505,
              17.4388198
            ],
            [
              78.3992261,
              17.438523
            ],
            [
              78.3973324,
              17.4387124
            ],
            [
              78.3961469,
              17.4394749
            ],
            [
              78.3957177,
              17.4379396
            ],
            [
              78.3953798,
              17.4370695
            ],
            [
              78.3972788,
              17.4371258
            ],
            [
              78.3986199,
              17.4346846
            ],
            [
              78.3979171,
              17.4335432
            ],
            [
              78.3992529,
              17.4321256
            ],
            [
              78.3987594,
              17.4311889
            ],
            [
              78.3962917,
              17.4306464
            ],
            [
              78.393352,
              17.4304724
            ],
            [
              78.393352,
              17.429674
            ],
            [
              78.3951867,
              17.4285941
            ],
            [
              78.3943981,
              17.4267464
            ],
            [
              78.3963239,
              17.4263165
            ],
            [
              78.3982766,
              17.4247145
            ],
            [
              78.3985502,
              17.4192737
            ],
            [
              78.3989847,
              17.4181016
            ],
            [
              78.3984429,
              17.4182142
            ],
            [
              78.3976704,
              17.4175795
            ],
            [
              78.3982229,
              17.4152045
            ],
            [
              78.3990759,
              17.4134233
            ],
            [
              78.4002238,
              17.4139505
            ],
            [
              78.4023374,
              17.4132492
            ],
            [
              78.4019887,
              17.4115806
            ],
            [
              78.4066504,
              17.4101627
            ],
            [
              78.406924,
              17.4096457
            ],
            [
              78.4074444,
              17.4092977
            ],
            [
              78.4140694,
              17.4082995
            ],
            [
              78.4148633,
              17.4070301
            ],
            [
              78.4173632,
              17.4071529
            ],
            [
              78.4178238,
              17.4074814
            ],
            [
              78.4191257,
              17.40841
            ],
            [
              78.4205925,
              17.4094563
            ],
            [
              78.4204155,
              17.4108691
            ],
            [
              78.4200615,
              17.4119235
            ],
            [
              78.4210378,
              17.412461
            ],
            [
              78.4209573,
              17.4128039
            ],
            [
              78.4215635,
              17.4149281
            ],
            [
              78.4132004,
              17.4176716
            ],
            [
              78.4120417,
              17.4199596
            ],
            [
              78.4109849,
              17.4203076
            ],
            [
              78.4115052,
              17.4227746
            ],
            [
              78.4133667,
              17.4233121
            ],
            [
              78.415035,
              17.4259531
            ],
            [
              78.4173363,
              17.4263114
            ],
            [
              78.4262091,
              17.4230971
            ],
            [
              78.4400064,
              17.4272429
            ],
            [
              78.4378606,
              17.4281641
            ],
            [
              78.4379786,
              17.4288218
            ],
            [
              78.4363425,
              17.4290688
            ],
            [
              78.4364659,
              17.4294795
            ],
            [
              78.4369141,
              17.4301397
            ]
          ]
        ]
      }
    },
    {
      "type": "Feature",
      "properties": {
        "area_id": "A-WARD-BHOLAKPUR",
        "area_name": "Ward 88 Bholakpur",
        "district_id": "D-HYDERABAD",
        "risk_score": 0.47,
        "risk_level": "MEDIUM",
        "high_risk_atm_count": 4,
        "atm_ids": [
          "ATM-HYDERABAD-89622",
          "ATM-HYDERABAD-08501",
          "ATM-HYDERABAD-47527",
          "ATM-HYDERABAD-47542",
          "ATM-HYDERABAD-94003",
          "ATM-HYDERABAD-00817",
          "ATM-HYDERABAD-WN898",
          "ATM-HYDERABAD-CHD26",
          "ATM-HYDERABAD-CHY61",
          "ATM-HYDERABAD-11208",
          "ATM-HYDERABAD-D2263",
          "ATM-HYDERABAD-99184",
          "ATM-HYDERABAD-NHE44",
          "ATM-HYDERABAD-WN880",
          "ATM-HYDERABAD-11207",
          "ATM-HYDERABAD-12622",
          "ATM-HYDERABAD-12621",
          "ATM-HYDERABAD-12208",
          "ATM-HYDERABAD-F026U",
          "ATM-HYDERABAD-94002",
          "ATM-HYDERABAD-94101"
        ]
      },
      "geometry": {
        "type": "Polygon",
        "coordinates": [
          [
            [
              78.5012269,
              17.4204372
            ],
            [
              78.5005546,
              17.4205891
            ],
            [
              78.4992456,
              17.4209986
            ],
            [
              78.4969282,
              17.4217356
            ],
            [
              78.4957051,
              17.4223498
            ],
            [
              78.4945464,
              17.4233735
            ],
            [
              78.4933019,
              17.4217971
            ],
            [
              78.4915853,
              17.4220018
            ],
            [
              78.4919071,
              17.4196269
            ],
            [
              78.4888816,
              17.4205789
            ],
            [
              78.4880937,
              17.4200767
            ],
            [
              78.4883612,
              17.4196704
            ],
            [
              78.4889031,
              17.4179992
            ],
            [
              78.4889352,
              17.4176102
            ],
            [
              78.4887314,
              17.417129
            ],
            [
              78.4887555,
              17.41555
            ],
            [
              78.4948656,
              17.4149409
            ],
            [
              78.4947342,
              17.4142934
            ],
            [
              78.4959841,
              17.4139351
            ],
            [
              78.49769,
              17.4140145
            ],
            [
              78.49828,
              17.4159416
            ],
            [
              78.5017944,
              17.414653
            ],
            [
              78.5012269,
              17.4204372
            ]
          ]
        ]
      }
    },
    {
      "type": "Feature",
      "properties": {
        "area_id": "A-WARD-NACHARAM",
        "area_name": "Ward 6 Nacharam",
        "district_id": "D-MEDCHAL-MALKAJGIRI",
        "risk_score": 0.35,
        "risk_level": "LOW",
        "high_risk_atm_count": 13,
        "atm_ids": [
          "ATM-HYDERABAD-CRJ06",
          "ATM-HYDERABAD-47158",
          "ATM-HYDERABAD-47157",
          "ATM-HYDERABAD-44601",
          "ATM-HYDERABAD-N8904",
          "ATM-HYDERABAD-66621",
          "ATM-HYDERABAD-14035",
          "ATM-HYDERABAD-N2060",
          "ATM-HYDERABAD-NHD35",
          "ATM-HYDERABAD-19503",
          "ATM-HYDERABAD-47569",
          "ATM-HYDERABAD-14126",
          "ATM-HYDERABAD-16248",
          "ATM-HYDERABAD-WHY04",
          "ATM-HYDERABAD-09002",
          "ATM-HYDERABAD-36001",
          "ATM-MEDCHAL-MALKAJGIRI-47141",
          "ATM-HYDERABAD-73003",
          "ATM-HYDERABAD-73004",
          "ATM-MEDCHAL-MALKAJGIRI-14006",
          "ATM-MEDCHAL-MALKAJGIRI-24101",
          "ATM-MEDCHAL-MALKAJGIRI-DK513",
          "ATM-MEDCHAL-MALKAJGIRI-24108",
          "ATM-MEDCHAL-MALKAJGIRI-24109",
          "ATM-MEDCHAL-MALKAJGIRI-24107",
          "ATM-HYDERABAD-CHY03",
          "ATM-MEDCHAL-MALKAJGIRI-RGR09",
          "ATM-MEDCHAL-MALKAJGIRI-SRA01",
          "ATM-MEDCHAL-MALKAJGIRI-RGR02",
          "ATM-MEDCHAL-MALKAJGIRI-NP197",
          "ATM-MEDCHAL-MALKAJGIRI-WH963",
          "ATM-MEDCHAL-MALKAJGIRI-02707",
          "ATM-MEDCHAL-MALKAJGIRI-02706",
          "ATM-MEDCHAL-MALKAJGIRI-14008",
          "ATM-MEDCHAL-MALKAJGIRI-11111",
          "ATM-MEDCHAL-MALKAJGIRI-58201",
          "ATM-MEDCHAL-MALKAJGIRI-54002",
          "ATM-MEDCHAL-MALKAJGIRI-14003",
          "ATM-MEDCHAL-MALKAJGIRI-36793",
          "ATM-MEDCHAL-MALKAJGIRI-14119",
          "ATM-MEDCHAL-MALKAJGIRI-NHD20",
          "ATM-MEDCHAL-MALKAJGIRI-05001",
          "ATM-MEDCHAL-MALKAJGIRI-44611",
          "ATM-HYDERABAD-CHD34",
          "ATM-MEDCHAL-MALKAJGIRI-W9150",
          "ATM-MEDCHAL-MALKAJGIRI-NP092"
        ]
      },
      "geometry": {
        "type": "Polygon",
        "coordinates": [
          [
            [
              78.5485982,
              17.4345106
            ],
            [
              78.5467958,
              17.4339579
            ],
            [
              78.5468173,
              17.4326272
            ],
            [
              78.5471391,
              17.4312555
            ],
            [
              78.5458731,
              17.4315831
            ],
            [
              78.54465,
              17.4274067
            ],
            [
              78.5438132,
              17.4273453
            ],
            [
              78.5419678,
              17.425298
            ],
            [
              78.5408306,
              17.4241925
            ],
            [
              78.5381913,
              17.4266902
            ],
            [
              78.5358738,
              17.4247248
            ],
            [
              78.5454869,
              17.4154503
            ],
            [
              78.5469138,
              17.4158956
            ],
            [
              78.5486626,
              17.4151022
            ],
            [
              78.5508889,
              17.4170523
            ],
            [
              78.5535174,
              17.4176614
            ],
            [
              78.5541343,
              17.416694
            ],
            [
              78.5558188,
              17.4165149
            ],
            [
              78.5577714,
              17.4194119
            ],
            [
              78.558104,
              17.4216026
            ],
            [
              78.5625028,
              17.4238854
            ],
            [
              78.5619235,
              17.4250933
            ],
            [
              78.5649919,
              17.4260146
            ],
            [
              78.5662579,
              17.4266902
            ],
            [
              78.5676312,
              17.4272532
            ],
            [
              78.5696911,
              17.4268744
            ],
            [
              78.5683822,
              17.4340397
            ],
            [
              78.567717,
              17.4337531
            ],
            [
              78.5663223,
              17.4395876
            ],
            [
              78.5657,
              17.4391986
            ],
            [
              78.565185,
              17.4415323
            ],
            [
              78.5555291,
              17.4368649
            ],
            [
              78.5547995,
              17.4352476
            ],
            [
              78.5546064,
              17.434224
            ],
            [
              78.5524821,
              17.4351862
            ],
            [
              78.5517954,
              17.4336712
            ],
            [
              78.5485982,
              17.4345106
            ]
          ]
        ]
      }
    },
    {
      "type": "Feature",
      "properties": {
        "area_id": "A-WARD-BOUDHA-NAGAR",
        "area_name": "Ward 146 Boudha Nagar",
        "district_id": "D-HYDERABAD",
        "risk_score": 0.36,
        "risk_level": "LOW",
        "high_risk_atm_count": 2,
        "atm_ids": [
          "ATM-HYDERABAD-NP693",
          "ATM-HYDERABAD-CHD32",
          "ATM-HYDERABAD-16249",
          "ATM-HYDERABAD-47488",
          "ATM-HYDERABAD-47173",
          "ATM-HYDERABAD-CWR88",
          "ATM-HYDERABAD-WN892",
          "ATM-HYDERABAD-WG774",
          "ATM-HYDERABAD-14066"
        ]
      },
      "geometry": {
        "type": "Polygon",
        "coordinates": [
          [
            [
              78.5201347,
              17.4192737
            ],
            [
              78.5197592,
              17.4193095
            ],
            [
              78.5191047,
              17.4193812
            ],
            [
              78.5181177,
              17.4194528
            ],
            [
              78.5166907,
              17.4198009
            ],
            [
              78.5148883,
              17.4199135
            ],
            [
              78.5133004,
              17.4201694
            ],
            [
              78.5107577,
              17.4205379
            ],
            [
              78.5098028,
              17.4203844
            ],
            [
              78.5091591,
              17.4204868
            ],
            [
              78.5097384,
              17.4180043
            ],
            [
              78.5098833,
              17.4177203
            ],
            [
              78.5101488,
              17.4160427
            ],
            [
              78.510067,
              17.4155519
            ],
            [
              78.5110581,
              17.4151636
            ],
            [
              78.5117394,
              17.4148821
            ],
            [
              78.5122195,
              17.4144291
            ],
            [
              78.5126889,
              17.4136997
            ],
            [
              78.5132307,
              17.4125531
            ],
            [
              78.5134587,
              17.4120003
            ],
            [
              78.5140541,
              17.411665
            ],
            [
              78.5139388,
              17.411276
            ],
            [
              78.5146603,
              17.4111762
            ],
            [
              78.5158002,
              17.4109152
            ],
            [
              78.5161006,
              17.4109151
            ],
            [
              78.5170877,
              17.410562
            ],
            [
              78.5173559,
              17.4107027
            ],
            [
              78.5178602,
              17.4105671
            ],
            [
              78.5189116,
              17.4146517
            ],
            [
              78.5201347,
              17.4192737
            ]
          ]
        ]
      }
    },
    {
      "type": "Feature",
      "properties": {
        "area_id": "A-WARD-SEETHAPHALMANDI",
        "area_name": "Ward 145 Seethaphalmandi",
        "district_id": "D-HYDERABAD",
        "risk_score": 0.34,
        "risk_level": "LOW",
        "high_risk_atm_count": 4,
        "atm_ids": [
          "ATM-HYDERABAD-02717",
          "ATM-HYDERABAD-11023",
          "ATM-HYDERABAD-8W008",
          "ATM-HYDERABAD-16205",
          "ATM-HYDERABAD-16009",
          "ATM-HYDERABAD-NHE69",
          "ATM-HYDERABAD-11203",
          "ATM-HYDERABAD-45007",
          "ATM-HYDERABAD-11111",
          "ATM-HYDERABAD-51028",
          "ATM-HYDERABAD-NP999",
          "ATM-HYDERABAD-NQ805",
          "ATM-HYDERABAD-8W038",
          "ATM-HYDERABAD-HYD81",
          "ATM-HYDERABAD-47316",
          "ATM-HYDERABAD-8131S",
          "ATM-HYDERABAD-02725",
          "ATM-HYDERABAD-NM494",
          "ATM-HYDERABAD-31004",
          "ATM-HYDERABAD-NHD03",
          "ATM-HYDERABAD-1271S",
          "ATM-HYDERABAD-81301",
          "ATM-HYDERABAD-HYD50",
          "ATM-HYDERABAD-HYD42",
          "ATM-HYDERABAD-PHY03",
          "ATM-HYDERABAD-11111"
        ]
      },
      "geometry": {
        "type": "Polygon",
        "coordinates": [
          [
            [
              78.5091591,
              17.4204868
            ],
            [
              78.5098028,
              17.4203844
            ],
            [
              78.5107577,
              17.4205379
            ],
            [
              78.5133004,
              17.4201694
            ],
            [
              78.5148883,
              17.4199135
            ],
            [
              78.5166907,
              17.4198009
            ],
            [
              78.5181177,
              17.4194528
            ],
            [
              78.5191047,
              17.4193812
            ],
            [
              78.5197592,
              17.4193095
            ],
            [
              78.5201347,
              17.4192737
            ],
            [
              78.520464,
              17.4206522
            ],
            [
              78.5207301,
              17.4217663
            ],
            [
              78.5209769,
              17.4227183
            ],
            [
              78.5211486,
              17.4235526
            ],
            [
              78.5212398,
              17.4246735
            ],
            [
              78.5211754,
              17.4251905
            ],
            [
              78.5211432,
              17.4253696
            ],
            [
              78.5209501,
              17.4261066
            ],
            [
              78.5206658,
              17.4267925
            ],
            [
              78.51955,
              17.4270126
            ],
            [
              78.5184503,
              17.4271149
            ],
            [
              78.5180265,
              17.4272019
            ],
            [
              78.5167497,
              17.4281181
            ],
            [
              78.5160148,
              17.4286708
            ],
            [
              78.5151726,
              17.4295256
            ],
            [
              78.5128123,
              17.4295153
            ],
            [
              78.5115784,
              17.430196
            ],
            [
              78.5107738,
              17.4305645
            ],
            [
              78.5105163,
              17.4300681
            ],
            [
              78.5104358,
              17.429546
            ],
            [
              78.5102963,
              17.428983
            ],
            [
              78.5107684,
              17.4288397
            ],
            [
              78.5110903,
              17.4285736
            ],
            [
              78.5115838,
              17.4283893
            ],
            [
              78.5112619,
              17.4279389
            ],
            [
              78.5111332,
              17.4266901
            ],
            [
              78.5108757,
              17.425646
            ],
            [
              78.5105753,
              17.4240286
            ],
            [
              78.5105109,
              17.4236396
            ],
            [
              78.5098457,
              17.4230357
            ],
            [
              78.5099316,
              17.4223498
            ],
            [
              78.5099959,
              17.421797
            ],
            [
              78.5095882,
              17.4214285
            ],
            [
              78.5096097,
              17.4212852
            ],
            [
              78.5089619,
              17.4208105
            ],
            [
              78.5091591,
              17.4204868
            ]
          ]
        ]
      }
    },
    {
      "type": "Feature",
      "properties": {
        "area_id": "A-WARD-ALWYN-COLONY",
        "area_name": "Ward 124 Alwyn Colony",
        "district_id": "D-MEDCHAL-MALKAJGIRI",
        "risk_score": 0.46,
        "risk_level": "MEDIUM",
        "high_risk_atm_count": 7,
        "atm_ids": [
          "ATM-MEDCHAL-MALKAJGIRI-11111",
          "ATM-MEDCHAL-MALKAJGIRI-19012",
          "ATM-MEDCHAL-MALKAJGIRI-NHE61",
          "ATM-MEDCHAL-MALKAJGIRI-19323",
          "ATM-MEDCHAL-MALKAJGIRI-N5915",
          "ATM-MEDCHAL-MALKAJGIRI-NQ892",
          "ATM-MEDCHAL-MALKAJGIRI-NF140",
          "ATM-MEDCHAL-MALKAJGIRI-19350",
          "ATM-MEDCHAL-MALKAJGIRI-19331",
          "ATM-MEDCHAL-MALKAJGIRI-30428",
          "ATM-MEDCHAL-MALKAJGIRI-58001",
          "ATM-MEDCHAL-MALKAJGIRI-WHY85",
          "ATM-MEDCHAL-MALKAJGIRI-16073",
          "ATM-MEDCHAL-MALKAJGIRI-16223",
          "ATM-MEDCHAL-MALKAJGIRI-16070",
          "ATM-MEDCHAL-MALKAJGIRI-16275",
          "ATM-MEDCHAL-MALKAJGIRI-NF399",
          "ATM-MEDCHAL-MALKAJGIRI-16276",
          "ATM-MEDCHAL-MALKAJGIRI-74406",
          "ATM-MEDCHAL-MALKAJGIRI-NHY88",
          "ATM-MEDCHAL-MALKAJGIRI-NHD19",
          "ATM-MEDCHAL-MALKAJGIRI-8EP03",
          "ATM-MEDCHAL-MALKAJGIRI-74407",
          "ATM-MEDCHAL-MALKAJGIRI-NP152"
        ]
      },
      "geometry": {
        "type": "Polygon",
        "coordinates": [
          [
            [
              78.4137368,
              17.513567
            ],
            [
              78.4135391,
              17.5135681
            ],
            [
              78.4082706,
              17.514001
            ],
            [
              78.4067096,
              17.514088
            ],
            [
              78.4048964,
              17.5137606
            ],
            [
              78.4040005,
              17.5137299
            ],
            [
              78.4032763,
              17.5133718
            ],
            [
              78.4014524,
              17.5081741
            ],
            [
              78.4002186,
              17.5070384
            ],
            [
              78.4016134,
              17.5037437
            ],
            [
              78.4014524,
              17.5020758
            ],
            [
              78.4017206,
              17.4994359
            ],
            [
              78.4023215,
              17.4987299
            ],
            [
              78.4019674,
              17.4978397
            ],
            [
              78.4026755,
              17.4967857
            ],
            [
              78.4045316,
              17.4957932
            ],
            [
              78.4064293,
              17.4965772
            ],
            [
              78.4071682,
              17.4971567
            ],
            [
              78.4099336,
              17.4982745
            ],
            [
              78.4107436,
              17.4982592
            ],
            [
              78.4122349,
              17.4988015
            ],
            [
              78.4139301,
              17.4994103
            ],
            [
              78.4152819,
              17.5000703
            ],
            [
              78.4176101,
              17.5010986
            ],
            [
              78.4204459,
              17.5027639
            ],
            [
              78.4194983,
              17.5038051
            ],
            [
              78.4173204,
              17.5042655
            ],
            [
              78.4174277,
              17.5073862
            ],
            [
              78.4167088,
              17.5081946
            ],
            [
              78.4127499,
              17.5093712
            ],
            [
              78.412707,
              17.5106911
            ],
            [
              78.4137368,
              17.513567
            ]
          ]
        ]
      }
    },
    {
      "type": "Feature",
      "properties": {
        "area_id": "A-WARD-TARNAKA",
        "area_name": "Ward 143 Tarnaka",
        "district_id": "D-HYDERABAD",
        "risk_score": 0.49,
        "risk_level": "MEDIUM",
        "high_risk_atm_count": 13,
        "atm_ids": [
          "ATM-HYDERABAD-WC754",
          "ATM-HYDERABAD-02708",
          "ATM-HYDERABAD-87692",
          "ATM-HYDERABAD-8W026",
          "ATM-HYDERABAD-NHY80",
          "ATM-HYDERABAD-N9304",
          "ATM-HYDERABAD-WF645",
          "ATM-HYDERABAD-SHY06",
          "ATM-HYDERABAD-HYD35",
          "ATM-HYDERABAD-HYD46",
          "ATM-HYDERABAD-62301",
          "ATM-HYDERABAD-62301",
          "ATM-HYDERABAD-02714",
          "ATM-HYDERABAD-57001",
          "ATM-HYDERABAD-NHE16",
          "ATM-HYDERABAD-CHD62",
          "ATM-HYDERABAD-14089",
          "ATM-HYDERABAD-54001",
          "ATM-HYDERABAD-78004",
          "ATM-HYDERABAD-78003",
          "ATM-HYDERABAD-78101",
          "ATM-HYDERABAD-82080",
          "ATM-HYDERABAD-DL347",
          "ATM-HYDERABAD-WK722",
          "ATM-HYDERABAD-CHY26",
          "ATM-HYDERABAD-14007",
          "ATM-HYDERABAD-14138",
          "ATM-HYDERABAD-20621",
          "ATM-HYDERABAD-16168",
          "ATM-HYDERABAD-WK967",
          "ATM-HYDERABAD-CHD18",
          "ATM-HYDERABAD-CHD50",
          "ATM-HYDERABAD-20001"
        ]
      },
      "geometry": {
        "type": "MultiPolygon",
        "coordinates": [
          [
            [
              [
                78.5206658,
                17.4267925
              ],
              [
                78.5209501,
                17.4261066
              ],
              [
                78.5211432,
                17.4253696
              ],
              [
                78.5211754,
                17.4251905
              ],
              [
                78.5212398,
                17.4246735
              ],
              [
                78.5211486,
                17.4235526
              ],
              [
                78.5209769,
                17.4227183
              ],
              [
                78.5207301,
                17.4217663
              ],
              [
                78.520464,
                17.4206522
              ],
              [
                78.5227311,
                17.4194426
              ],
              [
                78.5238147,
                17.41933
              ],
              [
                78.5248554,
                17.4209065
              ],
              [
                78.5242867,
                17.4210191
              ],
              [
                78.5244584,
                17.4225239
              ],
              [
                78.5217655,
                17.4243972
              ],
              [
                78.5243082,
                17.426035
              ],
              [
                78.5234714,
                17.4261374
              ],
              [
                78.5224843,
                17.4263421
              ],
              [
                78.5215616,
                17.4266901
              ],
              [
                78.5206658,
                17.4267925
              ]
            ]
          ],
          [
            [
              [
                78.5487485,
                17.4376427
              ],
              [
                78.5481933,
                17.4390681
              ],
              [
                78.5475817,
                17.4402631
              ],
              [
                78.547288,
                17.4395491
              ],
              [
                78.5462004,
                17.4400635
              ],
              [
                78.5464954,
                17.4409386
              ],
              [
                78.547217,
                17.4429294
              ],
              [
                78.5453354,
                17.4443522
              ],
              [
                78.5441586,
                17.4446746
              ],
              [
                78.5434753,
                17.4447718
              ],
              [
                78.5432741,
                17.4435998
              ],
              [
                78.5432044,
                17.4430113
              ],
              [
                78.5412303,
                17.4435487
              ],
              [
                78.5409245,
                17.4425315
              ],
              [
                78.5400206,
                17.4421253
              ],
              [
                78.5394828,
                17.4415332
              ],
              [
                78.5393427,
                17.4411963
              ],
              [
                78.5384572,
                17.4406593
              ],
              [
                78.5384086,
                17.439283
              ],
              [
                78.5383415,
                17.437392
              ],
              [
                78.5386312,
                17.4373868
              ],
              [
                78.5372365,
                17.4356979
              ],
              [
                78.5364586,
                17.4358719
              ],
              [
                78.5360885,
                17.434531
              ],
              [
                78.5358149,
                17.4341114
              ],
              [
                78.536185,
                17.433446
              ],
              [
                78.5380411,
                17.4333641
              ],
              [
                78.5366893,
                17.4325248
              ],
              [
                78.5350585,
                17.4306004
              ],
              [
                78.5322851,
                17.4279287
              ],
              [
                78.5310844,
                17.4267575
              ],
              [
                78.5318217,
                17.4261674
              ],
              [
                78.5324916,
                17.4257855
              ],
              [
                78.5331702,
                17.4254848
              ],
              [
                78.5345408,
                17.4250421
              ],
              [
                78.5358738,
                17.4247248
              ],
              [
                78.5381913,
                17.4266902
              ],
              [
                78.5408306,
                17.4241925
              ],
              [
                78.5419678,
                17.425298
              ],
              [
                78.5438132,
                17.4273453
              ],
              [
                78.54465,
                17.4274067
              ],
              [
                78.5458731,
                17.4315831
              ],
              [
                78.5471391,
                17.4312555
              ],
              [
                78.5468173,
                17.4326272
              ],
              [
                78.5467958,
                17.4339579
              ],
              [
                78.5485982,
                17.4345106
              ],
              [
                78.5487485,
                17.4376427
              ]
            ]
          ]
        ]
      }
    },
    {
      "type": "Feature",
      "properties": {
        "area_id": "A-WARD-BANSILAPET",
        "area_name": "Ward 147 Bansilapet",
        "district_id": "D-HYDERABAD",
        "risk_score": 0.47,
        "risk_level": "MEDIUM",
        "high_risk_atm_count": 14,
        "atm_ids": [
          "ATM-HYDERABAD-31101",
          "ATM-HYDERABAD-31002",
          "ATM-HYDERABAD-WM081",
          "ATM-HYDERABAD-WJ249",
          "ATM-HYDERABAD-29713",
          "ATM-HYDERABAD-NM718",
          "ATM-HYDERABAD-11204",
          "ATM-HYDERABAD-11201",
          "ATM-HYDERABAD-16283",
          "ATM-HYDERABAD-45008",
          "ATM-HYDERABAD-NQ423",
          "ATM-HYDERABAD-02705",
          "ATM-HYDERABAD-B9997",
          "ATM-HYDERABAD-16154",
          "ATM-HYDERABAD-56001",
          "ATM-HYDERABAD-16258",
          "ATM-HYDERABAD-WPM51",
          "ATM-HYDERABAD-NPM70",
          "ATM-HYDERABAD-72001",
          "ATM-HYDERABAD-16260",
          "ATM-HYDERABAD-60621",
          "ATM-HYDERABAD-60003",
          "ATM-HYDERABAD-72621",
          "ATM-HYDERABAD-NQ928",
          "ATM-HYDERABAD-10067",
          "ATM-HYDERABAD-CSB12",
          "ATM-HYDERABAD-WK358",
          "ATM-HYDERABAD-WI510",
          "ATM-HYDERABAD-88001",
          "ATM-HYDERABAD-16208"
        ]
      },
      "geometry": {
        "type": "Polygon",
        "coordinates": [
          [
            [
              78.5102963,
              17.428983
            ],
            [
              78.5094595,
              17.4291468
            ],
            [
              78.5081291,
              17.4295768
            ],
            [
              78.5066056,
              17.4298019
            ],
            [
              78.5066915,
              17.4304161
            ],
            [
              78.5065198,
              17.4316854
            ],
            [
              78.5062194,
              17.4329342
            ],
            [
              78.5061496,
              17.4330954
            ],
            [
              78.5058868,
              17.4327704
            ],
            [
              78.5057366,
              17.4326374
            ],
            [
              78.5048246,
              17.4319413
            ],
            [
              78.5039985,
              17.4316752
            ],
            [
              78.5021317,
              17.4314295
            ],
            [
              78.5004151,
              17.4315319
            ],
            [
              78.4981942,
              17.4320027
            ],
            [
              78.4934199,
              17.4312555
            ],
            [
              78.492685,
              17.4312862
            ],
            [
              78.4925763,
              17.4309766
            ],
            [
              78.4925938,
              17.4298224
            ],
            [
              78.4927976,
              17.4287886
            ],
            [
              78.4929156,
              17.4282972
            ],
            [
              78.4931946,
              17.4278571
            ],
            [
              78.4931838,
              17.4273043
            ],
            [
              78.4928942,
              17.4266287
            ],
            [
              78.4928727,
              17.4262192
            ],
            [
              78.4926152,
              17.4251854
            ],
            [
              78.4921968,
              17.424131
            ],
            [
              78.4933019,
              17.4238239
            ],
            [
              78.4945464,
              17.4233735
            ],
            [
              78.4957051,
              17.4223498
            ],
            [
              78.4969282,
              17.4217356
            ],
            [
              78.4992456,
              17.4209986
            ],
            [
              78.5005546,
              17.4205891
            ],
            [
              78.5012269,
              17.4204372
            ],
            [
              78.5013699,
              17.4204049
            ],
            [
              78.5023999,
              17.4207324
            ],
            [
              78.5053182,
              17.4197702
            ],
            [
              78.5060906,
              17.4199749
            ],
            [
              78.5071206,
              17.4207529
            ],
            [
              78.5078931,
              17.4211419
            ],
            [
              78.5087943,
              17.4210191
            ],
            [
              78.5089619,
              17.4208105
            ],
            [
              78.5096097,
              17.4212852
            ],
            [
              78.5095882,
              17.4214285
            ],
            [
              78.5099959,
              17.421797
            ],
            [
              78.5099316,
              17.4223498
            ],
            [
              78.5098457,
              17.4230357
            ],
            [
              78.5105109,
              17.4236396
            ],
            [
              78.5105753,
              17.4240286
            ],
            [
              78.5108757,
              17.425646
            ],
            [
              78.5111332,
              17.4266901
            ],
            [
              78.5112619,
              17.4279389
            ],
            [
              78.5115838,
              17.4283893
            ],
            [
              78.5110903,
              17.4285736
            ],
            [
              78.5107684,
              17.4288397
            ],
            [
              78.5102963,
              17.428983
            ]
          ]
        ]
      }
    },
    {
      "type": "Feature",
      "properties": {
        "area_id": "A-WARD-METTUGUDA",
        "area_name": "Ward 144 Mettuguda",
        "district_id": "D-HYDERABAD",
        "risk_score": 0.46,
        "risk_level": "MEDIUM",
        "high_risk_atm_count": 11,
        "atm_ids": [
          "ATM-HYDERABAD-11202",
          "ATM-HYDERABAD-11111",
          "ATM-HYDERABAD-47570",
          "ATM-HYDERABAD-45006",
          "ATM-HYDERABAD-45101",
          "ATM-HYDERABAD-16039",
          "ATM-HYDERABAD-NI830",
          "ATM-HYDERABAD-02704",
          "ATM-HYDERABAD-14005",
          "ATM-HYDERABAD-WC557",
          "ATM-HYDERABAD-04001",
          "ATM-HYDERABAD-15711",
          "ATM-HYDERABAD-54002",
          "ATM-HYDERABAD-16080",
          "ATM-HYDERABAD-WE869",
          "ATM-HYDERABAD-02707",
          "ATM-HYDERABAD-02710",
          "ATM-HYDERABAD-11111",
          "ATM-HYDERABAD-92358",
          "ATM-HYDERABAD-02063",
          "ATM-HYDERABAD-79001"
        ]
      },
      "geometry": {
        "type": "Polygon",
        "coordinates": [
          [
            [
              78.5102963,
              17.428983
            ],
            [
              78.5104358,
              17.429546
            ],
            [
              78.5105163,
              17.4300681
            ],
            [
              78.5107738,
              17.4305645
            ],
            [
              78.5115784,
              17.430196
            ],
            [
              78.5128123,
              17.4295153
            ],
            [
              78.5151726,
              17.4295256
            ],
            [
              78.5160148,
              17.4286708
            ],
            [
              78.5167497,
              17.4281181
            ],
            [
              78.5180265,
              17.4272019
            ],
            [
              78.5184503,
              17.4271149
            ],
            [
              78.51955,
              17.4270126
            ],
            [
              78.5206658,
              17.4267925
            ],
            [
              78.5215616,
              17.4266901
            ],
            [
              78.5224843,
              17.4263421
            ],
            [
              78.5234714,
              17.4261374
            ],
            [
              78.5243082,
              17.426035
            ],
            [
              78.525188,
              17.4252161
            ],
            [
              78.5280633,
              17.4241105
            ],
            [
              78.529973,
              17.4258098
            ],
            [
              78.5310844,
              17.4267575
            ],
            [
              78.5322851,
              17.4279287
            ],
            [
              78.5350585,
              17.4306004
            ],
            [
              78.5366893,
              17.4325248
            ],
            [
              78.5380411,
              17.4333641
            ],
            [
              78.536185,
              17.433446
            ],
            [
              78.5352194,
              17.4333539
            ],
            [
              78.5306355,
              17.4354139
            ],
            [
              78.5300428,
              17.4361432
            ],
            [
              78.5290718,
              17.436701
            ],
            [
              78.5260892,
              17.4378474
            ],
            [
              78.5241151,
              17.4387277
            ],
            [
              78.5237289,
              17.4389529
            ],
            [
              78.5222697,
              17.4393419
            ],
            [
              78.521111,
              17.4394033
            ],
            [
              78.5192442,
              17.4390143
            ],
            [
              78.5179138,
              17.4390143
            ],
            [
              78.5163903,
              17.4387072
            ],
            [
              78.5144806,
              17.4371105
            ],
            [
              78.5136008,
              17.4362507
            ],
            [
              78.5124636,
              17.4354932
            ],
            [
              78.5092664,
              17.4347153
            ],
            [
              78.5081506,
              17.434531
            ],
            [
              78.5067344,
              17.4344082
            ],
            [
              78.5057902,
              17.4342137
            ],
            [
              78.5061013,
              17.4333616
            ],
            [
              78.5061496,
              17.4330954
            ],
            [
              78.5062194,
              17.4329342
            ],
            [
              78.5065198,
              17.4316854
            ],
            [
              78.5066915,
              17.4304161
            ],
            [
              78.5066056,
              17.4298019
            ],
            [
              78.5081291,
              17.4295768
            ],
            [
              78.5094595,
              17.4291468
            ],
            [
              78.5102963,
              17.428983
            ]
          ]
        ]
      }
    },
    {
      "type": "Feature",
      "properties": {
        "area_id": "A-WARD-RAMGOPALPET",
        "area_name": "Ward 148 Ramgopalpet",
        "district_id": "D-HYDERABAD",
        "risk_score": 0.5,
        "risk_level": "MEDIUM",
        "high_risk_atm_count": 22,
        "atm_ids": [
          "ATM-HYDERABAD-02031",
          "ATM-HYDERABAD-88621",
          "ATM-HYDERABAD-30001",
          "ATM-HYDERABAD-60001",
          "ATM-HYDERABAD-41003",
          "ATM-HYDERABAD-41001",
          "ATM-HYDERABAD-10018",
          "ATM-HYDERABAD-CHY54",
          "ATM-HYDERABAD-70271",
          "ATM-HYDERABAD-32001",
          "ATM-HYDERABAD-32101",
          "ATM-HYDERABAD-05007",
          "ATM-HYDERABAD-07101",
          "ATM-HYDERABAD-07004",
          "ATM-HYDERABAD-05006",
          "ATM-HYDERABAD-05101",
          "ATM-HYDERABAD-05011",
          "ATM-HYDERABAD-W1443",
          "ATM-HYDERABAD-47285",
          "ATM-HYDERABAD-01558",
          "ATM-HYDERABAD-FI880",
          "ATM-HYDERABAD-47287",
          "ATM-HYDERABAD-10595",
          "ATM-HYDERABAD-16028",
          "ATM-HYDERABAD-34001",
          "ATM-HYDERABAD-06828",
          "ATM-HYDERABAD-CHY55",
          "ATM-HYDERABAD-NHY08",
          "ATM-HYDERABAD-95701",
          "ATM-HYDERABAD-NQ483",
          "ATM-HYDERABAD-W5198",
          "ATM-HYDERABAD-63100",
          "ATM-HYDERABAD-CHD49",
          "ATM-HYDERABAD-41101",
          "ATM-HYDERABAD-B6967",
          "ATM-HYDERABAD-29701",
          "ATM-HYDERABAD-29711",
          "ATM-HYDERABAD-WD742",
          "ATM-HYDERABAD-93003",
          "ATM-HYDERABAD-87895",
          "ATM-HYDERABAD-8W027",
          "ATM-HYDERABAD-84064",
          "ATM-HYDERABAD-N9520",
          "ATM-HYDERABAD-WB240",
          "ATM-HYDERABAD-06807",
          "ATM-HYDERABAD-01591",
          "ATM-HYDERABAD-18001",
          "ATM-HYDERABAD-32001",
          "ATM-HYDERABAD-PO272",
          "ATM-HYDERABAD-66854",
          "ATM-HYDERABAD-26184",
          "ATM-HYDERABAD-NP179",
          "ATM-HYDERABAD-DB885",
          "ATM-HYDERABAD-WF771",
          "ATM-HYDERABAD-WF639",
          "ATM-HYDERABAD-NL304",
          "ATM-HYDERABAD-FI015",
          "ATM-HYDERABAD-60003",
          "ATM-HYDERABAD-PO704"
        ]
      },
      "geometry": {
        "type": "Polygon",
        "coordinates": [
          [
            [
              78.4860438,
              17.4248604
            ],
            [
              78.4861672,
              17.4248783
            ],
            [
              78.4863389,
              17.425431
            ],
            [
              78.4887743,
              17.4249909
            ],
            [
              78.4921968,
              17.424131
            ],
            [
              78.4926152,
              17.4251854
            ],
            [
              78.4928727,
              17.4262192
            ],
            [
              78.4928942,
              17.4266287
            ],
            [
              78.4931838,
              17.4273043
            ],
            [
              78.4931946,
              17.4278571
            ],
            [
              78.4929156,
              17.4282972
            ],
            [
              78.4927976,
              17.4287886
            ],
            [
              78.4925938,
              17.4298224
            ],
            [
              78.4925763,
              17.4309766
            ],
            [
              78.492685,
              17.4312862
            ],
            [
              78.4933877,
              17.4339194
            ],
            [
              78.4933501,
              17.4346922
            ],
            [
              78.4935889,
              17.4354497
            ],
            [
              78.494077,
              17.4372435
            ],
            [
              78.4942353,
              17.4376069
            ],
            [
              78.4947717,
              17.438152
            ],
            [
              78.4949756,
              17.4384513
            ],
            [
              78.4953725,
              17.4403731
            ],
            [
              78.4932911,
              17.4408567
            ],
            [
              78.4930122,
              17.4396131
            ],
            [
              78.4929049,
              17.4394033
            ],
            [
              78.4923685,
              17.4388608
            ],
            [
              78.4919608,
              17.4384821
            ],
            [
              78.4915423,
              17.4387072
            ],
            [
              78.4911561,
              17.4387789
            ],
            [
              78.4903353,
              17.4393777
            ],
            [
              78.4895682,
              17.4393726
            ],
            [
              78.4883398,
              17.4394852
            ],
            [
              78.4875834,
              17.4418803
            ],
            [
              78.4874439,
              17.4418701
            ],
            [
              78.4874225,
              17.4413787
            ],
            [
              78.4871435,
              17.4408567
            ],
            [
              78.4864569,
              17.4404575
            ],
            [
              78.4859526,
              17.4401709
            ],
            [
              78.4851587,
              17.4399151
            ],
            [
              78.4843647,
              17.4398741
            ],
            [
              78.4834099,
              17.4398639
            ],
            [
              78.4821868,
              17.4402938
            ],
            [
              78.4819829,
              17.4402733
            ],
            [
              78.4811997,
              17.4404268
            ],
            [
              78.4806848,
              17.4404064
            ],
            [
              78.4793115,
              17.4403757
            ],
            [
              78.4798372,
              17.439567
            ],
            [
              78.4804916,
              17.4386663
            ],
            [
              78.4820688,
              17.4368648
            ],
            [
              78.4845793,
              17.4341216
            ],
            [
              78.4851909,
              17.4337019
            ],
            [
              78.485105,
              17.4334051
            ],
            [
              78.4827286,
              17.4341216
            ],
            [
              78.4825856,
              17.4333129
            ],
            [
              78.4829244,
              17.4332247
            ],
            [
              78.4854295,
              17.4319196
            ],
            [
              78.4864273,
              17.4306708
            ],
            [
              78.4866526,
              17.4294629
            ],
            [
              78.4865024,
              17.4288334
            ],
            [
              78.4856012,
              17.4275487
            ],
            [
              78.4852954,
              17.4276102
            ],
            [
              78.4846115,
              17.427683
            ],
            [
              78.4841957,
              17.4267656
            ],
            [
              78.4835949,
              17.4266121
            ],
            [
              78.4836379,
              17.4260158
            ],
            [
              78.4841689,
              17.4260017
            ],
            [
              78.4846464,
              17.4256332
            ],
            [
              78.4843969,
              17.4253491
            ],
            [
              78.4842414,
              17.4249576
            ],
            [
              78.4843326,
              17.4248322
            ],
            [
              78.4847456,
              17.4255564
            ],
            [
              78.4850916,
              17.4253722
            ],
            [
              78.4851426,
              17.4252186
            ],
            [
              78.4854993,
              17.4250625
            ],
            [
              78.4859875,
              17.4250702
            ],
            [
              78.4860438,
              17.4248604
            ]
          ]
        ]
      }
    },
    {
      "type": "Feature",
      "properties": {
        "area_id": "A-WARD-YOUSUFGUDA",
        "area_name": "Ward 96 Yousufguda",
        "district_id": "D-HYDERABAD",
        "risk_score": 0.55,
        "risk_level": "MEDIUM",
        "high_risk_atm_count": 7,
        "atm_ids": [
          "ATM-HYDERABAD-16302",
          "ATM-HYDERABAD-NM776",
          "ATM-HYDERABAD-NP955",
          "ATM-HYDERABAD-W5579",
          "ATM-HYDERABAD-NTX61",
          "ATM-HYDERABAD-NWB35",
          "ATM-HYDERABAD-42507",
          "ATM-HYDERABAD-45001",
          "ATM-HYDERABAD-8WS01",
          "ATM-HYDERABAD-WE960",
          "ATM-HYDERABAD-N2059",
          "ATM-HYDERABAD-42515",
          "ATM-HYDERABAD-16019",
          "ATM-HYDERABAD-8W032",
          "ATM-HYDERABAD-16245",
          "ATM-HYDERABAD-N2062",
          "ATM-HYDERABAD-00408",
          "ATM-HYDERABAD-NHY26",
          "ATM-HYDERABAD-42513",
          "ATM-HYDERABAD-16178",
          "ATM-HYDERABAD-42504",
          "ATM-HYDERABAD-00844",
          "ATM-HYDERABAD-WH975",
          "ATM-HYDERABAD-42511",
          "ATM-HYDERABAD-01334",
          "ATM-HYDERABAD-16323"
        ]
      },
      "geometry": {
        "type": "Polygon",
        "coordinates": [
          [
            [
              78.4120631,
              17.4458619
            ],
            [
              78.4156412,
              17.4424125
            ],
            [
              78.4161776,
              17.4401505
            ],
            [
              78.4154642,
              17.4385332
            ],
            [
              78.4164727,
              17.4379242
            ],
            [
              78.4158289,
              17.4355085
            ],
            [
              78.4158611,
              17.4342802
            ],
            [
              78.4172183,
              17.4328216
            ],
            [
              78.4186158,
              17.431949
            ],
            [
              78.420323,
              17.4318607
            ],
            [
              78.4203994,
              17.4311378
            ],
            [
              78.4195787,
              17.4307488
            ],
            [
              78.4209412,
              17.4310073
            ],
            [
              78.4222823,
              17.4313681
            ],
            [
              78.4257853,
              17.429848
            ],
            [
              78.4308708,
              17.4297636
            ],
            [
              78.4318216,
              17.4296854
            ],
            [
              78.4318364,
              17.4306976
            ],
            [
              78.432633,
              17.4327487
            ],
            [
              78.4331077,
              17.433693
            ],
            [
              78.4338453,
              17.4347076
            ],
            [
              78.4346205,
              17.4348586
            ],
            [
              78.4366724,
              17.4340576
            ],
            [
              78.4397113,
              17.4332566
            ],
            [
              78.4406085,
              17.4352079
            ],
            [
              78.4375656,
              17.4359845
            ],
            [
              78.4361413,
              17.4360459
            ],
            [
              78.43476,
              17.435616
            ],
            [
              78.4336361,
              17.4365373
            ],
            [
              78.4328985,
              17.4355341
            ],
            [
              78.4316325,
              17.4351656
            ],
            [
              78.4280705,
              17.4362097
            ],
            [
              78.4285212,
              17.4371309
            ],
            [
              78.4239721,
              17.4393009
            ],
            [
              78.4234571,
              17.439086
            ],
            [
              78.4215152,
              17.4389324
            ],
            [
              78.419053,
              17.441064
            ],
            [
              78.4183073,
              17.4427043
            ],
            [
              78.4174168,
              17.4449202
            ],
            [
              78.4163573,
              17.4451403
            ],
            [
              78.4147829,
              17.445606
            ],
            [
              78.4120631,
              17.4458619
            ]
          ]
        ]
      }
    },
    {
      "type": "Feature",
      "properties": {
        "area_id": "A-WARD-MONDA-MARKET",
        "area_name": "Ward 150 Monda Market",
        "district_id": "D-HYDERABAD",
        "risk_score": 0.52,
        "risk_level": "MEDIUM",
        "high_risk_atm_count": 40,
        "atm_ids": [
          "ATM-HYDERABAD-06822",
          "ATM-HYDERABAD-06805",
          "ATM-HYDERABAD-36501",
          "ATM-HYDERABAD-05613",
          "ATM-HYDERABAD-B5683",
          "ATM-HYDERABAD-16153",
          "ATM-HYDERABAD-PB401",
          "ATM-HYDERABAD-NA025",
          "ATM-HYDERABAD-16010",
          "ATM-HYDERABAD-81511",
          "ATM-HYDERABAD-16091",
          "ATM-HYDERABAD-41005",
          "ATM-HYDERABAD-73001",
          "ATM-HYDERABAD-73622",
          "ATM-HYDERABAD-73621",
          "ATM-HYDERABAD-B6963",
          "ATM-HYDERABAD-WC603",
          "ATM-HYDERABAD-WC510",
          "ATM-HYDERABAD-CHY47",
          "ATM-HYDERABAD-WF648",
          "ATM-HYDERABAD-WG084",
          "ATM-HYDERABAD-B6076",
          "ATM-HYDERABAD-11128",
          "ATM-HYDERABAD-11213",
          "ATM-HYDERABAD-16012",
          "ATM-HYDERABAD-06808",
          "ATM-HYDERABAD-14043",
          "ATM-HYDERABAD-CHY82",
          "ATM-HYDERABAD-38701",
          "ATM-HYDERABAD-42100",
          "ATM-HYDERABAD-11111",
          "ATM-HYDERABAD-11111",
          "ATM-HYDERABAD-13001",
          "ATM-HYDERABAD-18001",
          "ATM-HYDERABAD-52001",
          "ATM-HYDERABAD-09045",
          "ATM-HYDERABAD-30001",
          "ATM-HYDERABAD-B4456",
          "ATM-HYDERABAD-D9483",
          "ATM-HYDERABAD-13505",
          "ATM-HYDERABAD-WN857",
          "ATM-HYDERABAD-WN968",
          "ATM-HYDERABAD-16256",
          "ATM-HYDERABAD-16110",
          "ATM-HYDERABAD-NHE31",
          "ATM-HYDERABAD-32621",
          "ATM-HYDERABAD-83001",
          "ATM-HYDERABAD-18101",
          "ATM-HYDERABAD-11209",
          "ATM-HYDERABAD-05801",
          "ATM-HYDERABAD-WM210",
          "ATM-HYDERABAD-BN223",
          "ATM-HYDERABAD-16014",
          "ATM-HYDERABAD-87083",
          "ATM-HYDERABAD-29002",
          "ATM-HYDERABAD-29101",
          "ATM-HYDERABAD-39201",
          "ATM-HYDERABAD-27002",
          "ATM-HYDERABAD-27621",
          "ATM-HYDERABAD-87621",
          "ATM-HYDERABAD-N9017",
          "ATM-HYDERABAD-16182",
          "ATM-HYDERABAD-NQ317",
          "ATM-HYDERABAD-DK536",
          "ATM-HYDERABAD-DK509",
          "ATM-HYDERABAD-02240",
          "ATM-HYDERABAD-40501",
          "ATM-HYDERABAD-45005",
          "ATM-HYDERABAD-56005",
          "ATM-HYDERABAD-NHY72",
          "ATM-HYDERABAD-NHY05",
          "ATM-HYDERABAD-NHE77",
          "ATM-HYDERABAD-53800",
          "ATM-HYDERABAD-47131",
          "ATM-HYDERABAD-CHY65",
          "ATM-HYDERABAD-47130",
          "ATM-HYDERABAD-05801",
          "ATM-HYDERABAD-84401",
          "ATM-HYDERABAD-05602",
          "ATM-HYDERABAD-O1222",
          "ATM-HYDERABAD-16277",
          "ATM-HYDERABAD-51621",
          "ATM-HYDERABAD-CHD15",
          "ATM-HYDERABAD-CHD16",
          "ATM-HYDERABAD-41846",
          "ATM-HYDERABAD-O1282",
          "ATM-HYDERABAD-32001",
          "ATM-HYDERABAD-SHY11",
          "ATM-HYDERABAD-16623",
          "ATM-HYDERABAD-B9951",
          "ATM-HYDERABAD-N1604",
          "ATM-HYDERABAD-81621"
        ]
      },
      "geometry": {
        "type": "Polygon",
        "coordinates": [
          [
            [
              78.5057902,
              17.4342137
            ],
            [
              78.5056454,
              17.4348777
            ],
            [
              78.5053651,
              17.4358335
            ],
            [
              78.505168,
              17.4365168
            ],
            [
              78.504653,
              17.4377246
            ],
            [
              78.5049534,
              17.4393419
            ],
            [
              78.5060263,
              17.4390757
            ],
            [
              78.5076356,
              17.4380522
            ],
            [
              78.5081935,
              17.4381136
            ],
            [
              78.5092878,
              17.4391986
            ],
            [
              78.5086012,
              17.439608
            ],
            [
              78.5087943,
              17.4403859
            ],
            [
              78.5094166,
              17.4418598
            ],
            [
              78.510468,
              17.4415527
            ],
            [
              78.5108328,
              17.4425968
            ],
            [
              78.5113263,
              17.4423511
            ],
            [
              78.5120988,
              17.4428015
            ],
            [
              78.5135794,
              17.4422078
            ],
            [
              78.5149527,
              17.4452785
            ],
            [
              78.5158324,
              17.4446234
            ],
            [
              78.5171413,
              17.4439274
            ],
            [
              78.5181713,
              17.4456674
            ],
            [
              78.5120559,
              17.447346
            ],
            [
              78.5107684,
              17.4476121
            ],
            [
              78.5087085,
              17.4480829
            ],
            [
              78.5068671,
              17.4506507
            ],
            [
              78.505404,
              17.4510306
            ],
            [
              78.5042667,
              17.4492702
            ],
            [
              78.5028934,
              17.4478577
            ],
            [
              78.5020137,
              17.4464248
            ],
            [
              78.5017347,
              17.4461792
            ],
            [
              78.5013592,
              17.4432928
            ],
            [
              78.5014451,
              17.4428015
            ],
            [
              78.4984088,
              17.4429755
            ],
            [
              78.4985805,
              17.4416346
            ],
            [
              78.4961343,
              17.4403654
            ],
            [
              78.4953725,
              17.4403731
            ],
            [
              78.4949756,
              17.4384513
            ],
            [
              78.4947717,
              17.438152
            ],
            [
              78.4942353,
              17.4376069
            ],
            [
              78.494077,
              17.4372435
            ],
            [
              78.4935889,
              17.4354497
            ],
            [
              78.4933501,
              17.4346922
            ],
            [
              78.4933877,
              17.4339194
            ],
            [
              78.492685,
              17.4312862
            ],
            [
              78.4934199,
              17.4312555
            ],
            [
              78.4981942,
              17.4320027
            ],
            [
              78.5004151,
              17.4315319
            ],
            [
              78.5021317,
              17.4314295
            ],
            [
              78.5039985,
              17.4316752
            ],
            [
              78.5048246,
              17.4319413
            ],
            [
              78.5057366,
              17.4326374
            ],
            [
              78.5058868,
              17.4327704
            ],
            [
              78.5061496,
              17.4330954
            ],
            [
              78.5061013,
              17.4333616
            ],
            [
              78.5057902,
              17.4342137
            ]
          ]
        ]
      }
    },
    {
      "type": "Feature",
      "properties": {
        "area_id": "A-WARD-AMEERPET",
        "area_name": "Ward 98 Ameerpet",
        "district_id": "D-HYDERABAD",
        "risk_score": 0.39,
        "risk_level": "LOW",
        "high_risk_atm_count": 29,
        "atm_ids": [
          "ATM-HYDERABAD-05008",
          "ATM-HYDERABAD-WG051",
          "ATM-HYDERABAD-28913",
          "ATM-HYDERABAD-28903",
          "ATM-HYDERABAD-28904",
          "ATM-HYDERABAD-01333",
          "ATM-HYDERABAD-WF941",
          "ATM-HYDERABAD-40401",
          "ATM-HYDERABAD-NHY40",
          "ATM-HYDERABAD-00449",
          "ATM-HYDERABAD-16219",
          "ATM-HYDERABAD-WF951",
          "ATM-HYDERABAD-HYD11",
          "ATM-HYDERABAD-09311",
          "ATM-HYDERABAD-W5308",
          "ATM-HYDERABAD-22006",
          "ATM-HYDERABAD-22101",
          "ATM-HYDERABAD-28905",
          "ATM-HYDERABAD-N2899",
          "ATM-HYDERABAD-10009",
          "ATM-HYDERABAD-DL872",
          "ATM-HYDERABAD-8EP10",
          "ATM-HYDERABAD-92401",
          "ATM-HYDERABAD-WF616",
          "ATM-HYDERABAD-11111",
          "ATM-HYDERABAD-16104",
          "ATM-HYDERABAD-39001",
          "ATM-HYDERABAD-WM086",
          "ATM-HYDERABAD-WF998",
          "ATM-HYDERABAD-16107",
          "ATM-HYDERABAD-N1465",
          "ATM-HYDERABAD-NQ501",
          "ATM-HYDERABAD-NHE45",
          "ATM-HYDERABAD-16209",
          "ATM-HYDERABAD-NHY52",
          "ATM-HYDERABAD-NQ362",
          "ATM-HYDERABAD-NHD73",
          "ATM-HYDERABAD-WHY07",
          "ATM-HYDERABAD-NHD57",
          "ATM-HYDERABAD-08621",
          "ATM-HYDERABAD-53001",
          "ATM-HYDERABAD-NF317",
          "ATM-HYDERABAD-00447",
          "ATM-HYDERABAD-NHY26",
          "ATM-HYDERABAD-05501",
          "ATM-HYDERABAD-19322",
          "ATM-HYDERABAD-NHY69",
          "ATM-HYDERABAD-WF956",
          "ATM-HYDERABAD-NF785",
          "ATM-HYDERABAD-DK530",
          "ATM-HYDERABAD-DK539",
          "ATM-HYDERABAD-NP814",
          "ATM-HYDERABAD-47522",
          "ATM-HYDERABAD-28904",
          "ATM-HYDERABAD-WF756",
          "ATM-HYDERABAD-WE868",
          "ATM-HYDERABAD-16307",
          "ATM-HYDERABAD-28911",
          "ATM-HYDERABAD-NHE07",
          "ATM-HYDERABAD-52122",
          "ATM-HYDERABAD-78048",
          "ATM-HYDERABAD-11111",
          "ATM-HYDERABAD-07201",
          "ATM-HYDERABAD-44601",
          "ATM-HYDERABAD-44602",
          "ATM-HYDERABAD-92002",
          "ATM-HYDERABAD-WH379",
          "ATM-HYDERABAD-FI268",
          "ATM-HYDERABAD-WK587",
          "ATM-HYDERABAD-WE561",
          "ATM-HYDERABAD-FI830",
          "ATM-HYDERABAD-02250",
          "ATM-HYDERABAD-63501",
          "ATM-HYDERABAD-NRT37",
          "ATM-HYDERABAD-NHD58",
          "ATM-HYDERABAD-WHY27",
          "ATM-HYDERABAD-22014",
          "ATM-HYDERABAD-22016",
          "ATM-HYDERABAD-22017",
          "ATM-HYDERABAD-22015",
          "ATM-HYDERABAD-22102",
          "ATM-HYDERABAD-22101",
          "ATM-HYDERABAD-22018",
          "ATM-HYDERABAD-07622",
          "ATM-HYDERABAD-67040",
          "ATM-HYDERABAD-07001",
          "ATM-HYDERABAD-NG381",
          "ATM-HYDERABAD-NHY07",
          "ATM-HYDERABAD-07621",
          "ATM-HYDERABAD-28912",
          "ATM-HYDERABAD-28906",
          "ATM-HYDERABAD-81001",
          "ATM-HYDERABAD-16084",
          "ATM-HYDERABAD-S2571",
          "ATM-HYDERABAD-WN748",
          "ATM-HYDERABAD-WN747",
          "ATM-HYDERABAD-08622",
          "ATM-HYDERABAD-WF955",
          "ATM-HYDERABAD-16140",
          "ATM-HYDERABAD-WH788",
          "ATM-HYDERABAD-42611",
          "ATM-HYDERABAD-NE411",
          "ATM-HYDERABAD-NE413",
          "ATM-HYDERABAD-16207",
          "ATM-HYDERABAD-44603",
          "ATM-HYDERABAD-NM421",
          "ATM-HYDERABAD-WF656",
          "ATM-HYDERABAD-84001",
          "ATM-HYDERABAD-84101",
          "ATM-HYDERABAD-47556",
          "ATM-HYDERABAD-56001",
          "ATM-HYDERABAD-WC690",
          "ATM-HYDERABAD-WN893",
          "ATM-HYDERABAD-16220"
        ]
      },
      "geometry": {
        "type": "Polygon",
        "coordinates": [
          [
            [
              78.4639817,
              17.4319339
            ],
            [
              78.4646344,
              17.4352271
            ],
            [
              78.4625638,
              17.4372384
            ],
            [
              78.4609705,
              17.4381417
            ],
            [
              78.457599,
              17.4385115
            ],
            [
              78.4556007,
              17.4397411
            ],
            [
              78.4542006,
              17.4414811
            ],
            [
              78.4538466,
              17.4416653
            ],
            [
              78.4539431,
              17.4419929
            ],
            [
              78.4534121,
              17.4426326
            ],
            [
              78.4535032,
              17.4429806
            ],
            [
              78.4522641,
              17.4458875
            ],
            [
              78.4519958,
              17.4459693
            ],
            [
              78.4516447,
              17.4474728
            ],
            [
              78.4510839,
              17.4498741
            ],
            [
              78.4500754,
              17.4502374
            ],
            [
              78.4496838,
              17.448436
            ],
            [
              78.4475112,
              17.4488045
            ],
            [
              78.4467655,
              17.4453143
            ],
            [
              78.4438339,
              17.445812
            ],
            [
              78.4422326,
              17.4467191
            ],
            [
              78.4414212,
              17.4473671
            ],
            [
              78.4400868,
              17.4476786
            ],
            [
              78.4386002,
              17.4476633
            ],
            [
              78.4382743,
              17.447583
            ],
            [
              78.4397435,
              17.4448997
            ],
            [
              78.441385,
              17.4419263
            ],
            [
              78.4428093,
              17.4393777
            ],
            [
              78.443681,
              17.4373459
            ],
            [
              78.4442872,
              17.436179
            ],
            [
              78.4457302,
              17.4340499
            ],
            [
              78.4477016,
              17.4345029
            ],
            [
              78.4496731,
              17.4346283
            ],
            [
              78.4514514,
              17.4353269
            ],
            [
              78.452307,
              17.4360664
            ],
            [
              78.4538251,
              17.4357952
            ],
            [
              78.4554076,
              17.4352373
            ],
            [
              78.4556115,
              17.4335023
            ],
            [
              78.456223,
              17.4320744
            ],
            [
              78.4593987,
              17.4318594
            ],
            [
              78.4630004,
              17.4302444
            ],
            [
              78.4639817,
              17.4319339
            ]
          ]
        ]
      }
    },
    {
      "type": "Feature",
      "properties": {
        "area_id": "A-WARD-ADDAGUTTA",
        "area_name": "Ward 142 Addagutta",
        "district_id": "D-HYDERABAD",
        "risk_score": 0.52,
        "risk_level": "MEDIUM",
        "high_risk_atm_count": 6,
        "atm_ids": [
          "ATM-HYDERABAD-45621",
          "ATM-HYDERABAD-45001",
          "ATM-HYDERABAD-02721",
          "ATM-HYDERABAD-Y8044",
          "ATM-HYDERABAD-41002",
          "ATM-HYDERABAD-47572",
          "ATM-HYDERABAD-47031",
          "ATM-HYDERABAD-FI602",
          "ATM-HYDERABAD-W9005",
          "ATM-HYDERABAD-12621",
          "ATM-HYDERABAD-12622",
          "ATM-HYDERABAD-14009",
          "ATM-HYDERABAD-FI044",
          "ATM-HYDERABAD-00819",
          "ATM-HYDERABAD-14041",
          "ATM-HYDERABAD-WM052",
          "ATM-HYDERABAD-WJ220",
          "ATM-HYDERABAD-87874",
          "ATM-HYDERABAD-31903"
        ]
      },
      "geometry": {
        "type": "Polygon",
        "coordinates": [
          [
            [
              78.5057902,
              17.4342137
            ],
            [
              78.5067344,
              17.4344082
            ],
            [
              78.5081506,
              17.434531
            ],
            [
              78.5092664,
              17.4347153
            ],
            [
              78.5124636,
              17.4354932
            ],
            [
              78.5136008,
              17.4362507
            ],
            [
              78.5144806,
              17.4371105
            ],
            [
              78.5163903,
              17.4387072
            ],
            [
              78.5179138,
              17.4390143
            ],
            [
              78.5192442,
              17.4390143
            ],
            [
              78.521111,
              17.4394033
            ],
            [
              78.5222697,
              17.4393419
            ],
            [
              78.5237289,
              17.4389529
            ],
            [
              78.5241151,
              17.4387277
            ],
            [
              78.5260892,
              17.4378474
            ],
            [
              78.5290718,
              17.436701
            ],
            [
              78.5300428,
              17.4361432
            ],
            [
              78.5306355,
              17.4354139
            ],
            [
              78.5352194,
              17.4333539
            ],
            [
              78.536185,
              17.433446
            ],
            [
              78.5358149,
              17.4341114
            ],
            [
              78.5360885,
              17.434531
            ],
            [
              78.5364586,
              17.4358719
            ],
            [
              78.5372365,
              17.4356979
            ],
            [
              78.5386312,
              17.4373868
            ],
            [
              78.5383415,
              17.437392
            ],
            [
              78.5384086,
              17.439283
            ],
            [
              78.5354501,
              17.4400136
            ],
            [
              78.5310969,
              17.4411536
            ],
            [
              78.5263681,
              17.441476
            ],
            [
              78.5212344,
              17.4429908
            ],
            [
              78.5214275,
              17.4434259
            ],
            [
              78.5214382,
              17.444475
            ],
            [
              78.5216099,
              17.4451198
            ],
            [
              78.5207731,
              17.4453962
            ],
            [
              78.519617,
              17.44567
            ],
            [
              78.5184073,
              17.4461178
            ],
            [
              78.5181713,
              17.4456674
            ],
            [
              78.5171413,
              17.4439274
            ],
            [
              78.5158324,
              17.4446234
            ],
            [
              78.5149527,
              17.4452785
            ],
            [
              78.5135794,
              17.4422078
            ],
            [
              78.5120988,
              17.4428015
            ],
            [
              78.5113263,
              17.4423511
            ],
            [
              78.5108328,
              17.4425968
            ],
            [
              78.510468,
              17.4415527
            ],
            [
              78.5094166,
              17.4418598
            ],
            [
              78.5087943,
              17.4403859
            ],
            [
              78.5086012,
              17.439608
            ],
            [
              78.5092878,
              17.4391986
            ],
            [
              78.5081935,
              17.4381136
            ],
            [
              78.5076356,
              17.4380522
            ],
            [
              78.5060263,
              17.4390757
            ],
            [
              78.5049534,
              17.4393419
            ],
            [
              78.504653,
              17.4377246
            ],
            [
              78.505168,
              17.4365168
            ],
            [
              78.5053651,
              17.4358335
            ],
            [
              78.5056454,
              17.4348777
            ],
            [
              78.5057902,
              17.4342137
            ]
          ]
        ]
      }
    },
    {
      "type": "Feature",
      "properties": {
        "area_id": "A-WARD-MALLAPUR",
        "area_name": "Ward 5 Mallapur",
        "district_id": "D-MEDCHAL-MALKAJGIRI",
        "risk_score": 0.44,
        "risk_level": "MEDIUM",
        "high_risk_atm_count": 9,
        "atm_ids": [
          "ATM-MEDCHAL-MALKAJGIRI-02709",
          "ATM-MEDCHAL-MALKAJGIRI-94001",
          "ATM-HYDERABAD-WM324",
          "ATM-MEDCHAL-MALKAJGIRI-M1471",
          "ATM-MEDCHAL-MALKAJGIRI-12981",
          "ATM-MEDCHAL-MALKAJGIRI-14013",
          "ATM-MEDCHAL-MALKAJGIRI-02729",
          "ATM-MEDCHAL-MALKAJGIRI-WHY80",
          "ATM-MEDCHAL-MALKAJGIRI-B6850",
          "ATM-MEDCHAL-MALKAJGIRI-NI611",
          "ATM-MEDCHAL-MALKAJGIRI-DC019",
          "ATM-MEDCHAL-MALKAJGIRI-NE452",
          "ATM-MEDCHAL-MALKAJGIRI-WA801",
          "ATM-MEDCHAL-MALKAJGIRI-47351",
          "ATM-MEDCHAL-MALKAJGIRI-02708",
          "ATM-MEDCHAL-MALKAJGIRI-5411S",
          "ATM-MEDCHAL-MALKAJGIRI-47358",
          "ATM-MEDCHAL-MALKAJGIRI-24105",
          "ATM-MEDCHAL-MALKAJGIRI-71002",
          "ATM-MEDCHAL-MALKAJGIRI-NM575",
          "ATM-MEDCHAL-MALKAJGIRI-NM576",
          "ATM-MEDCHAL-MALKAJGIRI-65621",
          "ATM-MEDCHAL-MALKAJGIRI-14063"
        ]
      },
      "geometry": {
        "type": "Polygon",
        "coordinates": [
          [
            [
              78.560235,
              17.4481005
            ],
            [
              78.557353,
              17.4466295
            ],
            [
              78.5577178,
              17.4442959
            ],
            [
              78.5530937,
              17.4413071
            ],
            [
              78.557471,
              17.4386561
            ],
            [
              78.5560763,
              17.4386458
            ],
            [
              78.553791,
              17.437479
            ],
            [
              78.5510659,
              17.4385742
            ],
            [
              78.5499823,
              17.4373459
            ],
            [
              78.5487485,
              17.4376427
            ],
            [
              78.5485982,
              17.4345106
            ],
            [
              78.5517954,
              17.4336712
            ],
            [
              78.5524821,
              17.4351862
            ],
            [
              78.5546064,
              17.434224
            ],
            [
              78.5547995,
              17.4352476
            ],
            [
              78.5555291,
              17.4368649
            ],
            [
              78.565185,
              17.4415323
            ],
            [
              78.5657,
              17.4391986
            ],
            [
              78.5663223,
              17.4395876
            ],
            [
              78.567717,
              17.4337531
            ],
            [
              78.5683822,
              17.4340397
            ],
            [
              78.5696911,
              17.4268744
            ],
            [
              78.5733712,
              17.4274527
            ],
            [
              78.5759407,
              17.4299146
            ],
            [
              78.5773623,
              17.4298275
            ],
            [
              78.5783601,
              17.431972
            ],
            [
              78.5775876,
              17.4331799
            ],
            [
              78.5805702,
              17.4365168
            ],
            [
              78.5840034,
              17.4401812
            ],
            [
              78.5951507,
              17.4453399
            ],
            [
              78.5900545,
              17.448738
            ],
            [
              78.5901833,
              17.449086
            ],
            [
              78.5894752,
              17.4525249
            ],
            [
              78.5899258,
              17.4528934
            ],
            [
              78.5904408,
              17.4533028
            ],
            [
              78.5904729,
              17.4537019
            ],
            [
              78.5904917,
              17.4567417
            ],
            [
              78.5907841,
              17.4594232
            ],
            [
              78.5836387,
              17.4602624
            ],
            [
              78.583746,
              17.4625958
            ],
            [
              78.5801625,
              17.4629847
            ],
            [
              78.5793901,
              17.461511
            ],
            [
              78.577888,
              17.4610197
            ],
            [
              78.578918,
              17.4588091
            ],
            [
              78.5790682,
              17.4569873
            ],
            [
              78.58145,
              17.4554521
            ],
            [
              78.5814929,
              17.4501709
            ],
            [
              78.5803127,
              17.4492702
            ],
            [
              78.5799265,
              17.4491269
            ],
            [
              78.5778665,
              17.4485128
            ],
            [
              78.5755491,
              17.4484514
            ],
            [
              78.5751629,
              17.447346
            ],
            [
              78.5746479,
              17.4464862
            ],
            [
              78.5700345,
              17.4474483
            ],
            [
              78.5692835,
              17.4474893
            ],
            [
              78.5693049,
              17.4488608
            ],
            [
              78.5674167,
              17.4491269
            ],
            [
              78.5666656,
              17.4496796
            ],
            [
              78.5633826,
              17.449741
            ],
            [
              78.5607219,
              17.448349
            ],
            [
              78.560235,
              17.4481005
            ]
          ]
        ]
      }
    },
    {
      "type": "Feature",
      "properties": {
        "area_id": "A-WARD-BEGUMPET",
        "area_name": "Ward 149 Begumpet",
        "district_id": "D-HYDERABAD",
        "risk_score": 0.44,
        "risk_level": "MEDIUM",
        "high_risk_atm_count": 41,
        "atm_ids": [
          "ATM-HYDERABAD-84301",
          "ATM-HYDERABAD-22008",
          "ATM-HYDERABAD-33201",
          "ATM-HYDERABAD-WE734",
          "ATM-HYDERABAD-48401",
          "ATM-HYDERABAD-HYD52",
          "ATM-HYDERABAD-HYD10",
          "ATM-HYDERABAD-SHY02",
          "ATM-HYDERABAD-21008",
          "ATM-HYDERABAD-NQ851",
          "ATM-HYDERABAD-98002",
          "ATM-HYDERABAD-19001",
          "ATM-HYDERABAD-11111",
          "ATM-HYDERABAD-11111",
          "ATM-HYDERABAD-Y9005",
          "ATM-HYDERABAD-Y8009",
          "ATM-HYDERABAD-16171",
          "ATM-HYDERABAD-62401",
          "ATM-HYDERABAD-PS089",
          "ATM-HYDERABAD-PS090",
          "ATM-HYDERABAD-04420",
          "ATM-HYDERABAD-WG066",
          "ATM-HYDERABAD-DC024",
          "ATM-HYDERABAD-NA564",
          "ATM-HYDERABAD-70207",
          "ATM-HYDERABAD-06807",
          "ATM-HYDERABAD-06801",
          "ATM-HYDERABAD-04440",
          "ATM-HYDERABAD-CHD31",
          "ATM-HYDERABAD-18101",
          "ATM-HYDERABAD-16239",
          "ATM-HYDERABAD-18112",
          "ATM-HYDERABAD-16138",
          "ATM-HYDERABAD-WC569",
          "ATM-HYDERABAD-WC556",
          "ATM-HYDERABAD-16001",
          "ATM-HYDERABAD-NHD66",
          "ATM-HYDERABAD-NHY39",
          "ATM-HYDERABAD-NHD29",
          "ATM-HYDERABAD-NHY53",
          "ATM-HYDERABAD-85349",
          "ATM-HYDERABAD-NHE30",
          "ATM-HYDERABAD-NI062",
          "ATM-HYDERABAD-WN817",
          "ATM-HYDERABAD-WC697",
          "ATM-HYDERABAD-02002",
          "ATM-HYDERABAD-B8667",
          "ATM-HYDERABAD-60002",
          "ATM-HYDERABAD-60001",
          "ATM-HYDERABAD-11111",
          "ATM-HYDERABAD-16005",
          "ATM-HYDERABAD-47574",
          "ATM-HYDERABAD-54622",
          "ATM-HYDERABAD-05009",
          "ATM-HYDERABAD-05010",
          "ATM-HYDERABAD-05014",
          "ATM-HYDERABAD-05015",
          "ATM-HYDERABAD-16175",
          "ATM-HYDERABAD-NC719",
          "ATM-HYDERABAD-NF347",
          "ATM-HYDERABAD-11621",
          "ATM-HYDERABAD-27601",
          "ATM-HYDERABAD-56621",
          "ATM-HYDERABAD-05001",
          "ATM-HYDERABAD-NP773",
          "ATM-HYDERABAD-28621",
          "ATM-HYDERABAD-06816",
          "ATM-HYDERABAD-99621",
          "ATM-HYDERABAD-80301",
          "ATM-HYDERABAD-WN888",
          "ATM-HYDERABAD-00401",
          "ATM-HYDERABAD-56004",
          "ATM-HYDERABAD-35101",
          "ATM-HYDERABAD-35001",
          "ATM-HYDERABAD-35002",
          "ATM-HYDERABAD-47533",
          "ATM-HYDERABAD-8771S",
          "ATM-HYDERABAD-WE757",
          "ATM-HYDERABAD-11111",
          "ATM-HYDERABAD-99004",
          "ATM-HYDERABAD-16161",
          "ATM-HYDERABAD-04012",
          "ATM-HYDERABAD-NHY07",
          "ATM-HYDERABAD-NHY19",
          "ATM-HYDERABAD-NBN84",
          "ATM-HYDERABAD-NHY78",
          "ATM-HYDERABAD-B0571",
          "ATM-HYDERABAD-29714",
          "ATM-HYDERABAD-N9258",
          "ATM-HYDERABAD-70611",
          "ATM-HYDERABAD-45401",
          "ATM-HYDERABAD-NQ482",
          "ATM-HYDERABAD-PS182",
          "ATM-HYDERABAD-N2063",
          "ATM-HYDERABAD-NHE66",
          "ATM-HYDERABAD-00867",
          "ATM-HYDERABAD-00865",
          "ATM-HYDERABAD-CHD02",
          "ATM-HYDERABAD-WC691",
          "ATM-HYDERABAD-WN908",
          "ATM-HYDERABAD-45401"
        ]
      },
      "geometry": {
        "type": "Polygon",
        "coordinates": [
          [
            [
              78.4639817,
              17.4319339
            ],
            [
              78.4660774,
              17.4354127
            ],
            [
              78.4669894,
              17.4365526
            ],
            [
              78.467979,
              17.4370427
            ],
            [
              78.4711951,
              17.4376837
            ],
            [
              78.4719461,
              17.4375916
            ],
            [
              78.4726783,
              17.43736
            ],
            [
              78.4735501,
              17.4368341
            ],
            [
              78.4743413,
              17.4360754
            ],
            [
              78.4728205,
              17.4343263
            ],
            [
              78.4732523,
              17.4330967
            ],
            [
              78.4723511,
              17.4311519
            ],
            [
              78.4723833,
              17.4285724
            ],
            [
              78.4739604,
              17.4284905
            ],
            [
              78.4775332,
              17.4301385
            ],
            [
              78.4773481,
              17.4308051
            ],
            [
              78.4787214,
              17.4317571
            ],
            [
              78.4788877,
              17.4321358
            ],
            [
              78.4779382,
              17.4333641
            ],
            [
              78.4783941,
              17.4343365
            ],
            [
              78.4793248,
              17.4341613
            ],
            [
              78.4825856,
              17.4333129
            ],
            [
              78.4827286,
              17.4341216
            ],
            [
              78.485105,
              17.4334051
            ],
            [
              78.4851909,
              17.4337019
            ],
            [
              78.4845793,
              17.4341216
            ],
            [
              78.4820688,
              17.4368648
            ],
            [
              78.4804916,
              17.4386663
            ],
            [
              78.4798372,
              17.439567
            ],
            [
              78.4793115,
              17.4403757
            ],
            [
              78.4806848,
              17.4404064
            ],
            [
              78.4811997,
              17.4404268
            ],
            [
              78.4819829,
              17.4402733
            ],
            [
              78.4821868,
              17.4402938
            ],
            [
              78.4834099,
              17.4398639
            ],
            [
              78.4843647,
              17.4398741
            ],
            [
              78.4851587,
              17.4399151
            ],
            [
              78.4859526,
              17.4401709
            ],
            [
              78.4864569,
              17.4404575
            ],
            [
              78.4871435,
              17.4408567
            ],
            [
              78.4874225,
              17.4413787
            ],
            [
              78.4874439,
              17.4418701
            ],
            [
              78.4875834,
              17.4418803
            ],
            [
              78.4883398,
              17.4394852
            ],
            [
              78.4895682,
              17.4393726
            ],
            [
              78.4903353,
              17.4393777
            ],
            [
              78.4911561,
              17.4387789
            ],
            [
              78.4915423,
              17.4387072
            ],
            [
              78.4919608,
              17.4384821
            ],
            [
              78.4923685,
              17.4388608
            ],
            [
              78.4929049,
              17.4394033
            ],
            [
              78.4930122,
              17.4396131
            ],
            [
              78.4932911,
              17.4408567
            ],
            [
              78.4953725,
              17.4403731
            ],
            [
              78.4961343,
              17.4403654
            ],
            [
              78.4985805,
              17.4416346
            ],
            [
              78.4984088,
              17.4429755
            ],
            [
              78.477509,
              17.4433337
            ],
            [
              78.4750843,
              17.4434975
            ],
            [
              78.472724,
              17.4440093
            ],
            [
              78.4707499,
              17.4440093
            ],
            [
              78.4699935,
              17.4464197
            ],
            [
              78.4685773,
              17.4466807
            ],
            [
              78.4680355,
              17.450437
            ],
            [
              78.468132,
              17.4509897
            ],
            [
              78.4659004,
              17.4543263
            ],
            [
              78.4607506,
              17.4574786
            ],
            [
              78.4596348,
              17.4577652
            ],
            [
              78.456974,
              17.4591571
            ],
            [
              78.4559441,
              17.4595664
            ],
            [
              78.4550858,
              17.4599349
            ],
            [
              78.4546781,
              17.459505
            ],
            [
              78.4546351,
              17.4587477
            ],
            [
              78.4550428,
              17.4574376
            ],
            [
              78.4550214,
              17.4563323
            ],
            [
              78.4543133,
              17.4555545
            ],
            [
              78.4537339,
              17.4547971
            ],
            [
              78.4538197,
              17.4541216
            ],
            [
              78.4540772,
              17.453139
            ],
            [
              78.4540772,
              17.4521974
            ],
            [
              78.45397,
              17.4504575
            ],
            [
              78.453691,
              17.4500276
            ],
            [
              78.4529614,
              17.4497615
            ],
            [
              78.4516447,
              17.4474728
            ],
            [
              78.4519958,
              17.4459693
            ],
            [
              78.4522641,
              17.4458875
            ],
            [
              78.4535032,
              17.4429806
            ],
            [
              78.4534121,
              17.4426326
            ],
            [
              78.4539431,
              17.4419929
            ],
            [
              78.4538466,
              17.4416653
            ],
            [
              78.4542006,
              17.4414811
            ],
            [
              78.4556007,
              17.4397411
            ],
            [
              78.457599,
              17.4385115
            ],
            [
              78.4609705,
              17.4381417
            ],
            [
              78.4625638,
              17.4372384
            ],
            [
              78.4646344,
              17.4352271
            ],
            [
              78.4639817,
              17.4319339
            ]
          ]
        ]
      }
    },
    {
      "type": "Feature",
      "properties": {
        "area_id": "A-WARD-SERILINGAMPALLY",
        "area_name": "Ward 106 Serilingampally",
        "district_id": "D-RANGA-REDDY",
        "risk_score": 0.51,
        "risk_level": "MEDIUM",
        "high_risk_atm_count": 26,
        "atm_ids": [
          "ATM-RANGA-REDDY-PO825",
          "ATM-RANGA-REDDY-WC702",
          "ATM-RANGA-REDDY-WG716",
          "ATM-RANGA-REDDY-WJ233",
          "ATM-RANGA-REDDY-39001",
          "ATM-RANGA-REDDY-16219",
          "ATM-RANGA-REDDY-N1804",
          "ATM-RANGA-REDDY-24741",
          "ATM-RANGA-REDDY-73302",
          "ATM-RANGA-REDDY-81623",
          "ATM-RANGA-REDDY-WE732",
          "ATM-RANGA-REDDY-WE758",
          "ATM-RANGA-REDDY-55308",
          "ATM-RANGA-REDDY-16621",
          "ATM-RANGA-REDDY-13102",
          "ATM-RANGA-REDDY-13101",
          "ATM-RANGA-REDDY-00872",
          "ATM-RANGA-REDDY-WE871",
          "ATM-RANGA-REDDY-NF272",
          "ATM-RANGA-REDDY-83622",
          "ATM-RANGA-REDDY-31301",
          "ATM-RANGA-REDDY-NHB73",
          "ATM-RANGA-REDDY-WHY02",
          "ATM-RANGA-REDDY-WF112",
          "ATM-RANGA-REDDY-16240",
          "ATM-RANGA-REDDY-16102",
          "ATM-RANGA-REDDY-16177",
          "ATM-RANGA-REDDY-16190",
          "ATM-RANGA-REDDY-16083",
          "ATM-RANGA-REDDY-NHY88",
          "ATM-RANGA-REDDY-55311",
          "ATM-RANGA-REDDY-WHY26",
          "ATM-RANGA-REDDY-73306",
          "ATM-RANGA-REDDY-73310",
          "ATM-RANGA-REDDY-WN682",
          "ATM-RANGA-REDDY-WJ011",
          "ATM-RANGA-REDDY-81704",
          "ATM-RANGA-REDDY-CHY46",
          "ATM-RANGA-REDDY-55001",
          "ATM-RANGA-REDDY-16252",
          "ATM-RANGA-REDDY-59100",
          "ATM-RANGA-REDDY-82005",
          "ATM-RANGA-REDDY-16099",
          "ATM-RANGA-REDDY-45707",
          "ATM-RANGA-REDDY-747A1",
          "ATM-RANGA-REDDY-NHD04",
          "ATM-RANGA-REDDY-NHD03",
          "ATM-RANGA-REDDY-NRT36",
          "ATM-RANGA-REDDY-14101",
          "ATM-RANGA-REDDY-N1115",
          "ATM-RANGA-REDDY-16623",
          "ATM-RANGA-REDDY-WJ265",
          "ATM-RANGA-REDDY-WM053",
          "ATM-RANGA-REDDY-CHD80",
          "ATM-RANGA-REDDY-NVS09",
          "ATM-RANGA-REDDY-DK109",
          "ATM-RANGA-REDDY-NP793",
          "ATM-RANGA-REDDY-11111",
          "ATM-RANGA-REDDY-NQ054",
          "ATM-RANGA-REDDY-DC250",
          "ATM-RANGA-REDDY-48202"
        ]
      },
      "geometry": {
        "type": "Polygon",
        "coordinates": [
          [
            [
              78.3277142,
              17.486935
            ],
            [
              78.3267045,
              17.4870134
            ],
            [
              78.325873,
              17.4871823
            ],
            [
              78.325299,
              17.4867781
            ],
            [
              78.3239257,
              17.4862767
            ],
            [
              78.3227992,
              17.4856524
            ],
            [
              78.3205461,
              17.4846803
            ],
            [
              78.3201706,
              17.4850487
            ],
            [
              78.3199668,
              17.4854273
            ],
            [
              78.3201384,
              17.4870953
            ],
            [
              78.3201492,
              17.4878832
            ],
            [
              78.3199239,
              17.4885279
            ],
            [
              78.3194303,
              17.4892033
            ],
            [
              78.3190441,
              17.4897661
            ],
            [
              78.3184755,
              17.4900731
            ],
            [
              78.3178961,
              17.4902573
            ],
            [
              78.316834,
              17.4908712
            ],
            [
              78.316201,
              17.4918536
            ],
            [
              78.3160159,
              17.4932784
            ],
            [
              78.315171,
              17.4929536
            ],
            [
              78.3143878,
              17.4913163
            ],
            [
              78.3138835,
              17.4893465
            ],
            [
              78.3134866,
              17.487566
            ],
            [
              78.3130628,
              17.4861487
            ],
            [
              78.3128402,
              17.485724
            ],
            [
              78.31236,
              17.4846291
            ],
            [
              78.3113301,
              17.4826746
            ],
            [
              78.3107827,
              17.4800947
            ],
            [
              78.3196233,
              17.4793783
            ],
            [
              78.3196877,
              17.4785392
            ],
            [
              78.3199237,
              17.4777
            ],
            [
              78.3214257,
              17.4775158
            ],
            [
              78.3224986,
              17.4782731
            ],
            [
              78.3228795,
              17.4782475
            ],
            [
              78.3233301,
              17.4780582
            ],
            [
              78.3237485,
              17.4777819
            ],
            [
              78.3244888,
              17.4767279
            ],
            [
              78.325154,
              17.4756789
            ],
            [
              78.3266561,
              17.4733814
            ],
            [
              78.3296226,
              17.4711709
            ],
            [
              78.3299069,
              17.470603
            ],
            [
              78.3304326,
              17.4690372
            ],
            [
              78.3317737,
              17.4672871
            ],
            [
              78.3327393,
              17.466146
            ],
            [
              78.333544,
              17.4651687
            ],
            [
              78.3344291,
              17.4638024
            ],
            [
              78.3354698,
              17.4618476
            ],
            [
              78.3368431,
              17.4605376
            ],
            [
              78.3390371,
              17.4575286
            ],
            [
              78.3396916,
              17.4566485
            ],
            [
              78.3411668,
              17.4552207
            ],
            [
              78.3420466,
              17.4543098
            ],
            [
              78.3436774,
              17.4523652
            ],
            [
              78.3446,
              17.4515387
            ],
            [
              78.3453671,
              17.4511268
            ],
            [
              78.3465232,
              17.4505306
            ],
            [
              78.3470248,
              17.4501902
            ],
            [
              78.3520995,
              17.445308
            ],
            [
              78.3544867,
              17.4434299
            ],
            [
              78.3591805,
              17.4413469
            ],
            [
              78.3637081,
              17.4384912
            ],
            [
              78.3635084,
              17.4403902
            ],
            [
              78.362742,
              17.4417108
            ],
            [
              78.3629532,
              17.4435832
            ],
            [
              78.363888,
              17.448857
            ],
            [
              78.3638018,
              17.4520909
            ],
            [
              78.3638015,
              17.4555295
            ],
            [
              78.3489893,
              17.4630542
            ],
            [
              78.347438,
              17.4635374
            ],
            [
              78.3490688,
              17.4680558
            ],
            [
              78.3492458,
              17.4749394
            ],
            [
              78.3497192,
              17.478052
            ],
            [
              78.3498064,
              17.4801412
            ],
            [
              78.3497232,
              17.4823139
            ],
            [
              78.347379,
              17.4828844
            ],
            [
              78.3461773,
              17.4834318
            ],
            [
              78.3454263,
              17.4841686
            ],
            [
              78.3423793,
              17.4867371
            ],
            [
              78.3408344,
              17.4879958
            ],
            [
              78.3398688,
              17.4885586
            ],
            [
              78.3386242,
              17.48862
            ],
            [
              78.3366072,
              17.4885791
            ],
            [
              78.334955,
              17.4881288
            ],
            [
              78.333292,
              17.4877707
            ],
            [
              78.3308458,
              17.4869725
            ],
            [
              78.3295798,
              17.4866553
            ],
            [
              78.3281529,
              17.4869009
            ],
            [
              78.3277142,
              17.486935
            ]
          ]
        ]
      }
    },
    {
      "type": "Feature",
      "properties": {
        "area_id": "A-WARD-MADHAPUR",
        "area_name": "Ward 107 Madhapur",
        "district_id": "D-RANGA-REDDY",
        "risk_score": 0.44,
        "risk_level": "MEDIUM",
        "high_risk_atm_count": 21,
        "atm_ids": [
          "ATM-HYDERABAD-WHY39",
          "ATM-HYDERABAD-WHY40",
          "ATM-HYDERABAD-NP060",
          "ATM-HYDERABAD-02222",
          "ATM-HYDERABAD-WHY70",
          "ATM-HYDERABAD-02621",
          "ATM-HYDERABAD-N1630",
          "ATM-HYDERABAD-NF353",
          "ATM-HYDERABAD-NF412",
          "ATM-HYDERABAD-CHE05",
          "ATM-HYDERABAD-NHE08",
          "ATM-HYDERABAD-CHY02",
          "ATM-HYDERABAD-05540",
          "ATM-HYDERABAD-WF904",
          "ATM-HYDERABAD-DK532",
          "ATM-HYDERABAD-B9543",
          "ATM-HYDERABAD-NHD25",
          "ATM-HYDERABAD-62621",
          "ATM-HYDERABAD-NHD02",
          "ATM-HYDERABAD-11101",
          "ATM-HYDERABAD-22601",
          "ATM-HYDERABAD-12553",
          "ATM-HYDERABAD-WE937",
          "ATM-HYDERABAD-55308",
          "ATM-HYDERABAD-55314",
          "ATM-RANGA-REDDY-04035",
          "ATM-HYDERABAD-M1802",
          "ATM-HYDERABAD-87267",
          "ATM-HYDERABAD-N1467",
          "ATM-RANGA-REDDY-00816",
          "ATM-RANGA-REDDY-NHD84",
          "ATM-HYDERABAD-16197",
          "ATM-HYDERABAD-A3360",
          "ATM-RANGA-REDDY-NHY01",
          "ATM-HYDERABAD-02002",
          "ATM-RANGA-REDDY-87003",
          "ATM-RANGA-REDDY-16211",
          "ATM-RANGA-REDDY-NRR01",
          "ATM-RANGA-REDDY-WG867",
          "ATM-RANGA-REDDY-55310",
          "ATM-RANGA-REDDY-62002",
          "ATM-RANGA-REDDY-16152",
          "ATM-RANGA-REDDY-NHH70",
          "ATM-RANGA-REDDY-DK520",
          "ATM-RANGA-REDDY-DK540",
          "ATM-RANGA-REDDY-NP800",
          "ATM-RANGA-REDDY-NP801",
          "ATM-RANGA-REDDY-00837",
          "ATM-RANGA-REDDY-WF619",
          "ATM-RANGA-REDDY-39301",
          "ATM-RANGA-REDDY-WHY47",
          "ATM-RANGA-REDDY-WHY46",
          "ATM-RANGA-REDDY-NHE77",
          "ATM-RANGA-REDDY-NHE76",
          "ATM-RANGA-REDDY-WHY86",
          "ATM-RANGA-REDDY-80102",
          "ATM-RANGA-REDDY-80101",
          "ATM-RANGA-REDDY-75101",
          "ATM-RANGA-REDDY-75002",
          "ATM-RANGA-REDDY-60002",
          "ATM-RANGA-REDDY-50298",
          "ATM-RANGA-REDDY-80103",
          "ATM-RANGA-REDDY-WKN02",
          "ATM-RANGA-REDDY-WG738",
          "ATM-RANGA-REDDY-NL155",
          "ATM-RANGA-REDDY-00621",
          "ATM-RANGA-REDDY-WF667",
          "ATM-MEDCHAL-MALKAJGIRI-00813",
          "ATM-RANGA-REDDY-HYD17",
          "ATM-RANGA-REDDY-NP476",
          "ATM-MEDCHAL-MALKAJGIRI-Y8012",
          "ATM-RANGA-REDDY-361T1",
          "ATM-MEDCHAL-MALKAJGIRI-81711",
          "ATM-MEDCHAL-MALKAJGIRI-34094",
          "ATM-MEDCHAL-MALKAJGIRI-W1697",
          "ATM-MEDCHAL-MALKAJGIRI-50001",
          "ATM-MEDCHAL-MALKAJGIRI-DK558",
          "ATM-MEDCHAL-MALKAJGIRI-DK523",
          "ATM-MEDCHAL-MALKAJGIRI-DK559",
          "ATM-MEDCHAL-MALKAJGIRI-NHD22",
          "ATM-MEDCHAL-MALKAJGIRI-47564",
          "ATM-MEDCHAL-MALKAJGIRI-62001"
        ]
      },
      "geometry": {
        "type": "Polygon",
        "coordinates": [
          [
            [
              78.3782995,
              17.4768927
            ],
            [
              78.3787823,
              17.4805614
            ],
            [
              78.3792114,
              17.4808531
            ],
            [
              78.3812351,
              17.4861359
            ],
            [
              78.3825722,
              17.4895768
            ],
            [
              78.3823898,
              17.4907587
            ],
            [
              78.381549,
              17.4913611
            ],
            [
              78.3801073,
              17.491718
            ],
            [
              78.3771086,
              17.4875149
            ],
            [
              78.3770227,
              17.4835393
            ],
            [
              78.3752954,
              17.4790878
            ],
            [
              78.3721948,
              17.4816308
            ],
            [
              78.3695769,
              17.4819634
            ],
            [
              78.3660579,
              17.4825006
            ],
            [
              78.3656797,
              17.4829074
            ],
            [
              78.3661169,
              17.4837542
            ],
            [
              78.3697808,
              17.4918331
            ],
            [
              78.3718461,
              17.493895
            ],
            [
              78.3738095,
              17.4965452
            ],
            [
              78.361541,
              17.4965401
            ],
            [
              78.3599317,
              17.4964378
            ],
            [
              78.3581078,
              17.4958852
            ],
            [
              78.3600175,
              17.4920582
            ],
            [
              78.3598177,
              17.4894642
            ],
            [
              78.3608758,
              17.4892954
            ],
            [
              78.3610529,
              17.4881339
            ],
            [
              78.3620989,
              17.488047
            ],
            [
              78.3623832,
              17.486645
            ],
            [
              78.3636063,
              17.485852
            ],
            [
              78.3635151,
              17.4846854
            ],
            [
              78.363778,
              17.4832937
            ],
            [
              78.3604306,
              17.4839947
            ],
            [
              78.3606371,
              17.4823983
            ],
            [
              78.3611923,
              17.4794178
            ],
            [
              78.3627306,
              17.4760587
            ],
            [
              78.3629921,
              17.4754357
            ],
            [
              78.3629066,
              17.4749963
            ],
            [
              78.3648919,
              17.4709875
            ],
            [
              78.3655814,
              17.4691257
            ],
            [
              78.3665283,
              17.467755
            ],
            [
              78.3668773,
              17.4656687
            ],
            [
              78.3666071,
              17.4623477
            ],
            [
              78.3659077,
              17.4590266
            ],
            [
              78.3662993,
              17.4586632
            ],
            [
              78.3695783,
              17.4580018
            ],
            [
              78.3725569,
              17.4572176
            ],
            [
              78.3758748,
              17.4572659
            ],
            [
              78.3790605,
              17.4535297
            ],
            [
              78.3800072,
              17.4528822
            ],
            [
              78.3813401,
              17.451416
            ],
            [
              78.3837673,
              17.4486396
            ],
            [
              78.3861946,
              17.4455356
            ],
            [
              78.3873352,
              17.443541
            ],
            [
              78.3880466,
              17.4416282
            ],
            [
              78.3889452,
              17.4414376
            ],
            [
              78.3938603,
              17.4409466
            ],
            [
              78.3950928,
              17.4400662
            ],
            [
              78.3961469,
              17.4394749
            ],
            [
              78.3973324,
              17.4387124
            ],
            [
              78.3992261,
              17.438523
            ],
            [
              78.399505,
              17.4388198
            ],
            [
              78.4000468,
              17.4393674
            ],
            [
              78.402155,
              17.4405138
            ],
            [
              78.4065807,
              17.4420645
            ],
            [
              78.4066933,
              17.4434207
            ],
            [
              78.4054649,
              17.4451096
            ],
            [
              78.406173,
              17.44578
            ],
            [
              78.4054971,
              17.4479038
            ],
            [
              78.4043974,
              17.4484002
            ],
            [
              78.4047407,
              17.4494135
            ],
            [
              78.4052718,
              17.4504831
            ],
            [
              78.4023267,
              17.4506519
            ],
            [
              78.4010124,
              17.4508208
            ],
            [
              78.400594,
              17.4527859
            ],
            [
              78.3991939,
              17.4536354
            ],
            [
              78.3972037,
              17.454357
            ],
            [
              78.3930623,
              17.4554931
            ],
            [
              78.3889264,
              17.459807
            ],
            [
              78.3826715,
              17.4692583
            ],
            [
              78.3799142,
              17.4713767
            ],
            [
              78.3764112,
              17.4727992
            ],
            [
              78.3774841,
              17.474846
            ],
            [
              78.3782995,
              17.4768927
            ]
          ]
        ]
      }
    },
    {
      "type": "Feature",
      "properties": {
        "area_id": "A-WARD-RAHMATH-NAGAR",
        "area_name": "Ward 102 Rahmath Nagar",
        "district_id": "D-HYDERABAD",
        "risk_score": 0.58,
        "risk_level": "MEDIUM",
        "high_risk_atm_count": 5,
        "atm_ids": [
          "ATM-HYDERABAD-NP174",
          "ATM-HYDERABAD-NHY84",
          "ATM-HYDERABAD-03008",
          "ATM-HYDERABAD-WH875",
          "ATM-HYDERABAD-94621",
          "ATM-HYDERABAD-NHE09",
          "ATM-HYDERABAD-42513",
          "ATM-HYDERABAD-NP598",
          "ATM-HYDERABAD-42514",
          "ATM-HYDERABAD-NHB74"
        ]
      },
      "geometry": {
        "type": "Polygon",
        "coordinates": [
          [
            [
              78.4120631,
              17.4458619
            ],
            [
              78.4147829,
              17.445606
            ],
            [
              78.4163573,
              17.4451403
            ],
            [
              78.4174168,
              17.4449202
            ],
            [
              78.4183073,
              17.4427043
            ],
            [
              78.419053,
              17.441064
            ],
            [
              78.4215152,
              17.4389324
            ],
            [
              78.4234571,
              17.439086
            ],
            [
              78.4239721,
              17.4393009
            ],
            [
              78.4244657,
              17.4433337
            ],
            [
              78.4235215,
              17.4459745
            ],
            [
              78.4247687,
              17.4472078
            ],
            [
              78.4232587,
              17.4473409
            ],
            [
              78.4231567,
              17.4488813
            ],
            [
              78.4214616,
              17.4489222
            ],
            [
              78.4204316,
              17.4501709
            ],
            [
              78.4184361,
              17.4506315
            ],
            [
              78.4163225,
              17.4509999
            ],
            [
              78.4160006,
              17.4503039
            ],
            [
              78.4158719,
              17.4497308
            ],
            [
              78.4138709,
              17.4491116
            ],
            [
              78.4126425,
              17.4481648
            ],
            [
              78.4120631,
              17.4458619
            ]
          ]
        ]
      }
    },
    {
      "type": "Feature",
      "properties": {
        "area_id": "A-WARD-GAUTHAM-NAGAR",
        "area_name": "Ward 141 Gautham Nagar",
        "district_id": "D-HYDERABAD",
        "risk_score": 0.41,
        "risk_level": "MEDIUM",
        "high_risk_atm_count": 13,
        "atm_ids": [
          "ATM-HYDERABAD-45510",
          "ATM-HYDERABAD-87087",
          "ATM-HYDERABAD-NL234",
          "ATM-HYDERABAD-20101",
          "ATM-HYDERABAD-NL246",
          "ATM-HYDERABAD-22622",
          "ATM-HYDERABAD-14120",
          "ATM-HYDERABAD-22621",
          "ATM-HYDERABAD-46003",
          "ATM-HYDERABAD-NHY29",
          "ATM-HYDERABAD-D9408",
          "ATM-HYDERABAD-13003",
          "ATM-HYDERABAD-HYD74",
          "ATM-HYDERABAD-14122",
          "ATM-HYDERABAD-88740",
          "ATM-HYDERABAD-22621",
          "ATM-HYDERABAD-NHD07",
          "ATM-HYDERABAD-NQ355",
          "ATM-HYDERABAD-45512",
          "ATM-HYDERABAD-CHB28",
          "ATM-HYDERABAD-NHY44",
          "ATM-HYDERABAD-NHY72",
          "ATM-HYDERABAD-NHY15",
          "ATM-HYDERABAD-NHD56",
          "ATM-HYDERABAD-26141",
          "ATM-HYDERABAD-20005",
          "ATM-HYDERABAD-ON469",
          "ATM-HYDERABAD-00435",
          "ATM-HYDERABAD-WM328",
          "ATM-HYDERABAD-16015",
          "ATM-HYDERABAD-14104",
          "ATM-HYDERABAD-CHY01"
        ]
      },
      "geometry": {
        "type": "Polygon",
        "coordinates": [
          [
            [
              78.5331205,
              17.4622415
            ],
            [
              78.5321188,
              17.4605899
            ],
            [
              78.5298443,
              17.4591775
            ],
            [
              78.5272479,
              17.4566291
            ],
            [
              78.5252631,
              17.4551911
            ],
            [
              78.5248929,
              17.4536329
            ],
            [
              78.5245228,
              17.4519518
            ],
            [
              78.5238898,
              17.4500276
            ],
            [
              78.5235143,
              17.4493316
            ],
            [
              78.5229081,
              17.4490757
            ],
            [
              78.5225621,
              17.449132
            ],
            [
              78.5223019,
              17.4485947
            ],
            [
              78.5219935,
              17.44741
            ],
            [
              78.5218607,
              17.4470837
            ],
            [
              78.5215992,
              17.4465118
            ],
            [
              78.5199845,
              17.4468854
            ],
            [
              78.519617,
              17.44567
            ],
            [
              78.5207731,
              17.4453962
            ],
            [
              78.5216099,
              17.4451198
            ],
            [
              78.5214382,
              17.444475
            ],
            [
              78.5214275,
              17.4434259
            ],
            [
              78.5212344,
              17.4429908
            ],
            [
              78.5263681,
              17.441476
            ],
            [
              78.5310969,
              17.4411536
            ],
            [
              78.5316196,
              17.4419708
            ],
            [
              78.5324603,
              17.4420724
            ],
            [
              78.5333312,
              17.4429215
            ],
            [
              78.5338096,
              17.4441649
            ],
            [
              78.5350391,
              17.4455107
            ],
            [
              78.5355322,
              17.4457474
            ],
            [
              78.5363794,
              17.4483688
            ],
            [
              78.5365471,
              17.4487866
            ],
            [
              78.5357612,
              17.4500225
            ],
            [
              78.5336101,
              17.4503961
            ],
            [
              78.5324407,
              17.450263
            ],
            [
              78.5330522,
              17.4512865
            ],
            [
              78.5337067,
              17.4523919
            ],
            [
              78.5344362,
              17.4536406
            ],
            [
              78.5351497,
              17.4547203
            ],
            [
              78.5336423,
              17.4555647
            ],
            [
              78.5327513,
              17.4559948
            ],
            [
              78.5324718,
              17.4564147
            ],
            [
              78.5321382,
              17.4571624
            ],
            [
              78.5323937,
              17.4586373
            ],
            [
              78.5327759,
              17.4601543
            ],
            [
              78.5330683,
              17.4611003
            ],
            [
              78.5331205,
              17.4622415
            ]
          ]
        ]
      }
    },
    {
      "type": "Feature",
      "properties": {
        "area_id": "A-WARD-EAST-ANAND-BAGH",
        "area_name": "Ward 139 East Anand Bagh",
        "district_id": "D-HYDERABAD",
        "risk_score": 0.46,
        "risk_level": "MEDIUM",
        "high_risk_atm_count": 10,
        "atm_ids": [
          "ATM-HYDERABAD-45506",
          "ATM-HYDERABAD-14112",
          "ATM-HYDERABAD-20004",
          "ATM-HYDERABAD-02712",
          "ATM-HYDERABAD-14109",
          "ATM-HYDERABAD-NM382",
          "ATM-MEDCHAL-MALKAJGIRI-24102",
          "ATM-HYDERABAD-13002",
          "ATM-HYDERABAD-13101",
          "ATM-HYDERABAD-46001",
          "ATM-HYDERABAD-45501",
          "ATM-HYDERABAD-47451",
          "ATM-HYDERABAD-CHY02",
          "ATM-HYDERABAD-CHY45",
          "ATM-HYDERABAD-13002",
          "ATM-HYDERABAD-13101"
        ]
      },
      "geometry": {
        "type": "Polygon",
        "coordinates": [
          [
            [
              78.5467943,
              17.4633213
            ],
            [
              78.546614,
              17.4629502
            ],
            [
              78.5463865,
              17.4630192
            ],
            [
              78.5462835,
              17.4629718
            ],
            [
              78.5459746,
              17.4629993
            ],
            [
              78.5456978,
              17.4624946
            ],
            [
              78.5455835,
              17.4622735
            ],
            [
              78.545613,
              17.4620457
            ],
            [
              78.5453206,
              17.461337
            ],
            [
              78.5451061,
              17.461289
            ],
            [
              78.5447413,
              17.4608352
            ],
            [
              78.5446125,
              17.4608027
            ],
            [
              78.5436255,
              17.4613699
            ],
            [
              78.5431641,
              17.4608449
            ],
            [
              78.5429496,
              17.4607805
            ],
            [
              78.5427209,
              17.4608752
            ],
            [
              78.5426173,
              17.4607895
            ],
            [
              78.5425119,
              17.4608592
            ],
            [
              78.5421695,
              17.4603516
            ],
            [
              78.5425562,
              17.4602104
            ],
            [
              78.5430287,
              17.4599669
            ],
            [
              78.5431212,
              17.4598377
            ],
            [
              78.5435128,
              17.4596023
            ],
            [
              78.5432822,
              17.4591161
            ],
            [
              78.5437328,
              17.4583281
            ],
            [
              78.5430273,
              17.4562018
            ],
            [
              78.541532,
              17.4548828
            ],
            [
              78.5451436,
              17.4507543
            ],
            [
              78.5446179,
              17.4490629
            ],
            [
              78.5454038,
              17.4486203
            ],
            [
              78.5453206,
              17.4474739
            ],
            [
              78.5454118,
              17.4473997
            ],
            [
              78.5407341,
              17.447566
            ],
            [
              78.5402083,
              17.449155
            ],
            [
              78.5363794,
              17.4483688
            ],
            [
              78.5355322,
              17.4457474
            ],
            [
              78.5350391,
              17.4455107
            ],
            [
              78.5338096,
              17.4441649
            ],
            [
              78.5333312,
              17.4429215
            ],
            [
              78.5324603,
              17.4420724
            ],
            [
              78.5316196,
              17.4419708
            ],
            [
              78.5310969,
              17.4411536
            ],
            [
              78.5354501,
              17.4400136
            ],
            [
              78.5384086,
              17.439283
            ],
            [
              78.5384572,
              17.4406593
            ],
            [
              78.5393427,
              17.4411963
            ],
            [
              78.5394828,
              17.4415332
            ],
            [
              78.5400206,
              17.4421253
            ],
            [
              78.5409245,
              17.4425315
            ],
            [
              78.5412303,
              17.4435487
            ],
            [
              78.5432044,
              17.4430113
            ],
            [
              78.5432741,
              17.4435998
            ],
            [
              78.5434753,
              17.4447718
            ],
            [
              78.5441586,
              17.4446746
            ],
            [
              78.5453354,
              17.4443522
            ],
            [
              78.547217,
              17.4429294
            ],
            [
              78.5464954,
              17.4409386
            ],
            [
              78.5462004,
              17.4400635
            ],
            [
              78.547288,
              17.4395491
            ],
            [
              78.5475817,
              17.4402631
            ],
            [
              78.5481933,
              17.4390681
            ],
            [
              78.5487485,
              17.4376427
            ],
            [
              78.5499823,
              17.4373459
            ],
            [
              78.5510659,
              17.4385742
            ],
            [
              78.553791,
              17.437479
            ],
            [
              78.5560763,
              17.4386458
            ],
            [
              78.557471,
              17.4386561
            ],
            [
              78.5530937,
              17.4413071
            ],
            [
              78.5577178,
              17.4442959
            ],
            [
              78.557353,
              17.4466295
            ],
            [
              78.560235,
              17.4481005
            ],
            [
              78.5612798,
              17.4526938
            ],
            [
              78.5624814,
              17.4587477
            ],
            [
              78.5631417,
              17.4615726
            ],
            [
              78.5607541,
              17.4627135
            ],
            [
              78.5597261,
              17.4619958
            ],
            [
              78.5583967,
              17.4614528
            ],
            [
              78.5595779,
              17.4609097
            ],
            [
              78.5588738,
              17.4589293
            ],
            [
              78.5584071,
              17.4580952
            ],
            [
              78.556952,
              17.4582289
            ],
            [
              78.5549605,
              17.4589767
            ],
            [
              78.5535604,
              17.4596765
            ],
            [
              78.5518304,
              17.4597807
            ],
            [
              78.5509439,
              17.4602627
            ],
            [
              78.5491274,
              17.4605242
            ],
            [
              78.5490989,
              17.460921
            ],
            [
              78.548398,
              17.4610785
            ],
            [
              78.5482192,
              17.4609935
            ],
            [
              78.5472715,
              17.4614217
            ],
            [
              78.546946,
              17.4616044
            ],
            [
              78.5469568,
              17.461946
            ],
            [
              78.5468656,
              17.4624219
            ],
            [
              78.5473028,
              17.4623425
            ],
            [
              78.5475643,
              17.462702
            ],
            [
              78.5476843,
              17.4627487
            ],
            [
              78.5483237,
              17.4627311
            ],
            [
              78.5484825,
              17.4627837
            ],
            [
              78.5484116,
              17.4633115
            ],
            [
              78.5483548,
              17.4636061
            ],
            [
              78.5481796,
              17.4637872
            ],
            [
              78.5475234,
              17.4639699
            ],
            [
              78.5472919,
              17.4640305
            ],
            [
              78.5470044,
              17.4637538
            ],
            [
              78.5467943,
              17.4633213
            ]
          ]
        ]
      }
    },
    {
      "type": "Feature",
      "properties": {
        "area_id": "A-WARD-SANATH-NAGAR",
        "area_name": "Ward 100 Sanath Nagar",
        "district_id": "D-HYDERABAD",
        "risk_score": 0.62,
        "risk_level": "MEDIUM",
        "high_risk_atm_count": 17,
        "atm_ids": [
          "ATM-HYDERABAD-28908",
          "ATM-HYDERABAD-90702",
          "ATM-HYDERABAD-47531",
          "ATM-HYDERABAD-16150",
          "ATM-HYDERABAD-03009",
          "ATM-HYDERABAD-03007",
          "ATM-HYDERABAD-A9770",
          "ATM-HYDERABAD-44604",
          "ATM-HYDERABAD-5421S",
          "ATM-HYDERABAD-16292",
          "ATM-HYDERABAD-WN754",
          "ATM-HYDERABAD-28906",
          "ATM-HYDERABAD-WE731",
          "ATM-HYDERABAD-58001",
          "ATM-HYDERABAD-D1828",
          "ATM-HYDERABAD-52003",
          "ATM-HYDERABAD-NHY76",
          "ATM-HYDERABAD-WF630",
          "ATM-HYDERABAD-WE894",
          "ATM-HYDERABAD-87659",
          "ATM-HYDERABAD-NHD27",
          "ATM-HYDERABAD-DK402",
          "ATM-HYDERABAD-26003",
          "ATM-HYDERABAD-CHD78",
          "ATM-HYDERABAD-NE451",
          "ATM-HYDERABAD-NI260",
          "ATM-HYDERABAD-26002",
          "ATM-HYDERABAD-58621",
          "ATM-HYDERABAD-WHR35",
          "ATM-HYDERABAD-68700",
          "ATM-HYDERABAD-68700",
          "ATM-HYDERABAD-07342",
          "ATM-HYDERABAD-16297",
          "ATM-HYDERABAD-16294",
          "ATM-HYDERABAD-76001",
          "ATM-HYDERABAD-76004",
          "ATM-HYDERABAD-76621"
        ]
      },
      "geometry": {
        "type": "Polygon",
        "coordinates": [
          [
            [
              78.4510839,
              17.4498741
            ],
            [
              78.451041,
              17.4507133
            ],
            [
              78.450644,
              17.4534921
            ],
            [
              78.4503114,
              17.455882
            ],
            [
              78.4497911,
              17.4577856
            ],
            [
              78.4491205,
              17.4597097
            ],
            [
              78.4468138,
              17.4611298
            ],
            [
              78.4416103,
              17.4615059
            ],
            [
              78.4340358,
              17.4619306
            ],
            [
              78.4312516,
              17.4621506
            ],
            [
              78.4315574,
              17.461488
            ],
            [
              78.4328127,
              17.4584611
            ],
            [
              78.4348753,
              17.4543212
            ],
            [
              78.4381154,
              17.4478731
            ],
            [
              78.4382743,
              17.447583
            ],
            [
              78.4386002,
              17.4476633
            ],
            [
              78.4400868,
              17.4476786
            ],
            [
              78.4414212,
              17.4473671
            ],
            [
              78.4422326,
              17.4467191
            ],
            [
              78.4438339,
              17.445812
            ],
            [
              78.4467655,
              17.4453143
            ],
            [
              78.4475112,
              17.4488045
            ],
            [
              78.4496838,
              17.448436
            ],
            [
              78.4500754,
              17.4502374
            ],
            [
              78.4510839,
              17.4498741
            ]
          ]
        ]
      }
    },
    {
      "type": "Feature",
      "properties": {
        "area_id": "A-WARD-BORABANDA",
        "area_name": "Ward 103 Borabanda",
        "district_id": "D-HYDERABAD",
        "risk_score": 0.53,
        "risk_level": "MEDIUM",
        "high_risk_atm_count": 4,
        "atm_ids": [
          "ATM-HYDERABAD-WC753",
          "ATM-HYDERABAD-WJ232",
          "ATM-HYDERABAD-CHY17",
          "ATM-HYDERABAD-16250",
          "ATM-HYDERABAD-NHY62",
          "ATM-HYDERABAD-NAP40",
          "ATM-HYDERABAD-55004",
          "ATM-HYDERABAD-WN870",
          "ATM-HYDERABAD-WC689"
        ]
      },
      "geometry": {
        "type": "Polygon",
        "coordinates": [
          [
            [
              78.406173,
              17.44578
            ],
            [
              78.4120631,
              17.4458619
            ],
            [
              78.4126425,
              17.4481648
            ],
            [
              78.4138709,
              17.4491116
            ],
            [
              78.4158719,
              17.4497308
            ],
            [
              78.4160006,
              17.4503039
            ],
            [
              78.4163225,
              17.4509999
            ],
            [
              78.4184361,
              17.4506315
            ],
            [
              78.4182649,
              17.4538763
            ],
            [
              78.4174705,
              17.453835
            ],
            [
              78.4144878,
              17.4543877
            ],
            [
              78.4105504,
              17.4554316
            ],
            [
              78.4052718,
              17.4504831
            ],
            [
              78.4047407,
              17.4494135
            ],
            [
              78.4043974,
              17.4484002
            ],
            [
              78.4054971,
              17.4479038
            ],
            [
              78.406173,
              17.44578
            ]
          ]
        ]
      }
    },
    {
      "type": "Feature",
      "properties": {
        "area_id": "A-WARD-ERRAGADDA",
        "area_name": "Ward 101 Erragadda",
        "district_id": "D-HYDERABAD",
        "risk_score": 0.32,
        "risk_level": "LOW",
        "high_risk_atm_count": 6,
        "atm_ids": [
          "ATM-HYDERABAD-NF369",
          "ATM-HYDERABAD-8EP02",
          "ATM-HYDERABAD-WF646",
          "ATM-HYDERABAD-92204",
          "ATM-HYDERABAD-NHD55",
          "ATM-HYDERABAD-WG797",
          "ATM-HYDERABAD-CHD50",
          "ATM-HYDERABAD-NHE07",
          "ATM-HYDERABAD-92201",
          "ATM-HYDERABAD-40003",
          "ATM-HYDERABAD-40101",
          "ATM-HYDERABAD-40004",
          "ATM-HYDERABAD-55005",
          "ATM-HYDERABAD-55101",
          "ATM-HYDERABAD-42001",
          "ATM-HYDERABAD-NQ286",
          "ATM-HYDERABAD-NHY21",
          "ATM-HYDERABAD-72622",
          "ATM-HYDERABAD-03006",
          "ATM-HYDERABAD-NM616",
          "ATM-HYDERABAD-92206",
          "ATM-HYDERABAD-16185",
          "ATM-HYDERABAD-WE956",
          "ATM-HYDERABAD-92220",
          "ATM-HYDERABAD-92205",
          "ATM-HYDERABAD-WF759",
          "ATM-HYDERABAD-00403",
          "ATM-HYDERABAD-03006",
          "ATM-HYDERABAD-03014",
          "ATM-HYDERABAD-03005",
          "ATM-HYDERABAD-47025",
          "ATM-HYDERABAD-16186",
          "ATM-HYDERABAD-D8754",
          "ATM-HYDERABAD-28907",
          "ATM-HYDERABAD-NHY74",
          "ATM-HYDERABAD-26143",
          "ATM-HYDERABAD-16121",
          "ATM-HYDERABAD-72621"
        ]
      },
      "geometry": {
        "type": "Polygon",
        "coordinates": [
          [
            [
              78.4235215,
              17.4459745
            ],
            [
              78.4281778,
              17.4459335
            ],
            [
              78.4261823,
              17.4501095
            ],
            [
              78.4302378,
              17.4499457
            ],
            [
              78.4305006,
              17.4494596
            ],
            [
              78.4342182,
              17.4487022
            ],
            [
              78.4381154,
              17.4478731
            ],
            [
              78.4348753,
              17.4543212
            ],
            [
              78.4328127,
              17.4584611
            ],
            [
              78.4315574,
              17.461488
            ],
            [
              78.4287089,
              17.4613217
            ],
            [
              78.4287947,
              17.4598274
            ],
            [
              78.4289664,
              17.4591366
            ],
            [
              78.4280491,
              17.4583588
            ],
            [
              78.4279203,
              17.4570027
            ],
            [
              78.4270298,
              17.4565626
            ],
            [
              78.42659,
              17.4547254
            ],
            [
              78.4253508,
              17.4547971
            ],
            [
              78.425442,
              17.4530418
            ],
            [
              78.4268099,
              17.4528525
            ],
            [
              78.4266248,
              17.4512865
            ],
            [
              78.4266007,
              17.4503142
            ],
            [
              78.4260911,
              17.4503347
            ],
            [
              78.425957,
              17.450524
            ],
            [
              78.424691,
              17.4505854
            ],
            [
              78.4244335,
              17.4519108
            ],
            [
              78.4240794,
              17.4545105
            ],
            [
              78.4198308,
              17.4539578
            ],
            [
              78.4182649,
              17.4538763
            ],
            [
              78.4184361,
              17.4506315
            ],
            [
              78.4204316,
              17.4501709
            ],
            [
              78.4214616,
              17.4489222
            ],
            [
              78.4231567,
              17.4488813
            ],
            [
              78.4232587,
              17.4473409
            ],
            [
              78.4247687,
              17.4472078
            ],
            [
              78.4235215,
              17.4459745
            ]
          ]
        ]
      }
    },
    {
      "type": "Feature",
      "properties": {
        "area_id": "A-WARD-MALKAJGIRI",
        "area_name": "Ward 140 Malkajgiri",
        "district_id": "D-HYDERABAD",
        "risk_score": 0.56,
        "risk_level": "MEDIUM",
        "high_risk_atm_count": 13,
        "atm_ids": [
          "ATM-HYDERABAD-45513",
          "ATM-HYDERABAD-45502",
          "ATM-HYDERABAD-85201",
          "ATM-HYDERABAD-45505",
          "ATM-HYDERABAD-60083",
          "ATM-HYDERABAD-14074",
          "ATM-HYDERABAD-8EP01",
          "ATM-HYDERABAD-92072",
          "ATM-HYDERABAD-97621",
          "ATM-HYDERABAD-95501",
          "ATM-HYDERABAD-WE560",
          "ATM-HYDERABAD-WI466",
          "ATM-HYDERABAD-26095",
          "ATM-HYDERABAD-HYD30",
          "ATM-HYDERABAD-14060",
          "ATM-HYDERABAD-97004",
          "ATM-HYDERABAD-97003",
          "ATM-HYDERABAD-09621",
          "ATM-HYDERABAD-CHY49",
          "ATM-HYDERABAD-8E009",
          "ATM-HYDERABAD-90002",
          "ATM-HYDERABAD-WN753",
          "ATM-HYDERABAD-NHD64",
          "ATM-HYDERABAD-14028",
          "ATM-HYDERABAD-42726",
          "ATM-HYDERABAD-Y8005",
          "ATM-HYDERABAD-SHY10",
          "ATM-HYDERABAD-39002",
          "ATM-HYDERABAD-07003",
          "ATM-HYDERABAD-42706",
          "ATM-HYDERABAD-NM512"
        ]
      },
      "geometry": {
        "type": "Polygon",
        "coordinates": [
          [
            [
              78.5311478,
              17.4701487
            ],
            [
              78.5323226,
              17.4654717
            ],
            [
              78.533138,
              17.462624
            ],
            [
              78.5331205,
              17.4622415
            ],
            [
              78.5330683,
              17.4611003
            ],
            [
              78.5327759,
              17.4601543
            ],
            [
              78.5323937,
              17.4586373
            ],
            [
              78.5321382,
              17.4571624
            ],
            [
              78.5324718,
              17.4564147
            ],
            [
              78.5327513,
              17.4559948
            ],
            [
              78.5336423,
              17.4555647
            ],
            [
              78.5351497,
              17.4547203
            ],
            [
              78.5344362,
              17.4536406
            ],
            [
              78.5337067,
              17.4523919
            ],
            [
              78.5330522,
              17.4512865
            ],
            [
              78.5324407,
              17.450263
            ],
            [
              78.5336101,
              17.4503961
            ],
            [
              78.5357612,
              17.4500225
            ],
            [
              78.5365471,
              17.4487866
            ],
            [
              78.5363794,
              17.4483688
            ],
            [
              78.5402083,
              17.449155
            ],
            [
              78.5407341,
              17.447566
            ],
            [
              78.5454118,
              17.4473997
            ],
            [
              78.5453206,
              17.4474739
            ],
            [
              78.5454038,
              17.4486203
            ],
            [
              78.5446179,
              17.4490629
            ],
            [
              78.5451436,
              17.4507543
            ],
            [
              78.541532,
              17.4548828
            ],
            [
              78.5407716,
              17.4577524
            ],
            [
              78.5402727,
              17.4606974
            ],
            [
              78.5388941,
              17.4614701
            ],
            [
              78.5374832,
              17.458607
            ],
            [
              78.5365149,
              17.4586198
            ],
            [
              78.5353818,
              17.4604078
            ],
            [
              78.5353966,
              17.4609267
            ],
            [
              78.5359413,
              17.4614528
            ],
            [
              78.5367731,
              17.4622185
            ],
            [
              78.5380076,
              17.4638931
            ],
            [
              78.5385883,
              17.4648679
            ],
            [
              78.5386929,
              17.4654589
            ],
            [
              78.5387975,
              17.4666844
            ],
            [
              78.5389021,
              17.4671091
            ],
            [
              78.538886,
              17.4674059
            ],
            [
              78.5389772,
              17.4707576
            ],
            [
              78.5406482,
              17.4708497
            ],
            [
              78.5375047,
              17.4753065
            ],
            [
              78.536358,
              17.4746426
            ],
            [
              78.5352543,
              17.4738149
            ],
            [
              78.5354716,
              17.4725063
            ],
            [
              78.5348305,
              17.4725485
            ],
            [
              78.534168,
              17.4702561
            ],
            [
              78.5311478,
              17.4701487
            ]
          ]
        ]
      }
    },
    {
      "type": "Feature",
      "properties": {
        "area_id": "A-WARD-VINAYAK-NAGAR",
        "area_name": "Ward 137 Vinayak Nagar",
        "district_id": "D-HYDERABAD",
        "risk_score": 0.42,
        "risk_level": "MEDIUM",
        "high_risk_atm_count": 7,
        "atm_ids": [
          "ATM-HYDERABAD-12001",
          "ATM-HYDERABAD-NF824",
          "ATM-HYDERABAD-90001",
          "ATM-HYDERABAD-87608",
          "ATM-HYDERABAD-WM316",
          "ATM-HYDERABAD-47138",
          "ATM-HYDERABAD-28001",
          "ATM-HYDERABAD-63001",
          "ATM-HYDERABAD-NHY23",
          "ATM-HYDERABAD-15702",
          "ATM-HYDERABAD-Y8018",
          "ATM-HYDERABAD-NM347",
          "ATM-HYDERABAD-N6930",
          "ATM-HYDERABAD-26071",
          "ATM-MEDCHAL-MALKAJGIRI-NHE19",
          "ATM-MEDCHAL-MALKAJGIRI-14105",
          "ATM-MEDCHAL-MALKAJGIRI-01944",
          "ATM-HYDERABAD-CSB01",
          "ATM-MEDCHAL-MALKAJGIRI-14078"
        ]
      },
      "geometry": {
        "type": "Polygon",
        "coordinates": [
          [
            [
              78.541532,
              17.4548828
            ],
            [
              78.5430273,
              17.4562018
            ],
            [
              78.5437328,
              17.4583281
            ],
            [
              78.5432822,
              17.4591161
            ],
            [
              78.5435128,
              17.4596023
            ],
            [
              78.5431212,
              17.4598377
            ],
            [
              78.5430287,
              17.4599669
            ],
            [
              78.5425562,
              17.4602104
            ],
            [
              78.5421695,
              17.4603516
            ],
            [
              78.5425119,
              17.4608592
            ],
            [
              78.5426173,
              17.4607895
            ],
            [
              78.5427209,
              17.4608752
            ],
            [
              78.5429496,
              17.4607805
            ],
            [
              78.5431641,
              17.4608449
            ],
            [
              78.5436255,
              17.4613699
            ],
            [
              78.5446125,
              17.4608027
            ],
            [
              78.5447413,
              17.4608352
            ],
            [
              78.5451061,
              17.461289
            ],
            [
              78.5453206,
              17.461337
            ],
            [
              78.545613,
              17.4620457
            ],
            [
              78.5455835,
              17.4622735
            ],
            [
              78.5456978,
              17.4624946
            ],
            [
              78.5459746,
              17.4629993
            ],
            [
              78.5462835,
              17.4629718
            ],
            [
              78.5463865,
              17.4630192
            ],
            [
              78.546614,
              17.4629502
            ],
            [
              78.5467943,
              17.4633213
            ],
            [
              78.5456264,
              17.4637677
            ],
            [
              78.5452831,
              17.4646683
            ],
            [
              78.5430193,
              17.4652823
            ],
            [
              78.5437703,
              17.4673804
            ],
            [
              78.5458249,
              17.467713
            ],
            [
              78.5459188,
              17.4686737
            ],
            [
              78.5466738,
              17.4709143
            ],
            [
              78.5474288,
              17.4732265
            ],
            [
              78.547394,
              17.4737279
            ],
            [
              78.5473511,
              17.4741399
            ],
            [
              78.5474128,
              17.4770206
            ],
            [
              78.5493118,
              17.4777472
            ],
            [
              78.5488155,
              17.4787399
            ],
            [
              78.5488451,
              17.4791492
            ],
            [
              78.5504168,
              17.4792055
            ],
            [
              78.5506049,
              17.4821067
            ],
            [
              78.5487822,
              17.4831682
            ],
            [
              78.5445213,
              17.4827565
            ],
            [
              78.5439956,
              17.4789906
            ],
            [
              78.5369253,
              17.478704
            ],
            [
              78.5375047,
              17.4753065
            ],
            [
              78.5406482,
              17.4708497
            ],
            [
              78.5389772,
              17.4707576
            ],
            [
              78.538886,
              17.4674059
            ],
            [
              78.5389021,
              17.4671091
            ],
            [
              78.5387975,
              17.4666844
            ],
            [
              78.5386929,
              17.4654589
            ],
            [
              78.5385883,
              17.4648679
            ],
            [
              78.5380076,
              17.4638931
            ],
            [
              78.5367731,
              17.4622185
            ],
            [
              78.5359413,
              17.4614528
            ],
            [
              78.5353966,
              17.4609267
            ],
            [
              78.5353818,
              17.4604078
            ],
            [
              78.5365149,
              17.4586198
            ],
            [
              78.5374832,
              17.458607
            ],
            [
              78.5388941,
              17.4614701
            ],
            [
              78.5402727,
              17.4606974
            ],
            [
              78.5407716,
              17.4577524
            ],
            [
              78.541532,
              17.4548828
            ]
          ]
        ]
      }
    },
    {
      "type": "Feature",
      "properties": {
        "area_id": "A-WARD-MOOSAPET",
        "area_name": "Ward 117 Moosapet",
        "district_id": "D-HYDERABAD",
        "risk_score": 0.61,
        "risk_level": "MEDIUM",
        "high_risk_atm_count": 7,
        "atm_ids": [
          "ATM-HYDERABAD-DC018",
          "ATM-HYDERABAD-DK529",
          "ATM-HYDERABAD-16033",
          "ATM-HYDERABAD-NHD18",
          "ATM-HYDERABAD-D9897",
          "ATM-HYDERABAD-47055",
          "ATM-HYDERABAD-WN907",
          "ATM-HYDERABAD-WN915",
          "ATM-HYDERABAD-B9897",
          "ATM-HYDERABAD-B8754",
          "ATM-HYDERABAD-07701",
          "ATM-HYDERABAD-92218",
          "ATM-HYDERABAD-NM723",
          "ATM-HYDERABAD-47117",
          "ATM-HYDERABAD-92216",
          "ATM-HYDERABAD-92207"
        ]
      },
      "geometry": {
        "type": "Polygon",
        "coordinates": [
          [
            [
              78.4315574,
              17.461488
            ],
            [
              78.4312516,
              17.4621506
            ],
            [
              78.430152,
              17.4624551
            ],
            [
              78.4273786,
              17.4635681
            ],
            [
              78.4269923,
              17.4637779
            ],
            [
              78.4273034,
              17.4649958
            ],
            [
              78.4256834,
              17.4658913
            ],
            [
              78.4264827,
              17.4682605
            ],
            [
              78.4275717,
              17.4697112
            ],
            [
              78.4273249,
              17.469637
            ],
            [
              78.4256029,
              17.4695909
            ],
            [
              78.423948,
              17.46955
            ],
            [
              78.4231702,
              17.4694834
            ],
            [
              78.4202948,
              17.4687722
            ],
            [
              78.4182349,
              17.4685112
            ],
            [
              78.4182215,
              17.4671501
            ],
            [
              78.4175214,
              17.4660346
            ],
            [
              78.416647,
              17.4653949
            ],
            [
              78.4173498,
              17.4593976
            ],
            [
              78.4164915,
              17.4593259
            ],
            [
              78.4163976,
              17.4586965
            ],
            [
              78.4152174,
              17.4585123
            ],
            [
              78.4149599,
              17.4549404
            ],
            [
              78.4162903,
              17.4563528
            ],
            [
              78.4196806,
              17.4545719
            ],
            [
              78.4198308,
              17.4539578
            ],
            [
              78.4240794,
              17.4545105
            ],
            [
              78.4244335,
              17.4519108
            ],
            [
              78.424691,
              17.4505854
            ],
            [
              78.425957,
              17.450524
            ],
            [
              78.4260911,
              17.4503347
            ],
            [
              78.4266007,
              17.4503142
            ],
            [
              78.4266248,
              17.4512865
            ],
            [
              78.4268099,
              17.4528525
            ],
            [
              78.425442,
              17.4530418
            ],
            [
              78.4253508,
              17.4547971
            ],
            [
              78.42659,
              17.4547254
            ],
            [
              78.4270298,
              17.4565626
            ],
            [
              78.4279203,
              17.4570027
            ],
            [
              78.4280491,
              17.4583588
            ],
            [
              78.4289664,
              17.4591366
            ],
            [
              78.4287947,
              17.4598274
            ],
            [
              78.4287089,
              17.4613217
            ],
            [
              78.4315574,
              17.461488
            ]
          ]
        ]
      }
    },
    {
      "type": "Feature",
      "properties": {
        "area_id": "A-WARD-ALLAPUR",
        "area_name": "Ward 116 Allapur",
        "district_id": "D-HYDERABAD",
        "risk_score": 0.43,
        "risk_level": "MEDIUM",
        "high_risk_atm_count": 9,
        "atm_ids": [
          "ATM-HYDERABAD-55007",
          "ATM-HYDERABAD-55006",
          "ATM-HYDERABAD-92202",
          "ATM-HYDERABAD-92215",
          "ATM-HYDERABAD-62622",
          "ATM-HYDERABAD-NHY63",
          "ATM-HYDERABAD-92203",
          "ATM-HYDERABAD-92217",
          "ATM-HYDERABAD-92221",
          "ATM-HYDERABAD-16257",
          "ATM-HYDERABAD-NHH72",
          "ATM-HYDERABAD-46001",
          "ATM-HYDERABAD-46101",
          "ATM-HYDERABAD-55312",
          "ATM-HYDERABAD-55316",
          "ATM-HYDERABAD-55307",
          "ATM-HYDERABAD-55309",
          "ATM-HYDERABAD-N1856",
          "ATM-HYDERABAD-60621",
          "ATM-HYDERABAD-NHE47",
          "ATM-HYDERABAD-NHE49",
          "ATM-HYDERABAD-92208",
          "ATM-HYDERABAD-92214",
          "ATM-MEDCHAL-MALKAJGIRI-48001",
          "ATM-MEDCHAL-MALKAJGIRI-43621",
          "ATM-MEDCHAL-MALKAJGIRI-D9554",
          "ATM-MEDCHAL-MALKAJGIRI-D9430"
        ]
      },
      "geometry": {
        "type": "Polygon",
        "coordinates": [
          [
            [
              78.3782995,
              17.4768927
            ],
            [
              78.3774841,
              17.474846
            ],
            [
              78.3764112,
              17.4727992
            ],
            [
              78.3799142,
              17.4713767
            ],
            [
              78.3826715,
              17.4692583
            ],
            [
              78.3889264,
              17.459807
            ],
            [
              78.3930623,
              17.4554931
            ],
            [
              78.3972037,
              17.454357
            ],
            [
              78.3991939,
              17.4536354
            ],
            [
              78.400594,
              17.4527859
            ],
            [
              78.4010124,
              17.4508208
            ],
            [
              78.4023267,
              17.4506519
            ],
            [
              78.4052718,
              17.4504831
            ],
            [
              78.4105504,
              17.4554316
            ],
            [
              78.4144878,
              17.4543877
            ],
            [
              78.4174705,
              17.453835
            ],
            [
              78.4182649,
              17.4538763
            ],
            [
              78.4198308,
              17.4539578
            ],
            [
              78.4196806,
              17.4545719
            ],
            [
              78.4162903,
              17.4563528
            ],
            [
              78.4149599,
              17.4549404
            ],
            [
              78.4152174,
              17.4585123
            ],
            [
              78.4163976,
              17.4586965
            ],
            [
              78.4164915,
              17.4593259
            ],
            [
              78.4157431,
              17.4613473
            ],
            [
              78.4143162,
              17.4627084
            ],
            [
              78.4105504,
              17.4629336
            ],
            [
              78.4051752,
              17.4632304
            ],
            [
              78.4040165,
              17.4612347
            ],
            [
              78.4034693,
              17.4601191
            ],
            [
              78.3995855,
              17.4622479
            ],
            [
              78.396002,
              17.464131
            ],
            [
              78.3898973,
              17.4640082
            ],
            [
              78.3865821,
              17.466096
            ],
            [
              78.3853537,
              17.4703277
            ],
            [
              78.3839697,
              17.4730551
            ],
            [
              78.3782995,
              17.4768927
            ]
          ]
        ]
      }
    },
    {
      "type": "Feature",
      "properties": {
        "area_id": "A-WARD-MOULA-ALI",
        "area_name": "Ward 138 Moula Ali",
        "district_id": "D-MEDCHAL-MALKAJGIRI",
        "risk_score": 0.4,
        "risk_level": "MEDIUM",
        "high_risk_atm_count": 4,
        "atm_ids": [
          "ATM-HYDERABAD-14133",
          "ATM-HYDERABAD-Y8043",
          "ATM-HYDERABAD-45509",
          "ATM-HYDERABAD-Y8030",
          "ATM-HYDERABAD-47153",
          "ATM-HYDERABAD-45511",
          "ATM-HYDERABAD-47054",
          "ATM-MEDCHAL-MALKAJGIRI-45504",
          "ATM-MEDCHAL-MALKAJGIRI-M3071",
          "ATM-MEDCHAL-MALKAJGIRI-14146",
          "ATM-MEDCHAL-MALKAJGIRI-01599",
          "ATM-MEDCHAL-MALKAJGIRI-03791",
          "ATM-MEDCHAL-MALKAJGIRI-CHY31",
          "ATM-MEDCHAL-MALKAJGIRI-CHY03",
          "ATM-MEDCHAL-MALKAJGIRI-16157",
          "ATM-MEDCHAL-MALKAJGIRI-47136",
          "ATM-MEDCHAL-MALKAJGIRI-42712",
          "ATM-MEDCHAL-MALKAJGIRI-46501",
          "ATM-MEDCHAL-MALKAJGIRI-HYD33",
          "ATM-MEDCHAL-MALKAJGIRI-05101",
          "ATM-MEDCHAL-MALKAJGIRI-20001",
          "ATM-MEDCHAL-MALKAJGIRI-20101"
        ]
      },
      "geometry": {
        "type": "Polygon",
        "coordinates": [
          [
            [
              78.5651233,
              17.4642923
            ],
            [
              78.5644367,
              17.4676286
            ],
            [
              78.5650375,
              17.4684269
            ],
            [
              78.5658743,
              17.4694298
            ],
            [
              78.5617759,
              17.4719474
            ],
            [
              78.5604241,
              17.4718041
            ],
            [
              78.5591795,
              17.4718655
            ],
            [
              78.5567977,
              17.4731959
            ],
            [
              78.5555317,
              17.4747514
            ],
            [
              78.5548665,
              17.4767981
            ],
            [
              78.5538875,
              17.4772945
            ],
            [
              78.553968,
              17.4776373
            ],
            [
              78.5542335,
              17.4779059
            ],
            [
              78.553968,
              17.4787041
            ],
            [
              78.5545017,
              17.4804412
            ],
            [
              78.5515383,
              17.4817025
            ],
            [
              78.5506049,
              17.4821067
            ],
            [
              78.5504168,
              17.4792055
            ],
            [
              78.5488451,
              17.4791492
            ],
            [
              78.5488155,
              17.4787399
            ],
            [
              78.5493118,
              17.4777472
            ],
            [
              78.5474128,
              17.4770206
            ],
            [
              78.5473511,
              17.4741399
            ],
            [
              78.547394,
              17.4737279
            ],
            [
              78.5474288,
              17.4732265
            ],
            [
              78.5466738,
              17.4709143
            ],
            [
              78.5459188,
              17.4686737
            ],
            [
              78.5458249,
              17.467713
            ],
            [
              78.5437703,
              17.4673804
            ],
            [
              78.5430193,
              17.4652823
            ],
            [
              78.5452831,
              17.4646683
            ],
            [
              78.5456264,
              17.4637677
            ],
            [
              78.5467943,
              17.4633213
            ],
            [
              78.5470044,
              17.4637538
            ],
            [
              78.5472919,
              17.4640305
            ],
            [
              78.5475234,
              17.4639699
            ],
            [
              78.5481796,
              17.4637872
            ],
            [
              78.5483548,
              17.4636061
            ],
            [
              78.5484116,
              17.4633115
            ],
            [
              78.5484825,
              17.4627837
            ],
            [
              78.5483237,
              17.4627311
            ],
            [
              78.5476843,
              17.4627487
            ],
            [
              78.5475643,
              17.462702
            ],
            [
              78.5473028,
              17.4623425
            ],
            [
              78.5468656,
              17.4624219
            ],
            [
              78.5469568,
              17.461946
            ],
            [
              78.546946,
              17.4616044
            ],
            [
              78.5472715,
              17.4614217
            ],
            [
              78.5482192,
              17.4609935
            ],
            [
              78.548398,
              17.4610785
            ],
            [
              78.5490989,
              17.460921
            ],
            [
              78.5491274,
              17.4605242
            ],
            [
              78.5509439,
              17.4602627
            ],
            [
              78.5518304,
              17.4597807
            ],
            [
              78.5535604,
              17.4596765
            ],
            [
              78.5549605,
              17.4589767
            ],
            [
              78.556952,
              17.4582289
            ],
            [
              78.5584071,
              17.4580952
            ],
            [
              78.5588738,
              17.4589293
            ],
            [
              78.5595779,
              17.4609097
            ],
            [
              78.5583967,
              17.4614528
            ],
            [
              78.5597261,
              17.4619958
            ],
            [
              78.5607541,
              17.4627135
            ],
            [
              78.5631417,
              17.4615726
            ],
            [
              78.5631895,
              17.4617771
            ],
            [
              78.5638332,
              17.4635988
            ],
            [
              78.5643697,
              17.4642282
            ],
            [
              78.5651233,
              17.4642923
            ]
          ]
        ]
      }
    },
    {
      "type": "Feature",
      "properties": {
        "area_id": "A-WARD-FATEH-NAGAR",
        "area_name": "Ward 118 Fateh Nagar",
        "district_id": "D-HYDERABAD",
        "risk_score": 0.45,
        "risk_level": "MEDIUM",
        "high_risk_atm_count": 11,
        "atm_ids": [
          "ATM-HYDERABAD-NHY02",
          "ATM-HYDERABAD-NHY01",
          "ATM-HYDERABAD-69807",
          "ATM-HYDERABAD-NHE19",
          "ATM-HYDERABAD-16050",
          "ATM-HYDERABAD-HYD62",
          "ATM-HYDERABAD-NQ358",
          "ATM-HYDERABAD-M082C",
          "ATM-HYDERABAD-69815",
          "ATM-HYDERABAD-69805",
          "ATM-HYDERABAD-N2673",
          "ATM-HYDERABAD-47558",
          "ATM-HYDERABAD-92201",
          "ATM-HYDERABAD-WG803",
          "ATM-HYDERABAD-WH791",
          "ATM-HYDERABAD-19312",
          "ATM-HYDERABAD-NHY75",
          "ATM-HYDERABAD-15301",
          "ATM-HYDERABAD-92222",
          "ATM-HYDERABAD-NE325",
          "ATM-HYDERABAD-NQ493",
          "ATM-HYDERABAD-07001",
          "ATM-HYDERABAD-07101",
          "ATM-HYDERABAD-69001",
          "ATM-HYDERABAD-WC699",
          "ATM-HYDERABAD-16296",
          "ATM-HYDERABAD-NHE74",
          "ATM-HYDERABAD-WHD05",
          "ATM-HYDERABAD-CRR03",
          "ATM-HYDERABAD-16100"
        ]
      },
      "geometry": {
        "type": "Polygon",
        "coordinates": [
          [
            [
              78.4236095,
              17.4757097
            ],
            [
              78.4275717,
              17.4697112
            ],
            [
              78.4264827,
              17.4682605
            ],
            [
              78.4256834,
              17.4658913
            ],
            [
              78.4273034,
              17.4649958
            ],
            [
              78.4269923,
              17.4637779
            ],
            [
              78.4273786,
              17.4635681
            ],
            [
              78.430152,
              17.4624551
            ],
            [
              78.4312516,
              17.4621506
            ],
            [
              78.4340358,
              17.4619306
            ],
            [
              78.4416103,
              17.4615059
            ],
            [
              78.4468138,
              17.4611298
            ],
            [
              78.4491205,
              17.4597097
            ],
            [
              78.4497911,
              17.4577856
            ],
            [
              78.4503114,
              17.455882
            ],
            [
              78.450644,
              17.4534921
            ],
            [
              78.451041,
              17.4507133
            ],
            [
              78.4510839,
              17.4498741
            ],
            [
              78.4516447,
              17.4474728
            ],
            [
              78.4529614,
              17.4497615
            ],
            [
              78.453691,
              17.4500276
            ],
            [
              78.45397,
              17.4504575
            ],
            [
              78.4540772,
              17.4521974
            ],
            [
              78.4540772,
              17.453139
            ],
            [
              78.4538197,
              17.4541216
            ],
            [
              78.4537339,
              17.4547971
            ],
            [
              78.4543133,
              17.4555545
            ],
            [
              78.4550214,
              17.4563323
            ],
            [
              78.4550428,
              17.4574376
            ],
            [
              78.4546351,
              17.4587477
            ],
            [
              78.4546781,
              17.459505
            ],
            [
              78.4550858,
              17.4599349
            ],
            [
              78.4559441,
              17.4595664
            ],
            [
              78.456974,
              17.4591571
            ],
            [
              78.4596348,
              17.4577652
            ],
            [
              78.4598816,
              17.4580364
            ],
            [
              78.4625906,
              17.4620995
            ],
            [
              78.462691,
              17.4622501
            ],
            [
              78.4592915,
              17.4633736
            ],
            [
              78.4528434,
              17.4637011
            ],
            [
              78.4436059,
              17.4680404
            ],
            [
              78.4281846,
              17.4732022
            ],
            [
              78.4267298,
              17.473955
            ],
            [
              78.4246648,
              17.475144
            ],
            [
              78.4236095,
              17.4757097
            ]
          ]
        ]
      }
    },
    {
      "type": "Feature",
      "properties": {
        "area_id": "A-WARD-BALANAGAR",
        "area_name": "Ward 120 Balanagar",
        "district_id": "D-HYDERABAD",
        "risk_score": 0.41,
        "risk_level": "MEDIUM",
        "high_risk_atm_count": 17,
        "atm_ids": [
          "ATM-HYDERABAD-57013",
          "ATM-HYDERABAD-Y9006",
          "ATM-HYDERABAD-Y8022",
          "ATM-HYDERABAD-69804",
          "ATM-HYDERABAD-16023",
          "ATM-HYDERABAD-Y8029",
          "ATM-HYDERABAD-NP578",
          "ATM-HYDERABAD-8W022",
          "ATM-HYDERABAD-01656",
          "ATM-HYDERABAD-NHY49",
          "ATM-HYDERABAD-69814",
          "ATM-HYDERABAD-69813",
          "ATM-HYDERABAD-82078",
          "ATM-HYDERABAD-NHE08",
          "ATM-HYDERABAD-11111",
          "ATM-HYDERABAD-Y9001",
          "ATM-HYDERABAD-Y8038",
          "ATM-HYDERABAD-WHY28",
          "ATM-HYDERABAD-50701",
          "ATM-HYDERABAD-69808",
          "ATM-HYDERABAD-73700",
          "ATM-HYDERABAD-57009",
          "ATM-HYDERABAD-10002",
          "ATM-HYDERABAD-10101",
          "ATM-HYDERABAD-57101",
          "ATM-HYDERABAD-57011",
          "ATM-HYDERABAD-WC558",
          "ATM-HYDERABAD-69812",
          "ATM-HYDERABAD-76621",
          "ATM-HYDERABAD-11311",
          "ATM-HYDERABAD-37006",
          "ATM-HYDERABAD-45622",
          "ATM-HYDERABAD-16106",
          "ATM-HYDERABAD-76622",
          "ATM-HYDERABAD-16109",
          "ATM-HYDERABAD-NHY78",
          "ATM-HYDERABAD-NHE27",
          "ATM-HYDERABAD-NHE04",
          "ATM-HYDERABAD-10055",
          "ATM-HYDERABAD-16294"
        ]
      },
      "geometry": {
        "type": "Polygon",
        "coordinates": [
          [
            [
              78.462691,
              17.4622501
            ],
            [
              78.4633792,
              17.4620227
            ],
            [
              78.4635508,
              17.4753474
            ],
            [
              78.463288,
              17.4789599
            ],
            [
              78.4630305,
              17.4801111
            ],
            [
              78.4649617,
              17.4817024
            ],
            [
              78.4644306,
              17.4861078
            ],
            [
              78.4603697,
              17.485765
            ],
            [
              78.4601927,
              17.4846138
            ],
            [
              78.4576285,
              17.4830276
            ],
            [
              78.4562284,
              17.4831095
            ],
            [
              78.4557992,
              17.4820606
            ],
            [
              78.4501532,
              17.4827744
            ],
            [
              78.4497669,
              17.4827948
            ],
            [
              78.4491907,
              17.482125
            ],
            [
              78.4480262,
              17.4830225
            ],
            [
              78.4459019,
              17.4830123
            ],
            [
              78.4452796,
              17.4824187
            ],
            [
              78.4448397,
              17.4807507
            ],
            [
              78.4445071,
              17.4807303
            ],
            [
              78.4360206,
              17.4831044
            ],
            [
              78.4343684,
              17.4853454
            ],
            [
              78.4281778,
              17.489674
            ],
            [
              78.4285212,
              17.4908712
            ],
            [
              78.4266973,
              17.4909019
            ],
            [
              78.4259677,
              17.4895512
            ],
            [
              78.4253132,
              17.4882056
            ],
            [
              78.4259784,
              17.4865427
            ],
            [
              78.4263499,
              17.4857484
            ],
            [
              78.4274831,
              17.4846675
            ],
            [
              78.4279472,
              17.4835086
            ],
            [
              78.4278506,
              17.4816436
            ],
            [
              78.4280759,
              17.4810577
            ],
            [
              78.4293473,
              17.4805614
            ],
            [
              78.4291113,
              17.4797325
            ],
            [
              78.4287894,
              17.4787501
            ],
            [
              78.4283549,
              17.4775016
            ],
            [
              78.4283334,
              17.4762326
            ],
            [
              78.4282798,
              17.4757772
            ],
            [
              78.4282637,
              17.4746925
            ],
            [
              78.4281846,
              17.4732022
            ],
            [
              78.4436059,
              17.4680404
            ],
            [
              78.4528434,
              17.4637011
            ],
            [
              78.4592915,
              17.4633736
            ],
            [
              78.462691,
              17.4622501
            ]
          ]
        ]
      }
    },
    {
      "type": "Feature",
      "properties": {
        "area_id": "A-WARD-BALAJI-NAGAR",
        "area_name": "Ward 115 Balaji Nagar",
        "district_id": "D-MEDCHAL-MALKAJGIRI",
        "risk_score": 0.53,
        "risk_level": "MEDIUM",
        "high_risk_atm_count": 26,
        "atm_ids": [
          "ATM-HYDERABAD-46706",
          "ATM-MEDCHAL-MALKAJGIRI-HYD28",
          "ATM-HYDERABAD-DC026",
          "ATM-HYDERABAD-NHH73",
          "ATM-HYDERABAD-NF350",
          "ATM-HYDERABAD-16014",
          "ATM-MEDCHAL-MALKAJGIRI-16052",
          "ATM-HYDERABAD-NF354",
          "ATM-HYDERABAD-45101",
          "ATM-HYDERABAD-45001",
          "ATM-HYDERABAD-47559",
          "ATM-HYDERABAD-90621",
          "ATM-HYDERABAD-NHY18",
          "ATM-HYDERABAD-19318",
          "ATM-HYDERABAD-NQ431",
          "ATM-HYDERABAD-NI875",
          "ATM-MEDCHAL-MALKAJGIRI-16254",
          "ATM-MEDCHAL-MALKAJGIRI-73700",
          "ATM-MEDCHAL-MALKAJGIRI-82001",
          "ATM-MEDCHAL-MALKAJGIRI-56901",
          "ATM-MEDCHAL-MALKAJGIRI-NHY15",
          "ATM-MEDCHAL-MALKAJGIRI-28014",
          "ATM-MEDCHAL-MALKAJGIRI-92210",
          "ATM-MEDCHAL-MALKAJGIRI-92206",
          "ATM-MEDCHAL-MALKAJGIRI-98003",
          "ATM-MEDCHAL-MALKAJGIRI-NHD04",
          "ATM-MEDCHAL-MALKAJGIRI-46703",
          "ATM-MEDCHAL-MALKAJGIRI-NHY98",
          "ATM-MEDCHAL-MALKAJGIRI-19314",
          "ATM-MEDCHAL-MALKAJGIRI-NHD40",
          "ATM-MEDCHAL-MALKAJGIRI-CHD15",
          "ATM-MEDCHAL-MALKAJGIRI-WC443",
          "ATM-MEDCHAL-MALKAJGIRI-WC470",
          "ATM-MEDCHAL-MALKAJGIRI-WC491",
          "ATM-MEDCHAL-MALKAJGIRI-WC492",
          "ATM-MEDCHAL-MALKAJGIRI-11111",
          "ATM-MEDCHAL-MALKAJGIRI-06201",
          "ATM-MEDCHAL-MALKAJGIRI-11001",
          "ATM-MEDCHAL-MALKAJGIRI-11102",
          "ATM-MEDCHAL-MALKAJGIRI-47561",
          "ATM-MEDCHAL-MALKAJGIRI-19312",
          "ATM-MEDCHAL-MALKAJGIRI-DK533",
          "ATM-MEDCHAL-MALKAJGIRI-DK522",
          "ATM-MEDCHAL-MALKAJGIRI-NE503",
          "ATM-MEDCHAL-MALKAJGIRI-NI592",
          "ATM-MEDCHAL-MALKAJGIRI-16268",
          "ATM-MEDCHAL-MALKAJGIRI-NHD34",
          "ATM-MEDCHAL-MALKAJGIRI-8E007",
          "ATM-MEDCHAL-MALKAJGIRI-8E033",
          "ATM-MEDCHAL-MALKAJGIRI-8E023",
          "ATM-MEDCHAL-MALKAJGIRI-D6556",
          "ATM-MEDCHAL-MALKAJGIRI-WHY84",
          "ATM-MEDCHAL-MALKAJGIRI-67005",
          "ATM-MEDCHAL-MALKAJGIRI-96001",
          "ATM-MEDCHAL-MALKAJGIRI-96101",
          "ATM-MEDCHAL-MALKAJGIRI-NHD04",
          "ATM-MEDCHAL-MALKAJGIRI-46702",
          "ATM-MEDCHAL-MALKAJGIRI-98622",
          "ATM-MEDCHAL-MALKAJGIRI-17501",
          "ATM-MEDCHAL-MALKAJGIRI-81714",
          "ATM-MEDCHAL-MALKAJGIRI-19364",
          "ATM-MEDCHAL-MALKAJGIRI-74405",
          "ATM-MEDCHAL-MALKAJGIRI-FI119",
          "ATM-MEDCHAL-MALKAJGIRI-56902",
          "ATM-MEDCHAL-MALKAJGIRI-90602",
          "ATM-MEDCHAL-MALKAJGIRI-A031U",
          "ATM-MEDCHAL-MALKAJGIRI-46704",
          "ATM-MEDCHAL-MALKAJGIRI-01304",
          "ATM-MEDCHAL-MALKAJGIRI-FI927",
          "ATM-MEDCHAL-MALKAJGIRI-00409",
          "ATM-MEDCHAL-MALKAJGIRI-B9614",
          "ATM-MEDCHAL-MALKAJGIRI-NL162",
          "ATM-MEDCHAL-MALKAJGIRI-00437",
          "ATM-MEDCHAL-MALKAJGIRI-92401",
          "ATM-MEDCHAL-MALKAJGIRI-NHE50",
          "ATM-MEDCHAL-MALKAJGIRI-31001",
          "ATM-MEDCHAL-MALKAJGIRI-82002",
          "ATM-MEDCHAL-MALKAJGIRI-11111",
          "ATM-MEDCHAL-MALKAJGIRI-11111",
          "ATM-MEDCHAL-MALKAJGIRI-11111",
          "ATM-MEDCHAL-MALKAJGIRI-11111",
          "ATM-MEDCHAL-MALKAJGIRI-16290",
          "ATM-MEDCHAL-MALKAJGIRI-19312",
          "ATM-MEDCHAL-MALKAJGIRI-00446",
          "ATM-MEDCHAL-MALKAJGIRI-WC752",
          "ATM-MEDCHAL-MALKAJGIRI-WJ230",
          "ATM-MEDCHAL-MALKAJGIRI-87250",
          "ATM-MEDCHAL-MALKAJGIRI-WK441"
        ]
      },
      "geometry": {
        "type": "Polygon",
        "coordinates": [
          [
            [
              78.4236095,
              17.4757097
            ],
            [
              78.421479,
              17.4771613
            ],
            [
              78.4155688,
              17.4815182
            ],
            [
              78.4125888,
              17.4838463
            ],
            [
              78.4124869,
              17.4839729
            ],
            [
              78.4066504,
              17.4915824
            ],
            [
              78.403991,
              17.4927425
            ],
            [
              78.4007134,
              17.4942512
            ],
            [
              78.3987661,
              17.4951383
            ],
            [
              78.3972694,
              17.4958162
            ],
            [
              78.3966324,
              17.494399
            ],
            [
              78.3957124,
              17.4929996
            ],
            [
              78.3945644,
              17.4929331
            ],
            [
              78.3947414,
              17.4915773
            ],
            [
              78.3933413,
              17.488753
            ],
            [
              78.3950901,
              17.487039
            ],
            [
              78.3934218,
              17.4828281
            ],
            [
              78.3941245,
              17.4820299
            ],
            [
              78.3955836,
              17.4769899
            ],
            [
              78.3914691,
              17.4697137
            ],
            [
              78.3871186,
              17.4713204
            ],
            [
              78.3853537,
              17.4703277
            ],
            [
              78.3865821,
              17.466096
            ],
            [
              78.3898973,
              17.4640082
            ],
            [
              78.396002,
              17.464131
            ],
            [
              78.3995855,
              17.4622479
            ],
            [
              78.4034693,
              17.4601191
            ],
            [
              78.4040165,
              17.4612347
            ],
            [
              78.4051752,
              17.4632304
            ],
            [
              78.4105504,
              17.4629336
            ],
            [
              78.4143162,
              17.4627084
            ],
            [
              78.4157431,
              17.4613473
            ],
            [
              78.4164915,
              17.4593259
            ],
            [
              78.4173498,
              17.4593976
            ],
            [
              78.416647,
              17.4653949
            ],
            [
              78.4175214,
              17.4660346
            ],
            [
              78.4182215,
              17.4671501
            ],
            [
              78.4182349,
              17.4685112
            ],
            [
              78.4202948,
              17.4687722
            ],
            [
              78.4231702,
              17.4694834
            ],
            [
              78.423948,
              17.46955
            ],
            [
              78.4256029,
              17.4695909
            ],
            [
              78.4273249,
              17.469637
            ],
            [
              78.4275717,
              17.4697112
            ],
            [
              78.4236095,
              17.4757097
            ]
          ]
        ]
      }
    },
    {
      "type": "Feature",
      "properties": {
        "area_id": "A-WARD-HYDERNAGAR",
        "area_name": "Ward 123 Hydernagar",
        "district_id": "D-MEDCHAL-MALKAJGIRI",
        "risk_score": 0.54,
        "risk_level": "MEDIUM",
        "high_risk_atm_count": 20,
        "atm_ids": [
          "ATM-MEDCHAL-MALKAJGIRI-11111",
          "ATM-MEDCHAL-MALKAJGIRI-75006",
          "ATM-MEDCHAL-MALKAJGIRI-08101",
          "ATM-MEDCHAL-MALKAJGIRI-NC544",
          "ATM-MEDCHAL-MALKAJGIRI-47562",
          "ATM-MEDCHAL-MALKAJGIRI-WD620",
          "ATM-MEDCHAL-MALKAJGIRI-WG001",
          "ATM-MEDCHAL-MALKAJGIRI-NQ357",
          "ATM-MEDCHAL-MALKAJGIRI-D7257",
          "ATM-MEDCHAL-MALKAJGIRI-96002",
          "ATM-MEDCHAL-MALKAJGIRI-NL257",
          "ATM-MEDCHAL-MALKAJGIRI-NL232",
          "ATM-MEDCHAL-MALKAJGIRI-W9165",
          "ATM-MEDCHAL-MALKAJGIRI-16131",
          "ATM-MEDCHAL-MALKAJGIRI-50001",
          "ATM-MEDCHAL-MALKAJGIRI-19347",
          "ATM-MEDCHAL-MALKAJGIRI-96003",
          "ATM-MEDCHAL-MALKAJGIRI-16218",
          "ATM-MEDCHAL-MALKAJGIRI-WE963",
          "ATM-MEDCHAL-MALKAJGIRI-WF618",
          "ATM-MEDCHAL-MALKAJGIRI-74003",
          "ATM-MEDCHAL-MALKAJGIRI-74101",
          "ATM-MEDCHAL-MALKAJGIRI-74004",
          "ATM-MEDCHAL-MALKAJGIRI-16003",
          "ATM-MEDCHAL-MALKAJGIRI-16196",
          "ATM-MEDCHAL-MALKAJGIRI-18001",
          "ATM-MEDCHAL-MALKAJGIRI-46602",
          "ATM-MEDCHAL-MALKAJGIRI-19307",
          "ATM-MEDCHAL-MALKAJGIRI-19310",
          "ATM-MEDCHAL-MALKAJGIRI-O1010",
          "ATM-MEDCHAL-MALKAJGIRI-WF911",
          "ATM-MEDCHAL-MALKAJGIRI-11111",
          "ATM-MEDCHAL-MALKAJGIRI-11111",
          "ATM-MEDCHAL-MALKAJGIRI-HYD47",
          "ATM-MEDCHAL-MALKAJGIRI-WM224",
          "ATM-MEDCHAL-MALKAJGIRI-NQ158",
          "ATM-MEDCHAL-MALKAJGIRI-08301",
          "ATM-MEDCHAL-MALKAJGIRI-N1864",
          "ATM-MEDCHAL-MALKAJGIRI-16216",
          "ATM-MEDCHAL-MALKAJGIRI-16192",
          "ATM-MEDCHAL-MALKAJGIRI-12002",
          "ATM-MEDCHAL-MALKAJGIRI-12101",
          "ATM-MEDCHAL-MALKAJGIRI-NP572",
          "ATM-MEDCHAL-MALKAJGIRI-28013",
          "ATM-MEDCHAL-MALKAJGIRI-NE280",
          "ATM-MEDCHAL-MALKAJGIRI-NM367",
          "ATM-MEDCHAL-MALKAJGIRI-WC489",
          "ATM-MEDCHAL-MALKAJGIRI-WJ225",
          "ATM-MEDCHAL-MALKAJGIRI-NVS12",
          "ATM-MEDCHAL-MALKAJGIRI-02156",
          "ATM-MEDCHAL-MALKAJGIRI-WC485"
        ]
      },
      "geometry": {
        "type": "Polygon",
        "coordinates": [
          [
            [
              78.403991,
              17.4927425
            ],
            [
              78.4049231,
              17.4945857
            ],
            [
              78.4045316,
              17.4957932
            ],
            [
              78.4026755,
              17.4967857
            ],
            [
              78.4019674,
              17.4978397
            ],
            [
              78.4023215,
              17.4987299
            ],
            [
              78.4017206,
              17.4994359
            ],
            [
              78.4014524,
              17.5020758
            ],
            [
              78.4016134,
              17.5037437
            ],
            [
              78.4002186,
              17.5070384
            ],
            [
              78.3991541,
              17.507642
            ],
            [
              78.3963675,
              17.5084675
            ],
            [
              78.3928971,
              17.5086041
            ],
            [
              78.3893696,
              17.5116918
            ],
            [
              78.3881352,
              17.5116931
            ],
            [
              78.3869,
              17.5086041
            ],
            [
              78.3855767,
              17.5075461
            ],
            [
              78.3792259,
              17.5094863
            ],
            [
              78.3791368,
              17.507546
            ],
            [
              78.376756,
              17.507634
            ],
            [
              78.3764912,
              17.506575
            ],
            [
              78.375256,
              17.5069565
            ],
            [
              78.3745163,
              17.5020419
            ],
            [
              78.3738625,
              17.4971272
            ],
            [
              78.3738095,
              17.4965452
            ],
            [
              78.3780044,
              17.497461
            ],
            [
              78.3794555,
              17.4980033
            ],
            [
              78.3824515,
              17.4993642
            ],
            [
              78.3901092,
              17.498469
            ],
            [
              78.3914557,
              17.4981364
            ],
            [
              78.3943498,
              17.4965605
            ],
            [
              78.3956078,
              17.4962332
            ],
            [
              78.3972694,
              17.4958162
            ],
            [
              78.3987661,
              17.4951383
            ],
            [
              78.4007134,
              17.4942512
            ],
            [
              78.403991,
              17.4927425
            ]
          ]
        ]
      }
    },
    {
      "type": "Feature",
      "properties": {
        "area_id": "A-WARD-DR-A-S-RAO-NAGAR",
        "area_name": "Ward 2 Dr A S Rao Nagar",
        "district_id": "D-MEDCHAL-MALKAJGIRI",
        "risk_score": 0.49,
        "risk_level": "MEDIUM",
        "high_risk_atm_count": 21,
        "atm_ids": [
          "ATM-HYDERABAD-99621",
          "ATM-HYDERABAD-WM059",
          "ATM-HYDERABAD-D9843",
          "ATM-HYDERABAD-14081",
          "ATM-HYDERABAD-42730",
          "ATM-HYDERABAD-09101",
          "ATM-MEDCHAL-MALKAJGIRI-FI877",
          "ATM-MEDCHAL-MALKAJGIRI-CHD42",
          "ATM-HYDERABAD-46503",
          "ATM-HYDERABAD-37804",
          "ATM-HYDERABAD-19004",
          "ATM-HYDERABAD-27012",
          "ATM-HYDERABAD-27011",
          "ATM-HYDERABAD-00417",
          "ATM-MEDCHAL-MALKAJGIRI-42715",
          "ATM-MEDCHAL-MALKAJGIRI-27010",
          "ATM-MEDCHAL-MALKAJGIRI-64001",
          "ATM-MEDCHAL-MALKAJGIRI-64101",
          "ATM-MEDCHAL-MALKAJGIRI-CHY17",
          "ATM-MEDCHAL-MALKAJGIRI-64002",
          "ATM-HYDERABAD-11111",
          "ATM-MEDCHAL-MALKAJGIRI-CHD44",
          "ATM-HYDERABAD-WK600",
          "ATM-HYDERABAD-WK360",
          "ATM-HYDERABAD-95701",
          "ATM-HYDERABAD-10010",
          "ATM-MEDCHAL-MALKAJGIRI-SHY01",
          "ATM-MEDCHAL-MALKAJGIRI-17971",
          "ATM-MEDCHAL-MALKAJGIRI-SHY02",
          "ATM-MEDCHAL-MALKAJGIRI-80001",
          "ATM-MEDCHAL-MALKAJGIRI-46502",
          "ATM-MEDCHAL-MALKAJGIRI-16026",
          "ATM-MEDCHAL-MALKAJGIRI-32001",
          "ATM-MEDCHAL-MALKAJGIRI-42703",
          "ATM-MEDCHAL-MALKAJGIRI-42705",
          "ATM-MEDCHAL-MALKAJGIRI-42704",
          "ATM-MEDCHAL-MALKAJGIRI-WN878",
          "ATM-MEDCHAL-MALKAJGIRI-42722",
          "ATM-MEDCHAL-MALKAJGIRI-11111",
          "ATM-MEDCHAL-MALKAJGIRI-47333",
          "ATM-MEDCHAL-MALKAJGIRI-09041",
          "ATM-MEDCHAL-MALKAJGIRI-NHY24",
          "ATM-MEDCHAL-MALKAJGIRI-74001",
          "ATM-MEDCHAL-MALKAJGIRI-CHD03",
          "ATM-MEDCHAL-MALKAJGIRI-NHY75",
          "ATM-MEDCHAL-MALKAJGIRI-01105",
          "ATM-MEDCHAL-MALKAJGIRI-NHD32",
          "ATM-MEDCHAL-MALKAJGIRI-56001",
          "ATM-MEDCHAL-MALKAJGIRI-WK460",
          "ATM-MEDCHAL-MALKAJGIRI-WE555",
          "ATM-MEDCHAL-MALKAJGIRI-WE556",
          "ATM-MEDCHAL-MALKAJGIRI-07601",
          "ATM-MEDCHAL-MALKAJGIRI-WN874",
          "ATM-MEDCHAL-MALKAJGIRI-64040",
          "ATM-MEDCHAL-MALKAJGIRI-56500",
          "ATM-MEDCHAL-MALKAJGIRI-14048",
          "ATM-MEDCHAL-MALKAJGIRI-47460",
          "ATM-MEDCHAL-MALKAJGIRI-47152",
          "ATM-MEDCHAL-MALKAJGIRI-16165",
          "ATM-MEDCHAL-MALKAJGIRI-8E011",
          "ATM-MEDCHAL-MALKAJGIRI-8EP07",
          "ATM-MEDCHAL-MALKAJGIRI-42721",
          "ATM-MEDCHAL-MALKAJGIRI-WN877",
          "ATM-MEDCHAL-MALKAJGIRI-65001",
          "ATM-MEDCHAL-MALKAJGIRI-NF025",
          "ATM-MEDCHAL-MALKAJGIRI-42720",
          "ATM-MEDCHAL-MALKAJGIRI-42711",
          "ATM-MEDCHAL-MALKAJGIRI-WI328",
          "ATM-MEDCHAL-MALKAJGIRI-39622",
          "ATM-MEDCHAL-MALKAJGIRI-16252"
        ]
      },
      "geometry": {
        "type": "Polygon",
        "coordinates": [
          [
            [
              78.5861924,
              17.5004182
            ],
            [
              78.5824588,
              17.4986583
            ],
            [
              78.5796049,
              17.495875
            ],
            [
              78.5764721,
              17.4927848
            ],
            [
              78.570936,
              17.4893466
            ],
            [
              78.5692409,
              17.4890805
            ],
            [
              78.5670307,
              17.4878116
            ],
            [
              78.5650137,
              17.4833296
            ],
            [
              78.5641554,
              17.481508
            ],
            [
              78.5636619,
              17.4796865
            ],
            [
              78.5616234,
              17.480321
            ],
            [
              78.5574391,
              17.4836775
            ],
            [
              78.5559586,
              17.4830021
            ],
            [
              78.5560444,
              17.4848236
            ],
            [
              78.5551003,
              17.485806
            ],
            [
              78.5525683,
              17.4848236
            ],
            [
              78.551946,
              17.4824495
            ],
            [
              78.5515383,
              17.4817025
            ],
            [
              78.5545017,
              17.4804412
            ],
            [
              78.553968,
              17.4787041
            ],
            [
              78.5542335,
              17.4779059
            ],
            [
              78.553968,
              17.4776373
            ],
            [
              78.5538875,
              17.4772945
            ],
            [
              78.5548665,
              17.4767981
            ],
            [
              78.5555317,
              17.4747514
            ],
            [
              78.5567977,
              17.4731959
            ],
            [
              78.5591795,
              17.4718655
            ],
            [
              78.5604241,
              17.4718041
            ],
            [
              78.5617759,
              17.4719474
            ],
            [
              78.5658743,
              17.4694298
            ],
            [
              78.5650375,
              17.4684269
            ],
            [
              78.5644367,
              17.4676286
            ],
            [
              78.5651233,
              17.4642923
            ],
            [
              78.5656383,
              17.4642309
            ],
            [
              78.566046,
              17.4629004
            ],
            [
              78.5660889,
              17.4622454
            ],
            [
              78.5695919,
              17.4611503
            ],
            [
              78.5705521,
              17.4619281
            ],
            [
              78.5714104,
              17.4611606
            ],
            [
              78.5760615,
              17.4637224
            ],
            [
              78.5708231,
              17.4714739
            ],
            [
              78.5702169,
              17.4723131
            ],
            [
              78.5706675,
              17.47305
            ],
            [
              78.5703027,
              17.4741706
            ],
            [
              78.5708177,
              17.4759614
            ],
            [
              78.5733765,
              17.4759666
            ],
            [
              78.5743475,
              17.4768518
            ],
            [
              78.5708928,
              17.4783356
            ],
            [
              78.5717028,
              17.4838156
            ],
            [
              78.5742509,
              17.4833858
            ],
            [
              78.5753936,
              17.4849515
            ],
            [
              78.5750502,
              17.4864711
            ],
            [
              78.577078,
              17.4863739
            ],
            [
              78.5776091,
              17.488313
            ],
            [
              78.5828126,
              17.4868395
            ],
            [
              78.5831559,
              17.4881288
            ],
            [
              78.5849261,
              17.4881391
            ],
            [
              78.585012,
              17.490774
            ],
            [
              78.5864228,
              17.4914238
            ],
            [
              78.5881126,
              17.4912243
            ],
            [
              78.5882199,
              17.4939411
            ],
            [
              78.5883727,
              17.496773
            ],
            [
              78.5861924,
              17.5004182
            ]
          ]
        ]
      }
    },
    {
      "type": "Feature",
      "properties": {
        "area_id": "A-WARD-KPHB-COLONY",
        "area_name": "Ward 114 KPHB Colony",
        "district_id": "D-MEDCHAL-MALKAJGIRI",
        "risk_score": 0.47,
        "risk_level": "MEDIUM",
        "high_risk_atm_count": 31,
        "atm_ids": [
          "ATM-MEDCHAL-MALKAJGIRI-19367",
          "ATM-MEDCHAL-MALKAJGIRI-75001",
          "ATM-MEDCHAL-MALKAJGIRI-WN914",
          "ATM-MEDCHAL-MALKAJGIRI-WN889",
          "ATM-MEDCHAL-MALKAJGIRI-Y8013",
          "ATM-MEDCHAL-MALKAJGIRI-38502",
          "ATM-MEDCHAL-MALKAJGIRI-16187",
          "ATM-MEDCHAL-MALKAJGIRI-16186",
          "ATM-MEDCHAL-MALKAJGIRI-19346",
          "ATM-MEDCHAL-MALKAJGIRI-10039",
          "ATM-MEDCHAL-MALKAJGIRI-40002",
          "ATM-MEDCHAL-MALKAJGIRI-67002",
          "ATM-MEDCHAL-MALKAJGIRI-NHE30",
          "ATM-MEDCHAL-MALKAJGIRI-WM322",
          "ATM-MEDCHAL-MALKAJGIRI-NB889",
          "ATM-MEDCHAL-MALKAJGIRI-34006",
          "ATM-MEDCHAL-MALKAJGIRI-34001",
          "ATM-MEDCHAL-MALKAJGIRI-38501",
          "ATM-MEDCHAL-MALKAJGIRI-06202",
          "ATM-MEDCHAL-MALKAJGIRI-NHE03",
          "ATM-MEDCHAL-MALKAJGIRI-WB660",
          "ATM-MEDCHAL-MALKAJGIRI-WC466",
          "ATM-MEDCHAL-MALKAJGIRI-N1647",
          "ATM-MEDCHAL-MALKAJGIRI-D9614",
          "ATM-MEDCHAL-MALKAJGIRI-40001",
          "ATM-MEDCHAL-MALKAJGIRI-19354",
          "ATM-MEDCHAL-MALKAJGIRI-19343",
          "ATM-MEDCHAL-MALKAJGIRI-53790",
          "ATM-MEDCHAL-MALKAJGIRI-93001",
          "ATM-MEDCHAL-MALKAJGIRI-NQ715",
          "ATM-MEDCHAL-MALKAJGIRI-NQ854",
          "ATM-MEDCHAL-MALKAJGIRI-D2262",
          "ATM-MEDCHAL-MALKAJGIRI-19340",
          "ATM-MEDCHAL-MALKAJGIRI-19360",
          "ATM-MEDCHAL-MALKAJGIRI-19305",
          "ATM-MEDCHAL-MALKAJGIRI-WG845",
          "ATM-MEDCHAL-MALKAJGIRI-19313",
          "ATM-MEDCHAL-MALKAJGIRI-19301",
          "ATM-MEDCHAL-MALKAJGIRI-N9350",
          "ATM-MEDCHAL-MALKAJGIRI-WN603",
          "ATM-MEDCHAL-MALKAJGIRI-WN602",
          "ATM-MEDCHAL-MALKAJGIRI-16277",
          "ATM-MEDCHAL-MALKAJGIRI-WHA08",
          "ATM-MEDCHAL-MALKAJGIRI-34005",
          "ATM-MEDCHAL-MALKAJGIRI-34101",
          "ATM-MEDCHAL-MALKAJGIRI-67101",
          "ATM-MEDCHAL-MALKAJGIRI-42001",
          "ATM-MEDCHAL-MALKAJGIRI-42101",
          "ATM-MEDCHAL-MALKAJGIRI-16270",
          "ATM-MEDCHAL-MALKAJGIRI-00419",
          "ATM-MEDCHAL-MALKAJGIRI-19334",
          "ATM-MEDCHAL-MALKAJGIRI-NHE32",
          "ATM-MEDCHAL-MALKAJGIRI-NQ758",
          "ATM-MEDCHAL-MALKAJGIRI-WHY20",
          "ATM-MEDCHAL-MALKAJGIRI-75001",
          "ATM-MEDCHAL-MALKAJGIRI-19307",
          "ATM-MEDCHAL-MALKAJGIRI-19309",
          "ATM-MEDCHAL-MALKAJGIRI-19353",
          "ATM-MEDCHAL-MALKAJGIRI-ON233",
          "ATM-MEDCHAL-MALKAJGIRI-39037",
          "ATM-MEDCHAL-MALKAJGIRI-00001",
          "ATM-MEDCHAL-MALKAJGIRI-41001",
          "ATM-MEDCHAL-MALKAJGIRI-10048",
          "ATM-MEDCHAL-MALKAJGIRI-442A1",
          "ATM-MEDCHAL-MALKAJGIRI-42002",
          "ATM-MEDCHAL-MALKAJGIRI-08001",
          "ATM-MEDCHAL-MALKAJGIRI-HYD71",
          "ATM-MEDCHAL-MALKAJGIRI-76002",
          "ATM-MEDCHAL-MALKAJGIRI-60801",
          "ATM-MEDCHAL-MALKAJGIRI-30437",
          "ATM-MEDCHAL-MALKAJGIRI-47003",
          "ATM-MEDCHAL-MALKAJGIRI-47621",
          "ATM-MEDCHAL-MALKAJGIRI-74401",
          "ATM-MEDCHAL-MALKAJGIRI-BN389",
          "ATM-MEDCHAL-MALKAJGIRI-WF720",
          "ATM-MEDCHAL-MALKAJGIRI-16245",
          "ATM-MEDCHAL-MALKAJGIRI-16242",
          "ATM-MEDCHAL-MALKAJGIRI-NE326",
          "ATM-MEDCHAL-MALKAJGIRI-62520",
          "ATM-MEDCHAL-MALKAJGIRI-16160",
          "ATM-MEDCHAL-MALKAJGIRI-WF978",
          "ATM-MEDCHAL-MALKAJGIRI-NE511",
          "ATM-MEDCHAL-MALKAJGIRI-NI926",
          "ATM-MEDCHAL-MALKAJGIRI-DK521",
          "ATM-MEDCHAL-MALKAJGIRI-DK557",
          "ATM-MEDCHAL-MALKAJGIRI-19349",
          "ATM-MEDCHAL-MALKAJGIRI-19333",
          "ATM-MEDCHAL-MALKAJGIRI-WF757",
          "ATM-MEDCHAL-MALKAJGIRI-41801",
          "ATM-MEDCHAL-MALKAJGIRI-6WS09",
          "ATM-MEDCHAL-MALKAJGIRI-NHY70",
          "ATM-MEDCHAL-MALKAJGIRI-NHY16",
          "ATM-MEDCHAL-MALKAJGIRI-NHD21",
          "ATM-MEDCHAL-MALKAJGIRI-WC509",
          "ATM-MEDCHAL-MALKAJGIRI-WJ228",
          "ATM-MEDCHAL-MALKAJGIRI-WC597",
          "ATM-MEDCHAL-MALKAJGIRI-8W019",
          "ATM-MEDCHAL-MALKAJGIRI-19322",
          "ATM-MEDCHAL-MALKAJGIRI-19302",
          "ATM-MEDCHAL-MALKAJGIRI-01001",
          "ATM-MEDCHAL-MALKAJGIRI-20301",
          "ATM-MEDCHAL-MALKAJGIRI-93003",
          "ATM-MEDCHAL-MALKAJGIRI-47563"
        ]
      },
      "geometry": {
        "type": "Polygon",
        "coordinates": [
          [
            [
              78.3853537,
              17.4703277
            ],
            [
              78.3871186,
              17.4713204
            ],
            [
              78.3914691,
              17.4697137
            ],
            [
              78.3955836,
              17.4769899
            ],
            [
              78.3941245,
              17.4820299
            ],
            [
              78.3934218,
              17.4828281
            ],
            [
              78.3950901,
              17.487039
            ],
            [
              78.3933413,
              17.488753
            ],
            [
              78.3947414,
              17.4915773
            ],
            [
              78.3945644,
              17.4929331
            ],
            [
              78.3957124,
              17.4929996
            ],
            [
              78.3966324,
              17.494399
            ],
            [
              78.3972694,
              17.4958162
            ],
            [
              78.3956078,
              17.4962332
            ],
            [
              78.3943498,
              17.4965605
            ],
            [
              78.3914557,
              17.4981364
            ],
            [
              78.3901092,
              17.498469
            ],
            [
              78.3824515,
              17.4993642
            ],
            [
              78.3794555,
              17.4980033
            ],
            [
              78.3780044,
              17.497461
            ],
            [
              78.3738095,
              17.4965452
            ],
            [
              78.3718461,
              17.493895
            ],
            [
              78.3697808,
              17.4918331
            ],
            [
              78.3661169,
              17.4837542
            ],
            [
              78.3656797,
              17.4829074
            ],
            [
              78.3660579,
              17.4825006
            ],
            [
              78.3695769,
              17.4819634
            ],
            [
              78.3721948,
              17.4816308
            ],
            [
              78.3752954,
              17.4790878
            ],
            [
              78.3770227,
              17.4835393
            ],
            [
              78.3771086,
              17.4875149
            ],
            [
              78.3801073,
              17.491718
            ],
            [
              78.381549,
              17.4913611
            ],
            [
              78.3823898,
              17.4907587
            ],
            [
              78.3825722,
              17.4895768
            ],
            [
              78.3812351,
              17.4861359
            ],
            [
              78.3792114,
              17.4808531
            ],
            [
              78.3787823,
              17.4805614
            ],
            [
              78.3782995,
              17.4768927
            ],
            [
              78.3839697,
              17.4730551
            ],
            [
              78.3853537,
              17.4703277
            ]
          ]
        ]
      }
    },
    {
      "type": "Feature",
      "properties": {
        "area_id": "A-WARD-OLD-BOWENPALLY",
        "area_name": "Ward 119 Old Bowenpally",
        "district_id": "D-HYDERABAD",
        "risk_score": 0.48,
        "risk_level": "MEDIUM",
        "high_risk_atm_count": 3,
        "atm_ids": [
          "ATM-HYDERABAD-16278",
          "ATM-HYDERABAD-08001",
          "ATM-HYDERABAD-69803",
          "ATM-HYDERABAD-12002",
          "ATM-HYDERABAD-WI406",
          "ATM-HYDERABAD-71738",
          "ATM-HYDERABAD-8W023",
          "ATM-HYDERABAD-WB656",
          "ATM-HYDERABAD-WC469",
          "ATM-HYDERABAD-CHD40",
          "ATM-MEDCHAL-MALKAJGIRI-NI826",
          "ATM-MEDCHAL-MALKAJGIRI-DK544",
          "ATM-HYDERABAD-47110",
          "ATM-HYDERABAD-06814",
          "ATM-HYDERABAD-45608"
        ]
      },
      "geometry": {
        "type": "Polygon",
        "coordinates": [
          [
            [
              78.4952563,
              17.474733
            ],
            [
              78.4963089,
              17.4770726
            ],
            [
              78.496779,
              17.4778947
            ],
            [
              78.496867,
              17.4788663
            ],
            [
              78.4969121,
              17.4805747
            ],
            [
              78.4969197,
              17.481189
            ],
            [
              78.4969728,
              17.4820793
            ],
            [
              78.4958248,
              17.4817727
            ],
            [
              78.4957121,
              17.4824519
            ],
            [
              78.4953661,
              17.4835839
            ],
            [
              78.4946674,
              17.4829636
            ],
            [
              78.4935624,
              17.4799061
            ],
            [
              78.4906302,
              17.4792206
            ],
            [
              78.4880397,
              17.4799678
            ],
            [
              78.4880423,
              17.4807429
            ],
            [
              78.4862855,
              17.4821116
            ],
            [
              78.4859797,
              17.4822779
            ],
            [
              78.4856941,
              17.4824826
            ],
            [
              78.4852153,
              17.4834855
            ],
            [
              78.4847969,
              17.4838052
            ],
            [
              78.4847379,
              17.4868701
            ],
            [
              78.4857195,
              17.4863226
            ],
            [
              78.4861541,
              17.4865899
            ],
            [
              78.4868032,
              17.4877987
            ],
            [
              78.4843369,
              17.4902085
            ],
            [
              78.4798425,
              17.4893771
            ],
            [
              78.4796061,
              17.4868784
            ],
            [
              78.4791743,
              17.4867217
            ],
            [
              78.4795263,
              17.4855398
            ],
            [
              78.4780069,
              17.4856536
            ],
            [
              78.4765303,
              17.4860949
            ],
            [
              78.4754293,
              17.4829955
            ],
            [
              78.4751195,
              17.4786451
            ],
            [
              78.4757256,
              17.4763208
            ],
            [
              78.4767865,
              17.4764091
            ],
            [
              78.4771392,
              17.4745555
            ],
            [
              78.481546,
              17.4727927
            ],
            [
              78.4819899,
              17.4718218
            ],
            [
              78.4849001,
              17.4709378
            ],
            [
              78.4895739,
              17.4708496
            ],
            [
              78.4899279,
              17.470059
            ],
            [
              78.4909861,
              17.4700564
            ],
            [
              78.4911644,
              17.4693516
            ],
            [
              78.4939888,
              17.4696138
            ],
            [
              78.4945145,
              17.473408
            ],
            [
              78.4952563,
              17.474733
            ]
          ]
        ]
      }
    },
    {
      "type": "Feature",
      "properties": {
        "area_id": "A-WARD-KUKATPALLY",
        "area_name": "Ward 121 Kukatpally",
        "district_id": "D-MEDCHAL-MALKAJGIRI",
        "risk_score": 0.43,
        "risk_level": "MEDIUM",
        "high_risk_atm_count": 4,
        "atm_ids": [
          "ATM-HYDERABAD-45621",
          "ATM-HYDERABAD-16640",
          "ATM-MEDCHAL-MALKAJGIRI-47560",
          "ATM-HYDERABAD-WF760",
          "ATM-MEDCHAL-MALKAJGIRI-74006",
          "ATM-MEDCHAL-MALKAJGIRI-74005",
          "ATM-MEDCHAL-MALKAJGIRI-19351",
          "ATM-MEDCHAL-MALKAJGIRI-WTZ01",
          "ATM-MEDCHAL-MALKAJGIRI-N2112",
          "ATM-MEDCHAL-MALKAJGIRI-NF318",
          "ATM-MEDCHAL-MALKAJGIRI-WN749",
          "ATM-MEDCHAL-MALKAJGIRI-WN750",
          "ATM-MEDCHAL-MALKAJGIRI-19317",
          "ATM-MEDCHAL-MALKAJGIRI-19359",
          "ATM-MEDCHAL-MALKAJGIRI-19366",
          "ATM-MEDCHAL-MALKAJGIRI-30502",
          "ATM-MEDCHAL-MALKAJGIRI-NHD50",
          "ATM-MEDCHAL-MALKAJGIRI-00441",
          "ATM-MEDCHAL-MALKAJGIRI-28002",
          "ATM-MEDCHAL-MALKAJGIRI-16225",
          "ATM-MEDCHAL-MALKAJGIRI-8E019",
          "ATM-MEDCHAL-MALKAJGIRI-D9498",
          "ATM-MEDCHAL-MALKAJGIRI-WHY19",
          "ATM-MEDCHAL-MALKAJGIRI-WH676",
          "ATM-MEDCHAL-MALKAJGIRI-16215",
          "ATM-MEDCHAL-MALKAJGIRI-WN966",
          "ATM-MEDCHAL-MALKAJGIRI-16224",
          "ATM-MEDCHAL-MALKAJGIRI-16198",
          "ATM-MEDCHAL-MALKAJGIRI-NQ648",
          "ATM-MEDCHAL-MALKAJGIRI-NHY34",
          "ATM-MEDCHAL-MALKAJGIRI-19329",
          "ATM-MEDCHAL-MALKAJGIRI-16237",
          "ATM-MEDCHAL-MALKAJGIRI-NQ945",
          "ATM-MEDCHAL-MALKAJGIRI-16263"
        ]
      },
      "geometry": {
        "type": "Polygon",
        "coordinates": [
          [
            [
              78.4124869,
              17.4839729
            ],
            [
              78.4125888,
              17.4838463
            ],
            [
              78.4155688,
              17.4815182
            ],
            [
              78.421479,
              17.4771613
            ],
            [
              78.4236095,
              17.4757097
            ],
            [
              78.4246648,
              17.475144
            ],
            [
              78.4267298,
              17.473955
            ],
            [
              78.4281846,
              17.4732022
            ],
            [
              78.4282637,
              17.4746925
            ],
            [
              78.4282798,
              17.4757772
            ],
            [
              78.4283334,
              17.4762326
            ],
            [
              78.4283549,
              17.4775016
            ],
            [
              78.4287894,
              17.4787501
            ],
            [
              78.4291113,
              17.4797325
            ],
            [
              78.4293473,
              17.4805614
            ],
            [
              78.4280759,
              17.4810577
            ],
            [
              78.4278506,
              17.4816436
            ],
            [
              78.4279472,
              17.4835086
            ],
            [
              78.4274831,
              17.4846675
            ],
            [
              78.4263499,
              17.4857484
            ],
            [
              78.4259784,
              17.4865427
            ],
            [
              78.4253132,
              17.4882056
            ],
            [
              78.4259677,
              17.4895512
            ],
            [
              78.4266973,
              17.4909019
            ],
            [
              78.4262547,
              17.4915824
            ],
            [
              78.4265095,
              17.4927336
            ],
            [
              78.4267026,
              17.493721
            ],
            [
              78.4286821,
              17.4945703
            ],
            [
              78.4301627,
              17.4940178
            ],
            [
              78.4314877,
              17.4943196
            ],
            [
              78.4322012,
              17.4959748
            ],
            [
              78.4330059,
              17.497768
            ],
            [
              78.4291436,
              17.499262
            ],
            [
              78.4274752,
              17.498735
            ],
            [
              78.427207,
              17.4989908
            ],
            [
              78.4268716,
              17.4988373
            ],
            [
              78.4240312,
              17.4994256
            ],
            [
              78.4215582,
              17.4976759
            ],
            [
              78.4204263,
              17.4977578
            ],
            [
              78.4204209,
              17.4962689
            ],
            [
              78.4168804,
              17.4964224
            ],
            [
              78.4148473,
              17.4949285
            ],
            [
              78.4137958,
              17.4876837
            ],
            [
              78.4128356,
              17.4861948
            ],
            [
              78.4129268,
              17.4860157
            ],
            [
              78.4130797,
              17.4855629
            ],
            [
              78.4127391,
              17.4845114
            ],
            [
              78.412615,
              17.4841552
            ],
            [
              78.4124869,
              17.4839729
            ]
          ]
        ]
      }
    },
    {
      "type": "Feature",
      "properties": {
        "area_id": "A-WARD-VENKATAPURAM",
        "area_name": "Ward 135 Venkatapuram",
        "district_id": "D-HYDERABAD",
        "risk_score": 0.52,
        "risk_level": "MEDIUM",
        "high_risk_atm_count": 8,
        "atm_ids": [
          "ATM-HYDERABAD-4771S",
          "ATM-HYDERABAD-16210",
          "ATM-HYDERABAD-22003",
          "ATM-HYDERABAD-Y9002",
          "ATM-HYDERABAD-16147",
          "ATM-HYDERABAD-70205",
          "ATM-HYDERABAD-WHY09",
          "ATM-HYDERABAD-WM276",
          "ATM-HYDERABAD-WJ263",
          "ATM-HYDERABAD-16098",
          "ATM-HYDERABAD-16001",
          "ATM-HYDERABAD-WE549",
          "ATM-HYDERABAD-NQ451",
          "ATM-HYDERABAD-HYD64",
          "ATM-HYDERABAD-NP485",
          "ATM-HYDERABAD-14005",
          "ATM-HYDERABAD-16276",
          "ATM-HYDERABAD-09093",
          "ATM-HYDERABAD-B8483",
          "ATM-HYDERABAD-NL251"
        ]
      },
      "geometry": {
        "type": "Polygon",
        "coordinates": [
          [
            [
              78.5094091,
              17.4916564
            ],
            [
              78.5072255,
              17.4918842
            ],
            [
              78.5077485,
              17.4928153
            ],
            [
              78.5060748,
              17.4929944
            ],
            [
              78.5066005,
              17.4947698
            ],
            [
              78.5051951,
              17.4957316
            ],
            [
              78.5051843,
              17.4963456
            ],
            [
              78.5071102,
              17.4968879
            ],
            [
              78.5061607,
              17.4997888
            ],
            [
              78.5027221,
              17.5002185
            ],
            [
              78.5020998,
              17.5011906
            ],
            [
              78.5005119,
              17.4987297
            ],
            [
              78.4981301,
              17.4990776
            ],
            [
              78.497245,
              17.5005715
            ],
            [
              78.49592,
              17.5003106
            ],
            [
              78.4960219,
              17.4963405
            ],
            [
              78.497422,
              17.4942274
            ],
            [
              78.4958395,
              17.4902674
            ],
            [
              78.4934524,
              17.4911525
            ],
            [
              78.4935382,
              17.4927335
            ],
            [
              78.49224,
              17.4928767
            ],
            [
              78.491729,
              17.4921911
            ],
            [
              78.4907098,
              17.48989
            ],
            [
              78.4906776,
              17.4861218
            ],
            [
              78.4884829,
              17.4869091
            ],
            [
              78.4868032,
              17.4877987
            ],
            [
              78.4861541,
              17.4865899
            ],
            [
              78.4857195,
              17.4863226
            ],
            [
              78.4847379,
              17.4868701
            ],
            [
              78.4847969,
              17.4838052
            ],
            [
              78.4852153,
              17.4834855
            ],
            [
              78.4856941,
              17.4824826
            ],
            [
              78.4859797,
              17.4822779
            ],
            [
              78.4862855,
              17.4821116
            ],
            [
              78.4880423,
              17.4807429
            ],
            [
              78.4880397,
              17.4799678
            ],
            [
              78.4906302,
              17.4792206
            ],
            [
              78.4935624,
              17.4799061
            ],
            [
              78.4946674,
              17.4829636
            ],
            [
              78.4953661,
              17.4835839
            ],
            [
              78.4957121,
              17.4824519
            ],
            [
              78.4958248,
              17.4817727
            ],
            [
              78.4969728,
              17.4820793
            ],
            [
              78.4969197,
              17.481189
            ],
            [
              78.4969121,
              17.4805747
            ],
            [
              78.496867,
              17.4788663
            ],
            [
              78.496779,
              17.4778947
            ],
            [
              78.4963089,
              17.4770726
            ],
            [
              78.4952563,
              17.474733
            ],
            [
              78.4956199,
              17.4741535
            ],
            [
              78.4956632,
              17.473849
            ],
            [
              78.4998085,
              17.4716446
            ],
            [
              78.5002491,
              17.4717335
            ],
            [
              78.4985737,
              17.4737601
            ],
            [
              78.4983072,
              17.476317
            ],
            [
              78.4975159,
              17.4766802
            ],
            [
              78.4976923,
              17.4779076
            ],
            [
              78.4976024,
              17.4784359
            ],
            [
              78.4977801,
              17.478262
            ],
            [
              78.4981335,
              17.4794951
            ],
            [
              78.4989267,
              17.4798494
            ],
            [
              78.4997341,
              17.4799179
            ],
            [
              78.5018504,
              17.4818481
            ],
            [
              78.4998585,
              17.4831286
            ],
            [
              78.5017119,
              17.4846763
            ],
            [
              78.5038657,
              17.4854054
            ],
            [
              78.5048209,
              17.4884306
            ],
            [
              78.5071014,
              17.4900013
            ],
            [
              78.5087852,
              17.4895607
            ],
            [
              78.5091922,
              17.4906559
            ],
            [
              78.5094091,
              17.4916564
            ]
          ]
        ]
      }
    },
    {
      "type": "Feature",
      "properties": {
        "area_id": "A-WARD-NEREDMET",
        "area_name": "Ward 136 Neredmet",
        "district_id": "D-HYDERABAD",
        "risk_score": 0.38,
        "risk_level": "LOW",
        "high_risk_atm_count": 9,
        "atm_ids": [
          "ATM-HYDERABAD-Y8035",
          "ATM-HYDERABAD-42709",
          "ATM-HYDERABAD-WHY05",
          "ATM-HYDERABAD-CHD21",
          "ATM-HYDERABAD-CHY21",
          "ATM-HYDERABAD-14140",
          "ATM-HYDERABAD-NM380",
          "ATM-HYDERABAD-17503",
          "ATM-HYDERABAD-14032",
          "ATM-HYDERABAD-37803",
          "ATM-HYDERABAD-NAP42",
          "ATM-HYDERABAD-CHE11",
          "ATM-HYDERABAD-07002",
          "ATM-HYDERABAD-07101",
          "ATM-HYDERABAD-25621",
          "ATM-HYDERABAD-17502",
          "ATM-HYDERABAD-D9537",
          "ATM-HYDERABAD-WF856",
          "ATM-MEDCHAL-MALKAJGIRI-49001",
          "ATM-HYDERABAD-NL300",
          "ATM-HYDERABAD-12001",
          "ATM-HYDERABAD-14080",
          "ATM-HYDERABAD-09003",
          "ATM-HYDERABAD-NH484",
          "ATM-HYDERABAD-CHD25",
          "ATM-HYDERABAD-CHY15",
          "ATM-MEDCHAL-MALKAJGIRI-WI507",
          "ATM-HYDERABAD-05104",
          "ATM-HYDERABAD-12621",
          "ATM-HYDERABAD-14124",
          "ATM-HYDERABAD-14121",
          "ATM-HYDERABAD-WK724",
          "ATM-HYDERABAD-WC482",
          "ATM-HYDERABAD-11111",
          "ATM-MEDCHAL-MALKAJGIRI-94001",
          "ATM-HYDERABAD-09101"
        ]
      },
      "geometry": {
        "type": "MultiPolygon",
        "coordinates": [
          [
            [
              [
                78.5311478,
                17.4701487
              ],
              [
                78.534168,
                17.4702561
              ],
              [
                78.5348305,
                17.4725485
              ],
              [
                78.5354716,
                17.4725063
              ],
              [
                78.5352543,
                17.4738149
              ],
              [
                78.536358,
                17.4746426
              ],
              [
                78.5375047,
                17.4753065
              ],
              [
                78.5369253,
                17.478704
              ],
              [
                78.5439956,
                17.4789906
              ],
              [
                78.5445213,
                17.4827565
              ],
              [
                78.5487822,
                17.4831682
              ],
              [
                78.5473058,
                17.484028
              ],
              [
                78.5440925,
                17.4860311
              ],
              [
                78.541818,
                17.4871977
              ],
              [
                78.5411957,
                17.4886303
              ],
              [
                78.5407665,
                17.4890396
              ],
              [
                78.5391894,
                17.489234
              ],
              [
                78.5388461,
                17.4904108
              ],
              [
                78.5377356,
                17.491342
              ],
              [
                78.536711,
                17.4922732
              ],
              [
                78.5356811,
                17.4933783
              ],
              [
                78.5341361,
                17.4945448
              ],
              [
                78.5339749,
                17.493368
              ],
              [
                78.5346401,
                17.4924215
              ],
              [
                78.5329878,
                17.4911475
              ],
              [
                78.5307831,
                17.4895154
              ],
              [
                78.5284066,
                17.4872693
              ],
              [
                78.5276127,
                17.4865427
              ],
              [
                78.5276771,
                17.4854478
              ],
              [
                78.5272157,
                17.4850385
              ],
              [
                78.5257888,
                17.4852226
              ],
              [
                78.5256922,
                17.4840561
              ],
              [
                78.5250109,
                17.4827411
              ],
              [
                78.5242411,
                17.4820017
              ],
              [
                78.5236859,
                17.4810168
              ],
              [
                78.5232836,
                17.4793129
              ],
              [
                78.5235974,
                17.4782563
              ],
              [
                78.5249412,
                17.4772816
              ],
              [
                78.5258746,
                17.4766625
              ],
              [
                78.5267651,
                17.4767392
              ],
              [
                78.5284442,
                17.4771946
              ],
              [
                78.5290074,
                17.476422
              ],
              [
                78.5311478,
                17.4701487
              ]
            ]
          ],
          [
            [
              [
                78.5455862,
                17.5198891
              ],
              [
                78.5439849,
                17.5184056
              ],
              [
                78.5405624,
                17.5182623
              ],
              [
                78.539747,
                17.515592
              ],
              [
                78.5403803,
                17.5103842
              ],
              [
                78.533031,
                17.5111822
              ],
              [
                78.5317221,
                17.5119701
              ],
              [
                78.5304239,
                17.510466
              ],
              [
                78.5312822,
                17.5093098
              ],
              [
                78.5305741,
                17.5071202
              ],
              [
                78.5308638,
                17.5016256
              ],
              [
                78.5356274,
                17.4982899
              ],
              [
                78.5365126,
                17.4982643
              ],
              [
                78.5379985,
                17.4979522
              ],
              [
                78.539125,
                17.4988015
              ],
              [
                78.5389963,
                17.4964685
              ],
              [
                78.5417858,
                17.4953327
              ],
              [
                78.5418931,
                17.4958136
              ],
              [
                78.5434648,
                17.4968062
              ],
              [
                78.5447684,
                17.4954197
              ],
              [
                78.5455784,
                17.4960618
              ],
              [
                78.5455945,
                17.496356
              ],
              [
                78.5458413,
                17.4964941
              ],
              [
                78.5466137,
                17.499088
              ],
              [
                78.5479334,
                17.497369
              ],
              [
                78.5505941,
                17.4976811
              ],
              [
                78.5516992,
                17.4989243
              ],
              [
                78.5525522,
                17.4998913
              ],
              [
                78.5532227,
                17.5004489
              ],
              [
                78.5540596,
                17.5011652
              ],
              [
                78.5555308,
                17.5024263
              ],
              [
                78.5559552,
                17.5031336
              ],
              [
                78.5563582,
                17.5038204
              ],
              [
                78.5565728,
                17.5040864
              ],
              [
                78.5565607,
                17.5053117
              ],
              [
                78.5566774,
                17.5068644
              ],
              [
                78.5540961,
                17.5073314
              ],
              [
                78.5533407,
                17.5074681
              ],
              [
                78.5513344,
                17.5070179
              ],
              [
                78.5510662,
                17.5077239
              ],
              [
                78.5480729,
                17.5081741
              ],
              [
                78.5475954,
                17.5152288
              ],
              [
                78.5457608,
                17.5155715
              ],
              [
                78.5447094,
                17.5167226
              ],
              [
                78.5449669,
                17.5183084
              ],
              [
                78.5459432,
                17.5189274
              ],
              [
                78.5455862,
                17.5198891
              ]
            ]
          ]
        ]
      }
    },
    {
      "type": "Feature",
      "properties": {
        "area_id": "A-WARD-BHARATI-NAGAR",
        "area_name": "Ward 111 Bharati Nagar",
        "district_id": "D-SANGAREDDY",
        "risk_score": 0.59,
        "risk_level": "MEDIUM",
        "high_risk_atm_count": 7,
        "atm_ids": [
          "ATM-SANGAREDDY-NL241",
          "ATM-RANGA-REDDY-47154",
          "ATM-RANGA-REDDY-47505",
          "ATM-RANGA-REDDY-53816",
          "ATM-RANGA-REDDY-53805",
          "ATM-RANGA-REDDY-55004",
          "ATM-RANGA-REDDY-00411",
          "ATM-SANGAREDDY-NHD01",
          "ATM-RANGA-REDDY-16009",
          "ATM-SANGAREDDY-47107",
          "ATM-SANGAREDDY-NHY31",
          "ATM-SANGAREDDY-75622",
          "ATM-SANGAREDDY-75625",
          "ATM-SANGAREDDY-75624",
          "ATM-SANGAREDDY-75621",
          "ATM-SANGAREDDY-75623",
          "ATM-SANGAREDDY-75003"
        ]
      },
      "geometry": {
        "type": "MultiPolygon",
        "coordinates": [
          [
            [
              [
                78.2890892,
                17.5080103
              ],
              [
                78.2829094,
                17.5092791
              ],
              [
                78.2827762,
                17.5118613
              ],
              [
                78.2817293,
                17.508
              ],
              [
                78.2850338,
                17.5069359
              ],
              [
                78.2850982,
                17.5026999
              ],
              [
                78.2909132,
                17.5026282
              ],
              [
                78.2890892,
                17.5080103
              ]
            ]
          ],
          [
            [
              [
                78.2807423,
                17.4845165
              ],
              [
                78.2807852,
                17.4812214
              ],
              [
                78.2837678,
                17.4812623
              ],
              [
                78.2837571,
                17.4802697
              ],
              [
                78.2839502,
                17.4812009
              ],
              [
                78.2839609,
                17.4803208
              ],
              [
                78.2876623,
                17.480198
              ],
              [
                78.2878394,
                17.4794996
              ],
              [
                78.2889847,
                17.4794996
              ],
              [
                78.2888077,
                17.4804667
              ],
              [
                78.2839609,
                17.4838513
              ],
              [
                78.2807423,
                17.4845165
              ]
            ]
          ],
          [
            [
              [
                78.3067922,
                17.5057052
              ],
              [
                78.3037663,
                17.5074578
              ],
              [
                78.3001264,
                17.5081119
              ],
              [
                78.2988525,
                17.5057388
              ],
              [
                78.3026935,
                17.5038561
              ],
              [
                78.3037234,
                17.5040403
              ],
              [
                78.3054829,
                17.5023417
              ],
              [
                78.3068066,
                17.5023417
              ],
              [
                78.3067922,
                17.5057052
              ]
            ]
          ],
          [
            [
              [
                78.3128402,
                17.485724
              ],
              [
                78.3122528,
                17.4857036
              ],
              [
                78.3092862,
                17.4854324
              ],
              [
                78.3034229,
                17.484885
              ],
              [
                78.2950652,
                17.4841482
              ],
              [
                78.2953334,
                17.4787859
              ],
              [
                78.2964706,
                17.4783766
              ],
              [
                78.2977365,
                17.4780224
              ],
              [
                78.3016525,
                17.4794602
              ],
              [
                78.3042811,
                17.4803198
              ],
              [
                78.30721,
                17.4807496
              ],
              [
                78.310139,
                17.4806882
              ],
              [
                78.3107827,
                17.4800947
              ],
              [
                78.3113301,
                17.4826746
              ],
              [
                78.31236,
                17.4846291
              ],
              [
                78.3128402,
                17.485724
              ]
            ]
          ]
        ]
      }
    },
    {
      "type": "Feature",
      "properties": {
        "area_id": "A-WARD-KAPRA",
        "area_name": "Ward 1 Kapra",
        "district_id": "D-MEDCHAL-MALKAJGIRI",
        "risk_score": 0.49,
        "risk_level": "MEDIUM",
        "high_risk_atm_count": 5,
        "atm_ids": [
          "ATM-MEDCHAL-MALKAJGIRI-N9194",
          "ATM-MEDCHAL-MALKAJGIRI-25006",
          "ATM-MEDCHAL-MALKAJGIRI-14029",
          "ATM-MEDCHAL-MALKAJGIRI-47547",
          "ATM-MEDCHAL-MALKAJGIRI-23001",
          "ATM-MEDCHAL-MALKAJGIRI-39001",
          "ATM-MEDCHAL-MALKAJGIRI-42725",
          "ATM-HYDERABAD-WH582",
          "ATM-HYDERABAD-NHE21",
          "ATM-MEDCHAL-MALKAJGIRI-16195",
          "ATM-MEDCHAL-MALKAJGIRI-16196",
          "ATM-HYDERABAD-CHY73",
          "ATM-HYDERABAD-26182",
          "ATM-MEDCHAL-MALKAJGIRI-NM415"
        ]
      },
      "geometry": {
        "type": "Polygon",
        "coordinates": [
          [
            [
              78.5341361,
              17.4945448
            ],
            [
              78.5356811,
              17.4933783
            ],
            [
              78.536711,
              17.4922732
            ],
            [
              78.5377356,
              17.491342
            ],
            [
              78.5388461,
              17.4904108
            ],
            [
              78.5391894,
              17.489234
            ],
            [
              78.5407665,
              17.4890396
            ],
            [
              78.5411957,
              17.4886303
            ],
            [
              78.541818,
              17.4871977
            ],
            [
              78.5440925,
              17.4860311
            ],
            [
              78.5473058,
              17.484028
            ],
            [
              78.5487822,
              17.4831682
            ],
            [
              78.5506049,
              17.4821067
            ],
            [
              78.5515383,
              17.4817025
            ],
            [
              78.551946,
              17.4824495
            ],
            [
              78.5525683,
              17.4848236
            ],
            [
              78.5551003,
              17.485806
            ],
            [
              78.5560444,
              17.4848236
            ],
            [
              78.5559586,
              17.4830021
            ],
            [
              78.5574391,
              17.4836775
            ],
            [
              78.5616234,
              17.480321
            ],
            [
              78.5636619,
              17.4796865
            ],
            [
              78.5641554,
              17.481508
            ],
            [
              78.5650137,
              17.4833296
            ],
            [
              78.5670307,
              17.4878116
            ],
            [
              78.5692409,
              17.4890805
            ],
            [
              78.570936,
              17.4893466
            ],
            [
              78.5764721,
              17.4927848
            ],
            [
              78.5796049,
              17.495875
            ],
            [
              78.5824588,
              17.4986583
            ],
            [
              78.5861924,
              17.5004182
            ],
            [
              78.5837784,
              17.5019019
            ],
            [
              78.5824695,
              17.5019991
            ],
            [
              78.5821906,
              17.502787
            ],
            [
              78.5799912,
              17.5033242
            ],
            [
              78.5784677,
              17.5040199
            ],
            [
              78.5776147,
              17.5055189
            ],
            [
              78.5758552,
              17.5055189
            ],
            [
              78.5754958,
              17.5071049
            ],
            [
              78.5743371,
              17.507903
            ],
            [
              78.5710862,
              17.5070179
            ],
            [
              78.5708073,
              17.5056929
            ],
            [
              78.5690531,
              17.5056161
            ],
            [
              78.5686119,
              17.5047285
            ],
            [
              78.5664836,
              17.5044497
            ],
            [
              78.5637477,
              17.5052068
            ],
            [
              78.5636619,
              17.5066598
            ],
            [
              78.562353,
              17.5072123
            ],
            [
              78.5563448,
              17.507949
            ],
            [
              78.5540961,
              17.5073314
            ],
            [
              78.5566774,
              17.5068644
            ],
            [
              78.5565607,
              17.5053117
            ],
            [
              78.5565728,
              17.5040864
            ],
            [
              78.5563582,
              17.5038204
            ],
            [
              78.5559552,
              17.5031336
            ],
            [
              78.5555308,
              17.5024263
            ],
            [
              78.5540596,
              17.5011652
            ],
            [
              78.5532227,
              17.5004489
            ],
            [
              78.5525522,
              17.4998913
            ],
            [
              78.5516992,
              17.4989243
            ],
            [
              78.5505941,
              17.4976811
            ],
            [
              78.5479334,
              17.497369
            ],
            [
              78.5466137,
              17.499088
            ],
            [
              78.5458413,
              17.4964941
            ],
            [
              78.5455945,
              17.496356
            ],
            [
              78.5455784,
              17.4960618
            ],
            [
              78.5447684,
              17.4954197
            ],
            [
              78.5434648,
              17.4968062
            ],
            [
              78.5418931,
              17.4958136
            ],
            [
              78.5417858,
              17.4953327
            ],
            [
              78.5389963,
              17.4964685
            ],
            [
              78.539125,
              17.4988015
            ],
            [
              78.5379985,
              17.4979522
            ],
            [
              78.5365126,
              17.4982643
            ],
            [
              78.5360458,
              17.4965299
            ],
            [
              78.5359815,
              17.4951076
            ],
            [
              78.5341361,
              17.4945448
            ]
          ]
        ]
      }
    },
    {
      "type": "Feature",
      "properties": {
        "area_id": "A-WARD-RANGAREDDY-NAGAR",
        "area_name": "Ward 127 Rangareddy Nagar",
        "district_id": "D-HYDERABAD",
        "risk_score": 0.33,
        "risk_level": "LOW",
        "high_risk_atm_count": 3,
        "atm_ids": [
          "ATM-HYDERABAD-11111",
          "ATM-HYDERABAD-NRD55",
          "ATM-HYDERABAD-NHD64",
          "ATM-HYDERABAD-CHB19",
          "ATM-HYDERABAD-30404",
          "ATM-HYDERABAD-CHY53",
          "ATM-MEDCHAL-MALKAJGIRI-WG755",
          "ATM-MEDCHAL-MALKAJGIRI-HYD78",
          "ATM-MEDCHAL-MALKAJGIRI-30426",
          "ATM-MEDCHAL-MALKAJGIRI-NJ054",
          "ATM-MEDCHAL-MALKAJGIRI-NM808"
        ]
      },
      "geometry": {
        "type": "Polygon",
        "coordinates": [
          [
            [
              78.4266973,
              17.4909019
            ],
            [
              78.4285212,
              17.4908712
            ],
            [
              78.4281778,
              17.489674
            ],
            [
              78.4343684,
              17.4853454
            ],
            [
              78.4360206,
              17.4831044
            ],
            [
              78.4445071,
              17.4807303
            ],
            [
              78.4448397,
              17.4807507
            ],
            [
              78.4452796,
              17.4824187
            ],
            [
              78.4459019,
              17.4830123
            ],
            [
              78.4480262,
              17.4830225
            ],
            [
              78.4491907,
              17.482125
            ],
            [
              78.4493137,
              17.4827871
            ],
            [
              78.4499144,
              17.4858827
            ],
            [
              78.450215,
              17.487612
            ],
            [
              78.4459127,
              17.4887224
            ],
            [
              78.4455265,
              17.4942864
            ],
            [
              78.4451402,
              17.4951025
            ],
            [
              78.444298,
              17.4950308
            ],
            [
              78.4434612,
              17.4951792
            ],
            [
              78.4420289,
              17.4962587
            ],
            [
              78.4380431,
              17.497062
            ],
            [
              78.4355916,
              17.4963508
            ],
            [
              78.4330059,
              17.497768
            ],
            [
              78.4322012,
              17.4959748
            ],
            [
              78.4314877,
              17.4943196
            ],
            [
              78.4301627,
              17.4940178
            ],
            [
              78.4286821,
              17.4945703
            ],
            [
              78.4267026,
              17.493721
            ],
            [
              78.4265095,
              17.4927336
            ],
            [
              78.4262547,
              17.4915824
            ],
            [
              78.4266973,
              17.4909019
            ]
          ]
        ]
      }
    },
    {
      "type": "Feature",
      "properties": {
        "area_id": "A-WARD-QUTHBULLAPUR",
        "area_name": "Ward 131 Quthbullapur",
        "district_id": "D-MEDCHAL-MALKAJGIRI",
        "risk_score": 0.5,
        "risk_level": "MEDIUM",
        "high_risk_atm_count": 8,
        "atm_ids": [
          "ATM-HYDERABAD-16008",
          "ATM-HYDERABAD-30417",
          "ATM-HYDERABAD-10003",
          "ATM-HYDERABAD-WC551",
          "ATM-HYDERABAD-Y8017",
          "ATM-MEDCHAL-MALKAJGIRI-70203",
          "ATM-MEDCHAL-MALKAJGIRI-WHY17",
          "ATM-MEDCHAL-MALKAJGIRI-19561",
          "ATM-MEDCHAL-MALKAJGIRI-WM058",
          "ATM-MEDCHAL-MALKAJGIRI-30409",
          "ATM-MEDCHAL-MALKAJGIRI-NHD03",
          "ATM-MEDCHAL-MALKAJGIRI-8W006",
          "ATM-MEDCHAL-MALKAJGIRI-8WS03",
          "ATM-MEDCHAL-MALKAJGIRI-NF367",
          "ATM-MEDCHAL-MALKAJGIRI-CHY18",
          "ATM-MEDCHAL-MALKAJGIRI-CGO26",
          "ATM-MEDCHAL-MALKAJGIRI-CDA04",
          "ATM-MEDCHAL-MALKAJGIRI-NHD80",
          "ATM-MEDCHAL-MALKAJGIRI-N2061",
          "ATM-MEDCHAL-MALKAJGIRI-DB764",
          "ATM-MEDCHAL-MALKAJGIRI-805D2",
          "ATM-MEDCHAL-MALKAJGIRI-NHE59",
          "ATM-MEDCHAL-MALKAJGIRI-30407",
          "ATM-MEDCHAL-MALKAJGIRI-30419",
          "ATM-MEDCHAL-MALKAJGIRI-47001",
          "ATM-MEDCHAL-MALKAJGIRI-10049",
          "ATM-MEDCHAL-MALKAJGIRI-NQ786",
          "ATM-MEDCHAL-MALKAJGIRI-WB646",
          "ATM-MEDCHAL-MALKAJGIRI-WJ223",
          "ATM-MEDCHAL-MALKAJGIRI-16305",
          "ATM-MEDCHAL-MALKAJGIRI-WN894",
          "ATM-MEDCHAL-MALKAJGIRI-WB647",
          "ATM-MEDCHAL-MALKAJGIRI-WH346"
        ]
      },
      "geometry": {
        "type": "Polygon",
        "coordinates": [
          [
            [
              78.450215,
              17.487612
            ],
            [
              78.4499144,
              17.4858827
            ],
            [
              78.4493137,
              17.4827871
            ],
            [
              78.4491907,
              17.482125
            ],
            [
              78.4497669,
              17.4827948
            ],
            [
              78.4501532,
              17.4827744
            ],
            [
              78.4557992,
              17.4820606
            ],
            [
              78.4562284,
              17.4831095
            ],
            [
              78.4576285,
              17.4830276
            ],
            [
              78.4601927,
              17.4846138
            ],
            [
              78.4603697,
              17.485765
            ],
            [
              78.4649563,
              17.4892954
            ],
            [
              78.4676921,
              17.4931327
            ],
            [
              78.4702565,
              17.4958239
            ],
            [
              78.4679819,
              17.4976759
            ],
            [
              78.4662868,
              17.4973485
            ],
            [
              78.4643449,
              17.4981262
            ],
            [
              78.4655572,
              17.5006945
            ],
            [
              78.4650422,
              17.5012777
            ],
            [
              78.4626497,
              17.5017996
            ],
            [
              78.4612764,
              17.5007661
            ],
            [
              78.4557618,
              17.5030479
            ],
            [
              78.4552683,
              17.5047055
            ],
            [
              78.4556867,
              17.505744
            ],
            [
              78.4564699,
              17.5063937
            ],
            [
              78.4544851,
              17.5077444
            ],
            [
              78.4545816,
              17.5088392
            ],
            [
              78.4498502,
              17.5112231
            ],
            [
              78.4476267,
              17.5110646
            ],
            [
              78.4517438,
              17.4987248
            ],
            [
              78.452173,
              17.4959825
            ],
            [
              78.4520818,
              17.4941406
            ],
            [
              78.450215,
              17.487612
            ]
          ]
        ]
      }
    },
    {
      "type": "Feature",
      "properties": {
        "area_id": "A-WARD-HAFEEZPET",
        "area_name": "Ward 109 Hafeezpet",
        "district_id": "D-MEDCHAL-MALKAJGIRI",
        "risk_score": 0.55,
        "risk_level": "MEDIUM",
        "high_risk_atm_count": 12,
        "atm_ids": [
          "ATM-MEDCHAL-MALKAJGIRI-81702",
          "ATM-MEDCHAL-MALKAJGIRI-81709",
          "ATM-MEDCHAL-MALKAJGIRI-A6790",
          "ATM-RANGA-REDDY-07401",
          "ATM-MEDCHAL-MALKAJGIRI-NP388",
          "ATM-MEDCHAL-MALKAJGIRI-53819",
          "ATM-RANGA-REDDY-8W039",
          "ATM-RANGA-REDDY-W9151",
          "ATM-MEDCHAL-MALKAJGIRI-W5713",
          "ATM-RANGA-REDDY-WC698",
          "ATM-RANGA-REDDY-WN886",
          "ATM-MEDCHAL-MALKAJGIRI-WH188",
          "ATM-MEDCHAL-MALKAJGIRI-63621",
          "ATM-MEDCHAL-MALKAJGIRI-11111",
          "ATM-RANGA-REDDY-62001",
          "ATM-MEDCHAL-MALKAJGIRI-NKD71",
          "ATM-MEDCHAL-MALKAJGIRI-00421",
          "ATM-RANGA-REDDY-16213",
          "ATM-RANGA-REDDY-75147",
          "ATM-MEDCHAL-MALKAJGIRI-WJ008",
          "ATM-RANGA-REDDY-WB658",
          "ATM-RANGA-REDDY-WH349",
          "ATM-MEDCHAL-MALKAJGIRI-WHY62",
          "ATM-MEDCHAL-MALKAJGIRI-WC472",
          "ATM-MEDCHAL-MALKAJGIRI-WC473",
          "ATM-MEDCHAL-MALKAJGIRI-WB657",
          "ATM-MEDCHAL-MALKAJGIRI-WC450",
          "ATM-MEDCHAL-MALKAJGIRI-WJ266",
          "ATM-RANGA-REDDY-Y8030",
          "ATM-MEDCHAL-MALKAJGIRI-81701",
          "ATM-RANGA-REDDY-88621",
          "ATM-RANGA-REDDY-WM057",
          "ATM-RANGA-REDDY-16249",
          "ATM-MEDCHAL-MALKAJGIRI-09002",
          "ATM-MEDCHAL-MALKAJGIRI-81705",
          "ATM-RANGA-REDDY-11111",
          "ATM-MEDCHAL-MALKAJGIRI-8EP05",
          "ATM-RANGA-REDDY-CHD31",
          "ATM-MEDCHAL-MALKAJGIRI-NHT02",
          "ATM-MEDCHAL-MALKAJGIRI-24401",
          "ATM-RANGA-REDDY-WE935",
          "ATM-RANGA-REDDY-39901",
          "ATM-RANGA-REDDY-WHY06",
          "ATM-RANGA-REDDY-NI193",
          "ATM-RANGA-REDDY-48201",
          "ATM-MEDCHAL-MALKAJGIRI-92001",
          "ATM-MEDCHAL-MALKAJGIRI-92101"
        ]
      },
      "geometry": {
        "type": "Polygon",
        "coordinates": [
          [
            [
              78.3478857,
              17.4941784
            ],
            [
              78.3467245,
              17.4944015
            ],
            [
              78.3426046,
              17.4950973
            ],
            [
              78.3398151,
              17.4948517
            ],
            [
              78.3346009,
              17.4952201
            ],
            [
              78.3308029,
              17.4948108
            ],
            [
              78.3267903,
              17.4949848
            ],
            [
              78.3262324,
              17.4949848
            ],
            [
              78.3265543,
              17.4945141
            ],
            [
              78.3256102,
              17.493941
            ],
            [
              78.3245802,
              17.4938387
            ],
            [
              78.3245373,
              17.4914136
            ],
            [
              78.3276164,
              17.4909736
            ],
            [
              78.3277142,
              17.486935
            ],
            [
              78.3281529,
              17.4869009
            ],
            [
              78.3295798,
              17.4866553
            ],
            [
              78.3308458,
              17.4869725
            ],
            [
              78.333292,
              17.4877707
            ],
            [
              78.334955,
              17.4881288
            ],
            [
              78.3366072,
              17.4885791
            ],
            [
              78.3386242,
              17.48862
            ],
            [
              78.3398688,
              17.4885586
            ],
            [
              78.3408344,
              17.4879958
            ],
            [
              78.3423793,
              17.4867371
            ],
            [
              78.3454263,
              17.4841686
            ],
            [
              78.3461773,
              17.4834318
            ],
            [
              78.347379,
              17.4828844
            ],
            [
              78.3497232,
              17.4823139
            ],
            [
              78.3503804,
              17.482319
            ],
            [
              78.3606371,
              17.4823983
            ],
            [
              78.3604306,
              17.4839947
            ],
            [
              78.363778,
              17.4832937
            ],
            [
              78.3635151,
              17.4846854
            ],
            [
              78.3636063,
              17.485852
            ],
            [
              78.3623832,
              17.486645
            ],
            [
              78.3620989,
              17.488047
            ],
            [
              78.3610529,
              17.4881339
            ],
            [
              78.3608758,
              17.4892954
            ],
            [
              78.3598177,
              17.4894642
            ],
            [
              78.3600175,
              17.4920582
            ],
            [
              78.3581078,
              17.4958852
            ],
            [
              78.353312,
              17.4947289
            ],
            [
              78.3492672,
              17.4939206
            ],
            [
              78.348189,
              17.4941201
            ],
            [
              78.3478857,
              17.4941784
            ]
          ]
        ]
      }
    },
    {
      "type": "Feature",
      "properties": {
        "area_id": "A-WARD-VIVEKANANDA-NAGAR-COLONY",
        "area_name": "Ward 122 Vivekananda Nagar Colony",
        "district_id": "D-MEDCHAL-MALKAJGIRI",
        "risk_score": 0.49,
        "risk_level": "MEDIUM",
        "high_risk_atm_count": 16,
        "atm_ids": [
          "ATM-MEDCHAL-MALKAJGIRI-HYD69",
          "ATM-MEDCHAL-MALKAJGIRI-47577",
          "ATM-MEDCHAL-MALKAJGIRI-06203",
          "ATM-MEDCHAL-MALKAJGIRI-19365",
          "ATM-MEDCHAL-MALKAJGIRI-19009",
          "ATM-MEDCHAL-MALKAJGIRI-19101",
          "ATM-MEDCHAL-MALKAJGIRI-19008",
          "ATM-MEDCHAL-MALKAJGIRI-64069",
          "ATM-MEDCHAL-MALKAJGIRI-8E017",
          "ATM-MEDCHAL-MALKAJGIRI-36901",
          "ATM-MEDCHAL-MALKAJGIRI-N9252",
          "ATM-MEDCHAL-MALKAJGIRI-46705",
          "ATM-MEDCHAL-MALKAJGIRI-19352",
          "ATM-MEDCHAL-MALKAJGIRI-19330",
          "ATM-MEDCHAL-MALKAJGIRI-61001",
          "ATM-MEDCHAL-MALKAJGIRI-WK493",
          "ATM-MEDCHAL-MALKAJGIRI-16105",
          "ATM-MEDCHAL-MALKAJGIRI-47125",
          "ATM-MEDCHAL-MALKAJGIRI-77040",
          "ATM-MEDCHAL-MALKAJGIRI-NHE41",
          "ATM-MEDCHAL-MALKAJGIRI-NHD26",
          "ATM-MEDCHAL-MALKAJGIRI-NQ818",
          "ATM-MEDCHAL-MALKAJGIRI-WN752",
          "ATM-MEDCHAL-MALKAJGIRI-14624",
          "ATM-MEDCHAL-MALKAJGIRI-WM147",
          "ATM-MEDCHAL-MALKAJGIRI-WM146",
          "ATM-MEDCHAL-MALKAJGIRI-02150",
          "ATM-MEDCHAL-MALKAJGIRI-68601",
          "ATM-MEDCHAL-MALKAJGIRI-19314",
          "ATM-MEDCHAL-MALKAJGIRI-30501",
          "ATM-MEDCHAL-MALKAJGIRI-8E026",
          "ATM-MEDCHAL-MALKAJGIRI-CHD36",
          "ATM-MEDCHAL-MALKAJGIRI-19310",
          "ATM-MEDCHAL-MALKAJGIRI-13504",
          "ATM-MEDCHAL-MALKAJGIRI-CHD52",
          "ATM-MEDCHAL-MALKAJGIRI-NHY14",
          "ATM-MEDCHAL-MALKAJGIRI-DK573",
          "ATM-MEDCHAL-MALKAJGIRI-CHD21",
          "ATM-MEDCHAL-MALKAJGIRI-12143",
          "ATM-MEDCHAL-MALKAJGIRI-12142",
          "ATM-MEDCHAL-MALKAJGIRI-NVS08"
        ]
      },
      "geometry": {
        "type": "Polygon",
        "coordinates": [
          [
            [
              78.4045316,
              17.4957932
            ],
            [
              78.4049231,
              17.4945857
            ],
            [
              78.403991,
              17.4927425
            ],
            [
              78.4066504,
              17.4915824
            ],
            [
              78.4124869,
              17.4839729
            ],
            [
              78.412615,
              17.4841552
            ],
            [
              78.4127391,
              17.4845114
            ],
            [
              78.4130797,
              17.4855629
            ],
            [
              78.4129268,
              17.4860157
            ],
            [
              78.4128356,
              17.4861948
            ],
            [
              78.4137958,
              17.4876837
            ],
            [
              78.4148473,
              17.4949285
            ],
            [
              78.4168804,
              17.4964224
            ],
            [
              78.4204209,
              17.4962689
            ],
            [
              78.4204263,
              17.4977578
            ],
            [
              78.4215582,
              17.4976759
            ],
            [
              78.4240312,
              17.4994256
            ],
            [
              78.4268716,
              17.4988373
            ],
            [
              78.427207,
              17.4989908
            ],
            [
              78.427207,
              17.5004898
            ],
            [
              78.4265955,
              17.5013698
            ],
            [
              78.4204459,
              17.5027639
            ],
            [
              78.4176101,
              17.5010986
            ],
            [
              78.4152819,
              17.5000703
            ],
            [
              78.4139301,
              17.4994103
            ],
            [
              78.4122349,
              17.4988015
            ],
            [
              78.4107436,
              17.4982592
            ],
            [
              78.4099336,
              17.4982745
            ],
            [
              78.4071682,
              17.4971567
            ],
            [
              78.4064293,
              17.4965772
            ],
            [
              78.4045316,
              17.4957932
            ]
          ]
        ]
      }
    },
    {
      "type": "Feature",
      "properties": {
        "area_id": "A-WARD-CHANDANAGAR",
        "area_name": "Ward 110 Chandanagar",
        "district_id": "D-RANGA-REDDY",
        "risk_score": 0.35,
        "risk_level": "LOW",
        "high_risk_atm_count": 19,
        "atm_ids": [
          "ATM-RANGA-REDDY-14621",
          "ATM-RANGA-REDDY-WB659",
          "ATM-RANGA-REDDY-WJ219",
          "ATM-RANGA-REDDY-CHD02",
          "ATM-RANGA-REDDY-CHD79",
          "ATM-RANGA-REDDY-16286",
          "ATM-RANGA-REDDY-45702",
          "ATM-RANGA-REDDY-45706",
          "ATM-RANGA-REDDY-NHD46",
          "ATM-RANGA-REDDY-53808",
          "ATM-RANGA-REDDY-20003",
          "ATM-RANGA-REDDY-20101",
          "ATM-RANGA-REDDY-01608",
          "ATM-RANGA-REDDY-53809",
          "ATM-RANGA-REDDY-53810",
          "ATM-RANGA-REDDY-53811",
          "ATM-RANGA-REDDY-NMG72",
          "ATM-RANGA-REDDY-47322",
          "ATM-RANGA-REDDY-16188",
          "ATM-RANGA-REDDY-D8731",
          "ATM-RANGA-REDDY-NHE52",
          "ATM-RANGA-REDDY-NHD27",
          "ATM-RANGA-REDDY-NHD10",
          "ATM-RANGA-REDDY-80002",
          "ATM-RANGA-REDDY-80001",
          "ATM-RANGA-REDDY-00814",
          "ATM-RANGA-REDDY-00818",
          "ATM-RANGA-REDDY-NM564",
          "ATM-RANGA-REDDY-NM954",
          "ATM-RANGA-REDDY-NSD50",
          "ATM-RANGA-REDDY-WC543",
          "ATM-RANGA-REDDY-WC577",
          "ATM-RANGA-REDDY-85001",
          "ATM-RANGA-REDDY-85001",
          "ATM-RANGA-REDDY-03102",
          "ATM-RANGA-REDDY-03101",
          "ATM-RANGA-REDDY-16200",
          "ATM-RANGA-REDDY-WF117",
          "ATM-RANGA-REDDY-16217",
          "ATM-RANGA-REDDY-WJ006",
          "ATM-RANGA-REDDY-WF716",
          "ATM-RANGA-REDDY-20004",
          "ATM-RANGA-REDDY-35621",
          "ATM-RANGA-REDDY-01607",
          "ATM-RANGA-REDDY-NP176",
          "ATM-RANGA-REDDY-53807",
          "ATM-RANGA-REDDY-53815",
          "ATM-RANGA-REDDY-11401",
          "ATM-RANGA-REDDY-WN607",
          "ATM-MEDCHAL-MALKAJGIRI-27001",
          "ATM-MEDCHAL-MALKAJGIRI-27101",
          "ATM-SANGAREDDY-16166",
          "ATM-SANGAREDDY-NC290",
          "ATM-SANGAREDDY-89001",
          "ATM-SANGAREDDY-64001",
          "ATM-SANGAREDDY-53818",
          "ATM-SANGAREDDY-53825",
          "ATM-SANGAREDDY-NF417"
        ]
      },
      "geometry": {
        "type": "Polygon",
        "coordinates": [
          [
            [
              78.3415532,
              17.5179963
            ],
            [
              78.3369827,
              17.5182214
            ],
            [
              78.3367252,
              17.5172597
            ],
            [
              78.3338727,
              17.5170742
            ],
            [
              78.3371115,
              17.515991
            ],
            [
              78.3351374,
              17.5125941
            ],
            [
              78.3341503,
              17.5122463
            ],
            [
              78.3347726,
              17.5113868
            ],
            [
              78.3346438,
              17.5071099
            ],
            [
              78.3313554,
              17.5054217
            ],
            [
              78.3275574,
              17.5079899
            ],
            [
              78.3241939,
              17.5085015
            ],
            [
              78.3225846,
              17.5084401
            ],
            [
              78.3224559,
              17.5071099
            ],
            [
              78.3225846,
              17.5061686
            ],
            [
              78.3208895,
              17.505923
            ],
            [
              78.3165979,
              17.5062095
            ],
            [
              78.316319,
              17.5083992
            ],
            [
              78.3081436,
              17.5079899
            ],
            [
              78.308959,
              17.5070895
            ],
            [
              78.3102035,
              17.5059435
            ],
            [
              78.313036,
              17.5048385
            ],
            [
              78.3141518,
              17.5036106
            ],
            [
              78.3142376,
              17.5015233
            ],
            [
              78.3156109,
              17.5003363
            ],
            [
              78.3162975,
              17.4994768
            ],
            [
              78.3166838,
              17.4977782
            ],
            [
              78.3169627,
              17.4969085
            ],
            [
              78.3160159,
              17.4932784
            ],
            [
              78.316201,
              17.4918536
            ],
            [
              78.316834,
              17.4908712
            ],
            [
              78.3178961,
              17.4902573
            ],
            [
              78.3184755,
              17.4900731
            ],
            [
              78.3190441,
              17.4897661
            ],
            [
              78.3194303,
              17.4892033
            ],
            [
              78.3199239,
              17.4885279
            ],
            [
              78.3201492,
              17.4878832
            ],
            [
              78.3201384,
              17.4870953
            ],
            [
              78.3199668,
              17.4854273
            ],
            [
              78.3201706,
              17.4850487
            ],
            [
              78.3205461,
              17.4846803
            ],
            [
              78.3227992,
              17.4856524
            ],
            [
              78.3239257,
              17.4862767
            ],
            [
              78.325299,
              17.4867781
            ],
            [
              78.325873,
              17.4871823
            ],
            [
              78.3267045,
              17.4870134
            ],
            [
              78.3277142,
              17.486935
            ],
            [
              78.3276164,
              17.4909736
            ],
            [
              78.3245373,
              17.4914136
            ],
            [
              78.3245802,
              17.4938387
            ],
            [
              78.3256102,
              17.493941
            ],
            [
              78.3265543,
              17.4945141
            ],
            [
              78.3262324,
              17.4949848
            ],
            [
              78.3267903,
              17.4949848
            ],
            [
              78.3308029,
              17.4948108
            ],
            [
              78.3346009,
              17.4952201
            ],
            [
              78.3398151,
              17.4948517
            ],
            [
              78.3426046,
              17.4950973
            ],
            [
              78.3467245,
              17.4944015
            ],
            [
              78.3478857,
              17.4941784
            ],
            [
              78.3484626,
              17.4983717
            ],
            [
              78.3425188,
              17.4991494
            ],
            [
              78.3421755,
              17.504552
            ],
            [
              78.3456194,
              17.5088391
            ],
            [
              78.3490634,
              17.513208
            ],
            [
              78.3477867,
              17.5149883
            ],
            [
              78.3460808,
              17.516523
            ],
            [
              78.3415532,
              17.5179963
            ]
          ]
        ]
      }
    },
    {
      "type": "Feature",
      "properties": {
        "area_id": "A-WARD-ALWAL",
        "area_name": "Ward 134 Alwal",
        "district_id": "D-MEDCHAL-MALKAJGIRI",
        "risk_score": 0.46,
        "risk_level": "MEDIUM",
        "high_risk_atm_count": 17,
        "atm_ids": [
          "ATM-HYDERABAD-37801",
          "ATM-HYDERABAD-NHD17",
          "ATM-HYDERABAD-16198",
          "ATM-HYDERABAD-D5984",
          "ATM-HYDERABAD-16254",
          "ATM-HYDERABAD-14003",
          "ATM-HYDERABAD-14101",
          "ATM-HYDERABAD-42708",
          "ATM-HYDERABAD-13502",
          "ATM-HYDERABAD-26233",
          "ATM-HYDERABAD-9WS02",
          "ATM-HYDERABAD-CHY14",
          "ATM-MEDCHAL-MALKAJGIRI-D9930",
          "ATM-MEDCHAL-MALKAJGIRI-NHB47",
          "ATM-MEDCHAL-MALKAJGIRI-NHD70",
          "ATM-MEDCHAL-MALKAJGIRI-CHY56",
          "ATM-HYDERABAD-08340",
          "ATM-MEDCHAL-MALKAJGIRI-NM579",
          "ATM-HYDERABAD-16071",
          "ATM-HYDERABAD-47106",
          "ATM-HYDERABAD-NHE03",
          "ATM-HYDERABAD-47392",
          "ATM-HYDERABAD-07205",
          "ATM-MEDCHAL-MALKAJGIRI-20001",
          "ATM-MEDCHAL-MALKAJGIRI-83001",
          "ATM-MEDCHAL-MALKAJGIRI-PS160",
          "ATM-MEDCHAL-MALKAJGIRI-NQ313",
          "ATM-MEDCHAL-MALKAJGIRI-11212",
          "ATM-MEDCHAL-MALKAJGIRI-CHY13",
          "ATM-MEDCHAL-MALKAJGIRI-10001",
          "ATM-MEDCHAL-MALKAJGIRI-11111",
          "ATM-MEDCHAL-MALKAJGIRI-NQ834",
          "ATM-MEDCHAL-MALKAJGIRI-NQ835",
          "ATM-MEDCHAL-MALKAJGIRI-NHY01",
          "ATM-MEDCHAL-MALKAJGIRI-B5984",
          "ATM-MEDCHAL-MALKAJGIRI-34001",
          "ATM-MEDCHAL-MALKAJGIRI-34101",
          "ATM-MEDCHAL-MALKAJGIRI-46001",
          "ATM-MEDCHAL-MALKAJGIRI-86201",
          "ATM-MEDCHAL-MALKAJGIRI-D8483",
          "ATM-MEDCHAL-MALKAJGIRI-NHB48",
          "ATM-MEDCHAL-MALKAJGIRI-16189",
          "ATM-MEDCHAL-MALKAJGIRI-16223",
          "ATM-MEDCHAL-MALKAJGIRI-10004",
          "ATM-MEDCHAL-MALKAJGIRI-B6318",
          "ATM-MEDCHAL-MALKAJGIRI-B9930",
          "ATM-MEDCHAL-MALKAJGIRI-RGR01",
          "ATM-MEDCHAL-MALKAJGIRI-04885"
        ]
      },
      "geometry": {
        "type": "Polygon",
        "coordinates": [
          [
            [
              78.49224,
              17.4928767
            ],
            [
              78.4935382,
              17.4927335
            ],
            [
              78.4934524,
              17.4911525
            ],
            [
              78.4958395,
              17.4902674
            ],
            [
              78.497422,
              17.4942274
            ],
            [
              78.4960219,
              17.4963405
            ],
            [
              78.49592,
              17.5003106
            ],
            [
              78.497245,
              17.5005715
            ],
            [
              78.4981301,
              17.4990776
            ],
            [
              78.5005119,
              17.4987297
            ],
            [
              78.5020998,
              17.5011906
            ],
            [
              78.5027221,
              17.5002185
            ],
            [
              78.5061607,
              17.4997888
            ],
            [
              78.5071102,
              17.4968879
            ],
            [
              78.5051843,
              17.4963456
            ],
            [
              78.5051951,
              17.4957316
            ],
            [
              78.5066005,
              17.4947698
            ],
            [
              78.5060748,
              17.4929944
            ],
            [
              78.5077485,
              17.4928153
            ],
            [
              78.5072255,
              17.4918842
            ],
            [
              78.5094091,
              17.4916564
            ],
            [
              78.5126221,
              17.4913214
            ],
            [
              78.5125299,
              17.4931875
            ],
            [
              78.5131673,
              17.4977142
            ],
            [
              78.5140521,
              17.5010595
            ],
            [
              78.5140868,
              17.5023433
            ],
            [
              78.5150012,
              17.503709
            ],
            [
              78.5144685,
              17.5079611
            ],
            [
              78.5100898,
              17.508857
            ],
            [
              78.5098591,
              17.5105708
            ],
            [
              78.507533,
              17.5092983
            ],
            [
              78.5055049,
              17.5091058
            ],
            [
              78.5032193,
              17.508811
            ],
            [
              78.5017802,
              17.5082457
            ],
            [
              78.4989033,
              17.5068823
            ],
            [
              78.4973124,
              17.5065293
            ],
            [
              78.4928754,
              17.5065526
            ],
            [
              78.4898975,
              17.5057369
            ],
            [
              78.4874837,
              17.5048575
            ],
            [
              78.4840399,
              17.5025455
            ],
            [
              78.4822592,
              17.501646
            ],
            [
              78.4817792,
              17.5007098
            ],
            [
              78.4897657,
              17.5045263
            ],
            [
              78.4919047,
              17.5047642
            ],
            [
              78.4926611,
              17.5025233
            ],
            [
              78.4932807,
              17.4978344
            ],
            [
              78.4935462,
              17.4969544
            ],
            [
              78.4930433,
              17.4948951
            ],
            [
              78.49224,
              17.4928767
            ]
          ]
        ]
      }
    },
    {
      "type": "Feature",
      "properties": {
        "area_id": "A-WARD-CHINTAL",
        "area_name": "Ward 128 Chintal",
        "district_id": "D-MEDCHAL-MALKAJGIRI",
        "risk_score": 0.44,
        "risk_level": "MEDIUM",
        "high_risk_atm_count": 6,
        "atm_ids": [
          "ATM-HYDERABAD-30412",
          "ATM-HYDERABAD-30406",
          "ATM-HYDERABAD-30411",
          "ATM-MEDCHAL-MALKAJGIRI-NHD48",
          "ATM-MEDCHAL-MALKAJGIRI-Y8051",
          "ATM-MEDCHAL-MALKAJGIRI-12005",
          "ATM-MEDCHAL-MALKAJGIRI-30431",
          "ATM-MEDCHAL-MALKAJGIRI-30424",
          "ATM-MEDCHAL-MALKAJGIRI-16235",
          "ATM-MEDCHAL-MALKAJGIRI-DH856",
          "ATM-MEDCHAL-MALKAJGIRI-NHE53",
          "ATM-MEDCHAL-MALKAJGIRI-WE870",
          "ATM-MEDCHAL-MALKAJGIRI-30406"
        ]
      },
      "geometry": {
        "type": "Polygon",
        "coordinates": [
          [
            [
              78.4373511,
              17.5166663
            ],
            [
              78.4366511,
              17.5158299
            ],
            [
              78.4324185,
              17.5125737
            ],
            [
              78.4319129,
              17.5113626
            ],
            [
              78.431461,
              17.5099979
            ],
            [
              78.4314288,
              17.5086927
            ],
            [
              78.4318043,
              17.5082675
            ],
            [
              78.4313537,
              17.5074988
            ],
            [
              78.4301467,
              17.5035186
            ],
            [
              78.4302862,
              17.5030581
            ],
            [
              78.4303666,
              17.5027409
            ],
            [
              78.4305544,
              17.5024339
            ],
            [
              78.4306939,
              17.5019172
            ],
            [
              78.4324963,
              17.4999092
            ],
            [
              78.4330059,
              17.497768
            ],
            [
              78.4355916,
              17.4963508
            ],
            [
              78.4380431,
              17.497062
            ],
            [
              78.4420289,
              17.4962587
            ],
            [
              78.4434612,
              17.4951792
            ],
            [
              78.444298,
              17.4950308
            ],
            [
              78.4451402,
              17.4951025
            ],
            [
              78.4455265,
              17.4942864
            ],
            [
              78.4459127,
              17.4887224
            ],
            [
              78.450215,
              17.487612
            ],
            [
              78.4520818,
              17.4941406
            ],
            [
              78.452173,
              17.4959825
            ],
            [
              78.4517438,
              17.4987248
            ],
            [
              78.4476267,
              17.5110646
            ],
            [
              78.4456566,
              17.5116119
            ],
            [
              78.4432573,
              17.5124049
            ],
            [
              78.44256,
              17.5127118
            ],
            [
              78.4420879,
              17.512896
            ],
            [
              78.4417821,
              17.5140675
            ],
            [
              78.4373511,
              17.5166663
            ]
          ]
        ]
      }
    },
    {
      "type": "Feature",
      "properties": {
        "area_id": "A-WARD-RAMACHANDRAPURAM",
        "area_name": "Ward 112 Ramachandrapuram",
        "district_id": "D-SANGAREDDY",
        "risk_score": 0.41,
        "risk_level": "MEDIUM",
        "high_risk_atm_count": 7,
        "atm_ids": [
          "ATM-RANGA-REDDY-WF672",
          "ATM-RANGA-REDDY-16197",
          "ATM-RANGA-REDDY-81701",
          "ATM-SANGAREDDY-75010",
          "ATM-SANGAREDDY-D9348",
          "ATM-SANGAREDDY-WF671",
          "ATM-SANGAREDDY-20243",
          "ATM-SANGAREDDY-36501",
          "ATM-SANGAREDDY-68701",
          "ATM-SANGAREDDY-89621",
          "ATM-SANGAREDDY-WHY33",
          "ATM-SANGAREDDY-WD622",
          "ATM-SANGAREDDY-WJ250",
          "ATM-SANGAREDDY-53812",
          "ATM-SANGAREDDY-80927",
          "ATM-SANGAREDDY-8WS06",
          "ATM-SANGAREDDY-NHD29",
          "ATM-SANGAREDDY-25101",
          "ATM-SANGAREDDY-25001",
          "ATM-SANGAREDDY-MDK03",
          "ATM-SANGAREDDY-WF801",
          "ATM-SANGAREDDY-WF620",
          "ATM-SANGAREDDY-NQ122",
          "ATM-SANGAREDDY-NP371",
          "ATM-SANGAREDDY-D7281"
        ]
      },
      "geometry": {
        "type": "Polygon",
        "coordinates": [
          [
            [
              78.2873298,
              17.52436
            ],
            [
              78.2859136,
              17.5239507
            ],
            [
              78.2811714,
              17.5171777
            ],
            [
              78.2813645,
              17.5153566
            ],
            [
              78.2831025,
              17.5140879
            ],
            [
              78.2827163,
              17.5130239
            ],
            [
              78.2827762,
              17.5118613
            ],
            [
              78.2829094,
              17.5092791
            ],
            [
              78.2890892,
              17.5080103
            ],
            [
              78.2880163,
              17.5105478
            ],
            [
              78.2891321,
              17.5112845
            ],
            [
              78.2913637,
              17.5103841
            ],
            [
              78.2931447,
              17.5072327
            ],
            [
              78.2942176,
              17.5074169
            ],
            [
              78.2952261,
              17.5089926
            ],
            [
              78.3001264,
              17.5081119
            ],
            [
              78.3037663,
              17.5074578
            ],
            [
              78.3067922,
              17.5057052
            ],
            [
              78.3107615,
              17.503406
            ],
            [
              78.3127946,
              17.4995791
            ],
            [
              78.3132559,
              17.4986889
            ],
            [
              78.3138192,
              17.4977885
            ],
            [
              78.3149296,
              17.4960899
            ],
            [
              78.3149242,
              17.4941559
            ],
            [
              78.3152461,
              17.4941559
            ],
            [
              78.3160159,
              17.4932784
            ],
            [
              78.3169627,
              17.4969085
            ],
            [
              78.3166838,
              17.4977782
            ],
            [
              78.3162975,
              17.4994768
            ],
            [
              78.3156109,
              17.5003363
            ],
            [
              78.3142376,
              17.5015233
            ],
            [
              78.3141518,
              17.5036106
            ],
            [
              78.313036,
              17.5048385
            ],
            [
              78.3102035,
              17.5059435
            ],
            [
              78.308959,
              17.5070895
            ],
            [
              78.3081436,
              17.5079899
            ],
            [
              78.3066201,
              17.5082764
            ],
            [
              78.3059228,
              17.510732
            ],
            [
              78.3015668,
              17.5104762
            ],
            [
              78.2996035,
              17.5129829
            ],
            [
              78.2938528,
              17.5132285
            ],
            [
              78.2909131,
              17.5143233
            ],
            [
              78.2898617,
              17.5160114
            ],
            [
              78.290484,
              17.5177098
            ],
            [
              78.2896042,
              17.5195617
            ],
            [
              78.2884562,
              17.5197254
            ],
            [
              78.2884562,
              17.5203597
            ],
            [
              78.2879305,
              17.5219558
            ],
            [
              78.2874584,
              17.5222934
            ],
            [
              78.2874799,
              17.5231528
            ],
            [
              78.2873298,
              17.52436
            ]
          ]
        ]
      }
    },
    {
      "type": "Feature",
      "properties": {
        "area_id": "A-WARD-MIYAPUR",
        "area_name": "Ward 108 Miyapur",
        "district_id": "D-MEDCHAL-MALKAJGIRI",
        "risk_score": 0.44,
        "risk_level": "MEDIUM",
        "high_risk_atm_count": 10,
        "atm_ids": [
          "ATM-MEDCHAL-MALKAJGIRI-08003",
          "ATM-MEDCHAL-MALKAJGIRI-08101",
          "ATM-MEDCHAL-MALKAJGIRI-08004",
          "ATM-MEDCHAL-MALKAJGIRI-08005",
          "ATM-MEDCHAL-MALKAJGIRI-28901",
          "ATM-MEDCHAL-MALKAJGIRI-WTA02",
          "ATM-MEDCHAL-MALKAJGIRI-81717",
          "ATM-MEDCHAL-MALKAJGIRI-81708",
          "ATM-MEDCHAL-MALKAJGIRI-NHY62",
          "ATM-MEDCHAL-MALKAJGIRI-B9349",
          "ATM-MEDCHAL-MALKAJGIRI-WF959",
          "ATM-MEDCHAL-MALKAJGIRI-WC358",
          "ATM-MEDCHAL-MALKAJGIRI-D1887",
          "ATM-MEDCHAL-MALKAJGIRI-WM327",
          "ATM-MEDCHAL-MALKAJGIRI-11601",
          "ATM-MEDCHAL-MALKAJGIRI-3094A",
          "ATM-MEDCHAL-MALKAJGIRI-NHD05",
          "ATM-MEDCHAL-MALKAJGIRI-NHD41",
          "ATM-MEDCHAL-MALKAJGIRI-NHD60",
          "ATM-MEDCHAL-MALKAJGIRI-NHD55",
          "ATM-MEDCHAL-MALKAJGIRI-WN606",
          "ATM-MEDCHAL-MALKAJGIRI-WC700",
          "ATM-MEDCHAL-MALKAJGIRI-WC594",
          "ATM-MEDCHAL-MALKAJGIRI-67004",
          "ATM-MEDCHAL-MALKAJGIRI-63200",
          "ATM-MEDCHAL-MALKAJGIRI-70003",
          "ATM-MEDCHAL-MALKAJGIRI-M2411",
          "ATM-MEDCHAL-MALKAJGIRI-16226",
          "ATM-MEDCHAL-MALKAJGIRI-81720",
          "ATM-MEDCHAL-MALKAJGIRI-54621"
        ]
      },
      "geometry": {
        "type": "Polygon",
        "coordinates": [
          [
            [
              78.3415532,
              17.5179963
            ],
            [
              78.3460808,
              17.516523
            ],
            [
              78.3477867,
              17.5149883
            ],
            [
              78.3490634,
              17.513208
            ],
            [
              78.3456194,
              17.5088391
            ],
            [
              78.3421755,
              17.504552
            ],
            [
              78.3425188,
              17.4991494
            ],
            [
              78.3484626,
              17.4983717
            ],
            [
              78.3478857,
              17.4941784
            ],
            [
              78.348189,
              17.4941201
            ],
            [
              78.3492672,
              17.4939206
            ],
            [
              78.353312,
              17.4947289
            ],
            [
              78.3581078,
              17.4958852
            ],
            [
              78.3599317,
              17.4964378
            ],
            [
              78.361541,
              17.4965401
            ],
            [
              78.3738095,
              17.4965452
            ],
            [
              78.3738625,
              17.4971272
            ],
            [
              78.3745163,
              17.5020419
            ],
            [
              78.375256,
              17.5069565
            ],
            [
              78.3732636,
              17.5074284
            ],
            [
              78.3732269,
              17.5129268
            ],
            [
              78.3721679,
              17.5146021
            ],
            [
              78.3709348,
              17.514691
            ],
            [
              78.3709348,
              17.5167193
            ],
            [
              78.3706672,
              17.5190987
            ],
            [
              78.3686449,
              17.5188615
            ],
            [
              78.3660217,
              17.5189107
            ],
            [
              78.3644371,
              17.5200617
            ],
            [
              78.3624664,
              17.5211309
            ],
            [
              78.3602603,
              17.5195419
            ],
            [
              78.35135,
              17.5213074
            ],
            [
              78.350206,
              17.5206935
            ],
            [
              78.3421768,
              17.5208649
            ],
            [
              78.3415592,
              17.5191908
            ],
            [
              78.3415532,
              17.5179963
            ]
          ]
        ]
      }
    },
    {
      "type": "Feature",
      "properties": {
        "area_id": "A-WARD-JEEDIMETLA",
        "area_name": "Ward 132 Jeedimetla",
        "district_id": "D-MEDCHAL-MALKAJGIRI",
        "risk_score": 0.43,
        "risk_level": "MEDIUM",
        "high_risk_atm_count": 7,
        "atm_ids": [
          "ATM-MEDCHAL-MALKAJGIRI-NF348",
          "ATM-MEDCHAL-MALKAJGIRI-WC571",
          "ATM-MEDCHAL-MALKAJGIRI-CHD05",
          "ATM-MEDCHAL-MALKAJGIRI-WF777",
          "ATM-MEDCHAL-MALKAJGIRI-WF796",
          "ATM-MEDCHAL-MALKAJGIRI-WG059",
          "ATM-MEDCHAL-MALKAJGIRI-39036",
          "ATM-MEDCHAL-MALKAJGIRI-70002",
          "ATM-MEDCHAL-MALKAJGIRI-70001",
          "ATM-MEDCHAL-MALKAJGIRI-96005",
          "ATM-MEDCHAL-MALKAJGIRI-77501",
          "ATM-MEDCHAL-MALKAJGIRI-95004",
          "ATM-MEDCHAL-MALKAJGIRI-CTE03",
          "ATM-MEDCHAL-MALKAJGIRI-13101",
          "ATM-MEDCHAL-MALKAJGIRI-13002",
          "ATM-MEDCHAL-MALKAJGIRI-13001",
          "ATM-MEDCHAL-MALKAJGIRI-30411",
          "ATM-MEDCHAL-MALKAJGIRI-RGR21",
          "ATM-MEDCHAL-MALKAJGIRI-SHY07",
          "ATM-MEDCHAL-MALKAJGIRI-NQ893",
          "ATM-MEDCHAL-MALKAJGIRI-NHD23",
          "ATM-MEDCHAL-MALKAJGIRI-NHY91",
          "ATM-MEDCHAL-MALKAJGIRI-NHY66",
          "ATM-MEDCHAL-MALKAJGIRI-Y8036",
          "ATM-MEDCHAL-MALKAJGIRI-30427",
          "ATM-MEDCHAL-MALKAJGIRI-70214",
          "ATM-MEDCHAL-MALKAJGIRI-30434",
          "ATM-MEDCHAL-MALKAJGIRI-98700",
          "ATM-MEDCHAL-MALKAJGIRI-16120",
          "ATM-MEDCHAL-MALKAJGIRI-95002",
          "ATM-MEDCHAL-MALKAJGIRI-NQ806",
          "ATM-MEDCHAL-MALKAJGIRI-NHE17",
          "ATM-MEDCHAL-MALKAJGIRI-75001"
        ]
      },
      "geometry": {
        "type": "Polygon",
        "coordinates": [
          [
            [
              78.4702565,
              17.4958239
            ],
            [
              78.4741403,
              17.4958955
            ],
            [
              78.4789146,
              17.4945653
            ],
            [
              78.4817792,
              17.5007098
            ],
            [
              78.4822592,
              17.501646
            ],
            [
              78.4837829,
              17.5057881
            ],
            [
              78.4851993,
              17.509439
            ],
            [
              78.4848888,
              17.5140716
            ],
            [
              78.4846146,
              17.5144997
            ],
            [
              78.4847558,
              17.5155689
            ],
            [
              78.485488,
              17.5199492
            ],
            [
              78.4853404,
              17.5205234
            ],
            [
              78.4939255,
              17.5217166
            ],
            [
              78.4949005,
              17.5232168
            ],
            [
              78.5006156,
              17.5228683
            ],
            [
              78.5022055,
              17.5258691
            ],
            [
              78.5005492,
              17.5274191
            ],
            [
              78.4930445,
              17.5272554
            ],
            [
              78.4909953,
              17.5316239
            ],
            [
              78.4888603,
              17.5316137
            ],
            [
              78.4840967,
              17.5247489
            ],
            [
              78.4786142,
              17.5247591
            ],
            [
              78.4651066,
              17.5290253
            ],
            [
              78.4652783,
              17.5227027
            ],
            [
              78.4669305,
              17.5221297
            ],
            [
              78.464892,
              17.5161138
            ],
            [
              78.4653319,
              17.5157762
            ],
            [
              78.4651012,
              17.5154027
            ],
            [
              78.4654714,
              17.5137606
            ],
            [
              78.4649135,
              17.511745
            ],
            [
              78.4656001,
              17.5113408
            ],
            [
              78.4653963,
              17.5110057
            ],
            [
              78.4669734,
              17.5084196
            ],
            [
              78.4669091,
              17.5076113
            ],
            [
              78.4677352,
              17.5060714
            ],
            [
              78.4682877,
              17.5055777
            ],
            [
              78.4678451,
              17.5049932
            ],
            [
              78.4667012,
              17.5063586
            ],
            [
              78.4658147,
              17.5071202
            ],
            [
              78.464656,
              17.5078211
            ],
            [
              78.45971,
              17.5076523
            ],
            [
              78.4593452,
              17.5083992
            ],
            [
              78.4576447,
              17.510067
            ],
            [
              78.4555579,
              17.5115915
            ],
            [
              78.4553326,
              17.510998
            ],
            [
              78.4545816,
              17.5088392
            ],
            [
              78.4544851,
              17.5077444
            ],
            [
              78.4564699,
              17.5063937
            ],
            [
              78.4556867,
              17.505744
            ],
            [
              78.4552683,
              17.5047055
            ],
            [
              78.4557618,
              17.5030479
            ],
            [
              78.4612764,
              17.5007661
            ],
            [
              78.4626497,
              17.5017996
            ],
            [
              78.4650422,
              17.5012777
            ],
            [
              78.4655572,
              17.5006945
            ],
            [
              78.4643449,
              17.4981262
            ],
            [
              78.4662868,
              17.4973485
            ],
            [
              78.4679819,
              17.4976759
            ],
            [
              78.4702565,
              17.4958239
            ]
          ]
        ]
      }
    },
    {
      "type": "Feature",
      "properties": {
        "area_id": "A-WARD-JAGATHGIRIGUTTA",
        "area_name": "Ward 126 Jagathgirigutta",
        "district_id": "D-MEDCHAL-MALKAJGIRI",
        "risk_score": 0.6,
        "risk_level": "MEDIUM",
        "high_risk_atm_count": 5,
        "atm_ids": [
          "ATM-MEDCHAL-MALKAJGIRI-WF928",
          "ATM-MEDCHAL-MALKAJGIRI-30403",
          "ATM-MEDCHAL-MALKAJGIRI-WG799",
          "ATM-MEDCHAL-MALKAJGIRI-WM087",
          "ATM-MEDCHAL-MALKAJGIRI-WM270",
          "ATM-MEDCHAL-MALKAJGIRI-WG761",
          "ATM-MEDCHAL-MALKAJGIRI-NHD38",
          "ATM-MEDCHAL-MALKAJGIRI-NVS06",
          "ATM-MEDCHAL-MALKAJGIRI-30405",
          "ATM-MEDCHAL-MALKAJGIRI-WG796",
          "ATM-MEDCHAL-MALKAJGIRI-30503",
          "ATM-MEDCHAL-MALKAJGIRI-47081",
          "ATM-MEDCHAL-MALKAJGIRI-47074"
        ]
      },
      "geometry": {
        "type": "Polygon",
        "coordinates": [
          [
            [
              78.4204459,
              17.5027639
            ],
            [
              78.4265955,
              17.5013698
            ],
            [
              78.427207,
              17.5004898
            ],
            [
              78.427207,
              17.4989908
            ],
            [
              78.4274752,
              17.498735
            ],
            [
              78.4291436,
              17.499262
            ],
            [
              78.4330059,
              17.497768
            ],
            [
              78.4324963,
              17.4999092
            ],
            [
              78.4306939,
              17.5019172
            ],
            [
              78.4305544,
              17.5024339
            ],
            [
              78.4303666,
              17.5027409
            ],
            [
              78.4302862,
              17.5030581
            ],
            [
              78.4301467,
              17.5035186
            ],
            [
              78.4313537,
              17.5074988
            ],
            [
              78.4318043,
              17.5082675
            ],
            [
              78.4314288,
              17.5086927
            ],
            [
              78.431461,
              17.5099979
            ],
            [
              78.4319129,
              17.5113626
            ],
            [
              78.4324185,
              17.5125737
            ],
            [
              78.4313564,
              17.5146891
            ],
            [
              78.4299459,
              17.5141612
            ],
            [
              78.429858,
              17.5128381
            ],
            [
              78.4288882,
              17.5134559
            ],
            [
              78.4274769,
              17.5128375
            ],
            [
              78.4255481,
              17.5140036
            ],
            [
              78.4240363,
              17.5146021
            ],
            [
              78.4196257,
              17.5126632
            ],
            [
              78.4178635,
              17.5135444
            ],
            [
              78.4137368,
              17.513567
            ],
            [
              78.412707,
              17.5106911
            ],
            [
              78.4127499,
              17.5093712
            ],
            [
              78.4167088,
              17.5081946
            ],
            [
              78.4174277,
              17.5073862
            ],
            [
              78.4173204,
              17.5042655
            ],
            [
              78.4194983,
              17.5038051
            ],
            [
              78.4204459,
              17.5027639
            ]
          ]
        ]
      }
    },
    {
      "type": "Feature",
      "properties": {
        "area_id": "A-WARD-MACHA-BOLARUM",
        "area_name": "Ward 133 Macha Bolarum",
        "district_id": "D-MEDCHAL-MALKAJGIRI",
        "risk_score": 0.42,
        "risk_level": "MEDIUM",
        "high_risk_atm_count": 5,
        "atm_ids": [
          "ATM-MEDCHAL-MALKAJGIRI-WHY08",
          "ATM-MEDCHAL-MALKAJGIRI-59003",
          "ATM-MEDCHAL-MALKAJGIRI-NHY22",
          "ATM-MEDCHAL-MALKAJGIRI-26211",
          "ATM-MEDCHAL-MALKAJGIRI-16037",
          "ATM-MEDCHAL-MALKAJGIRI-20001",
          "ATM-MEDCHAL-MALKAJGIRI-16177",
          "ATM-MEDCHAL-MALKAJGIRI-16211",
          "ATM-MEDCHAL-MALKAJGIRI-16007",
          "ATM-MEDCHAL-MALKAJGIRI-NHY05",
          "ATM-MEDCHAL-MALKAJGIRI-16293",
          "ATM-MEDCHAL-MALKAJGIRI-16270",
          "ATM-MEDCHAL-MALKAJGIRI-16241",
          "ATM-MEDCHAL-MALKAJGIRI-80621",
          "ATM-MEDCHAL-MALKAJGIRI-8E020",
          "ATM-MEDCHAL-MALKAJGIRI-CTE01",
          "ATM-MEDCHAL-MALKAJGIRI-22001",
          "ATM-MEDCHAL-MALKAJGIRI-WC502",
          "ATM-MEDCHAL-MALKAJGIRI-52013",
          "ATM-MEDCHAL-MALKAJGIRI-19083",
          "ATM-MEDCHAL-MALKAJGIRI-33001",
          "ATM-MEDCHAL-MALKAJGIRI-01592",
          "ATM-MEDCHAL-MALKAJGIRI-NHY68",
          "ATM-MEDCHAL-MALKAJGIRI-70213",
          "ATM-MEDCHAL-MALKAJGIRI-16184",
          "ATM-MEDCHAL-MALKAJGIRI-89001",
          "ATM-MEDCHAL-MALKAJGIRI-16176"
        ]
      },
      "geometry": {
        "type": "MultiPolygon",
        "coordinates": [
          [
            [
              [
                78.5455862,
                17.5198891
              ],
              [
                78.5473591,
                17.5232551
              ],
              [
                78.5473108,
                17.526529
              ],
              [
                78.5486627,
                17.5269587
              ],
              [
                78.5497141,
                17.5290867
              ],
              [
                78.5480618,
                17.5295982
              ],
              [
                78.5473564,
                17.5308387
              ],
              [
                78.5471821,
                17.5338336
              ],
              [
                78.5522461,
                17.539051
              ],
              [
                78.5497785,
                17.5411584
              ],
              [
                78.5483193,
                17.5404321
              ],
              [
                78.5459322,
                17.5359564
              ],
              [
                78.5442531,
                17.5353375
              ],
              [
                78.5365874,
                17.5380843
              ],
              [
                78.5330629,
                17.5373631
              ],
              [
                78.5322609,
                17.5334704
              ],
              [
                78.5322797,
                17.5322275
              ],
              [
                78.5334974,
                17.5248358
              ],
              [
                78.5351014,
                17.5240327
              ],
              [
                78.5359865,
                17.5230658
              ],
              [
                78.5381699,
                17.5237053
              ],
              [
                78.5368609,
                17.5172801
              ],
              [
                78.5387921,
                17.5171881
              ],
              [
                78.5387814,
                17.5156841
              ],
              [
                78.539747,
                17.515592
              ],
              [
                78.5405624,
                17.5182623
              ],
              [
                78.5439849,
                17.5184056
              ],
              [
                78.5455862,
                17.5198891
              ]
            ]
          ],
          [
            [
              [
                78.5144685,
                17.5079611
              ],
              [
                78.5151679,
                17.5104273
              ],
              [
                78.5159746,
                17.5130162
              ],
              [
                78.5161925,
                17.5148676
              ],
              [
                78.5161664,
                17.5158513
              ],
              [
                78.5157241,
                17.5176733
              ],
              [
                78.5151102,
                17.5194543
              ],
              [
                78.5138342,
                17.5233382
              ],
              [
                78.5136297,
                17.524119
              ],
              [
                78.5134268,
                17.5254263
              ],
              [
                78.5136317,
                17.5273884
              ],
              [
                78.5163917,
                17.5267752
              ],
              [
                78.5221259,
                17.5360386
              ],
              [
                78.5219639,
                17.5367893
              ],
              [
                78.521244,
                17.5370081
              ],
              [
                78.5191216,
                17.5368127
              ],
              [
                78.519098,
                17.5378592
              ],
              [
                78.5171141,
                17.537941
              ],
              [
                78.5172889,
                17.5389183
              ],
              [
                78.5161442,
                17.5406332
              ],
              [
                78.5178775,
                17.5418787
              ],
              [
                78.51798,
                17.5422241
              ],
              [
                78.5172718,
                17.5425618
              ],
              [
                78.5178083,
                17.5435392
              ],
              [
                78.515598,
                17.544859
              ],
              [
                78.5140108,
                17.544065
              ],
              [
                78.5065133,
                17.5462698
              ],
              [
                78.5064232,
                17.5368337
              ],
              [
                78.5005492,
                17.5274191
              ],
              [
                78.5022055,
                17.5258691
              ],
              [
                78.5006156,
                17.5228683
              ],
              [
                78.4949005,
                17.5232168
              ],
              [
                78.4939255,
                17.5217166
              ],
              [
                78.4853404,
                17.5205234
              ],
              [
                78.485488,
                17.5199492
              ],
              [
                78.4847558,
                17.5155689
              ],
              [
                78.4846146,
                17.5144997
              ],
              [
                78.4848888,
                17.5140716
              ],
              [
                78.4851993,
                17.509439
              ],
              [
                78.4837829,
                17.5057881
              ],
              [
                78.4822592,
                17.501646
              ],
              [
                78.4840399,
                17.5025455
              ],
              [
                78.4874837,
                17.5048575
              ],
              [
                78.4898975,
                17.5057369
              ],
              [
                78.4928754,
                17.5065526
              ],
              [
                78.4973124,
                17.5065293
              ],
              [
                78.4989033,
                17.5068823
              ],
              [
                78.5017802,
                17.5082457
              ],
              [
                78.5032193,
                17.508811
              ],
              [
                78.5055049,
                17.5091058
              ],
              [
                78.507533,
                17.5092983
              ],
              [
                78.5098591,
                17.5105708
              ],
              [
                78.5100898,
                17.508857
              ],
              [
                78.5144685,
                17.5079611
              ]
            ]
          ]
        ]
      }
    },
    {
      "type": "Feature",
      "properties": {
        "area_id": "A-WARD-SUBASH-NAGAR",
        "area_name": "Ward 130 Subash Nagar",
        "district_id": "D-MEDCHAL-MALKAJGIRI",
        "risk_score": 0.54,
        "risk_level": "MEDIUM",
        "high_risk_atm_count": 14,
        "atm_ids": [
          "ATM-MEDCHAL-MALKAJGIRI-16281",
          "ATM-MEDCHAL-MALKAJGIRI-NP341",
          "ATM-MEDCHAL-MALKAJGIRI-77503",
          "ATM-MEDCHAL-MALKAJGIRI-16011",
          "ATM-MEDCHAL-MALKAJGIRI-CHY83",
          "ATM-MEDCHAL-MALKAJGIRI-CHD28",
          "ATM-MEDCHAL-MALKAJGIRI-WC480",
          "ATM-MEDCHAL-MALKAJGIRI-30408",
          "ATM-MEDCHAL-MALKAJGIRI-03010",
          "ATM-MEDCHAL-MALKAJGIRI-03013",
          "ATM-MEDCHAL-MALKAJGIRI-03007",
          "ATM-MEDCHAL-MALKAJGIRI-CHD39",
          "ATM-MEDCHAL-MALKAJGIRI-77504",
          "ATM-MEDCHAL-MALKAJGIRI-WE665",
          "ATM-MEDCHAL-MALKAJGIRI-WI470",
          "ATM-MEDCHAL-MALKAJGIRI-WI382",
          "ATM-MEDCHAL-MALKAJGIRI-NA151",
          "ATM-MEDCHAL-MALKAJGIRI-30418",
          "ATM-MEDCHAL-MALKAJGIRI-NHD06",
          "ATM-MEDCHAL-MALKAJGIRI-30432",
          "ATM-MEDCHAL-MALKAJGIRI-81707",
          "ATM-MEDCHAL-MALKAJGIRI-Y8059",
          "ATM-MEDCHAL-MALKAJGIRI-70004",
          "ATM-MEDCHAL-MALKAJGIRI-95003",
          "ATM-MEDCHAL-MALKAJGIRI-95101",
          "ATM-MEDCHAL-MALKAJGIRI-WH673",
          "ATM-MEDCHAL-MALKAJGIRI-77502",
          "ATM-MEDCHAL-MALKAJGIRI-16300",
          "ATM-MEDCHAL-MALKAJGIRI-16299",
          "ATM-MEDCHAL-MALKAJGIRI-16293",
          "ATM-MEDCHAL-MALKAJGIRI-CHD29",
          "ATM-MEDCHAL-MALKAJGIRI-70202",
          "ATM-MEDCHAL-MALKAJGIRI-30402",
          "ATM-MEDCHAL-MALKAJGIRI-O1278",
          "ATM-MEDCHAL-MALKAJGIRI-30430",
          "ATM-MEDCHAL-MALKAJGIRI-00621",
          "ATM-MEDCHAL-MALKAJGIRI-30401",
          "ATM-MEDCHAL-MALKAJGIRI-00623",
          "ATM-MEDCHAL-MALKAJGIRI-16280",
          "ATM-MEDCHAL-MALKAJGIRI-D9402",
          "ATM-MEDCHAL-MALKAJGIRI-B6956",
          "ATM-MEDCHAL-MALKAJGIRI-NHY70",
          "ATM-MEDCHAL-MALKAJGIRI-WI402",
          "ATM-MEDCHAL-MALKAJGIRI-NHD01",
          "ATM-MEDCHAL-MALKAJGIRI-NQ790",
          "ATM-MEDCHAL-MALKAJGIRI-30525",
          "ATM-MEDCHAL-MALKAJGIRI-CHY20",
          "ATM-MEDCHAL-MALKAJGIRI-WHY90",
          "ATM-MEDCHAL-MALKAJGIRI-16111",
          "ATM-MEDCHAL-MALKAJGIRI-Y8005",
          "ATM-MEDCHAL-MALKAJGIRI-30425"
        ]
      },
      "geometry": {
        "type": "Polygon",
        "coordinates": [
          [
            [
              78.4545816,
              17.5088392
            ],
            [
              78.4553326,
              17.510998
            ],
            [
              78.4555579,
              17.5115915
            ],
            [
              78.4576447,
              17.510067
            ],
            [
              78.4593452,
              17.5083992
            ],
            [
              78.45971,
              17.5076523
            ],
            [
              78.464656,
              17.5078211
            ],
            [
              78.4658147,
              17.5071202
            ],
            [
              78.4667012,
              17.5063586
            ],
            [
              78.4678451,
              17.5049932
            ],
            [
              78.4682877,
              17.5055777
            ],
            [
              78.4677352,
              17.5060714
            ],
            [
              78.4669091,
              17.5076113
            ],
            [
              78.4669734,
              17.5084196
            ],
            [
              78.4653963,
              17.5110057
            ],
            [
              78.4656001,
              17.5113408
            ],
            [
              78.4649135,
              17.511745
            ],
            [
              78.4654714,
              17.5137606
            ],
            [
              78.4651012,
              17.5154027
            ],
            [
              78.4653319,
              17.5157762
            ],
            [
              78.464892,
              17.5161138
            ],
            [
              78.4669305,
              17.5221297
            ],
            [
              78.4652783,
              17.5227027
            ],
            [
              78.4651066,
              17.5290253
            ],
            [
              78.4610726,
              17.5292299
            ],
            [
              78.4585191,
              17.5303348
            ],
            [
              78.4604074,
              17.5320331
            ],
            [
              78.459077,
              17.5328311
            ],
            [
              78.4565021,
              17.5322377
            ],
            [
              78.4443356,
              17.5346112
            ],
            [
              78.4436168,
              17.5452504
            ],
            [
              78.4430052,
              17.5499662
            ],
            [
              78.4422005,
              17.552452
            ],
            [
              78.4397115,
              17.5534749
            ],
            [
              78.4337355,
              17.5536846
            ],
            [
              78.4336818,
              17.5512961
            ],
            [
              78.4364713,
              17.5495468
            ],
            [
              78.4362139,
              17.5438208
            ],
            [
              78.4357686,
              17.5410689
            ],
            [
              78.4339152,
              17.5408643
            ],
            [
              78.4343926,
              17.5374117
            ],
            [
              78.4345348,
              17.5358695
            ],
            [
              78.4386198,
              17.5278334
            ],
            [
              78.4403659,
              17.526639
            ],
            [
              78.4414683,
              17.5255673
            ],
            [
              78.4437804,
              17.52253
            ],
            [
              78.4460924,
              17.5191653
            ],
            [
              78.4464411,
              17.5177789
            ],
            [
              78.4467818,
              17.5163798
            ],
            [
              78.4472833,
              17.5131288
            ],
            [
              78.447624,
              17.5119189
            ],
            [
              78.4476267,
              17.5110646
            ],
            [
              78.4498502,
              17.5112231
            ],
            [
              78.4545816,
              17.5088392
            ]
          ]
        ]
      }
    },
    {
      "type": "Feature",
      "properties": {
        "area_id": "A-WARD-SURARAM",
        "area_name": "Ward 129 Suraram",
        "district_id": "D-MEDCHAL-MALKAJGIRI",
        "risk_score": 0.41,
        "risk_level": "MEDIUM",
        "high_risk_atm_count": 11,
        "atm_ids": [
          "ATM-MEDCHAL-MALKAJGIRI-91001",
          "ATM-MEDCHAL-MALKAJGIRI-91101",
          "ATM-MEDCHAL-MALKAJGIRI-08002",
          "ATM-MEDCHAL-MALKAJGIRI-WF121",
          "ATM-MEDCHAL-MALKAJGIRI-30436",
          "ATM-MEDCHAL-MALKAJGIRI-30433",
          "ATM-MEDCHAL-MALKAJGIRI-16301",
          "ATM-MEDCHAL-MALKAJGIRI-NQ496",
          "ATM-MEDCHAL-MALKAJGIRI-CHY87",
          "ATM-MEDCHAL-MALKAJGIRI-13046",
          "ATM-MEDCHAL-MALKAJGIRI-CSU17",
          "ATM-MEDCHAL-MALKAJGIRI-34621",
          "ATM-MEDCHAL-MALKAJGIRI-16289",
          "ATM-MEDCHAL-MALKAJGIRI-16290",
          "ATM-MEDCHAL-MALKAJGIRI-24001",
          "ATM-MEDCHAL-MALKAJGIRI-A010U",
          "ATM-MEDCHAL-MALKAJGIRI-WBO09",
          "ATM-MEDCHAL-MALKAJGIRI-WHY22",
          "ATM-MEDCHAL-MALKAJGIRI-WHY04",
          "ATM-MEDCHAL-MALKAJGIRI-WHY03",
          "ATM-MEDCHAL-MALKAJGIRI-WM311",
          "ATM-MEDCHAL-MALKAJGIRI-WN913",
          "ATM-MEDCHAL-MALKAJGIRI-Y9006",
          "ATM-MEDCHAL-MALKAJGIRI-CHY51",
          "ATM-MEDCHAL-MALKAJGIRI-16169",
          "ATM-MEDCHAL-MALKAJGIRI-31621",
          "ATM-MEDCHAL-MALKAJGIRI-16246"
        ]
      },
      "geometry": {
        "type": "Polygon",
        "coordinates": [
          [
            [
              78.4337355,
              17.5536846
            ],
            [
              78.4280009,
              17.5559785
            ],
            [
              78.4262441,
              17.5580038
            ],
            [
              78.421223,
              17.5606583
            ],
            [
              78.4195359,
              17.5608321
            ],
            [
              78.4164513,
              17.5591469
            ],
            [
              78.4150405,
              17.5552855
            ],
            [
              78.4136297,
              17.5503243
            ],
            [
              78.4083725,
              17.5458846
            ],
            [
              78.408866,
              17.5436648
            ],
            [
              78.4106256,
              17.5397365
            ],
            [
              78.4122135,
              17.5376905
            ],
            [
              78.4138013,
              17.5375268
            ],
            [
              78.4143914,
              17.5358286
            ],
            [
              78.4148957,
              17.5344066
            ],
            [
              78.4161724,
              17.5343656
            ],
            [
              78.419434,
              17.5344884
            ],
            [
              78.4219445,
              17.5335881
            ],
            [
              78.423071,
              17.5363196
            ],
            [
              78.4263862,
              17.5376393
            ],
            [
              78.4263862,
              17.5331891
            ],
            [
              78.4283818,
              17.5322479
            ],
            [
              78.4283013,
              17.5296647
            ],
            [
              78.429165,
              17.5293732
            ],
            [
              78.429283,
              17.5284422
            ],
            [
              78.4320296,
              17.5283194
            ],
            [
              78.4322335,
              17.5263244
            ],
            [
              78.4322871,
              17.524534
            ],
            [
              78.4344168,
              17.5242271
            ],
            [
              78.4341968,
              17.5229073
            ],
            [
              78.4365304,
              17.5212243
            ],
            [
              78.4347655,
              17.5196027
            ],
            [
              78.4373511,
              17.5166663
            ],
            [
              78.4417821,
              17.5140675
            ],
            [
              78.4420879,
              17.512896
            ],
            [
              78.44256,
              17.5127118
            ],
            [
              78.4432573,
              17.5124049
            ],
            [
              78.4456566,
              17.5116119
            ],
            [
              78.4476267,
              17.5110646
            ],
            [
              78.447624,
              17.5119189
            ],
            [
              78.4472833,
              17.5131288
            ],
            [
              78.4467818,
              17.5163798
            ],
            [
              78.4464411,
              17.5177789
            ],
            [
              78.4460924,
              17.5191653
            ],
            [
              78.4437804,
              17.52253
            ],
            [
              78.4414683,
              17.5255673
            ],
            [
              78.4403659,
              17.526639
            ],
            [
              78.4386198,
              17.5278334
            ],
            [
              78.4345348,
              17.5358695
            ],
            [
              78.4343926,
              17.5374117
            ],
            [
              78.4339152,
              17.5408643
            ],
            [
              78.4357686,
              17.5410689
            ],
            [
              78.4362139,
              17.5438208
            ],
            [
              78.4364713,
              17.5495468
            ],
            [
              78.4336818,
              17.5512961
            ],
            [
              78.4337355,
              17.5536846
            ]
          ]
        ]
      }
    },
    {
      "type": "Feature",
      "properties": {
        "area_id": "A-WARD-GAJULARAMARAM",
        "area_name": "Ward 125 Gajularamaram",
        "district_id": "D-MEDCHAL-MALKAJGIRI",
        "risk_score": 0.54,
        "risk_level": "MEDIUM",
        "high_risk_atm_count": 9,
        "atm_ids": [
          "ATM-MEDCHAL-MALKAJGIRI-30416",
          "ATM-MEDCHAL-MALKAJGIRI-NHE70",
          "ATM-MEDCHAL-MALKAJGIRI-NHY16",
          "ATM-MEDCHAL-MALKAJGIRI-14002",
          "ATM-MEDCHAL-MALKAJGIRI-14101",
          "ATM-MEDCHAL-MALKAJGIRI-16291",
          "ATM-MEDCHAL-MALKAJGIRI-Y8023",
          "ATM-MEDCHAL-MALKAJGIRI-23516",
          "ATM-MEDCHAL-MALKAJGIRI-WC447",
          "ATM-MEDCHAL-MALKAJGIRI-WJ267",
          "ATM-MEDCHAL-MALKAJGIRI-WC467",
          "ATM-MEDCHAL-MALKAJGIRI-74409",
          "ATM-MEDCHAL-MALKAJGIRI-60101",
          "ATM-MEDCHAL-MALKAJGIRI-60002",
          "ATM-MEDCHAL-MALKAJGIRI-87896",
          "ATM-MEDCHAL-MALKAJGIRI-21006",
          "ATM-MEDCHAL-MALKAJGIRI-16304"
        ]
      },
      "geometry": {
        "type": "Polygon",
        "coordinates": [
          [
            [
              78.4373511,
              17.5166663
            ],
            [
              78.4347655,
              17.5196027
            ],
            [
              78.4365304,
              17.5212243
            ],
            [
              78.4341968,
              17.5229073
            ],
            [
              78.4344168,
              17.5242271
            ],
            [
              78.4322871,
              17.524534
            ],
            [
              78.4322335,
              17.5263244
            ],
            [
              78.4320296,
              17.5283194
            ],
            [
              78.429283,
              17.5284422
            ],
            [
              78.429165,
              17.5293732
            ],
            [
              78.4283013,
              17.5296647
            ],
            [
              78.4283818,
              17.5322479
            ],
            [
              78.4263862,
              17.5331891
            ],
            [
              78.4263862,
              17.5376393
            ],
            [
              78.423071,
              17.5363196
            ],
            [
              78.4219445,
              17.5335881
            ],
            [
              78.419434,
              17.5344884
            ],
            [
              78.4161724,
              17.5343656
            ],
            [
              78.4148957,
              17.5344066
            ],
            [
              78.4143914,
              17.5358286
            ],
            [
              78.4138013,
              17.5375268
            ],
            [
              78.4122135,
              17.5376905
            ],
            [
              78.4106256,
              17.5397365
            ],
            [
              78.408866,
              17.5436648
            ],
            [
              78.4083725,
              17.5458846
            ],
            [
              78.4058513,
              17.5458284
            ],
            [
              78.4023215,
              17.5453067
            ],
            [
              78.4006639,
              17.5437262
            ],
            [
              78.395337,
              17.5401559
            ],
            [
              78.393619,
              17.5406789
            ],
            [
              78.3943043,
              17.5328541
            ],
            [
              78.3949239,
              17.526419
            ],
            [
              78.3951895,
              17.5250993
            ],
            [
              78.3966003,
              17.5226285
            ],
            [
              78.3964263,
              17.5198952
            ],
            [
              78.3976598,
              17.5197178
            ],
            [
              78.3977496,
              17.5190105
            ],
            [
              78.3979267,
              17.5195374
            ],
            [
              78.3986321,
              17.5173377
            ],
            [
              78.4007497,
              17.517426
            ],
            [
              78.4082706,
              17.514001
            ],
            [
              78.4135391,
              17.5135681
            ],
            [
              78.4137368,
              17.513567
            ],
            [
              78.4178635,
              17.5135444
            ],
            [
              78.4196257,
              17.5126632
            ],
            [
              78.4240363,
              17.5146021
            ],
            [
              78.4255481,
              17.5140036
            ],
            [
              78.4274769,
              17.5128375
            ],
            [
              78.4288882,
              17.5134559
            ],
            [
              78.429858,
              17.5128381
            ],
            [
              78.4299459,
              17.5141612
            ],
            [
              78.4313564,
              17.5146891
            ],
            [
              78.4324185,
              17.5125737
            ],
            [
              78.4366511,
              17.5158299
            ],
            [
              78.4373511,
              17.5166663
            ]
          ]
        ]
      }
    }
  ]
}